[0.152s] DEBUG:colcon:Command line arguments: ['/usr/bin/colcon', 'build', '--symlink-install']
[0.152s] DEBUG:colcon:Parsed command line arguments: Namespace(log_base=None, log_level=None, verb_name='build', build_base='build', install_base='install', merge_install=False, symlink_install=True, test_result_base=None, continue_on_error=False, executor='parallel', parallel_workers=4, event_handlers=None, ignore_user_meta=False, metas=['./colcon.meta'], base_paths=['.'], packages_ignore=None, packages_ignore_regex=None, paths=None, packages_up_to=None, packages_up_to_regex=None, packages_above=None, packages_above_and_dependencies=None, packages_above_depth=None, packages_select_by_dep=None, packages_skip_by_dep=None, packages_skip_up_to=None, packages_select_build_failed=False, packages_skip_build_finished=False, packages_select_test_failures=False, packages_skip_test_passed=False, packages_select=None, packages_skip=None, packages_select_regex=None, packages_skip_regex=None, packages_start=None, packages_end=None, allow_overriding=[], cmake_args=None, cmake_target=None, cmake_target_skip_unavailable=False, cmake_clean_cache=False, cmake_clean_first=False, cmake_force_configure=False, ament_cmake_args=None, catkin_cmake_args=None, catkin_skip_building_tests=False, mixin_files=None, mixin=None, verb_parser=<colcon_mixin.mixin.mixin_argument.MixinArgumentDecorator object at 0xffff90505310>, verb_extension=<colcon_core.verb.build.BuildVerb object at 0xffff906c59a0>, main=<bound method BuildVerb.main of <colcon_core.verb.build.BuildVerb object at 0xffff906c59a0>>, mixin_verb=('build',))
[0.209s] Level 1:colcon.colcon_core.package_discovery:discover_packages(colcon_meta) check parameters
[0.211s] Level 1:colcon.colcon_core.package_discovery:discover_packages(recursive) check parameters
[0.211s] Level 1:colcon.colcon_core.package_discovery:discover_packages(ignore) check parameters
[0.211s] Level 1:colcon.colcon_core.package_discovery:discover_packages(path) check parameters
[0.211s] Level 1:colcon.colcon_core.package_discovery:discover_packages(colcon_meta) discover
[0.211s] Level 1:colcon.colcon_core.package_discovery:discover_packages(recursive) discover
[0.211s] INFO:colcon.colcon_core.package_discovery:Crawling recursively for packages in '/home/ground/ugv_repo/OperationTouchdown/ugv_ws'
[0.211s] Level 1:colcon.colcon_core.package_identification:_identify(.) by extensions ['ignore', 'ignore_ament_install']
[0.212s] Level 1:colcon.colcon_core.package_identification:_identify(.) by extension 'ignore'
[0.212s] Level 1:colcon.colcon_core.package_identification:_identify(.) by extension 'ignore_ament_install'
[0.212s] Level 1:colcon.colcon_core.package_identification:_identify(.) by extensions ['colcon_pkg']
[0.212s] Level 1:colcon.colcon_core.package_identification:_identify(.) by extension 'colcon_pkg'
[0.212s] Level 1:colcon.colcon_core.package_identification:_identify(.) by extensions ['colcon_meta']
[0.212s] Level 1:colcon.colcon_core.package_identification:_identify(.) by extension 'colcon_meta'
[0.212s] Level 1:colcon.colcon_core.package_identification:_identify(.) by extensions ['ros']
[0.212s] Level 1:colcon.colcon_core.package_identification:_identify(.) by extension 'ros'
[0.252s] Level 1:colcon.colcon_core.package_identification:_identify(.) by extensions ['cmake', 'python']
[0.252s] Level 1:colcon.colcon_core.package_identification:_identify(.) by extension 'cmake'
[0.252s] Level 1:colcon.colcon_core.package_identification:_identify(.) by extension 'python'
[0.252s] Level 1:colcon.colcon_core.package_identification:_identify(.) by extensions ['python_setup_py']
[0.252s] Level 1:colcon.colcon_core.package_identification:_identify(.) by extension 'python_setup_py'
[0.252s] Level 1:colcon.colcon_core.package_identification:_identify(build) by extensions ['ignore', 'ignore_ament_install']
[0.253s] Level 1:colcon.colcon_core.package_identification:_identify(build) by extension 'ignore'
[0.253s] Level 1:colcon.colcon_core.package_identification:_identify(build) ignored
[0.253s] Level 1:colcon.colcon_core.package_identification:_identify(install) by extensions ['ignore', 'ignore_ament_install']
[0.253s] Level 1:colcon.colcon_core.package_identification:_identify(install) by extension 'ignore'
[0.253s] Level 1:colcon.colcon_core.package_identification:_identify(install) ignored
[0.253s] Level 1:colcon.colcon_core.package_identification:_identify(isaac _communication) by extensions ['ignore', 'ignore_ament_install']
[0.253s] Level 1:colcon.colcon_core.package_identification:_identify(isaac _communication) by extension 'ignore'
[0.253s] Level 1:colcon.colcon_core.package_identification:_identify(isaac _communication) by extension 'ignore_ament_install'
[0.253s] Level 1:colcon.colcon_core.package_identification:_identify(isaac _communication) by extensions ['colcon_pkg']
[0.253s] Level 1:colcon.colcon_core.package_identification:_identify(isaac _communication) by extension 'colcon_pkg'
[0.253s] Level 1:colcon.colcon_core.package_identification:_identify(isaac _communication) by extensions ['colcon_meta']
[0.253s] Level 1:colcon.colcon_core.package_identification:_identify(isaac _communication) by extension 'colcon_meta'
[0.254s] Level 1:colcon.colcon_core.package_identification:_identify(isaac _communication) by extensions ['ros']
[0.254s] Level 1:colcon.colcon_core.package_identification:_identify(isaac _communication) by extension 'ros'
[0.254s] Level 1:colcon.colcon_core.package_identification:_identify(isaac _communication) by extensions ['cmake', 'python']
[0.254s] Level 1:colcon.colcon_core.package_identification:_identify(isaac _communication) by extension 'cmake'
[0.254s] Level 1:colcon.colcon_core.package_identification:_identify(isaac _communication) by extension 'python'
[0.254s] Level 1:colcon.colcon_core.package_identification:_identify(isaac _communication) by extensions ['python_setup_py']
[0.254s] Level 1:colcon.colcon_core.package_identification:_identify(isaac _communication) by extension 'python_setup_py'
[0.254s] Level 1:colcon.colcon_core.package_identification:_identify(log) by extensions ['ignore', 'ignore_ament_install']
[0.254s] Level 1:colcon.colcon_core.package_identification:_identify(log) by extension 'ignore'
[0.254s] Level 1:colcon.colcon_core.package_identification:_identify(log) ignored
[0.254s] Level 1:colcon.colcon_core.package_identification:_identify(src) by extensions ['ignore', 'ignore_ament_install']
[0.254s] Level 1:colcon.colcon_core.package_identification:_identify(src) by extension 'ignore'
[0.254s] Level 1:colcon.colcon_core.package_identification:_identify(src) by extension 'ignore_ament_install'
[0.254s] Level 1:colcon.colcon_core.package_identification:_identify(src) by extensions ['colcon_pkg']
[0.254s] Level 1:colcon.colcon_core.package_identification:_identify(src) by extension 'colcon_pkg'
[0.255s] Level 1:colcon.colcon_core.package_identification:_identify(src) by extensions ['colcon_meta']
[0.255s] Level 1:colcon.colcon_core.package_identification:_identify(src) by extension 'colcon_meta'
[0.255s] Level 1:colcon.colcon_core.package_identification:_identify(src) by extensions ['ros']
[0.255s] Level 1:colcon.colcon_core.package_identification:_identify(src) by extension 'ros'
[0.255s] Level 1:colcon.colcon_core.package_identification:_identify(src) by extensions ['cmake', 'python']
[0.255s] Level 1:colcon.colcon_core.package_identification:_identify(src) by extension 'cmake'
[0.255s] Level 1:colcon.colcon_core.package_identification:_identify(src) by extension 'python'
[0.255s] Level 1:colcon.colcon_core.package_identification:_identify(src) by extensions ['python_setup_py']
[0.255s] Level 1:colcon.colcon_core.package_identification:_identify(src) by extension 'python_setup_py'
[0.255s] Level 1:colcon.colcon_core.package_identification:_identify(src/build) by extensions ['ignore', 'ignore_ament_install']
[0.255s] Level 1:colcon.colcon_core.package_identification:_identify(src/build) by extension 'ignore'
[0.255s] Level 1:colcon.colcon_core.package_identification:_identify(src/build) ignored
[0.255s] Level 1:colcon.colcon_core.package_identification:_identify(src/depthai-ros) by extensions ['ignore', 'ignore_ament_install']
[0.255s] Level 1:colcon.colcon_core.package_identification:_identify(src/depthai-ros) by extension 'ignore'
[0.255s] Level 1:colcon.colcon_core.package_identification:_identify(src/depthai-ros) by extension 'ignore_ament_install'
[0.255s] Level 1:colcon.colcon_core.package_identification:_identify(src/depthai-ros) by extensions ['colcon_pkg']
[0.256s] Level 1:colcon.colcon_core.package_identification:_identify(src/depthai-ros) by extension 'colcon_pkg'
[0.256s] Level 1:colcon.colcon_core.package_identification:_identify(src/depthai-ros) by extensions ['colcon_meta']
[0.256s] Level 1:colcon.colcon_core.package_identification:_identify(src/depthai-ros) by extension 'colcon_meta'
[0.256s] Level 1:colcon.colcon_core.package_identification:_identify(src/depthai-ros) by extensions ['ros']
[0.256s] Level 1:colcon.colcon_core.package_identification:_identify(src/depthai-ros) by extension 'ros'
[0.256s] Level 1:colcon.colcon_core.package_identification:_identify(src/depthai-ros) by extensions ['cmake', 'python']
[0.256s] Level 1:colcon.colcon_core.package_identification:_identify(src/depthai-ros) by extension 'cmake'
[0.256s] Level 1:colcon.colcon_core.package_identification:_identify(src/depthai-ros) by extension 'python'
[0.256s] Level 1:colcon.colcon_core.package_identification:_identify(src/depthai-ros) by extensions ['python_setup_py']
[0.256s] Level 1:colcon.colcon_core.package_identification:_identify(src/depthai-ros) by extension 'python_setup_py'
[0.256s] Level 1:colcon.colcon_core.package_identification:_identify(src/depthai-ros/depthai-ros) by extensions ['ignore', 'ignore_ament_install']
[0.256s] Level 1:colcon.colcon_core.package_identification:_identify(src/depthai-ros/depthai-ros) by extension 'ignore'
[0.256s] Level 1:colcon.colcon_core.package_identification:_identify(src/depthai-ros/depthai-ros) by extension 'ignore_ament_install'
[0.256s] Level 1:colcon.colcon_core.package_identification:_identify(src/depthai-ros/depthai-ros) by extensions ['colcon_pkg']
[0.256s] Level 1:colcon.colcon_core.package_identification:_identify(src/depthai-ros/depthai-ros) by extension 'colcon_pkg'
[0.256s] Level 1:colcon.colcon_core.package_identification:_identify(src/depthai-ros/depthai-ros) by extensions ['colcon_meta']
[0.256s] Level 1:colcon.colcon_core.package_identification:_identify(src/depthai-ros/depthai-ros) by extension 'colcon_meta'
[0.256s] Level 1:colcon.colcon_core.package_identification:_identify(src/depthai-ros/depthai-ros) by extensions ['ros']
[0.256s] Level 1:colcon.colcon_core.package_identification:_identify(src/depthai-ros/depthai-ros) by extension 'ros'
[0.260s] DEBUG:colcon.colcon_core.package_identification:Package 'src/depthai-ros/depthai-ros' with type 'ros.ament_cmake' and name 'depthai-ros'
[0.260s] Level 1:colcon.colcon_core.package_identification:_identify(src/depthai-ros/depthai_bridge) by extensions ['ignore', 'ignore_ament_install']
[0.260s] Level 1:colcon.colcon_core.package_identification:_identify(src/depthai-ros/depthai_bridge) by extension 'ignore'
[0.260s] Level 1:colcon.colcon_core.package_identification:_identify(src/depthai-ros/depthai_bridge) by extension 'ignore_ament_install'
[0.260s] Level 1:colcon.colcon_core.package_identification:_identify(src/depthai-ros/depthai_bridge) by extensions ['colcon_pkg']
[0.260s] Level 1:colcon.colcon_core.package_identification:_identify(src/depthai-ros/depthai_bridge) by extension 'colcon_pkg'
[0.260s] Level 1:colcon.colcon_core.package_identification:_identify(src/depthai-ros/depthai_bridge) by extensions ['colcon_meta']
[0.260s] Level 1:colcon.colcon_core.package_identification:_identify(src/depthai-ros/depthai_bridge) by extension 'colcon_meta'
[0.260s] Level 1:colcon.colcon_core.package_identification:_identify(src/depthai-ros/depthai_bridge) by extensions ['ros']
[0.260s] Level 1:colcon.colcon_core.package_identification:_identify(src/depthai-ros/depthai_bridge) by extension 'ros'
[0.262s] DEBUG:colcon.colcon_core.package_identification:Package 'src/depthai-ros/depthai_bridge' with type 'ros.ament_cmake' and name 'depthai_bridge'
[0.262s] Level 1:colcon.colcon_core.package_identification:_identify(src/depthai-ros/depthai_descriptions) by extensions ['ignore', 'ignore_ament_install']
[0.262s] Level 1:colcon.colcon_core.package_identification:_identify(src/depthai-ros/depthai_descriptions) by extension 'ignore'
[0.263s] Level 1:colcon.colcon_core.package_identification:_identify(src/depthai-ros/depthai_descriptions) by extension 'ignore_ament_install'
[0.263s] Level 1:colcon.colcon_core.package_identification:_identify(src/depthai-ros/depthai_descriptions) by extensions ['colcon_pkg']
[0.263s] Level 1:colcon.colcon_core.package_identification:_identify(src/depthai-ros/depthai_descriptions) by extension 'colcon_pkg'
[0.263s] Level 1:colcon.colcon_core.package_identification:_identify(src/depthai-ros/depthai_descriptions) by extensions ['colcon_meta']
[0.263s] Level 1:colcon.colcon_core.package_identification:_identify(src/depthai-ros/depthai_descriptions) by extension 'colcon_meta'
[0.263s] Level 1:colcon.colcon_core.package_identification:_identify(src/depthai-ros/depthai_descriptions) by extensions ['ros']
[0.263s] Level 1:colcon.colcon_core.package_identification:_identify(src/depthai-ros/depthai_descriptions) by extension 'ros'
[0.264s] DEBUG:colcon.colcon_core.package_identification:Package 'src/depthai-ros/depthai_descriptions' with type 'ros.ament_cmake' and name 'depthai_descriptions'
[0.264s] Level 1:colcon.colcon_core.package_identification:_identify(src/depthai-ros/depthai_examples) by extensions ['ignore', 'ignore_ament_install']
[0.264s] Level 1:colcon.colcon_core.package_identification:_identify(src/depthai-ros/depthai_examples) by extension 'ignore'
[0.264s] Level 1:colcon.colcon_core.package_identification:_identify(src/depthai-ros/depthai_examples) by extension 'ignore_ament_install'
[0.264s] Level 1:colcon.colcon_core.package_identification:_identify(src/depthai-ros/depthai_examples) by extensions ['colcon_pkg']
[0.264s] Level 1:colcon.colcon_core.package_identification:_identify(src/depthai-ros/depthai_examples) by extension 'colcon_pkg'
[0.264s] Level 1:colcon.colcon_core.package_identification:_identify(src/depthai-ros/depthai_examples) by extensions ['colcon_meta']
[0.264s] Level 1:colcon.colcon_core.package_identification:_identify(src/depthai-ros/depthai_examples) by extension 'colcon_meta'
[0.264s] Level 1:colcon.colcon_core.package_identification:_identify(src/depthai-ros/depthai_examples) by extensions ['ros']
[0.264s] Level 1:colcon.colcon_core.package_identification:_identify(src/depthai-ros/depthai_examples) by extension 'ros'
[0.266s] DEBUG:colcon.colcon_core.package_identification:Package 'src/depthai-ros/depthai_examples' with type 'ros.ament_cmake' and name 'depthai_examples'
[0.266s] Level 1:colcon.colcon_core.package_identification:_identify(src/depthai-ros/depthai_filters) by extensions ['ignore', 'ignore_ament_install']
[0.266s] Level 1:colcon.colcon_core.package_identification:_identify(src/depthai-ros/depthai_filters) by extension 'ignore'
[0.266s] Level 1:colcon.colcon_core.package_identification:_identify(src/depthai-ros/depthai_filters) by extension 'ignore_ament_install'
[0.266s] Level 1:colcon.colcon_core.package_identification:_identify(src/depthai-ros/depthai_filters) by extensions ['colcon_pkg']
[0.266s] Level 1:colcon.colcon_core.package_identification:_identify(src/depthai-ros/depthai_filters) by extension 'colcon_pkg'
[0.266s] Level 1:colcon.colcon_core.package_identification:_identify(src/depthai-ros/depthai_filters) by extensions ['colcon_meta']
[0.266s] Level 1:colcon.colcon_core.package_identification:_identify(src/depthai-ros/depthai_filters) by extension 'colcon_meta'
[0.266s] Level 1:colcon.colcon_core.package_identification:_identify(src/depthai-ros/depthai_filters) by extensions ['ros']
[0.266s] Level 1:colcon.colcon_core.package_identification:_identify(src/depthai-ros/depthai_filters) by extension 'ros'
[0.267s] DEBUG:colcon.colcon_core.package_identification:Package 'src/depthai-ros/depthai_filters' with type 'ros.ament_cmake' and name 'depthai_filters'
[0.268s] Level 1:colcon.colcon_core.package_identification:_identify(src/depthai-ros/depthai_ros_driver) by extensions ['ignore', 'ignore_ament_install']
[0.268s] Level 1:colcon.colcon_core.package_identification:_identify(src/depthai-ros/depthai_ros_driver) by extension 'ignore'
[0.268s] Level 1:colcon.colcon_core.package_identification:_identify(src/depthai-ros/depthai_ros_driver) by extension 'ignore_ament_install'
[0.268s] Level 1:colcon.colcon_core.package_identification:_identify(src/depthai-ros/depthai_ros_driver) by extensions ['colcon_pkg']
[0.268s] Level 1:colcon.colcon_core.package_identification:_identify(src/depthai-ros/depthai_ros_driver) by extension 'colcon_pkg'
[0.268s] Level 1:colcon.colcon_core.package_identification:_identify(src/depthai-ros/depthai_ros_driver) by extensions ['colcon_meta']
[0.268s] Level 1:colcon.colcon_core.package_identification:_identify(src/depthai-ros/depthai_ros_driver) by extension 'colcon_meta'
[0.268s] Level 1:colcon.colcon_core.package_identification:_identify(src/depthai-ros/depthai_ros_driver) by extensions ['ros']
[0.268s] Level 1:colcon.colcon_core.package_identification:_identify(src/depthai-ros/depthai_ros_driver) by extension 'ros'
[0.270s] DEBUG:colcon.colcon_core.package_identification:Package 'src/depthai-ros/depthai_ros_driver' with type 'ros.ament_cmake' and name 'depthai_ros_driver'
[0.271s] Level 1:colcon.colcon_core.package_identification:_identify(src/depthai-ros/depthai_ros_msgs) by extensions ['ignore', 'ignore_ament_install']
[0.271s] Level 1:colcon.colcon_core.package_identification:_identify(src/depthai-ros/depthai_ros_msgs) by extension 'ignore'
[0.271s] Level 1:colcon.colcon_core.package_identification:_identify(src/depthai-ros/depthai_ros_msgs) by extension 'ignore_ament_install'
[0.271s] Level 1:colcon.colcon_core.package_identification:_identify(src/depthai-ros/depthai_ros_msgs) by extensions ['colcon_pkg']
[0.271s] Level 1:colcon.colcon_core.package_identification:_identify(src/depthai-ros/depthai_ros_msgs) by extension 'colcon_pkg'
[0.271s] Level 1:colcon.colcon_core.package_identification:_identify(src/depthai-ros/depthai_ros_msgs) by extensions ['colcon_meta']
[0.271s] Level 1:colcon.colcon_core.package_identification:_identify(src/depthai-ros/depthai_ros_msgs) by extension 'colcon_meta'
[0.271s] Level 1:colcon.colcon_core.package_identification:_identify(src/depthai-ros/depthai_ros_msgs) by extensions ['ros']
[0.271s] Level 1:colcon.colcon_core.package_identification:_identify(src/depthai-ros/depthai_ros_msgs) by extension 'ros'
[0.272s] DEBUG:colcon.colcon_core.package_identification:Package 'src/depthai-ros/depthai_ros_msgs' with type 'ros.ament_cmake' and name 'depthai_ros_msgs'
[0.272s] Level 1:colcon.colcon_core.package_identification:_identify(src/dual_laser_merger) by extensions ['ignore', 'ignore_ament_install']
[0.272s] Level 1:colcon.colcon_core.package_identification:_identify(src/dual_laser_merger) by extension 'ignore'
[0.272s] Level 1:colcon.colcon_core.package_identification:_identify(src/dual_laser_merger) by extension 'ignore_ament_install'
[0.272s] Level 1:colcon.colcon_core.package_identification:_identify(src/dual_laser_merger) by extensions ['colcon_pkg']
[0.273s] Level 1:colcon.colcon_core.package_identification:_identify(src/dual_laser_merger) by extension 'colcon_pkg'
[0.273s] Level 1:colcon.colcon_core.package_identification:_identify(src/dual_laser_merger) by extensions ['colcon_meta']
[0.273s] Level 1:colcon.colcon_core.package_identification:_identify(src/dual_laser_merger) by extension 'colcon_meta'
[0.273s] Level 1:colcon.colcon_core.package_identification:_identify(src/dual_laser_merger) by extensions ['ros']
[0.273s] Level 1:colcon.colcon_core.package_identification:_identify(src/dual_laser_merger) by extension 'ros'
[0.274s] DEBUG:colcon.colcon_core.package_identification:Package 'src/dual_laser_merger' with type 'ros.ament_cmake' and name 'dual_laser_merger'
[0.274s] Level 1:colcon.colcon_core.package_identification:_identify(src/install) by extensions ['ignore', 'ignore_ament_install']
[0.274s] Level 1:colcon.colcon_core.package_identification:_identify(src/install) by extension 'ignore'
[0.274s] Level 1:colcon.colcon_core.package_identification:_identify(src/install) ignored
[0.274s] Level 1:colcon.colcon_core.package_identification:_identify(src/log) by extensions ['ignore', 'ignore_ament_install']
[0.274s] Level 1:colcon.colcon_core.package_identification:_identify(src/log) by extension 'ignore'
[0.275s] Level 1:colcon.colcon_core.package_identification:_identify(src/log) ignored
[0.275s] Level 1:colcon.colcon_core.package_identification:_identify(src/my_ugv_bringup) by extensions ['ignore', 'ignore_ament_install']
[0.275s] Level 1:colcon.colcon_core.package_identification:_identify(src/my_ugv_bringup) by extension 'ignore'
[0.275s] Level 1:colcon.colcon_core.package_identification:_identify(src/my_ugv_bringup) by extension 'ignore_ament_install'
[0.275s] Level 1:colcon.colcon_core.package_identification:_identify(src/my_ugv_bringup) by extensions ['colcon_pkg']
[0.275s] Level 1:colcon.colcon_core.package_identification:_identify(src/my_ugv_bringup) by extension 'colcon_pkg'
[0.275s] Level 1:colcon.colcon_core.package_identification:_identify(src/my_ugv_bringup) by extensions ['colcon_meta']
[0.275s] Level 1:colcon.colcon_core.package_identification:_identify(src/my_ugv_bringup) by extension 'colcon_meta'
[0.275s] Level 1:colcon.colcon_core.package_identification:_identify(src/my_ugv_bringup) by extensions ['ros']
[0.275s] Level 1:colcon.colcon_core.package_identification:_identify(src/my_ugv_bringup) by extension 'ros'
[0.276s] DEBUG:colcon.colcon_core.package_identification:Package 'src/my_ugv_bringup' with type 'ros.ament_cmake' and name 'my_ugv_bringup'
[0.276s] Level 1:colcon.colcon_core.package_identification:_identify(src/my_ugv_description) by extensions ['ignore', 'ignore_ament_install']
[0.276s] Level 1:colcon.colcon_core.package_identification:_identify(src/my_ugv_description) by extension 'ignore'
[0.276s] Level 1:colcon.colcon_core.package_identification:_identify(src/my_ugv_description) by extension 'ignore_ament_install'
[0.276s] Level 1:colcon.colcon_core.package_identification:_identify(src/my_ugv_description) by extensions ['colcon_pkg']
[0.276s] Level 1:colcon.colcon_core.package_identification:_identify(src/my_ugv_description) by extension 'colcon_pkg'
[0.276s] Level 1:colcon.colcon_core.package_identification:_identify(src/my_ugv_description) by extensions ['colcon_meta']
[0.276s] Level 1:colcon.colcon_core.package_identification:_identify(src/my_ugv_description) by extension 'colcon_meta'
[0.276s] Level 1:colcon.colcon_core.package_identification:_identify(src/my_ugv_description) by extensions ['ros']
[0.276s] Level 1:colcon.colcon_core.package_identification:_identify(src/my_ugv_description) by extension 'ros'
[0.277s] DEBUG:colcon.colcon_core.package_identification:Package 'src/my_ugv_description' with type 'ros.ament_cmake' and name 'my_ugv_description'
[0.277s] Level 1:colcon.colcon_core.package_identification:_identify(src/my_ugv_hardware) by extensions ['ignore', 'ignore_ament_install']
[0.277s] Level 1:colcon.colcon_core.package_identification:_identify(src/my_ugv_hardware) by extension 'ignore'
[0.277s] Level 1:colcon.colcon_core.package_identification:_identify(src/my_ugv_hardware) by extension 'ignore_ament_install'
[0.277s] Level 1:colcon.colcon_core.package_identification:_identify(src/my_ugv_hardware) by extensions ['colcon_pkg']
[0.277s] Level 1:colcon.colcon_core.package_identification:_identify(src/my_ugv_hardware) by extension 'colcon_pkg'
[0.277s] Level 1:colcon.colcon_core.package_identification:_identify(src/my_ugv_hardware) by extensions ['colcon_meta']
[0.277s] Level 1:colcon.colcon_core.package_identification:_identify(src/my_ugv_hardware) by extension 'colcon_meta'
[0.277s] Level 1:colcon.colcon_core.package_identification:_identify(src/my_ugv_hardware) by extensions ['ros']
[0.277s] Level 1:colcon.colcon_core.package_identification:_identify(src/my_ugv_hardware) by extension 'ros'
[0.278s] DEBUG:colcon.colcon_core.package_identification:Package 'src/my_ugv_hardware' with type 'ros.ament_python' and name 'my_ugv_hardware'
[0.278s] Level 1:colcon.colcon_core.package_identification:_identify(src/my_ugv_vision) by extensions ['ignore', 'ignore_ament_install']
[0.278s] Level 1:colcon.colcon_core.package_identification:_identify(src/my_ugv_vision) by extension 'ignore'
[0.278s] Level 1:colcon.colcon_core.package_identification:_identify(src/my_ugv_vision) by extension 'ignore_ament_install'
[0.278s] Level 1:colcon.colcon_core.package_identification:_identify(src/my_ugv_vision) by extensions ['colcon_pkg']
[0.278s] Level 1:colcon.colcon_core.package_identification:_identify(src/my_ugv_vision) by extension 'colcon_pkg'
[0.278s] Level 1:colcon.colcon_core.package_identification:_identify(src/my_ugv_vision) by extensions ['colcon_meta']
[0.278s] Level 1:colcon.colcon_core.package_identification:_identify(src/my_ugv_vision) by extension 'colcon_meta'
[0.278s] Level 1:colcon.colcon_core.package_identification:_identify(src/my_ugv_vision) by extensions ['ros']
[0.279s] Level 1:colcon.colcon_core.package_identification:_identify(src/my_ugv_vision) by extension 'ros'
[0.279s] DEBUG:colcon.colcon_core.package_identification:Package 'src/my_ugv_vision' with type 'ros.ament_python' and name 'my_ugv_vision'
[0.279s] Level 1:colcon.colcon_core.package_identification:_identify(src/roboteq_ros2_driver) by extensions ['ignore', 'ignore_ament_install']
[0.279s] Level 1:colcon.colcon_core.package_identification:_identify(src/roboteq_ros2_driver) by extension 'ignore'
[0.279s] Level 1:colcon.colcon_core.package_identification:_identify(src/roboteq_ros2_driver) by extension 'ignore_ament_install'
[0.280s] Level 1:colcon.colcon_core.package_identification:_identify(src/roboteq_ros2_driver) by extensions ['colcon_pkg']
[0.280s] Level 1:colcon.colcon_core.package_identification:_identify(src/roboteq_ros2_driver) by extension 'colcon_pkg'
[0.280s] Level 1:colcon.colcon_core.package_identification:_identify(src/roboteq_ros2_driver) by extensions ['colcon_meta']
[0.280s] Level 1:colcon.colcon_core.package_identification:_identify(src/roboteq_ros2_driver) by extension 'colcon_meta'
[0.280s] Level 1:colcon.colcon_core.package_identification:_identify(src/roboteq_ros2_driver) by extensions ['ros']
[0.280s] Level 1:colcon.colcon_core.package_identification:_identify(src/roboteq_ros2_driver) by extension 'ros'
[0.280s] DEBUG:colcon.colcon_core.package_identification:Package 'src/roboteq_ros2_driver' with type 'ros.ament_cmake' and name 'roboteq_ros2_driver'
[0.281s] Level 1:colcon.colcon_core.package_identification:_identify(src/rplidar_ros) by extensions ['ignore', 'ignore_ament_install']
[0.281s] Level 1:colcon.colcon_core.package_identification:_identify(src/rplidar_ros) by extension 'ignore'
[0.281s] Level 1:colcon.colcon_core.package_identification:_identify(src/rplidar_ros) by extension 'ignore_ament_install'
[0.281s] Level 1:colcon.colcon_core.package_identification:_identify(src/rplidar_ros) by extensions ['colcon_pkg']
[0.281s] Level 1:colcon.colcon_core.package_identification:_identify(src/rplidar_ros) by extension 'colcon_pkg'
[0.281s] Level 1:colcon.colcon_core.package_identification:_identify(src/rplidar_ros) by extensions ['colcon_meta']
[0.281s] Level 1:colcon.colcon_core.package_identification:_identify(src/rplidar_ros) by extension 'colcon_meta'
[0.281s] Level 1:colcon.colcon_core.package_identification:_identify(src/rplidar_ros) by extensions ['ros']
[0.281s] Level 1:colcon.colcon_core.package_identification:_identify(src/rplidar_ros) by extension 'ros'
[0.282s] DEBUG:colcon.colcon_core.package_identification:Package 'src/rplidar_ros' with type 'ros.ament_cmake' and name 'rplidar_ros'
[0.282s] Level 1:colcon.colcon_core.package_discovery:discover_packages(recursive) using defaults
[0.282s] Level 1:colcon.colcon_core.package_discovery:discover_packages(ignore) discover
[0.282s] Level 1:colcon.colcon_core.package_discovery:discover_packages(ignore) using defaults
[0.282s] Level 1:colcon.colcon_core.package_discovery:discover_packages(path) discover
[0.282s] Level 1:colcon.colcon_core.package_discovery:discover_packages(path) using defaults
[0.312s] Level 1:colcon.colcon_core.package_discovery:discover_packages(prefix_path) check parameters
[0.312s] Level 1:colcon.colcon_core.package_discovery:discover_packages(prefix_path) discover
[0.316s] DEBUG:colcon.colcon_installed_package_information.package_discovery:Found 14 installed packages in /home/ground/ugv_repo/OperationTouchdown/ugv_ws/install
[0.318s] DEBUG:colcon.colcon_installed_package_information.package_discovery:Found 415 installed packages in /opt/ros/jazzy
[0.321s] Level 1:colcon.colcon_core.package_discovery:discover_packages(prefix_path) using defaults
[0.400s] Level 5:colcon.colcon_core.verb:set package 'depthai_descriptions' build argument 'cmake_args' from command line to 'None'
[0.400s] Level 5:colcon.colcon_core.verb:set package 'depthai_descriptions' build argument 'cmake_target' from command line to 'None'
[0.400s] Level 5:colcon.colcon_core.verb:set package 'depthai_descriptions' build argument 'cmake_target_skip_unavailable' from command line to 'False'
[0.400s] Level 5:colcon.colcon_core.verb:set package 'depthai_descriptions' build argument 'cmake_clean_cache' from command line to 'False'
[0.400s] Level 5:colcon.colcon_core.verb:set package 'depthai_descriptions' build argument 'cmake_clean_first' from command line to 'False'
[0.400s] Level 5:colcon.colcon_core.verb:set package 'depthai_descriptions' build argument 'cmake_force_configure' from command line to 'False'
[0.400s] Level 5:colcon.colcon_core.verb:set package 'depthai_descriptions' build argument 'ament_cmake_args' from command line to 'None'
[0.400s] Level 5:colcon.colcon_core.verb:set package 'depthai_descriptions' build argument 'catkin_cmake_args' from command line to 'None'
[0.400s] Level 5:colcon.colcon_core.verb:set package 'depthai_descriptions' build argument 'catkin_skip_building_tests' from command line to 'False'
[0.400s] DEBUG:colcon.colcon_core.verb:Building package 'depthai_descriptions' with the following arguments: {'ament_cmake_args': None, 'build_base': '/home/ground/ugv_repo/OperationTouchdown/ugv_ws/build/depthai_descriptions', 'catkin_cmake_args': None, 'catkin_skip_building_tests': False, 'cmake_args': None, 'cmake_clean_cache': False, 'cmake_clean_first': False, 'cmake_force_configure': False, 'cmake_target': None, 'cmake_target_skip_unavailable': False, 'install_base': '/home/ground/ugv_repo/OperationTouchdown/ugv_ws/install/depthai_descriptions', 'merge_install': False, 'path': '/home/ground/ugv_repo/OperationTouchdown/ugv_ws/src/depthai-ros/depthai_descriptions', 'symlink_install': True, 'test_result_base': None}
[0.401s] Level 5:colcon.colcon_core.verb:set package 'depthai_ros_msgs' build argument 'cmake_args' from command line to 'None'
[0.401s] Level 5:colcon.colcon_core.verb:set package 'depthai_ros_msgs' build argument 'cmake_target' from command line to 'None'
[0.401s] Level 5:colcon.colcon_core.verb:set package 'depthai_ros_msgs' build argument 'cmake_target_skip_unavailable' from command line to 'False'
[0.401s] Level 5:colcon.colcon_core.verb:set package 'depthai_ros_msgs' build argument 'cmake_clean_cache' from command line to 'False'
[0.401s] Level 5:colcon.colcon_core.verb:set package 'depthai_ros_msgs' build argument 'cmake_clean_first' from command line to 'False'
[0.401s] Level 5:colcon.colcon_core.verb:set package 'depthai_ros_msgs' build argument 'cmake_force_configure' from command line to 'False'
[0.401s] Level 5:colcon.colcon_core.verb:set package 'depthai_ros_msgs' build argument 'ament_cmake_args' from command line to 'None'
[0.401s] Level 5:colcon.colcon_core.verb:set package 'depthai_ros_msgs' build argument 'catkin_cmake_args' from command line to 'None'
[0.401s] Level 5:colcon.colcon_core.verb:set package 'depthai_ros_msgs' build argument 'catkin_skip_building_tests' from command line to 'False'
[0.401s] DEBUG:colcon.colcon_core.verb:Building package 'depthai_ros_msgs' with the following arguments: {'ament_cmake_args': None, 'build_base': '/home/ground/ugv_repo/OperationTouchdown/ugv_ws/build/depthai_ros_msgs', 'catkin_cmake_args': None, 'catkin_skip_building_tests': False, 'cmake_args': None, 'cmake_clean_cache': False, 'cmake_clean_first': False, 'cmake_force_configure': False, 'cmake_target': None, 'cmake_target_skip_unavailable': False, 'install_base': '/home/ground/ugv_repo/OperationTouchdown/ugv_ws/install/depthai_ros_msgs', 'merge_install': False, 'path': '/home/ground/ugv_repo/OperationTouchdown/ugv_ws/src/depthai-ros/depthai_ros_msgs', 'symlink_install': True, 'test_result_base': None}
[0.401s] Level 5:colcon.colcon_core.verb:set package 'dual_laser_merger' build argument 'cmake_args' from command line to 'None'
[0.401s] Level 5:colcon.colcon_core.verb:set package 'dual_laser_merger' build argument 'cmake_target' from command line to 'None'
[0.401s] Level 5:colcon.colcon_core.verb:set package 'dual_laser_merger' build argument 'cmake_target_skip_unavailable' from command line to 'False'
[0.401s] Level 5:colcon.colcon_core.verb:set package 'dual_laser_merger' build argument 'cmake_clean_cache' from command line to 'False'
[0.401s] Level 5:colcon.colcon_core.verb:set package 'dual_laser_merger' build argument 'cmake_clean_first' from command line to 'False'
[0.401s] Level 5:colcon.colcon_core.verb:set package 'dual_laser_merger' build argument 'cmake_force_configure' from command line to 'False'
[0.401s] Level 5:colcon.colcon_core.verb:set package 'dual_laser_merger' build argument 'ament_cmake_args' from command line to 'None'
[0.401s] Level 5:colcon.colcon_core.verb:set package 'dual_laser_merger' build argument 'catkin_cmake_args' from command line to 'None'
[0.401s] Level 5:colcon.colcon_core.verb:set package 'dual_laser_merger' build argument 'catkin_skip_building_tests' from command line to 'False'
[0.401s] DEBUG:colcon.colcon_core.verb:Building package 'dual_laser_merger' with the following arguments: {'ament_cmake_args': None, 'build_base': '/home/ground/ugv_repo/OperationTouchdown/ugv_ws/build/dual_laser_merger', 'catkin_cmake_args': None, 'catkin_skip_building_tests': False, 'cmake_args': None, 'cmake_clean_cache': False, 'cmake_clean_first': False, 'cmake_force_configure': False, 'cmake_target': None, 'cmake_target_skip_unavailable': False, 'install_base': '/home/ground/ugv_repo/OperationTouchdown/ugv_ws/install/dual_laser_merger', 'merge_install': False, 'path': '/home/ground/ugv_repo/OperationTouchdown/ugv_ws/src/dual_laser_merger', 'symlink_install': True, 'test_result_base': None}
[0.402s] Level 5:colcon.colcon_core.verb:set package 'my_ugv_description' build argument 'cmake_args' from command line to 'None'
[0.402s] Level 5:colcon.colcon_core.verb:set package 'my_ugv_description' build argument 'cmake_target' from command line to 'None'
[0.402s] Level 5:colcon.colcon_core.verb:set package 'my_ugv_description' build argument 'cmake_target_skip_unavailable' from command line to 'False'
[0.402s] Level 5:colcon.colcon_core.verb:set package 'my_ugv_description' build argument 'cmake_clean_cache' from command line to 'False'
[0.402s] Level 5:colcon.colcon_core.verb:set package 'my_ugv_description' build argument 'cmake_clean_first' from command line to 'False'
[0.402s] Level 5:colcon.colcon_core.verb:set package 'my_ugv_description' build argument 'cmake_force_configure' from command line to 'False'
[0.402s] Level 5:colcon.colcon_core.verb:set package 'my_ugv_description' build argument 'ament_cmake_args' from command line to 'None'
[0.402s] Level 5:colcon.colcon_core.verb:set package 'my_ugv_description' build argument 'catkin_cmake_args' from command line to 'None'
[0.402s] Level 5:colcon.colcon_core.verb:set package 'my_ugv_description' build argument 'catkin_skip_building_tests' from command line to 'False'
[0.402s] DEBUG:colcon.colcon_core.verb:Building package 'my_ugv_description' with the following arguments: {'ament_cmake_args': None, 'build_base': '/home/ground/ugv_repo/OperationTouchdown/ugv_ws/build/my_ugv_description', 'catkin_cmake_args': None, 'catkin_skip_building_tests': False, 'cmake_args': None, 'cmake_clean_cache': False, 'cmake_clean_first': False, 'cmake_force_configure': False, 'cmake_target': None, 'cmake_target_skip_unavailable': False, 'install_base': '/home/ground/ugv_repo/OperationTouchdown/ugv_ws/install/my_ugv_description', 'merge_install': False, 'path': '/home/ground/ugv_repo/OperationTouchdown/ugv_ws/src/my_ugv_description', 'symlink_install': True, 'test_result_base': None}
[0.402s] Level 5:colcon.colcon_core.verb:set package 'my_ugv_hardware' build argument 'cmake_args' from command line to 'None'
[0.402s] Level 5:colcon.colcon_core.verb:set package 'my_ugv_hardware' build argument 'cmake_target' from command line to 'None'
[0.402s] Level 5:colcon.colcon_core.verb:set package 'my_ugv_hardware' build argument 'cmake_target_skip_unavailable' from command line to 'False'
[0.402s] Level 5:colcon.colcon_core.verb:set package 'my_ugv_hardware' build argument 'cmake_clean_cache' from command line to 'False'
[0.402s] Level 5:colcon.colcon_core.verb:set package 'my_ugv_hardware' build argument 'cmake_clean_first' from command line to 'False'
[0.402s] Level 5:colcon.colcon_core.verb:set package 'my_ugv_hardware' build argument 'cmake_force_configure' from command line to 'False'
[0.402s] Level 5:colcon.colcon_core.verb:set package 'my_ugv_hardware' build argument 'ament_cmake_args' from command line to 'None'
[0.402s] Level 5:colcon.colcon_core.verb:set package 'my_ugv_hardware' build argument 'catkin_cmake_args' from command line to 'None'
[0.402s] Level 5:colcon.colcon_core.verb:set package 'my_ugv_hardware' build argument 'catkin_skip_building_tests' from command line to 'False'
[0.403s] DEBUG:colcon.colcon_core.verb:Building package 'my_ugv_hardware' with the following arguments: {'ament_cmake_args': None, 'build_base': '/home/ground/ugv_repo/OperationTouchdown/ugv_ws/build/my_ugv_hardware', 'catkin_cmake_args': None, 'catkin_skip_building_tests': False, 'cmake_args': None, 'cmake_clean_cache': False, 'cmake_clean_first': False, 'cmake_force_configure': False, 'cmake_target': None, 'cmake_target_skip_unavailable': False, 'install_base': '/home/ground/ugv_repo/OperationTouchdown/ugv_ws/install/my_ugv_hardware', 'merge_install': False, 'path': '/home/ground/ugv_repo/OperationTouchdown/ugv_ws/src/my_ugv_hardware', 'symlink_install': True, 'test_result_base': None}
[0.403s] Level 5:colcon.colcon_core.verb:set package 'my_ugv_vision' build argument 'cmake_args' from command line to 'None'
[0.403s] Level 5:colcon.colcon_core.verb:set package 'my_ugv_vision' build argument 'cmake_target' from command line to 'None'
[0.403s] Level 5:colcon.colcon_core.verb:set package 'my_ugv_vision' build argument 'cmake_target_skip_unavailable' from command line to 'False'
[0.403s] Level 5:colcon.colcon_core.verb:set package 'my_ugv_vision' build argument 'cmake_clean_cache' from command line to 'False'
[0.403s] Level 5:colcon.colcon_core.verb:set package 'my_ugv_vision' build argument 'cmake_clean_first' from command line to 'False'
[0.403s] Level 5:colcon.colcon_core.verb:set package 'my_ugv_vision' build argument 'cmake_force_configure' from command line to 'False'
[0.403s] Level 5:colcon.colcon_core.verb:set package 'my_ugv_vision' build argument 'ament_cmake_args' from command line to 'None'
[0.403s] Level 5:colcon.colcon_core.verb:set package 'my_ugv_vision' build argument 'catkin_cmake_args' from command line to 'None'
[0.403s] Level 5:colcon.colcon_core.verb:set package 'my_ugv_vision' build argument 'catkin_skip_building_tests' from command line to 'False'
[0.403s] DEBUG:colcon.colcon_core.verb:Building package 'my_ugv_vision' with the following arguments: {'ament_cmake_args': None, 'build_base': '/home/ground/ugv_repo/OperationTouchdown/ugv_ws/build/my_ugv_vision', 'catkin_cmake_args': None, 'catkin_skip_building_tests': False, 'cmake_args': None, 'cmake_clean_cache': False, 'cmake_clean_first': False, 'cmake_force_configure': False, 'cmake_target': None, 'cmake_target_skip_unavailable': False, 'install_base': '/home/ground/ugv_repo/OperationTouchdown/ugv_ws/install/my_ugv_vision', 'merge_install': False, 'path': '/home/ground/ugv_repo/OperationTouchdown/ugv_ws/src/my_ugv_vision', 'symlink_install': True, 'test_result_base': None}
[0.403s] Level 5:colcon.colcon_core.verb:set package 'roboteq_ros2_driver' build argument 'cmake_args' from command line to 'None'
[0.403s] Level 5:colcon.colcon_core.verb:set package 'roboteq_ros2_driver' build argument 'cmake_target' from command line to 'None'
[0.403s] Level 5:colcon.colcon_core.verb:set package 'roboteq_ros2_driver' build argument 'cmake_target_skip_unavailable' from command line to 'False'
[0.403s] Level 5:colcon.colcon_core.verb:set package 'roboteq_ros2_driver' build argument 'cmake_clean_cache' from command line to 'False'
[0.403s] Level 5:colcon.colcon_core.verb:set package 'roboteq_ros2_driver' build argument 'cmake_clean_first' from command line to 'False'
[0.403s] Level 5:colcon.colcon_core.verb:set package 'roboteq_ros2_driver' build argument 'cmake_force_configure' from command line to 'False'
[0.404s] Level 5:colcon.colcon_core.verb:set package 'roboteq_ros2_driver' build argument 'ament_cmake_args' from command line to 'None'
[0.404s] Level 5:colcon.colcon_core.verb:set package 'roboteq_ros2_driver' build argument 'catkin_cmake_args' from command line to 'None'
[0.404s] Level 5:colcon.colcon_core.verb:set package 'roboteq_ros2_driver' build argument 'catkin_skip_building_tests' from command line to 'False'
[0.404s] DEBUG:colcon.colcon_core.verb:Building package 'roboteq_ros2_driver' with the following arguments: {'ament_cmake_args': None, 'build_base': '/home/ground/ugv_repo/OperationTouchdown/ugv_ws/build/roboteq_ros2_driver', 'catkin_cmake_args': None, 'catkin_skip_building_tests': False, 'cmake_args': None, 'cmake_clean_cache': False, 'cmake_clean_first': False, 'cmake_force_configure': False, 'cmake_target': None, 'cmake_target_skip_unavailable': False, 'install_base': '/home/ground/ugv_repo/OperationTouchdown/ugv_ws/install/roboteq_ros2_driver', 'merge_install': False, 'path': '/home/ground/ugv_repo/OperationTouchdown/ugv_ws/src/roboteq_ros2_driver', 'symlink_install': True, 'test_result_base': None}
[0.404s] Level 5:colcon.colcon_core.verb:set package 'rplidar_ros' build argument 'cmake_args' from command line to 'None'
[0.404s] Level 5:colcon.colcon_core.verb:set package 'rplidar_ros' build argument 'cmake_target' from command line to 'None'
[0.404s] Level 5:colcon.colcon_core.verb:set package 'rplidar_ros' build argument 'cmake_target_skip_unavailable' from command line to 'False'
[0.404s] Level 5:colcon.colcon_core.verb:set package 'rplidar_ros' build argument 'cmake_clean_cache' from command line to 'False'
[0.404s] Level 5:colcon.colcon_core.verb:set package 'rplidar_ros' build argument 'cmake_clean_first' from command line to 'False'
[0.404s] Level 5:colcon.colcon_core.verb:set package 'rplidar_ros' build argument 'cmake_force_configure' from command line to 'False'
[0.404s] Level 5:colcon.colcon_core.verb:set package 'rplidar_ros' build argument 'ament_cmake_args' from command line to 'None'
[0.404s] Level 5:colcon.colcon_core.verb:set package 'rplidar_ros' build argument 'catkin_cmake_args' from command line to 'None'
[0.404s] Level 5:colcon.colcon_core.verb:set package 'rplidar_ros' build argument 'catkin_skip_building_tests' from command line to 'False'
[0.404s] DEBUG:colcon.colcon_core.verb:Building package 'rplidar_ros' with the following arguments: {'ament_cmake_args': None, 'build_base': '/home/ground/ugv_repo/OperationTouchdown/ugv_ws/build/rplidar_ros', 'catkin_cmake_args': None, 'catkin_skip_building_tests': False, 'cmake_args': None, 'cmake_clean_cache': False, 'cmake_clean_first': False, 'cmake_force_configure': False, 'cmake_target': None, 'cmake_target_skip_unavailable': False, 'install_base': '/home/ground/ugv_repo/OperationTouchdown/ugv_ws/install/rplidar_ros', 'merge_install': False, 'path': '/home/ground/ugv_repo/OperationTouchdown/ugv_ws/src/rplidar_ros', 'symlink_install': True, 'test_result_base': None}
[0.404s] Level 5:colcon.colcon_core.verb:set package 'depthai_bridge' build argument 'cmake_args' from command line to 'None'
[0.404s] Level 5:colcon.colcon_core.verb:set package 'depthai_bridge' build argument 'cmake_target' from command line to 'None'
[0.404s] Level 5:colcon.colcon_core.verb:set package 'depthai_bridge' build argument 'cmake_target_skip_unavailable' from command line to 'False'
[0.405s] Level 5:colcon.colcon_core.verb:set package 'depthai_bridge' build argument 'cmake_clean_cache' from command line to 'False'
[0.405s] Level 5:colcon.colcon_core.verb:set package 'depthai_bridge' build argument 'cmake_clean_first' from command line to 'False'
[0.405s] Level 5:colcon.colcon_core.verb:set package 'depthai_bridge' build argument 'cmake_force_configure' from command line to 'False'
[0.405s] Level 5:colcon.colcon_core.verb:set package 'depthai_bridge' build argument 'ament_cmake_args' from command line to 'None'
[0.405s] Level 5:colcon.colcon_core.verb:set package 'depthai_bridge' build argument 'catkin_cmake_args' from command line to 'None'
[0.405s] Level 5:colcon.colcon_core.verb:set package 'depthai_bridge' build argument 'catkin_skip_building_tests' from command line to 'False'
[0.405s] DEBUG:colcon.colcon_core.verb:Building package 'depthai_bridge' with the following arguments: {'ament_cmake_args': None, 'build_base': '/home/ground/ugv_repo/OperationTouchdown/ugv_ws/build/depthai_bridge', 'catkin_cmake_args': None, 'catkin_skip_building_tests': False, 'cmake_args': None, 'cmake_clean_cache': False, 'cmake_clean_first': False, 'cmake_force_configure': False, 'cmake_target': None, 'cmake_target_skip_unavailable': False, 'install_base': '/home/ground/ugv_repo/OperationTouchdown/ugv_ws/install/depthai_bridge', 'merge_install': False, 'path': '/home/ground/ugv_repo/OperationTouchdown/ugv_ws/src/depthai-ros/depthai_bridge', 'symlink_install': True, 'test_result_base': None}
[0.405s] Level 5:colcon.colcon_core.verb:set package 'depthai_filters' build argument 'cmake_args' from command line to 'None'
[0.405s] Level 5:colcon.colcon_core.verb:set package 'depthai_filters' build argument 'cmake_target' from command line to 'None'
[0.405s] Level 5:colcon.colcon_core.verb:set package 'depthai_filters' build argument 'cmake_target_skip_unavailable' from command line to 'False'
[0.405s] Level 5:colcon.colcon_core.verb:set package 'depthai_filters' build argument 'cmake_clean_cache' from command line to 'False'
[0.405s] Level 5:colcon.colcon_core.verb:set package 'depthai_filters' build argument 'cmake_clean_first' from command line to 'False'
[0.405s] Level 5:colcon.colcon_core.verb:set package 'depthai_filters' build argument 'cmake_force_configure' from command line to 'False'
[0.405s] Level 5:colcon.colcon_core.verb:set package 'depthai_filters' build argument 'ament_cmake_args' from command line to 'None'
[0.405s] Level 5:colcon.colcon_core.verb:set package 'depthai_filters' build argument 'catkin_cmake_args' from command line to 'None'
[0.405s] Level 5:colcon.colcon_core.verb:set package 'depthai_filters' build argument 'catkin_skip_building_tests' from command line to 'False'
[0.405s] DEBUG:colcon.colcon_core.verb:Building package 'depthai_filters' with the following arguments: {'ament_cmake_args': None, 'build_base': '/home/ground/ugv_repo/OperationTouchdown/ugv_ws/build/depthai_filters', 'catkin_cmake_args': None, 'catkin_skip_building_tests': False, 'cmake_args': None, 'cmake_clean_cache': False, 'cmake_clean_first': False, 'cmake_force_configure': False, 'cmake_target': None, 'cmake_target_skip_unavailable': False, 'install_base': '/home/ground/ugv_repo/OperationTouchdown/ugv_ws/install/depthai_filters', 'merge_install': False, 'path': '/home/ground/ugv_repo/OperationTouchdown/ugv_ws/src/depthai-ros/depthai_filters', 'symlink_install': True, 'test_result_base': None}
[0.405s] Level 5:colcon.colcon_core.verb:set package 'my_ugv_bringup' build argument 'cmake_args' from command line to 'None'
[0.405s] Level 5:colcon.colcon_core.verb:set package 'my_ugv_bringup' build argument 'cmake_target' from command line to 'None'
[0.406s] Level 5:colcon.colcon_core.verb:set package 'my_ugv_bringup' build argument 'cmake_target_skip_unavailable' from command line to 'False'
[0.406s] Level 5:colcon.colcon_core.verb:set package 'my_ugv_bringup' build argument 'cmake_clean_cache' from command line to 'False'
[0.406s] Level 5:colcon.colcon_core.verb:set package 'my_ugv_bringup' build argument 'cmake_clean_first' from command line to 'False'
[0.406s] Level 5:colcon.colcon_core.verb:set package 'my_ugv_bringup' build argument 'cmake_force_configure' from command line to 'False'
[0.406s] Level 5:colcon.colcon_core.verb:set package 'my_ugv_bringup' build argument 'ament_cmake_args' from command line to 'None'
[0.406s] Level 5:colcon.colcon_core.verb:set package 'my_ugv_bringup' build argument 'catkin_cmake_args' from command line to 'None'
[0.406s] Level 5:colcon.colcon_core.verb:set package 'my_ugv_bringup' build argument 'catkin_skip_building_tests' from command line to 'False'
[0.406s] DEBUG:colcon.colcon_core.verb:Building package 'my_ugv_bringup' with the following arguments: {'ament_cmake_args': None, 'build_base': '/home/ground/ugv_repo/OperationTouchdown/ugv_ws/build/my_ugv_bringup', 'catkin_cmake_args': None, 'catkin_skip_building_tests': False, 'cmake_args': None, 'cmake_clean_cache': False, 'cmake_clean_first': False, 'cmake_force_configure': False, 'cmake_target': None, 'cmake_target_skip_unavailable': False, 'install_base': '/home/ground/ugv_repo/OperationTouchdown/ugv_ws/install/my_ugv_bringup', 'merge_install': False, 'path': '/home/ground/ugv_repo/OperationTouchdown/ugv_ws/src/my_ugv_bringup', 'symlink_install': True, 'test_result_base': None}
[0.406s] Level 5:colcon.colcon_core.verb:set package 'depthai_examples' build argument 'cmake_args' from command line to 'None'
[0.406s] Level 5:colcon.colcon_core.verb:set package 'depthai_examples' build argument 'cmake_target' from command line to 'None'
[0.406s] Level 5:colcon.colcon_core.verb:set package 'depthai_examples' build argument 'cmake_target_skip_unavailable' from command line to 'False'
[0.406s] Level 5:colcon.colcon_core.verb:set package 'depthai_examples' build argument 'cmake_clean_cache' from command line to 'False'
[0.406s] Level 5:colcon.colcon_core.verb:set package 'depthai_examples' build argument 'cmake_clean_first' from command line to 'False'
[0.406s] Level 5:colcon.colcon_core.verb:set package 'depthai_examples' build argument 'cmake_force_configure' from command line to 'False'
[0.406s] Level 5:colcon.colcon_core.verb:set package 'depthai_examples' build argument 'ament_cmake_args' from command line to 'None'
[0.406s] Level 5:colcon.colcon_core.verb:set package 'depthai_examples' build argument 'catkin_cmake_args' from command line to 'None'
[0.406s] Level 5:colcon.colcon_core.verb:set package 'depthai_examples' build argument 'catkin_skip_building_tests' from command line to 'False'
[0.406s] DEBUG:colcon.colcon_core.verb:Building package 'depthai_examples' with the following arguments: {'ament_cmake_args': None, 'build_base': '/home/ground/ugv_repo/OperationTouchdown/ugv_ws/build/depthai_examples', 'catkin_cmake_args': None, 'catkin_skip_building_tests': False, 'cmake_args': None, 'cmake_clean_cache': False, 'cmake_clean_first': False, 'cmake_force_configure': False, 'cmake_target': None, 'cmake_target_skip_unavailable': False, 'install_base': '/home/ground/ugv_repo/OperationTouchdown/ugv_ws/install/depthai_examples', 'merge_install': False, 'path': '/home/ground/ugv_repo/OperationTouchdown/ugv_ws/src/depthai-ros/depthai_examples', 'symlink_install': True, 'test_result_base': None}
[0.407s] Level 5:colcon.colcon_core.verb:set package 'depthai_ros_driver' build argument 'cmake_args' from command line to 'None'
[0.407s] Level 5:colcon.colcon_core.verb:set package 'depthai_ros_driver' build argument 'cmake_target' from command line to 'None'
[0.407s] Level 5:colcon.colcon_core.verb:set package 'depthai_ros_driver' build argument 'cmake_target_skip_unavailable' from command line to 'False'
[0.407s] Level 5:colcon.colcon_core.verb:set package 'depthai_ros_driver' build argument 'cmake_clean_cache' from command line to 'False'
[0.407s] Level 5:colcon.colcon_core.verb:set package 'depthai_ros_driver' build argument 'cmake_clean_first' from command line to 'False'
[0.407s] Level 5:colcon.colcon_core.verb:set package 'depthai_ros_driver' build argument 'cmake_force_configure' from command line to 'False'
[0.407s] Level 5:colcon.colcon_core.verb:set package 'depthai_ros_driver' build argument 'ament_cmake_args' from command line to 'None'
[0.407s] Level 5:colcon.colcon_core.verb:set package 'depthai_ros_driver' build argument 'catkin_cmake_args' from command line to 'None'
[0.407s] Level 5:colcon.colcon_core.verb:set package 'depthai_ros_driver' build argument 'catkin_skip_building_tests' from command line to 'False'
[0.407s] DEBUG:colcon.colcon_core.verb:Building package 'depthai_ros_driver' with the following arguments: {'ament_cmake_args': None, 'build_base': '/home/ground/ugv_repo/OperationTouchdown/ugv_ws/build/depthai_ros_driver', 'catkin_cmake_args': None, 'catkin_skip_building_tests': False, 'cmake_args': None, 'cmake_clean_cache': False, 'cmake_clean_first': False, 'cmake_force_configure': False, 'cmake_target': None, 'cmake_target_skip_unavailable': False, 'install_base': '/home/ground/ugv_repo/OperationTouchdown/ugv_ws/install/depthai_ros_driver', 'merge_install': False, 'path': '/home/ground/ugv_repo/OperationTouchdown/ugv_ws/src/depthai-ros/depthai_ros_driver', 'symlink_install': True, 'test_result_base': None}
[0.407s] Level 5:colcon.colcon_core.verb:set package 'depthai-ros' build argument 'cmake_args' from command line to 'None'
[0.407s] Level 5:colcon.colcon_core.verb:set package 'depthai-ros' build argument 'cmake_target' from command line to 'None'
[0.407s] Level 5:colcon.colcon_core.verb:set package 'depthai-ros' build argument 'cmake_target_skip_unavailable' from command line to 'False'
[0.407s] Level 5:colcon.colcon_core.verb:set package 'depthai-ros' build argument 'cmake_clean_cache' from command line to 'False'
[0.407s] Level 5:colcon.colcon_core.verb:set package 'depthai-ros' build argument 'cmake_clean_first' from command line to 'False'
[0.407s] Level 5:colcon.colcon_core.verb:set package 'depthai-ros' build argument 'cmake_force_configure' from command line to 'False'
[0.407s] Level 5:colcon.colcon_core.verb:set package 'depthai-ros' build argument 'ament_cmake_args' from command line to 'None'
[0.407s] Level 5:colcon.colcon_core.verb:set package 'depthai-ros' build argument 'catkin_cmake_args' from command line to 'None'
[0.407s] Level 5:colcon.colcon_core.verb:set package 'depthai-ros' build argument 'catkin_skip_building_tests' from command line to 'False'
[0.407s] DEBUG:colcon.colcon_core.verb:Building package 'depthai-ros' with the following arguments: {'ament_cmake_args': None, 'build_base': '/home/ground/ugv_repo/OperationTouchdown/ugv_ws/build/depthai-ros', 'catkin_cmake_args': None, 'catkin_skip_building_tests': False, 'cmake_args': None, 'cmake_clean_cache': False, 'cmake_clean_first': False, 'cmake_force_configure': False, 'cmake_target': None, 'cmake_target_skip_unavailable': False, 'install_base': '/home/ground/ugv_repo/OperationTouchdown/ugv_ws/install/depthai-ros', 'merge_install': False, 'path': '/home/ground/ugv_repo/OperationTouchdown/ugv_ws/src/depthai-ros/depthai-ros', 'symlink_install': True, 'test_result_base': None}
[0.407s] INFO:colcon.colcon_core.executor:Executing jobs using 'parallel' executor
[0.409s] DEBUG:colcon.colcon_parallel_executor.executor.parallel:run_until_complete
[0.409s] INFO:colcon.colcon_ros.task.ament_cmake.build:Building ROS package in '/home/ground/ugv_repo/OperationTouchdown/ugv_ws/src/depthai-ros/depthai_ros_msgs' with build type 'ament_cmake'
[0.410s] INFO:colcon.colcon_cmake.task.cmake.build:Building CMake package in '/home/ground/ugv_repo/OperationTouchdown/ugv_ws/src/depthai-ros/depthai_ros_msgs'
[0.413s] INFO:colcon.colcon_core.plugin_system:Skipping extension 'colcon_core.shell.bat': Not used on non-Windows systems
[0.413s] INFO:colcon.colcon_core.shell:Skip shell extension 'powershell' for command environment: Not usable outside of PowerShell
[0.413s] DEBUG:colcon.colcon_core.shell:Skip shell extension 'dsv' for command environment
[0.447s] INFO:colcon.colcon_ros.task.ament_cmake.build:Building ROS package in '/home/ground/ugv_repo/OperationTouchdown/ugv_ws/src/depthai-ros/depthai_descriptions' with build type 'ament_cmake'
[0.448s] INFO:colcon.colcon_cmake.task.cmake.build:Building CMake package in '/home/ground/ugv_repo/OperationTouchdown/ugv_ws/src/depthai-ros/depthai_descriptions'
[0.448s] INFO:colcon.colcon_core.shell:Skip shell extension 'powershell' for command environment: Not usable outside of PowerShell
[0.448s] DEBUG:colcon.colcon_core.shell:Skip shell extension 'dsv' for command environment
[0.455s] INFO:colcon.colcon_ros.task.ament_cmake.build:Building ROS package in '/home/ground/ugv_repo/OperationTouchdown/ugv_ws/src/my_ugv_description' with build type 'ament_cmake'
[0.455s] INFO:colcon.colcon_cmake.task.cmake.build:Building CMake package in '/home/ground/ugv_repo/OperationTouchdown/ugv_ws/src/my_ugv_description'
[0.456s] INFO:colcon.colcon_core.shell:Skip shell extension 'powershell' for command environment: Not usable outside of PowerShell
[0.456s] DEBUG:colcon.colcon_core.shell:Skip shell extension 'dsv' for command environment
[0.462s] INFO:colcon.colcon_ros.task.ament_python.build:Building ROS package in '/home/ground/ugv_repo/OperationTouchdown/ugv_ws/src/my_ugv_hardware' with build type 'ament_python'
[0.463s] Level 1:colcon.colcon_core.shell:create_environment_hook('my_ugv_hardware', 'ament_prefix_path')
[0.463s] INFO:colcon.colcon_core.shell:Creating environment hook '/home/ground/ugv_repo/OperationTouchdown/ugv_ws/install/my_ugv_hardware/share/my_ugv_hardware/hook/ament_prefix_path.ps1'
[0.465s] INFO:colcon.colcon_core.shell:Creating environment descriptor '/home/ground/ugv_repo/OperationTouchdown/ugv_ws/install/my_ugv_hardware/share/my_ugv_hardware/hook/ament_prefix_path.dsv'
[0.467s] INFO:colcon.colcon_core.shell:Creating environment hook '/home/ground/ugv_repo/OperationTouchdown/ugv_ws/install/my_ugv_hardware/share/my_ugv_hardware/hook/ament_prefix_path.sh'
[0.468s] INFO:colcon.colcon_core.shell:Skip shell extension 'powershell' for command environment: Not usable outside of PowerShell
[0.468s] DEBUG:colcon.colcon_core.shell:Skip shell extension 'dsv' for command environment
[0.482s] DEBUG:colcon.colcon_core.event_handler.log_command:Invoking command in '/home/ground/ugv_repo/OperationTouchdown/ugv_ws/build/depthai_ros_msgs': CMAKE_PREFIX_PATH=${CMAKE_PREFIX_PATH}:/home/ground/ugv_repo/OperationTouchdown/ugv_ws/install/my_ugv_vision:/home/ground/ugv_repo/OperationTouchdown/ugv_ws/install/my_ugv_hardware:/opt/ros/jazzy DEBUGINFOD_URLS=https://debuginfod.ubuntu.com /usr/bin/cmake --build /home/ground/ugv_repo/OperationTouchdown/ugv_ws/build/depthai_ros_msgs -- -j4 -l4
[0.489s] DEBUG:colcon.colcon_core.event_handler.log_command:Invoking command in '/home/ground/ugv_repo/OperationTouchdown/ugv_ws/build/depthai_descriptions': CMAKE_PREFIX_PATH=${CMAKE_PREFIX_PATH}:/home/ground/ugv_repo/OperationTouchdown/ugv_ws/install/my_ugv_vision:/home/ground/ugv_repo/OperationTouchdown/ugv_ws/install/my_ugv_hardware:/opt/ros/jazzy DEBUGINFOD_URLS=https://debuginfod.ubuntu.com /usr/bin/cmake --build /home/ground/ugv_repo/OperationTouchdown/ugv_ws/build/depthai_descriptions -- -j4 -l4
[0.495s] DEBUG:colcon.colcon_core.event_handler.log_command:Invoking command in '/home/ground/ugv_repo/OperationTouchdown/ugv_ws/build/my_ugv_description': CMAKE_PREFIX_PATH=${CMAKE_PREFIX_PATH}:/home/ground/ugv_repo/OperationTouchdown/ugv_ws/install/my_ugv_vision:/home/ground/ugv_repo/OperationTouchdown/ugv_ws/install/my_ugv_hardware:/opt/ros/jazzy DEBUGINFOD_URLS=https://debuginfod.ubuntu.com /usr/bin/cmake --build /home/ground/ugv_repo/OperationTouchdown/ugv_ws/build/my_ugv_description -- -j4 -l4
[1.043s] INFO:colcon.colcon_core.task.python.build:Building Python package in '/home/ground/ugv_repo/OperationTouchdown/ugv_ws/src/my_ugv_hardware'
[1.044s] INFO:colcon.colcon_core.shell:Skip shell extension 'powershell' for command environment: Not usable outside of PowerShell
[1.044s] DEBUG:colcon.colcon_core.shell:Skip shell extension 'dsv' for command environment
[1.056s] DEBUG:colcon.colcon_core.event_handler.log_command:Invoked command in '/home/ground/ugv_repo/OperationTouchdown/ugv_ws/build/depthai_descriptions' returned '0': CMAKE_PREFIX_PATH=${CMAKE_PREFIX_PATH}:/home/ground/ugv_repo/OperationTouchdown/ugv_ws/install/my_ugv_vision:/home/ground/ugv_repo/OperationTouchdown/ugv_ws/install/my_ugv_hardware:/opt/ros/jazzy DEBUGINFOD_URLS=https://debuginfod.ubuntu.com /usr/bin/cmake --build /home/ground/ugv_repo/OperationTouchdown/ugv_ws/build/depthai_descriptions -- -j4 -l4
[1.079s] DEBUG:colcon.colcon_core.event_handler.log_command:Invoking command in '/home/ground/ugv_repo/OperationTouchdown/ugv_ws/build/depthai_descriptions': CMAKE_PREFIX_PATH=${CMAKE_PREFIX_PATH}:/home/ground/ugv_repo/OperationTouchdown/ugv_ws/install/my_ugv_vision:/home/ground/ugv_repo/OperationTouchdown/ugv_ws/install/my_ugv_hardware:/opt/ros/jazzy DEBUGINFOD_URLS=https://debuginfod.ubuntu.com /usr/bin/cmake --install /home/ground/ugv_repo/OperationTouchdown/ugv_ws/build/depthai_descriptions
[1.083s] DEBUG:colcon.colcon_core.event_handler.log_command:Invoked command in '/home/ground/ugv_repo/OperationTouchdown/ugv_ws/build/my_ugv_description' returned '0': CMAKE_PREFIX_PATH=${CMAKE_PREFIX_PATH}:/home/ground/ugv_repo/OperationTouchdown/ugv_ws/install/my_ugv_vision:/home/ground/ugv_repo/OperationTouchdown/ugv_ws/install/my_ugv_hardware:/opt/ros/jazzy DEBUGINFOD_URLS=https://debuginfod.ubuntu.com /usr/bin/cmake --build /home/ground/ugv_repo/OperationTouchdown/ugv_ws/build/my_ugv_description -- -j4 -l4
[1.085s] DEBUG:colcon.colcon_core.event_handler.log_command:Invoking command in '/home/ground/ugv_repo/OperationTouchdown/ugv_ws/build/my_ugv_description': CMAKE_PREFIX_PATH=${CMAKE_PREFIX_PATH}:/home/ground/ugv_repo/OperationTouchdown/ugv_ws/install/my_ugv_vision:/home/ground/ugv_repo/OperationTouchdown/ugv_ws/install/my_ugv_hardware:/opt/ros/jazzy DEBUGINFOD_URLS=https://debuginfod.ubuntu.com /usr/bin/cmake --install /home/ground/ugv_repo/OperationTouchdown/ugv_ws/build/my_ugv_description
[1.160s] Level 1:colcon.colcon_core.environment:create_environment_scripts_only(depthai_descriptions)
[1.168s] Level 1:colcon.colcon_core.environment:checking '/home/ground/ugv_repo/OperationTouchdown/ugv_ws/install/depthai_descriptions' for CMake module files
[1.169s] DEBUG:colcon.colcon_core.event_handler.log_command:Invoked command in '/home/ground/ugv_repo/OperationTouchdown/ugv_ws/build/depthai_descriptions' returned '0': CMAKE_PREFIX_PATH=${CMAKE_PREFIX_PATH}:/home/ground/ugv_repo/OperationTouchdown/ugv_ws/install/my_ugv_vision:/home/ground/ugv_repo/OperationTouchdown/ugv_ws/install/my_ugv_hardware:/opt/ros/jazzy DEBUGINFOD_URLS=https://debuginfod.ubuntu.com /usr/bin/cmake --install /home/ground/ugv_repo/OperationTouchdown/ugv_ws/build/depthai_descriptions
[1.171s] Level 1:colcon.colcon_core.environment:checking '/home/ground/ugv_repo/OperationTouchdown/ugv_ws/install/depthai_descriptions' for CMake config files
[1.175s] Level 1:colcon.colcon_core.shell:create_environment_hook('depthai_descriptions', 'cmake_prefix_path')
[1.176s] INFO:colcon.colcon_core.shell:Creating environment hook '/home/ground/ugv_repo/OperationTouchdown/ugv_ws/install/depthai_descriptions/share/depthai_descriptions/hook/cmake_prefix_path.ps1'
[1.181s] INFO:colcon.colcon_core.shell:Creating environment descriptor '/home/ground/ugv_repo/OperationTouchdown/ugv_ws/install/depthai_descriptions/share/depthai_descriptions/hook/cmake_prefix_path.dsv'
[1.182s] INFO:colcon.colcon_core.shell:Creating environment hook '/home/ground/ugv_repo/OperationTouchdown/ugv_ws/install/depthai_descriptions/share/depthai_descriptions/hook/cmake_prefix_path.sh'
[1.186s] Level 1:colcon.colcon_core.environment:checking '/home/ground/ugv_repo/OperationTouchdown/ugv_ws/install/depthai_descriptions/bin'
[1.186s] Level 1:colcon.colcon_core.environment:checking '/home/ground/ugv_repo/OperationTouchdown/ugv_ws/install/depthai_descriptions/lib/pkgconfig/depthai_descriptions.pc'
[1.187s] Level 1:colcon.colcon_core.environment:checking '/home/ground/ugv_repo/OperationTouchdown/ugv_ws/install/depthai_descriptions/lib/python3.12/site-packages'
[1.188s] Level 1:colcon.colcon_core.environment:checking '/home/ground/ugv_repo/OperationTouchdown/ugv_ws/install/depthai_descriptions/bin'
[1.189s] INFO:colcon.colcon_core.shell:Creating package script '/home/ground/ugv_repo/OperationTouchdown/ugv_ws/install/depthai_descriptions/share/depthai_descriptions/package.ps1'
[1.191s] INFO:colcon.colcon_core.shell:Creating package descriptor '/home/ground/ugv_repo/OperationTouchdown/ugv_ws/install/depthai_descriptions/share/depthai_descriptions/package.dsv'
[1.194s] INFO:colcon.colcon_core.shell:Creating package script '/home/ground/ugv_repo/OperationTouchdown/ugv_ws/install/depthai_descriptions/share/depthai_descriptions/package.sh'
[1.196s] INFO:colcon.colcon_core.shell:Creating package script '/home/ground/ugv_repo/OperationTouchdown/ugv_ws/install/depthai_descriptions/share/depthai_descriptions/package.bash'
[1.202s] INFO:colcon.colcon_core.shell:Creating package script '/home/ground/ugv_repo/OperationTouchdown/ugv_ws/install/depthai_descriptions/share/depthai_descriptions/package.zsh'
[1.208s] Level 1:colcon.colcon_core.environment:create_file_with_runtime_dependencies(/home/ground/ugv_repo/OperationTouchdown/ugv_ws/install/depthai_descriptions/share/colcon-core/packages/depthai_descriptions)
[1.214s] Level 1:colcon.colcon_core.environment:create_environment_scripts_only(depthai_descriptions)
[1.214s] Level 1:colcon.colcon_core.environment:checking '/home/ground/ugv_repo/OperationTouchdown/ugv_ws/install/depthai_descriptions' for CMake module files
[1.216s] Level 1:colcon.colcon_core.environment:checking '/home/ground/ugv_repo/OperationTouchdown/ugv_ws/install/depthai_descriptions' for CMake config files
[1.219s] Level 1:colcon.colcon_core.shell:create_environment_hook('depthai_descriptions', 'cmake_prefix_path')
[1.222s] INFO:colcon.colcon_core.shell:Creating environment hook '/home/ground/ugv_repo/OperationTouchdown/ugv_ws/install/depthai_descriptions/share/depthai_descriptions/hook/cmake_prefix_path.ps1'
[1.224s] INFO:colcon.colcon_core.shell:Creating environment descriptor '/home/ground/ugv_repo/OperationTouchdown/ugv_ws/install/depthai_descriptions/share/depthai_descriptions/hook/cmake_prefix_path.dsv'
[1.227s] INFO:colcon.colcon_core.shell:Creating environment hook '/home/ground/ugv_repo/OperationTouchdown/ugv_ws/install/depthai_descriptions/share/depthai_descriptions/hook/cmake_prefix_path.sh'
[1.229s] Level 1:colcon.colcon_core.environment:checking '/home/ground/ugv_repo/OperationTouchdown/ugv_ws/install/depthai_descriptions/bin'
[1.230s] Level 1:colcon.colcon_core.environment:checking '/home/ground/ugv_repo/OperationTouchdown/ugv_ws/install/depthai_descriptions/lib/pkgconfig/depthai_descriptions.pc'
[1.233s] Level 1:colcon.colcon_core.environment:checking '/home/ground/ugv_repo/OperationTouchdown/ugv_ws/install/depthai_descriptions/lib/python3.12/site-packages'
[1.234s] Level 1:colcon.colcon_core.environment:checking '/home/ground/ugv_repo/OperationTouchdown/ugv_ws/install/depthai_descriptions/bin'
[1.235s] INFO:colcon.colcon_core.shell:Creating package script '/home/ground/ugv_repo/OperationTouchdown/ugv_ws/install/depthai_descriptions/share/depthai_descriptions/package.ps1'
[1.239s] INFO:colcon.colcon_core.shell:Creating package descriptor '/home/ground/ugv_repo/OperationTouchdown/ugv_ws/install/depthai_descriptions/share/depthai_descriptions/package.dsv'
[1.241s] INFO:colcon.colcon_core.shell:Creating package script '/home/ground/ugv_repo/OperationTouchdown/ugv_ws/install/depthai_descriptions/share/depthai_descriptions/package.sh'
[1.244s] INFO:colcon.colcon_core.shell:Creating package script '/home/ground/ugv_repo/OperationTouchdown/ugv_ws/install/depthai_descriptions/share/depthai_descriptions/package.bash'
[1.245s] INFO:colcon.colcon_core.shell:Creating package script '/home/ground/ugv_repo/OperationTouchdown/ugv_ws/install/depthai_descriptions/share/depthai_descriptions/package.zsh'
[1.246s] Level 1:colcon.colcon_core.environment:create_file_with_runtime_dependencies(/home/ground/ugv_repo/OperationTouchdown/ugv_ws/install/depthai_descriptions/share/colcon-core/packages/depthai_descriptions)
[1.247s] INFO:colcon.colcon_ros.task.ament_cmake.build:Building ROS package in '/home/ground/ugv_repo/OperationTouchdown/ugv_ws/src/dual_laser_merger' with build type 'ament_cmake'
[1.249s] INFO:colcon.colcon_cmake.task.cmake.build:Building CMake package in '/home/ground/ugv_repo/OperationTouchdown/ugv_ws/src/dual_laser_merger'
[1.250s] INFO:colcon.colcon_core.shell:Skip shell extension 'powershell' for command environment: Not usable outside of PowerShell
[1.252s] DEBUG:colcon.colcon_core.shell:Skip shell extension 'dsv' for command environment
[1.265s] Level 1:colcon.colcon_core.environment:create_environment_scripts_only(my_ugv_description)
[1.267s] Level 1:colcon.colcon_core.environment:checking '/home/ground/ugv_repo/OperationTouchdown/ugv_ws/install/my_ugv_description' for CMake module files
[1.269s] Level 1:colcon.colcon_core.environment:checking '/home/ground/ugv_repo/OperationTouchdown/ugv_ws/install/my_ugv_description' for CMake config files
[1.268s] DEBUG:colcon.colcon_core.event_handler.log_command:Invoked command in '/home/ground/ugv_repo/OperationTouchdown/ugv_ws/build/my_ugv_description' returned '0': CMAKE_PREFIX_PATH=${CMAKE_PREFIX_PATH}:/home/ground/ugv_repo/OperationTouchdown/ugv_ws/install/my_ugv_vision:/home/ground/ugv_repo/OperationTouchdown/ugv_ws/install/my_ugv_hardware:/opt/ros/jazzy DEBUGINFOD_URLS=https://debuginfod.ubuntu.com /usr/bin/cmake --install /home/ground/ugv_repo/OperationTouchdown/ugv_ws/build/my_ugv_description
[1.272s] Level 1:colcon.colcon_core.shell:create_environment_hook('my_ugv_description', 'cmake_prefix_path')
[1.273s] INFO:colcon.colcon_core.shell:Creating environment hook '/home/ground/ugv_repo/OperationTouchdown/ugv_ws/install/my_ugv_description/share/my_ugv_description/hook/cmake_prefix_path.ps1'
[1.275s] INFO:colcon.colcon_core.shell:Creating environment descriptor '/home/ground/ugv_repo/OperationTouchdown/ugv_ws/install/my_ugv_description/share/my_ugv_description/hook/cmake_prefix_path.dsv'
[1.276s] INFO:colcon.colcon_core.shell:Creating environment hook '/home/ground/ugv_repo/OperationTouchdown/ugv_ws/install/my_ugv_description/share/my_ugv_description/hook/cmake_prefix_path.sh'
[1.279s] Level 1:colcon.colcon_core.environment:checking '/home/ground/ugv_repo/OperationTouchdown/ugv_ws/install/my_ugv_description/bin'
[1.279s] Level 1:colcon.colcon_core.environment:checking '/home/ground/ugv_repo/OperationTouchdown/ugv_ws/install/my_ugv_description/lib/pkgconfig/my_ugv_description.pc'
[1.279s] Level 1:colcon.colcon_core.environment:checking '/home/ground/ugv_repo/OperationTouchdown/ugv_ws/install/my_ugv_description/lib/python3.12/site-packages'
[1.280s] Level 1:colcon.colcon_core.environment:checking '/home/ground/ugv_repo/OperationTouchdown/ugv_ws/install/my_ugv_description/bin'
[1.280s] INFO:colcon.colcon_core.shell:Creating package script '/home/ground/ugv_repo/OperationTouchdown/ugv_ws/install/my_ugv_description/share/my_ugv_description/package.ps1'
[1.282s] INFO:colcon.colcon_core.shell:Creating package descriptor '/home/ground/ugv_repo/OperationTouchdown/ugv_ws/install/my_ugv_description/share/my_ugv_description/package.dsv'
[1.283s] INFO:colcon.colcon_core.shell:Creating package script '/home/ground/ugv_repo/OperationTouchdown/ugv_ws/install/my_ugv_description/share/my_ugv_description/package.sh'
[1.283s] INFO:colcon.colcon_core.shell:Creating package script '/home/ground/ugv_repo/OperationTouchdown/ugv_ws/install/my_ugv_description/share/my_ugv_description/package.bash'
[1.284s] INFO:colcon.colcon_core.shell:Creating package script '/home/ground/ugv_repo/OperationTouchdown/ugv_ws/install/my_ugv_description/share/my_ugv_description/package.zsh'
[1.286s] Level 1:colcon.colcon_core.environment:create_file_with_runtime_dependencies(/home/ground/ugv_repo/OperationTouchdown/ugv_ws/install/my_ugv_description/share/colcon-core/packages/my_ugv_description)
[1.288s] Level 1:colcon.colcon_core.environment:create_environment_scripts_only(my_ugv_description)
[1.288s] Level 1:colcon.colcon_core.environment:checking '/home/ground/ugv_repo/OperationTouchdown/ugv_ws/install/my_ugv_description' for CMake module files
[1.289s] Level 1:colcon.colcon_core.environment:checking '/home/ground/ugv_repo/OperationTouchdown/ugv_ws/install/my_ugv_description' for CMake config files
[1.290s] Level 1:colcon.colcon_core.shell:create_environment_hook('my_ugv_description', 'cmake_prefix_path')
[1.290s] INFO:colcon.colcon_core.shell:Creating environment hook '/home/ground/ugv_repo/OperationTouchdown/ugv_ws/install/my_ugv_description/share/my_ugv_description/hook/cmake_prefix_path.ps1'
[1.291s] INFO:colcon.colcon_core.shell:Creating environment descriptor '/home/ground/ugv_repo/OperationTouchdown/ugv_ws/install/my_ugv_description/share/my_ugv_description/hook/cmake_prefix_path.dsv'
[1.291s] INFO:colcon.colcon_core.shell:Creating environment hook '/home/ground/ugv_repo/OperationTouchdown/ugv_ws/install/my_ugv_description/share/my_ugv_description/hook/cmake_prefix_path.sh'
[1.292s] Level 1:colcon.colcon_core.environment:checking '/home/ground/ugv_repo/OperationTouchdown/ugv_ws/install/my_ugv_description/bin'
[1.293s] Level 1:colcon.colcon_core.environment:checking '/home/ground/ugv_repo/OperationTouchdown/ugv_ws/install/my_ugv_description/lib/pkgconfig/my_ugv_description.pc'
[1.293s] Level 1:colcon.colcon_core.environment:checking '/home/ground/ugv_repo/OperationTouchdown/ugv_ws/install/my_ugv_description/lib/python3.12/site-packages'
[1.294s] Level 1:colcon.colcon_core.environment:checking '/home/ground/ugv_repo/OperationTouchdown/ugv_ws/install/my_ugv_description/bin'
[1.294s] INFO:colcon.colcon_core.shell:Creating package script '/home/ground/ugv_repo/OperationTouchdown/ugv_ws/install/my_ugv_description/share/my_ugv_description/package.ps1'
[1.295s] INFO:colcon.colcon_core.shell:Creating package descriptor '/home/ground/ugv_repo/OperationTouchdown/ugv_ws/install/my_ugv_description/share/my_ugv_description/package.dsv'
[1.296s] INFO:colcon.colcon_core.shell:Creating package script '/home/ground/ugv_repo/OperationTouchdown/ugv_ws/install/my_ugv_description/share/my_ugv_description/package.sh'
[1.297s] INFO:colcon.colcon_core.shell:Creating package script '/home/ground/ugv_repo/OperationTouchdown/ugv_ws/install/my_ugv_description/share/my_ugv_description/package.bash'
[1.298s] INFO:colcon.colcon_core.shell:Creating package script '/home/ground/ugv_repo/OperationTouchdown/ugv_ws/install/my_ugv_description/share/my_ugv_description/package.zsh'
[1.299s] Level 1:colcon.colcon_core.environment:create_file_with_runtime_dependencies(/home/ground/ugv_repo/OperationTouchdown/ugv_ws/install/my_ugv_description/share/colcon-core/packages/my_ugv_description)
[1.300s] INFO:colcon.colcon_ros.task.ament_python.build:Building ROS package in '/home/ground/ugv_repo/OperationTouchdown/ugv_ws/src/my_ugv_vision' with build type 'ament_python'
[1.301s] Level 1:colcon.colcon_core.shell:create_environment_hook('my_ugv_vision', 'ament_prefix_path')
[1.302s] INFO:colcon.colcon_core.shell:Creating environment hook '/home/ground/ugv_repo/OperationTouchdown/ugv_ws/install/my_ugv_vision/share/my_ugv_vision/hook/ament_prefix_path.ps1'
[1.303s] INFO:colcon.colcon_core.shell:Creating environment descriptor '/home/ground/ugv_repo/OperationTouchdown/ugv_ws/install/my_ugv_vision/share/my_ugv_vision/hook/ament_prefix_path.dsv'
[1.304s] INFO:colcon.colcon_core.shell:Creating environment hook '/home/ground/ugv_repo/OperationTouchdown/ugv_ws/install/my_ugv_vision/share/my_ugv_vision/hook/ament_prefix_path.sh'
[1.305s] INFO:colcon.colcon_core.shell:Skip shell extension 'powershell' for command environment: Not usable outside of PowerShell
[1.305s] DEBUG:colcon.colcon_core.shell:Skip shell extension 'dsv' for command environment
[1.330s] DEBUG:colcon.colcon_core.event_handler.log_command:Invoking command in '/home/ground/ugv_repo/OperationTouchdown/ugv_ws/build/dual_laser_merger': CMAKE_PREFIX_PATH=${CMAKE_PREFIX_PATH}:/home/ground/ugv_repo/OperationTouchdown/ugv_ws/install/my_ugv_vision:/home/ground/ugv_repo/OperationTouchdown/ugv_ws/install/my_ugv_hardware:/opt/ros/jazzy DEBUGINFOD_URLS=https://debuginfod.ubuntu.com /usr/bin/cmake --build /home/ground/ugv_repo/OperationTouchdown/ugv_ws/build/dual_laser_merger -- -j4 -l4
[1.790s] INFO:colcon.colcon_core.task.python.build:Building Python package in '/home/ground/ugv_repo/OperationTouchdown/ugv_ws/src/my_ugv_vision'
[1.790s] INFO:colcon.colcon_core.shell:Skip shell extension 'powershell' for command environment: Not usable outside of PowerShell
[1.790s] DEBUG:colcon.colcon_core.shell:Skip shell extension 'dsv' for command environment
[1.798s] DEBUG:colcon.colcon_core.event_handler.log_command:Invoked command in '/home/ground/ugv_repo/OperationTouchdown/ugv_ws/build/depthai_ros_msgs' returned '0': CMAKE_PREFIX_PATH=${CMAKE_PREFIX_PATH}:/home/ground/ugv_repo/OperationTouchdown/ugv_ws/install/my_ugv_vision:/home/ground/ugv_repo/OperationTouchdown/ugv_ws/install/my_ugv_hardware:/opt/ros/jazzy DEBUGINFOD_URLS=https://debuginfod.ubuntu.com /usr/bin/cmake --build /home/ground/ugv_repo/OperationTouchdown/ugv_ws/build/depthai_ros_msgs -- -j4 -l4
[1.801s] DEBUG:colcon.colcon_core.event_handler.log_command:Invoking command in '/home/ground/ugv_repo/OperationTouchdown/ugv_ws/build/depthai_ros_msgs': CMAKE_PREFIX_PATH=${CMAKE_PREFIX_PATH}:/home/ground/ugv_repo/OperationTouchdown/ugv_ws/install/my_ugv_vision:/home/ground/ugv_repo/OperationTouchdown/ugv_ws/install/my_ugv_hardware:/opt/ros/jazzy DEBUGINFOD_URLS=https://debuginfod.ubuntu.com /usr/bin/cmake --install /home/ground/ugv_repo/OperationTouchdown/ugv_ws/build/depthai_ros_msgs
[1.804s] DEBUG:colcon.colcon_core.event_handler.log_command:Invoked command in '/home/ground/ugv_repo/OperationTouchdown/ugv_ws/build/dual_laser_merger' returned '0': CMAKE_PREFIX_PATH=${CMAKE_PREFIX_PATH}:/home/ground/ugv_repo/OperationTouchdown/ugv_ws/install/my_ugv_vision:/home/ground/ugv_repo/OperationTouchdown/ugv_ws/install/my_ugv_hardware:/opt/ros/jazzy DEBUGINFOD_URLS=https://debuginfod.ubuntu.com /usr/bin/cmake --build /home/ground/ugv_repo/OperationTouchdown/ugv_ws/build/dual_laser_merger -- -j4 -l4
[1.804s] DEBUG:colcon.colcon_core.event_handler.log_command:Invoking command in '/home/ground/ugv_repo/OperationTouchdown/ugv_ws/build/dual_laser_merger': CMAKE_PREFIX_PATH=${CMAKE_PREFIX_PATH}:/home/ground/ugv_repo/OperationTouchdown/ugv_ws/install/my_ugv_vision:/home/ground/ugv_repo/OperationTouchdown/ugv_ws/install/my_ugv_hardware:/opt/ros/jazzy DEBUGINFOD_URLS=https://debuginfod.ubuntu.com /usr/bin/cmake --install /home/ground/ugv_repo/OperationTouchdown/ugv_ws/build/dual_laser_merger
[1.877s] Level 1:colcon.colcon_core.environment:create_environment_scripts_only(dual_laser_merger)
[1.879s] Level 1:colcon.colcon_core.environment:checking '/home/ground/ugv_repo/OperationTouchdown/ugv_ws/install/dual_laser_merger' for CMake module files
[1.886s] Level 1:colcon.colcon_core.environment:checking '/home/ground/ugv_repo/OperationTouchdown/ugv_ws/install/dual_laser_merger' for CMake config files
[1.889s] Level 1:colcon.colcon_core.shell:create_environment_hook('dual_laser_merger', 'cmake_prefix_path')
[1.890s] INFO:colcon.colcon_core.shell:Creating environment hook '/home/ground/ugv_repo/OperationTouchdown/ugv_ws/install/dual_laser_merger/share/dual_laser_merger/hook/cmake_prefix_path.ps1'
[1.891s] INFO:colcon.colcon_core.shell:Creating environment descriptor '/home/ground/ugv_repo/OperationTouchdown/ugv_ws/install/dual_laser_merger/share/dual_laser_merger/hook/cmake_prefix_path.dsv'
[1.895s] INFO:colcon.colcon_core.shell:Creating environment hook '/home/ground/ugv_repo/OperationTouchdown/ugv_ws/install/dual_laser_merger/share/dual_laser_merger/hook/cmake_prefix_path.sh'
[1.900s] Level 1:colcon.colcon_core.environment:checking '/home/ground/ugv_repo/OperationTouchdown/ugv_ws/install/dual_laser_merger/lib'
[1.901s] Level 1:colcon.colcon_core.shell:create_environment_hook('dual_laser_merger', 'ld_library_path_lib')
[1.902s] INFO:colcon.colcon_core.shell:Creating environment hook '/home/ground/ugv_repo/OperationTouchdown/ugv_ws/install/dual_laser_merger/share/dual_laser_merger/hook/ld_library_path_lib.ps1'
[1.905s] INFO:colcon.colcon_core.shell:Creating environment descriptor '/home/ground/ugv_repo/OperationTouchdown/ugv_ws/install/dual_laser_merger/share/dual_laser_merger/hook/ld_library_path_lib.dsv'
[1.908s] INFO:colcon.colcon_core.shell:Creating environment hook '/home/ground/ugv_repo/OperationTouchdown/ugv_ws/install/dual_laser_merger/share/dual_laser_merger/hook/ld_library_path_lib.sh'
[1.910s] Level 1:colcon.colcon_core.environment:checking '/home/ground/ugv_repo/OperationTouchdown/ugv_ws/install/dual_laser_merger/bin'
[1.910s] Level 1:colcon.colcon_core.environment:checking '/home/ground/ugv_repo/OperationTouchdown/ugv_ws/install/dual_laser_merger/lib/pkgconfig/dual_laser_merger.pc'
[1.911s] Level 1:colcon.colcon_core.environment:checking '/home/ground/ugv_repo/OperationTouchdown/ugv_ws/install/dual_laser_merger/lib/python3.12/site-packages'
[1.912s] Level 1:colcon.colcon_core.environment:checking '/home/ground/ugv_repo/OperationTouchdown/ugv_ws/install/dual_laser_merger/bin'
[1.913s] INFO:colcon.colcon_core.shell:Creating package script '/home/ground/ugv_repo/OperationTouchdown/ugv_ws/install/dual_laser_merger/share/dual_laser_merger/package.ps1'
[1.916s] INFO:colcon.colcon_core.shell:Creating package descriptor '/home/ground/ugv_repo/OperationTouchdown/ugv_ws/install/dual_laser_merger/share/dual_laser_merger/package.dsv'
[1.919s] INFO:colcon.colcon_core.shell:Creating package script '/home/ground/ugv_repo/OperationTouchdown/ugv_ws/install/dual_laser_merger/share/dual_laser_merger/package.sh'
[1.922s] INFO:colcon.colcon_core.shell:Creating package script '/home/ground/ugv_repo/OperationTouchdown/ugv_ws/install/dual_laser_merger/share/dual_laser_merger/package.bash'
[1.924s] INFO:colcon.colcon_core.shell:Creating package script '/home/ground/ugv_repo/OperationTouchdown/ugv_ws/install/dual_laser_merger/share/dual_laser_merger/package.zsh'
[1.926s] Level 1:colcon.colcon_core.environment:create_file_with_runtime_dependencies(/home/ground/ugv_repo/OperationTouchdown/ugv_ws/install/dual_laser_merger/share/colcon-core/packages/dual_laser_merger)
[1.932s] Level 1:colcon.colcon_core.environment:create_environment_scripts_only(dual_laser_merger)
[1.934s] Level 1:colcon.colcon_core.environment:checking '/home/ground/ugv_repo/OperationTouchdown/ugv_ws/install/dual_laser_merger' for CMake module files
[1.937s] Level 1:colcon.colcon_core.environment:checking '/home/ground/ugv_repo/OperationTouchdown/ugv_ws/install/dual_laser_merger' for CMake config files
[1.938s] Level 1:colcon.colcon_core.shell:create_environment_hook('dual_laser_merger', 'cmake_prefix_path')
[1.940s] INFO:colcon.colcon_core.shell:Creating environment hook '/home/ground/ugv_repo/OperationTouchdown/ugv_ws/install/dual_laser_merger/share/dual_laser_merger/hook/cmake_prefix_path.ps1'
[1.943s] INFO:colcon.colcon_core.shell:Creating environment descriptor '/home/ground/ugv_repo/OperationTouchdown/ugv_ws/install/dual_laser_merger/share/dual_laser_merger/hook/cmake_prefix_path.dsv'
[1.946s] INFO:colcon.colcon_core.shell:Creating environment hook '/home/ground/ugv_repo/OperationTouchdown/ugv_ws/install/dual_laser_merger/share/dual_laser_merger/hook/cmake_prefix_path.sh'
[1.950s] Level 1:colcon.colcon_core.environment:checking '/home/ground/ugv_repo/OperationTouchdown/ugv_ws/install/dual_laser_merger/lib'
[1.950s] DEBUG:colcon.colcon_core.event_handler.log_command:Invoked command in '/home/ground/ugv_repo/OperationTouchdown/ugv_ws/build/dual_laser_merger' returned '0': CMAKE_PREFIX_PATH=${CMAKE_PREFIX_PATH}:/home/ground/ugv_repo/OperationTouchdown/ugv_ws/install/my_ugv_vision:/home/ground/ugv_repo/OperationTouchdown/ugv_ws/install/my_ugv_hardware:/opt/ros/jazzy DEBUGINFOD_URLS=https://debuginfod.ubuntu.com /usr/bin/cmake --install /home/ground/ugv_repo/OperationTouchdown/ugv_ws/build/dual_laser_merger
[1.951s] Level 1:colcon.colcon_core.shell:create_environment_hook('dual_laser_merger', 'ld_library_path_lib')
[1.952s] INFO:colcon.colcon_core.shell:Creating environment hook '/home/ground/ugv_repo/OperationTouchdown/ugv_ws/install/dual_laser_merger/share/dual_laser_merger/hook/ld_library_path_lib.ps1'
[1.956s] INFO:colcon.colcon_core.shell:Creating environment descriptor '/home/ground/ugv_repo/OperationTouchdown/ugv_ws/install/dual_laser_merger/share/dual_laser_merger/hook/ld_library_path_lib.dsv'
[1.959s] INFO:colcon.colcon_core.shell:Creating environment hook '/home/ground/ugv_repo/OperationTouchdown/ugv_ws/install/dual_laser_merger/share/dual_laser_merger/hook/ld_library_path_lib.sh'
[1.961s] Level 1:colcon.colcon_core.environment:checking '/home/ground/ugv_repo/OperationTouchdown/ugv_ws/install/dual_laser_merger/bin'
[1.961s] Level 1:colcon.colcon_core.environment:checking '/home/ground/ugv_repo/OperationTouchdown/ugv_ws/install/dual_laser_merger/lib/pkgconfig/dual_laser_merger.pc'
[1.962s] Level 1:colcon.colcon_core.environment:checking '/home/ground/ugv_repo/OperationTouchdown/ugv_ws/install/dual_laser_merger/lib/python3.12/site-packages'
[1.962s] Level 1:colcon.colcon_core.environment:checking '/home/ground/ugv_repo/OperationTouchdown/ugv_ws/install/dual_laser_merger/bin'
[1.966s] INFO:colcon.colcon_core.shell:Creating package script '/home/ground/ugv_repo/OperationTouchdown/ugv_ws/install/dual_laser_merger/share/dual_laser_merger/package.ps1'
[1.969s] INFO:colcon.colcon_core.shell:Creating package descriptor '/home/ground/ugv_repo/OperationTouchdown/ugv_ws/install/dual_laser_merger/share/dual_laser_merger/package.dsv'
[1.973s] INFO:colcon.colcon_core.shell:Creating package script '/home/ground/ugv_repo/OperationTouchdown/ugv_ws/install/dual_laser_merger/share/dual_laser_merger/package.sh'
[1.977s] INFO:colcon.colcon_core.shell:Creating package script '/home/ground/ugv_repo/OperationTouchdown/ugv_ws/install/dual_laser_merger/share/dual_laser_merger/package.bash'
[1.980s] INFO:colcon.colcon_core.shell:Creating package script '/home/ground/ugv_repo/OperationTouchdown/ugv_ws/install/dual_laser_merger/share/dual_laser_merger/package.zsh'
[1.985s] Level 1:colcon.colcon_core.environment:create_file_with_runtime_dependencies(/home/ground/ugv_repo/OperationTouchdown/ugv_ws/install/dual_laser_merger/share/colcon-core/packages/dual_laser_merger)
[1.986s] INFO:colcon.colcon_ros.task.ament_cmake.build:Building ROS package in '/home/ground/ugv_repo/OperationTouchdown/ugv_ws/src/roboteq_ros2_driver' with build type 'ament_cmake'
[1.987s] INFO:colcon.colcon_cmake.task.cmake.build:Building CMake package in '/home/ground/ugv_repo/OperationTouchdown/ugv_ws/src/roboteq_ros2_driver'
[1.988s] INFO:colcon.colcon_core.shell:Skip shell extension 'powershell' for command environment: Not usable outside of PowerShell
[1.989s] DEBUG:colcon.colcon_core.shell:Skip shell extension 'dsv' for command environment
[2.052s] DEBUG:colcon.colcon_core.event_handler.log_command:Invoking command in '/home/ground/ugv_repo/OperationTouchdown/ugv_ws/build/roboteq_ros2_driver': CMAKE_PREFIX_PATH=${CMAKE_PREFIX_PATH}:/home/ground/ugv_repo/OperationTouchdown/ugv_ws/install/my_ugv_vision:/home/ground/ugv_repo/OperationTouchdown/ugv_ws/install/my_ugv_hardware:/opt/ros/jazzy DEBUGINFOD_URLS=https://debuginfod.ubuntu.com /usr/bin/cmake --build /home/ground/ugv_repo/OperationTouchdown/ugv_ws/build/roboteq_ros2_driver -- -j4 -l4
[2.109s] Level 1:colcon.colcon_core.environment:create_environment_scripts_only(depthai_ros_msgs)
[2.109s] Level 1:colcon.colcon_core.environment:checking '/home/ground/ugv_repo/OperationTouchdown/ugv_ws/install/depthai_ros_msgs' for CMake module files
[2.112s] Level 1:colcon.colcon_core.environment:checking '/home/ground/ugv_repo/OperationTouchdown/ugv_ws/install/depthai_ros_msgs' for CMake config files
[2.113s] DEBUG:colcon.colcon_core.event_handler.log_command:Invoked command in '/home/ground/ugv_repo/OperationTouchdown/ugv_ws/build/depthai_ros_msgs' returned '0': CMAKE_PREFIX_PATH=${CMAKE_PREFIX_PATH}:/home/ground/ugv_repo/OperationTouchdown/ugv_ws/install/my_ugv_vision:/home/ground/ugv_repo/OperationTouchdown/ugv_ws/install/my_ugv_hardware:/opt/ros/jazzy DEBUGINFOD_URLS=https://debuginfod.ubuntu.com /usr/bin/cmake --install /home/ground/ugv_repo/OperationTouchdown/ugv_ws/build/depthai_ros_msgs
[2.114s] Level 1:colcon.colcon_core.shell:create_environment_hook('depthai_ros_msgs', 'cmake_prefix_path')
[2.115s] INFO:colcon.colcon_core.shell:Creating environment hook '/home/ground/ugv_repo/OperationTouchdown/ugv_ws/install/depthai_ros_msgs/share/depthai_ros_msgs/hook/cmake_prefix_path.ps1'
[2.116s] INFO:colcon.colcon_core.shell:Creating environment descriptor '/home/ground/ugv_repo/OperationTouchdown/ugv_ws/install/depthai_ros_msgs/share/depthai_ros_msgs/hook/cmake_prefix_path.dsv'
[2.117s] INFO:colcon.colcon_core.shell:Creating environment hook '/home/ground/ugv_repo/OperationTouchdown/ugv_ws/install/depthai_ros_msgs/share/depthai_ros_msgs/hook/cmake_prefix_path.sh'
[2.119s] Level 1:colcon.colcon_core.environment:checking '/home/ground/ugv_repo/OperationTouchdown/ugv_ws/install/depthai_ros_msgs/lib'
[2.120s] Level 1:colcon.colcon_core.shell:create_environment_hook('depthai_ros_msgs', 'ld_library_path_lib')
[2.121s] INFO:colcon.colcon_core.shell:Creating environment hook '/home/ground/ugv_repo/OperationTouchdown/ugv_ws/install/depthai_ros_msgs/share/depthai_ros_msgs/hook/ld_library_path_lib.ps1'
[2.122s] INFO:colcon.colcon_core.shell:Creating environment descriptor '/home/ground/ugv_repo/OperationTouchdown/ugv_ws/install/depthai_ros_msgs/share/depthai_ros_msgs/hook/ld_library_path_lib.dsv'
[2.127s] INFO:colcon.colcon_core.shell:Creating environment hook '/home/ground/ugv_repo/OperationTouchdown/ugv_ws/install/depthai_ros_msgs/share/depthai_ros_msgs/hook/ld_library_path_lib.sh'
[2.128s] Level 1:colcon.colcon_core.environment:checking '/home/ground/ugv_repo/OperationTouchdown/ugv_ws/install/depthai_ros_msgs/bin'
[2.128s] Level 1:colcon.colcon_core.environment:checking '/home/ground/ugv_repo/OperationTouchdown/ugv_ws/install/depthai_ros_msgs/lib/pkgconfig/depthai_ros_msgs.pc'
[2.128s] Level 1:colcon.colcon_core.environment:checking '/home/ground/ugv_repo/OperationTouchdown/ugv_ws/install/depthai_ros_msgs/lib/python3.12/site-packages'
[2.129s] Level 1:colcon.colcon_core.shell:create_environment_hook('depthai_ros_msgs', 'pythonpath')
[2.129s] INFO:colcon.colcon_core.shell:Creating environment hook '/home/ground/ugv_repo/OperationTouchdown/ugv_ws/install/depthai_ros_msgs/share/depthai_ros_msgs/hook/pythonpath.ps1'
[2.130s] INFO:colcon.colcon_core.shell:Creating environment descriptor '/home/ground/ugv_repo/OperationTouchdown/ugv_ws/install/depthai_ros_msgs/share/depthai_ros_msgs/hook/pythonpath.dsv'
[2.131s] INFO:colcon.colcon_core.shell:Creating environment hook '/home/ground/ugv_repo/OperationTouchdown/ugv_ws/install/depthai_ros_msgs/share/depthai_ros_msgs/hook/pythonpath.sh'
[2.133s] Level 1:colcon.colcon_core.environment:checking '/home/ground/ugv_repo/OperationTouchdown/ugv_ws/install/depthai_ros_msgs/bin'
[2.133s] INFO:colcon.colcon_core.shell:Creating package script '/home/ground/ugv_repo/OperationTouchdown/ugv_ws/install/depthai_ros_msgs/share/depthai_ros_msgs/package.ps1'
[2.134s] INFO:colcon.colcon_core.shell:Creating package descriptor '/home/ground/ugv_repo/OperationTouchdown/ugv_ws/install/depthai_ros_msgs/share/depthai_ros_msgs/package.dsv'
[2.136s] INFO:colcon.colcon_core.shell:Creating package script '/home/ground/ugv_repo/OperationTouchdown/ugv_ws/install/depthai_ros_msgs/share/depthai_ros_msgs/package.sh'
[2.137s] INFO:colcon.colcon_core.shell:Creating package script '/home/ground/ugv_repo/OperationTouchdown/ugv_ws/install/depthai_ros_msgs/share/depthai_ros_msgs/package.bash'
[2.138s] INFO:colcon.colcon_core.shell:Creating package script '/home/ground/ugv_repo/OperationTouchdown/ugv_ws/install/depthai_ros_msgs/share/depthai_ros_msgs/package.zsh'
[2.139s] Level 1:colcon.colcon_core.environment:create_file_with_runtime_dependencies(/home/ground/ugv_repo/OperationTouchdown/ugv_ws/install/depthai_ros_msgs/share/colcon-core/packages/depthai_ros_msgs)
[2.141s] Level 1:colcon.colcon_core.environment:create_environment_scripts_only(depthai_ros_msgs)
[2.141s] Level 1:colcon.colcon_core.environment:checking '/home/ground/ugv_repo/OperationTouchdown/ugv_ws/install/depthai_ros_msgs' for CMake module files
[2.143s] Level 1:colcon.colcon_core.environment:checking '/home/ground/ugv_repo/OperationTouchdown/ugv_ws/install/depthai_ros_msgs' for CMake config files
[2.144s] Level 1:colcon.colcon_core.shell:create_environment_hook('depthai_ros_msgs', 'cmake_prefix_path')
[2.145s] INFO:colcon.colcon_core.shell:Creating environment hook '/home/ground/ugv_repo/OperationTouchdown/ugv_ws/install/depthai_ros_msgs/share/depthai_ros_msgs/hook/cmake_prefix_path.ps1'
[2.146s] INFO:colcon.colcon_core.shell:Creating environment descriptor '/home/ground/ugv_repo/OperationTouchdown/ugv_ws/install/depthai_ros_msgs/share/depthai_ros_msgs/hook/cmake_prefix_path.dsv'
[2.147s] INFO:colcon.colcon_core.shell:Creating environment hook '/home/ground/ugv_repo/OperationTouchdown/ugv_ws/install/depthai_ros_msgs/share/depthai_ros_msgs/hook/cmake_prefix_path.sh'
[2.148s] Level 1:colcon.colcon_core.environment:checking '/home/ground/ugv_repo/OperationTouchdown/ugv_ws/install/depthai_ros_msgs/lib'
[2.149s] Level 1:colcon.colcon_core.shell:create_environment_hook('depthai_ros_msgs', 'ld_library_path_lib')
[2.149s] INFO:colcon.colcon_core.shell:Creating environment hook '/home/ground/ugv_repo/OperationTouchdown/ugv_ws/install/depthai_ros_msgs/share/depthai_ros_msgs/hook/ld_library_path_lib.ps1'
[2.151s] INFO:colcon.colcon_core.shell:Creating environment descriptor '/home/ground/ugv_repo/OperationTouchdown/ugv_ws/install/depthai_ros_msgs/share/depthai_ros_msgs/hook/ld_library_path_lib.dsv'
[2.152s] INFO:colcon.colcon_core.shell:Creating environment hook '/home/ground/ugv_repo/OperationTouchdown/ugv_ws/install/depthai_ros_msgs/share/depthai_ros_msgs/hook/ld_library_path_lib.sh'
[2.152s] Level 1:colcon.colcon_core.environment:checking '/home/ground/ugv_repo/OperationTouchdown/ugv_ws/install/depthai_ros_msgs/bin'
[2.153s] Level 1:colcon.colcon_core.environment:checking '/home/ground/ugv_repo/OperationTouchdown/ugv_ws/install/depthai_ros_msgs/lib/pkgconfig/depthai_ros_msgs.pc'
[2.153s] Level 1:colcon.colcon_core.environment:checking '/home/ground/ugv_repo/OperationTouchdown/ugv_ws/install/depthai_ros_msgs/lib/python3.12/site-packages'
[2.153s] Level 1:colcon.colcon_core.shell:create_environment_hook('depthai_ros_msgs', 'pythonpath')
[2.154s] INFO:colcon.colcon_core.shell:Creating environment hook '/home/ground/ugv_repo/OperationTouchdown/ugv_ws/install/depthai_ros_msgs/share/depthai_ros_msgs/hook/pythonpath.ps1'
[2.155s] INFO:colcon.colcon_core.shell:Creating environment descriptor '/home/ground/ugv_repo/OperationTouchdown/ugv_ws/install/depthai_ros_msgs/share/depthai_ros_msgs/hook/pythonpath.dsv'
[2.155s] INFO:colcon.colcon_core.shell:Creating environment hook '/home/ground/ugv_repo/OperationTouchdown/ugv_ws/install/depthai_ros_msgs/share/depthai_ros_msgs/hook/pythonpath.sh'
[2.157s] Level 1:colcon.colcon_core.environment:checking '/home/ground/ugv_repo/OperationTouchdown/ugv_ws/install/depthai_ros_msgs/bin'
[2.157s] INFO:colcon.colcon_core.shell:Creating package script '/home/ground/ugv_repo/OperationTouchdown/ugv_ws/install/depthai_ros_msgs/share/depthai_ros_msgs/package.ps1'
[2.158s] INFO:colcon.colcon_core.shell:Creating package descriptor '/home/ground/ugv_repo/OperationTouchdown/ugv_ws/install/depthai_ros_msgs/share/depthai_ros_msgs/package.dsv'
[2.159s] INFO:colcon.colcon_core.shell:Creating package script '/home/ground/ugv_repo/OperationTouchdown/ugv_ws/install/depthai_ros_msgs/share/depthai_ros_msgs/package.sh'
[2.160s] INFO:colcon.colcon_core.shell:Creating package script '/home/ground/ugv_repo/OperationTouchdown/ugv_ws/install/depthai_ros_msgs/share/depthai_ros_msgs/package.bash'
[2.161s] INFO:colcon.colcon_core.shell:Creating package script '/home/ground/ugv_repo/OperationTouchdown/ugv_ws/install/depthai_ros_msgs/share/depthai_ros_msgs/package.zsh'
[2.161s] Level 1:colcon.colcon_core.environment:create_file_with_runtime_dependencies(/home/ground/ugv_repo/OperationTouchdown/ugv_ws/install/depthai_ros_msgs/share/colcon-core/packages/depthai_ros_msgs)
[2.162s] INFO:colcon.colcon_ros.task.ament_cmake.build:Building ROS package in '/home/ground/ugv_repo/OperationTouchdown/ugv_ws/src/depthai-ros/depthai_bridge' with build type 'ament_cmake'
[2.164s] INFO:colcon.colcon_cmake.task.cmake.build:Building CMake package in '/home/ground/ugv_repo/OperationTouchdown/ugv_ws/src/depthai-ros/depthai_bridge'
[2.164s] INFO:colcon.colcon_core.shell:Skip shell extension 'powershell' for command environment: Not usable outside of PowerShell
[2.165s] DEBUG:colcon.colcon_core.shell:Skip shell extension 'dsv' for command environment
[2.176s] DEBUG:colcon.colcon_core.event_handler.log_command:Invoked command in '/home/ground/ugv_repo/OperationTouchdown/ugv_ws/build/roboteq_ros2_driver' returned '0': CMAKE_PREFIX_PATH=${CMAKE_PREFIX_PATH}:/home/ground/ugv_repo/OperationTouchdown/ugv_ws/install/my_ugv_vision:/home/ground/ugv_repo/OperationTouchdown/ugv_ws/install/my_ugv_hardware:/opt/ros/jazzy DEBUGINFOD_URLS=https://debuginfod.ubuntu.com /usr/bin/cmake --build /home/ground/ugv_repo/OperationTouchdown/ugv_ws/build/roboteq_ros2_driver -- -j4 -l4
[2.177s] DEBUG:colcon.colcon_core.event_handler.log_command:Invoking command in '/home/ground/ugv_repo/OperationTouchdown/ugv_ws/build/roboteq_ros2_driver': CMAKE_PREFIX_PATH=${CMAKE_PREFIX_PATH}:/home/ground/ugv_repo/OperationTouchdown/ugv_ws/install/my_ugv_vision:/home/ground/ugv_repo/OperationTouchdown/ugv_ws/install/my_ugv_hardware:/opt/ros/jazzy DEBUGINFOD_URLS=https://debuginfod.ubuntu.com /usr/bin/cmake --install /home/ground/ugv_repo/OperationTouchdown/ugv_ws/build/roboteq_ros2_driver
[2.194s] DEBUG:colcon.colcon_core.event_handler.log_command:Invoking command in '/home/ground/ugv_repo/OperationTouchdown/ugv_ws/build/depthai_bridge': CMAKE_PREFIX_PATH=/home/ground/ugv_repo/OperationTouchdown/ugv_ws/install/depthai_ros_msgs:/home/ground/ugv_repo/OperationTouchdown/ugv_ws/install/dual_laser_merger:/home/ground/ugv_repo/OperationTouchdown/ugv_ws/install/rplidar_ros:/home/ground/ugv_repo/OperationTouchdown/ugv_ws/install/roboteq_ros2_driver:/home/ground/ugv_repo/OperationTouchdown/ugv_ws/install/my_ugv_bringup:/home/ground/ugv_repo/OperationTouchdown/ugv_ws/install/my_ugv_description:/home/ground/ugv_repo/OperationTouchdown/ugv_ws/install/depthai-ros:/home/ground/ugv_repo/OperationTouchdown/ugv_ws/install/depthai_ros_driver:/home/ground/ugv_repo/OperationTouchdown/ugv_ws/install/depthai_filters:/home/ground/ugv_repo/OperationTouchdown/ugv_ws/install/depthai_examples:/home/ground/ugv_repo/OperationTouchdown/ugv_ws/install/depthai_bridge:/home/ground/ugv_repo/OperationTouchdown/ugv_ws/install/depthai_descriptions:/opt/ros/jazzy/opt/gz_sim_vendor:/opt/ros/jazzy/opt/gz_sensors_vendor:/opt/ros/jazzy/opt/gz_physics_vendor:/opt/ros/jazzy/opt/sdformat_vendor:/opt/ros/jazzy/opt/gz_gui_vendor:/opt/ros/jazzy/opt/gz_transport_vendor:/opt/ros/jazzy/opt/gz_rendering_vendor:/opt/ros/jazzy/opt/gz_plugin_vendor:/opt/ros/jazzy/opt/gz_fuel_tools_vendor:/opt/ros/jazzy/opt/gz_msgs_vendor:/opt/ros/jazzy/opt/gz_common_vendor:/opt/ros/jazzy/opt/gz_math_vendor:/opt/ros/jazzy/opt/gz_utils_vendor:/opt/ros/jazzy/opt/gz_tools_vendor:/opt/ros/jazzy/opt/gz_ogre_next_vendor:/opt/ros/jazzy/opt/gz_dartsim_vendor:/opt/ros/jazzy/opt/gz_cmake_vendor:/home/ground/ugv_repo/OperationTouchdown/ugv_ws/install/my_ugv_vision:/home/ground/ugv_repo/OperationTouchdown/ugv_ws/install/my_ugv_hardware:/opt/ros/jazzy DEBUGINFOD_URLS=https://debuginfod.ubuntu.com LD_LIBRARY_PATH=/home/ground/ugv_repo/OperationTouchdown/ugv_ws/install/depthai_ros_msgs/lib:/home/ground/ugv_repo/OperationTouchdown/ugv_ws/install/dual_laser_merger/lib:/home/ground/ugv_repo/OperationTouchdown/ugv_ws/install/depthai_ros_driver/lib:/home/ground/ugv_repo/OperationTouchdown/ugv_ws/install/depthai_filters/lib:/home/ground/ugv_repo/OperationTouchdown/ugv_ws/install/depthai_bridge/lib:/opt/ros/jazzy/opt/gz_sim_vendor/lib:/opt/ros/jazzy/opt/gz_sensors_vendor/lib:/opt/ros/jazzy/opt/gz_physics_vendor/lib:/opt/ros/jazzy/opt/sdformat_vendor/lib:/opt/ros/jazzy/opt/rviz_ogre_vendor/lib:/opt/ros/jazzy/lib/aarch64-linux-gnu:/opt/ros/jazzy/opt/gz_gui_vendor/lib:/opt/ros/jazzy/opt/gz_transport_vendor/lib:/opt/ros/jazzy/opt/gz_rendering_vendor/lib:/opt/ros/jazzy/opt/gz_plugin_vendor/lib:/opt/ros/jazzy/opt/gz_fuel_tools_vendor/lib:/opt/ros/jazzy/opt/gz_msgs_vendor/lib:/opt/ros/jazzy/opt/gz_common_vendor/lib:/opt/ros/jazzy/opt/gz_math_vendor/lib:/opt/ros/jazzy/opt/gz_utils_vendor/lib:/opt/ros/jazzy/opt/gz_tools_vendor/lib:/opt/ros/jazzy/opt/gz_ogre_next_vendor/lib:/opt/ros/jazzy/opt/gz_dartsim_vendor/lib:/opt/ros/jazzy/opt/gz_cmake_vendor/lib:/opt/ros/jazzy/lib PYTHONPATH=/home/ground/ugv_repo/OperationTouchdown/ugv_ws/install/depthai_ros_msgs/lib/python3.12/site-packages:/home/ground/ugv_repo/OperationTouchdown/ugv_ws/build/my_ugv_vision:/home/ground/ugv_repo/OperationTouchdown/ugv_ws/install/my_ugv_vision/lib/python3.12/site-packages:/home/ground/ugv_repo/OperationTouchdown/ugv_ws/build/my_ugv_hardware:/home/ground/ugv_repo/OperationTouchdown/ugv_ws/install/my_ugv_hardware/lib/python3.12/site-packages:/home/ground/ugv_repo/OperationTouchdown/ugv_ws/install/depthai_ros_driver/lib/python3.12/site-packages:/opt/ros/jazzy/lib/python3.12/site-packages /usr/bin/cmake --build /home/ground/ugv_repo/OperationTouchdown/ugv_ws/build/depthai_bridge -- -j4 -l4
[2.243s] Level 1:colcon.colcon_core.environment:create_environment_scripts_only(roboteq_ros2_driver)
[2.244s] DEBUG:colcon.colcon_core.event_handler.log_command:Invoked command in '/home/ground/ugv_repo/OperationTouchdown/ugv_ws/build/roboteq_ros2_driver' returned '0': CMAKE_PREFIX_PATH=${CMAKE_PREFIX_PATH}:/home/ground/ugv_repo/OperationTouchdown/ugv_ws/install/my_ugv_vision:/home/ground/ugv_repo/OperationTouchdown/ugv_ws/install/my_ugv_hardware:/opt/ros/jazzy DEBUGINFOD_URLS=https://debuginfod.ubuntu.com /usr/bin/cmake --install /home/ground/ugv_repo/OperationTouchdown/ugv_ws/build/roboteq_ros2_driver
[2.245s] Level 1:colcon.colcon_core.environment:checking '/home/ground/ugv_repo/OperationTouchdown/ugv_ws/install/roboteq_ros2_driver' for CMake module files
[2.246s] Level 1:colcon.colcon_core.environment:checking '/home/ground/ugv_repo/OperationTouchdown/ugv_ws/install/roboteq_ros2_driver' for CMake config files
[2.247s] Level 1:colcon.colcon_core.shell:create_environment_hook('roboteq_ros2_driver', 'cmake_prefix_path')
[2.247s] INFO:colcon.colcon_core.shell:Creating environment hook '/home/ground/ugv_repo/OperationTouchdown/ugv_ws/install/roboteq_ros2_driver/share/roboteq_ros2_driver/hook/cmake_prefix_path.ps1'
[2.248s] INFO:colcon.colcon_core.shell:Creating environment descriptor '/home/ground/ugv_repo/OperationTouchdown/ugv_ws/install/roboteq_ros2_driver/share/roboteq_ros2_driver/hook/cmake_prefix_path.dsv'
[2.249s] INFO:colcon.colcon_core.shell:Creating environment hook '/home/ground/ugv_repo/OperationTouchdown/ugv_ws/install/roboteq_ros2_driver/share/roboteq_ros2_driver/hook/cmake_prefix_path.sh'
[2.251s] Level 1:colcon.colcon_core.environment:checking '/home/ground/ugv_repo/OperationTouchdown/ugv_ws/install/roboteq_ros2_driver/lib'
[2.251s] Level 1:colcon.colcon_core.environment:checking '/home/ground/ugv_repo/OperationTouchdown/ugv_ws/install/roboteq_ros2_driver/bin'
[2.252s] Level 1:colcon.colcon_core.environment:checking '/home/ground/ugv_repo/OperationTouchdown/ugv_ws/install/roboteq_ros2_driver/lib/pkgconfig/roboteq_ros2_driver.pc'
[2.252s] Level 1:colcon.colcon_core.environment:checking '/home/ground/ugv_repo/OperationTouchdown/ugv_ws/install/roboteq_ros2_driver/lib/python3.12/site-packages'
[2.253s] Level 1:colcon.colcon_core.environment:checking '/home/ground/ugv_repo/OperationTouchdown/ugv_ws/install/roboteq_ros2_driver/bin'
[2.254s] INFO:colcon.colcon_core.shell:Creating package script '/home/ground/ugv_repo/OperationTouchdown/ugv_ws/install/roboteq_ros2_driver/share/roboteq_ros2_driver/package.ps1'
[2.255s] INFO:colcon.colcon_core.shell:Creating package descriptor '/home/ground/ugv_repo/OperationTouchdown/ugv_ws/install/roboteq_ros2_driver/share/roboteq_ros2_driver/package.dsv'
[2.256s] INFO:colcon.colcon_core.shell:Creating package script '/home/ground/ugv_repo/OperationTouchdown/ugv_ws/install/roboteq_ros2_driver/share/roboteq_ros2_driver/package.sh'
[2.258s] INFO:colcon.colcon_core.shell:Creating package script '/home/ground/ugv_repo/OperationTouchdown/ugv_ws/install/roboteq_ros2_driver/share/roboteq_ros2_driver/package.bash'
[2.261s] INFO:colcon.colcon_core.shell:Creating package script '/home/ground/ugv_repo/OperationTouchdown/ugv_ws/install/roboteq_ros2_driver/share/roboteq_ros2_driver/package.zsh'
[2.262s] Level 1:colcon.colcon_core.environment:create_file_with_runtime_dependencies(/home/ground/ugv_repo/OperationTouchdown/ugv_ws/install/roboteq_ros2_driver/share/colcon-core/packages/roboteq_ros2_driver)
[2.263s] Level 1:colcon.colcon_core.environment:create_environment_scripts_only(roboteq_ros2_driver)
[2.263s] Level 1:colcon.colcon_core.environment:checking '/home/ground/ugv_repo/OperationTouchdown/ugv_ws/install/roboteq_ros2_driver' for CMake module files
[2.264s] Level 1:colcon.colcon_core.environment:checking '/home/ground/ugv_repo/OperationTouchdown/ugv_ws/install/roboteq_ros2_driver' for CMake config files
[2.265s] Level 1:colcon.colcon_core.shell:create_environment_hook('roboteq_ros2_driver', 'cmake_prefix_path')
[2.265s] INFO:colcon.colcon_core.shell:Creating environment hook '/home/ground/ugv_repo/OperationTouchdown/ugv_ws/install/roboteq_ros2_driver/share/roboteq_ros2_driver/hook/cmake_prefix_path.ps1'
[2.266s] INFO:colcon.colcon_core.shell:Creating environment descriptor '/home/ground/ugv_repo/OperationTouchdown/ugv_ws/install/roboteq_ros2_driver/share/roboteq_ros2_driver/hook/cmake_prefix_path.dsv'
[2.267s] INFO:colcon.colcon_core.shell:Creating environment hook '/home/ground/ugv_repo/OperationTouchdown/ugv_ws/install/roboteq_ros2_driver/share/roboteq_ros2_driver/hook/cmake_prefix_path.sh'
[2.268s] Level 1:colcon.colcon_core.environment:checking '/home/ground/ugv_repo/OperationTouchdown/ugv_ws/install/roboteq_ros2_driver/lib'
[2.268s] Level 1:colcon.colcon_core.environment:checking '/home/ground/ugv_repo/OperationTouchdown/ugv_ws/install/roboteq_ros2_driver/bin'
[2.268s] Level 1:colcon.colcon_core.environment:checking '/home/ground/ugv_repo/OperationTouchdown/ugv_ws/install/roboteq_ros2_driver/lib/pkgconfig/roboteq_ros2_driver.pc'
[2.269s] Level 1:colcon.colcon_core.environment:checking '/home/ground/ugv_repo/OperationTouchdown/ugv_ws/install/roboteq_ros2_driver/lib/python3.12/site-packages'
[2.269s] Level 1:colcon.colcon_core.environment:checking '/home/ground/ugv_repo/OperationTouchdown/ugv_ws/install/roboteq_ros2_driver/bin'
[2.270s] INFO:colcon.colcon_core.shell:Creating package script '/home/ground/ugv_repo/OperationTouchdown/ugv_ws/install/roboteq_ros2_driver/share/roboteq_ros2_driver/package.ps1'
[2.273s] INFO:colcon.colcon_core.shell:Creating package descriptor '/home/ground/ugv_repo/OperationTouchdown/ugv_ws/install/roboteq_ros2_driver/share/roboteq_ros2_driver/package.dsv'
[2.274s] INFO:colcon.colcon_core.shell:Creating package script '/home/ground/ugv_repo/OperationTouchdown/ugv_ws/install/roboteq_ros2_driver/share/roboteq_ros2_driver/package.sh'
[2.275s] INFO:colcon.colcon_core.shell:Creating package script '/home/ground/ugv_repo/OperationTouchdown/ugv_ws/install/roboteq_ros2_driver/share/roboteq_ros2_driver/package.bash'
[2.276s] INFO:colcon.colcon_core.shell:Creating package script '/home/ground/ugv_repo/OperationTouchdown/ugv_ws/install/roboteq_ros2_driver/share/roboteq_ros2_driver/package.zsh'
[2.277s] Level 1:colcon.colcon_core.environment:create_file_with_runtime_dependencies(/home/ground/ugv_repo/OperationTouchdown/ugv_ws/install/roboteq_ros2_driver/share/colcon-core/packages/roboteq_ros2_driver)
[2.278s] INFO:colcon.colcon_ros.task.ament_cmake.build:Building ROS package in '/home/ground/ugv_repo/OperationTouchdown/ugv_ws/src/depthai-ros/depthai_filters' with build type 'ament_cmake'
[2.278s] INFO:colcon.colcon_cmake.task.cmake.build:Building CMake package in '/home/ground/ugv_repo/OperationTouchdown/ugv_ws/src/depthai-ros/depthai_filters'
[2.279s] INFO:colcon.colcon_core.shell:Skip shell extension 'powershell' for command environment: Not usable outside of PowerShell
[2.279s] DEBUG:colcon.colcon_core.shell:Skip shell extension 'dsv' for command environment
[2.316s] DEBUG:colcon.colcon_core.event_handler.log_command:Invoking command in '/home/ground/ugv_repo/OperationTouchdown/ugv_ws/build/depthai_filters': CMAKE_PREFIX_PATH=/home/ground/ugv_repo/OperationTouchdown/ugv_ws/install/depthai_ros_msgs:/home/ground/ugv_repo/OperationTouchdown/ugv_ws/install/dual_laser_merger:/home/ground/ugv_repo/OperationTouchdown/ugv_ws/install/rplidar_ros:/home/ground/ugv_repo/OperationTouchdown/ugv_ws/install/roboteq_ros2_driver:/home/ground/ugv_repo/OperationTouchdown/ugv_ws/install/my_ugv_bringup:/home/ground/ugv_repo/OperationTouchdown/ugv_ws/install/my_ugv_description:/home/ground/ugv_repo/OperationTouchdown/ugv_ws/install/depthai-ros:/home/ground/ugv_repo/OperationTouchdown/ugv_ws/install/depthai_ros_driver:/home/ground/ugv_repo/OperationTouchdown/ugv_ws/install/depthai_filters:/home/ground/ugv_repo/OperationTouchdown/ugv_ws/install/depthai_examples:/home/ground/ugv_repo/OperationTouchdown/ugv_ws/install/depthai_bridge:/home/ground/ugv_repo/OperationTouchdown/ugv_ws/install/depthai_descriptions:/opt/ros/jazzy/opt/gz_sim_vendor:/opt/ros/jazzy/opt/gz_sensors_vendor:/opt/ros/jazzy/opt/gz_physics_vendor:/opt/ros/jazzy/opt/sdformat_vendor:/opt/ros/jazzy/opt/gz_gui_vendor:/opt/ros/jazzy/opt/gz_transport_vendor:/opt/ros/jazzy/opt/gz_rendering_vendor:/opt/ros/jazzy/opt/gz_plugin_vendor:/opt/ros/jazzy/opt/gz_fuel_tools_vendor:/opt/ros/jazzy/opt/gz_msgs_vendor:/opt/ros/jazzy/opt/gz_common_vendor:/opt/ros/jazzy/opt/gz_math_vendor:/opt/ros/jazzy/opt/gz_utils_vendor:/opt/ros/jazzy/opt/gz_tools_vendor:/opt/ros/jazzy/opt/gz_ogre_next_vendor:/opt/ros/jazzy/opt/gz_dartsim_vendor:/opt/ros/jazzy/opt/gz_cmake_vendor:/home/ground/ugv_repo/OperationTouchdown/ugv_ws/install/my_ugv_vision:/home/ground/ugv_repo/OperationTouchdown/ugv_ws/install/my_ugv_hardware:/opt/ros/jazzy DEBUGINFOD_URLS=https://debuginfod.ubuntu.com LD_LIBRARY_PATH=/home/ground/ugv_repo/OperationTouchdown/ugv_ws/install/depthai_ros_msgs/lib:/home/ground/ugv_repo/OperationTouchdown/ugv_ws/install/dual_laser_merger/lib:/home/ground/ugv_repo/OperationTouchdown/ugv_ws/install/depthai_ros_driver/lib:/home/ground/ugv_repo/OperationTouchdown/ugv_ws/install/depthai_filters/lib:/home/ground/ugv_repo/OperationTouchdown/ugv_ws/install/depthai_bridge/lib:/opt/ros/jazzy/opt/gz_sim_vendor/lib:/opt/ros/jazzy/opt/gz_sensors_vendor/lib:/opt/ros/jazzy/opt/gz_physics_vendor/lib:/opt/ros/jazzy/opt/sdformat_vendor/lib:/opt/ros/jazzy/opt/rviz_ogre_vendor/lib:/opt/ros/jazzy/lib/aarch64-linux-gnu:/opt/ros/jazzy/opt/gz_gui_vendor/lib:/opt/ros/jazzy/opt/gz_transport_vendor/lib:/opt/ros/jazzy/opt/gz_rendering_vendor/lib:/opt/ros/jazzy/opt/gz_plugin_vendor/lib:/opt/ros/jazzy/opt/gz_fuel_tools_vendor/lib:/opt/ros/jazzy/opt/gz_msgs_vendor/lib:/opt/ros/jazzy/opt/gz_common_vendor/lib:/opt/ros/jazzy/opt/gz_math_vendor/lib:/opt/ros/jazzy/opt/gz_utils_vendor/lib:/opt/ros/jazzy/opt/gz_tools_vendor/lib:/opt/ros/jazzy/opt/gz_ogre_next_vendor/lib:/opt/ros/jazzy/opt/gz_dartsim_vendor/lib:/opt/ros/jazzy/opt/gz_cmake_vendor/lib:/opt/ros/jazzy/lib PYTHONPATH=/home/ground/ugv_repo/OperationTouchdown/ugv_ws/install/depthai_ros_msgs/lib/python3.12/site-packages:/home/ground/ugv_repo/OperationTouchdown/ugv_ws/build/my_ugv_vision:/home/ground/ugv_repo/OperationTouchdown/ugv_ws/install/my_ugv_vision/lib/python3.12/site-packages:/home/ground/ugv_repo/OperationTouchdown/ugv_ws/build/my_ugv_hardware:/home/ground/ugv_repo/OperationTouchdown/ugv_ws/install/my_ugv_hardware/lib/python3.12/site-packages:/home/ground/ugv_repo/OperationTouchdown/ugv_ws/install/depthai_ros_driver/lib/python3.12/site-packages:/opt/ros/jazzy/lib/python3.12/site-packages /usr/bin/cmake --build /home/ground/ugv_repo/OperationTouchdown/ugv_ws/build/depthai_filters -- -j4 -l4
[2.460s] DEBUG:colcon.colcon_core.event_handler.log_command:Invoked command in '/home/ground/ugv_repo/OperationTouchdown/ugv_ws/build/depthai_bridge' returned '0': CMAKE_PREFIX_PATH=/home/ground/ugv_repo/OperationTouchdown/ugv_ws/install/depthai_ros_msgs:/home/ground/ugv_repo/OperationTouchdown/ugv_ws/install/dual_laser_merger:/home/ground/ugv_repo/OperationTouchdown/ugv_ws/install/rplidar_ros:/home/ground/ugv_repo/OperationTouchdown/ugv_ws/install/roboteq_ros2_driver:/home/ground/ugv_repo/OperationTouchdown/ugv_ws/install/my_ugv_bringup:/home/ground/ugv_repo/OperationTouchdown/ugv_ws/install/my_ugv_description:/home/ground/ugv_repo/OperationTouchdown/ugv_ws/install/depthai-ros:/home/ground/ugv_repo/OperationTouchdown/ugv_ws/install/depthai_ros_driver:/home/ground/ugv_repo/OperationTouchdown/ugv_ws/install/depthai_filters:/home/ground/ugv_repo/OperationTouchdown/ugv_ws/install/depthai_examples:/home/ground/ugv_repo/OperationTouchdown/ugv_ws/install/depthai_bridge:/home/ground/ugv_repo/OperationTouchdown/ugv_ws/install/depthai_descriptions:/opt/ros/jazzy/opt/gz_sim_vendor:/opt/ros/jazzy/opt/gz_sensors_vendor:/opt/ros/jazzy/opt/gz_physics_vendor:/opt/ros/jazzy/opt/sdformat_vendor:/opt/ros/jazzy/opt/gz_gui_vendor:/opt/ros/jazzy/opt/gz_transport_vendor:/opt/ros/jazzy/opt/gz_rendering_vendor:/opt/ros/jazzy/opt/gz_plugin_vendor:/opt/ros/jazzy/opt/gz_fuel_tools_vendor:/opt/ros/jazzy/opt/gz_msgs_vendor:/opt/ros/jazzy/opt/gz_common_vendor:/opt/ros/jazzy/opt/gz_math_vendor:/opt/ros/jazzy/opt/gz_utils_vendor:/opt/ros/jazzy/opt/gz_tools_vendor:/opt/ros/jazzy/opt/gz_ogre_next_vendor:/opt/ros/jazzy/opt/gz_dartsim_vendor:/opt/ros/jazzy/opt/gz_cmake_vendor:/home/ground/ugv_repo/OperationTouchdown/ugv_ws/install/my_ugv_vision:/home/ground/ugv_repo/OperationTouchdown/ugv_ws/install/my_ugv_hardware:/opt/ros/jazzy DEBUGINFOD_URLS=https://debuginfod.ubuntu.com LD_LIBRARY_PATH=/home/ground/ugv_repo/OperationTouchdown/ugv_ws/install/depthai_ros_msgs/lib:/home/ground/ugv_repo/OperationTouchdown/ugv_ws/install/dual_laser_merger/lib:/home/ground/ugv_repo/OperationTouchdown/ugv_ws/install/depthai_ros_driver/lib:/home/ground/ugv_repo/OperationTouchdown/ugv_ws/install/depthai_filters/lib:/home/ground/ugv_repo/OperationTouchdown/ugv_ws/install/depthai_bridge/lib:/opt/ros/jazzy/opt/gz_sim_vendor/lib:/opt/ros/jazzy/opt/gz_sensors_vendor/lib:/opt/ros/jazzy/opt/gz_physics_vendor/lib:/opt/ros/jazzy/opt/sdformat_vendor/lib:/opt/ros/jazzy/opt/rviz_ogre_vendor/lib:/opt/ros/jazzy/lib/aarch64-linux-gnu:/opt/ros/jazzy/opt/gz_gui_vendor/lib:/opt/ros/jazzy/opt/gz_transport_vendor/lib:/opt/ros/jazzy/opt/gz_rendering_vendor/lib:/opt/ros/jazzy/opt/gz_plugin_vendor/lib:/opt/ros/jazzy/opt/gz_fuel_tools_vendor/lib:/opt/ros/jazzy/opt/gz_msgs_vendor/lib:/opt/ros/jazzy/opt/gz_common_vendor/lib:/opt/ros/jazzy/opt/gz_math_vendor/lib:/opt/ros/jazzy/opt/gz_utils_vendor/lib:/opt/ros/jazzy/opt/gz_tools_vendor/lib:/opt/ros/jazzy/opt/gz_ogre_next_vendor/lib:/opt/ros/jazzy/opt/gz_dartsim_vendor/lib:/opt/ros/jazzy/opt/gz_cmake_vendor/lib:/opt/ros/jazzy/lib PYTHONPATH=/home/ground/ugv_repo/OperationTouchdown/ugv_ws/install/depthai_ros_msgs/lib/python3.12/site-packages:/home/ground/ugv_repo/OperationTouchdown/ugv_ws/build/my_ugv_vision:/home/ground/ugv_repo/OperationTouchdown/ugv_ws/install/my_ugv_vision/lib/python3.12/site-packages:/home/ground/ugv_repo/OperationTouchdown/ugv_ws/build/my_ugv_hardware:/home/ground/ugv_repo/OperationTouchdown/ugv_ws/install/my_ugv_hardware/lib/python3.12/site-packages:/home/ground/ugv_repo/OperationTouchdown/ugv_ws/install/depthai_ros_driver/lib/python3.12/site-packages:/opt/ros/jazzy/lib/python3.12/site-packages /usr/bin/cmake --build /home/ground/ugv_repo/OperationTouchdown/ugv_ws/build/depthai_bridge -- -j4 -l4
[2.462s] DEBUG:colcon.colcon_core.event_handler.log_command:Invoking command in '/home/ground/ugv_repo/OperationTouchdown/ugv_ws/build/depthai_bridge': CMAKE_PREFIX_PATH=/home/ground/ugv_repo/OperationTouchdown/ugv_ws/install/depthai_ros_msgs:/home/ground/ugv_repo/OperationTouchdown/ugv_ws/install/dual_laser_merger:/home/ground/ugv_repo/OperationTouchdown/ugv_ws/install/rplidar_ros:/home/ground/ugv_repo/OperationTouchdown/ugv_ws/install/roboteq_ros2_driver:/home/ground/ugv_repo/OperationTouchdown/ugv_ws/install/my_ugv_bringup:/home/ground/ugv_repo/OperationTouchdown/ugv_ws/install/my_ugv_description:/home/ground/ugv_repo/OperationTouchdown/ugv_ws/install/depthai-ros:/home/ground/ugv_repo/OperationTouchdown/ugv_ws/install/depthai_ros_driver:/home/ground/ugv_repo/OperationTouchdown/ugv_ws/install/depthai_filters:/home/ground/ugv_repo/OperationTouchdown/ugv_ws/install/depthai_examples:/home/ground/ugv_repo/OperationTouchdown/ugv_ws/install/depthai_bridge:/home/ground/ugv_repo/OperationTouchdown/ugv_ws/install/depthai_descriptions:/opt/ros/jazzy/opt/gz_sim_vendor:/opt/ros/jazzy/opt/gz_sensors_vendor:/opt/ros/jazzy/opt/gz_physics_vendor:/opt/ros/jazzy/opt/sdformat_vendor:/opt/ros/jazzy/opt/gz_gui_vendor:/opt/ros/jazzy/opt/gz_transport_vendor:/opt/ros/jazzy/opt/gz_rendering_vendor:/opt/ros/jazzy/opt/gz_plugin_vendor:/opt/ros/jazzy/opt/gz_fuel_tools_vendor:/opt/ros/jazzy/opt/gz_msgs_vendor:/opt/ros/jazzy/opt/gz_common_vendor:/opt/ros/jazzy/opt/gz_math_vendor:/opt/ros/jazzy/opt/gz_utils_vendor:/opt/ros/jazzy/opt/gz_tools_vendor:/opt/ros/jazzy/opt/gz_ogre_next_vendor:/opt/ros/jazzy/opt/gz_dartsim_vendor:/opt/ros/jazzy/opt/gz_cmake_vendor:/home/ground/ugv_repo/OperationTouchdown/ugv_ws/install/my_ugv_vision:/home/ground/ugv_repo/OperationTouchdown/ugv_ws/install/my_ugv_hardware:/opt/ros/jazzy DEBUGINFOD_URLS=https://debuginfod.ubuntu.com LD_LIBRARY_PATH=/home/ground/ugv_repo/OperationTouchdown/ugv_ws/install/depthai_ros_msgs/lib:/home/ground/ugv_repo/OperationTouchdown/ugv_ws/install/dual_laser_merger/lib:/home/ground/ugv_repo/OperationTouchdown/ugv_ws/install/depthai_ros_driver/lib:/home/ground/ugv_repo/OperationTouchdown/ugv_ws/install/depthai_filters/lib:/home/ground/ugv_repo/OperationTouchdown/ugv_ws/install/depthai_bridge/lib:/opt/ros/jazzy/opt/gz_sim_vendor/lib:/opt/ros/jazzy/opt/gz_sensors_vendor/lib:/opt/ros/jazzy/opt/gz_physics_vendor/lib:/opt/ros/jazzy/opt/sdformat_vendor/lib:/opt/ros/jazzy/opt/rviz_ogre_vendor/lib:/opt/ros/jazzy/lib/aarch64-linux-gnu:/opt/ros/jazzy/opt/gz_gui_vendor/lib:/opt/ros/jazzy/opt/gz_transport_vendor/lib:/opt/ros/jazzy/opt/gz_rendering_vendor/lib:/opt/ros/jazzy/opt/gz_plugin_vendor/lib:/opt/ros/jazzy/opt/gz_fuel_tools_vendor/lib:/opt/ros/jazzy/opt/gz_msgs_vendor/lib:/opt/ros/jazzy/opt/gz_common_vendor/lib:/opt/ros/jazzy/opt/gz_math_vendor/lib:/opt/ros/jazzy/opt/gz_utils_vendor/lib:/opt/ros/jazzy/opt/gz_tools_vendor/lib:/opt/ros/jazzy/opt/gz_ogre_next_vendor/lib:/opt/ros/jazzy/opt/gz_dartsim_vendor/lib:/opt/ros/jazzy/opt/gz_cmake_vendor/lib:/opt/ros/jazzy/lib PYTHONPATH=/home/ground/ugv_repo/OperationTouchdown/ugv_ws/install/depthai_ros_msgs/lib/python3.12/site-packages:/home/ground/ugv_repo/OperationTouchdown/ugv_ws/build/my_ugv_vision:/home/ground/ugv_repo/OperationTouchdown/ugv_ws/install/my_ugv_vision/lib/python3.12/site-packages:/home/ground/ugv_repo/OperationTouchdown/ugv_ws/build/my_ugv_hardware:/home/ground/ugv_repo/OperationTouchdown/ugv_ws/install/my_ugv_hardware/lib/python3.12/site-packages:/home/ground/ugv_repo/OperationTouchdown/ugv_ws/install/depthai_ros_driver/lib/python3.12/site-packages:/opt/ros/jazzy/lib/python3.12/site-packages /usr/bin/cmake --install /home/ground/ugv_repo/OperationTouchdown/ugv_ws/build/depthai_bridge
[2.527s] DEBUG:colcon.colcon_core.event_handler.log_command:Invoking command in '/home/ground/ugv_repo/OperationTouchdown/ugv_ws/build/my_ugv_hardware': DEBUGINFOD_URLS=https://debuginfod.ubuntu.com PYTHONPATH=/home/ground/ugv_repo/OperationTouchdown/ugv_ws/build/my_ugv_hardware/prefix_override:/usr/lib/python3/dist-packages/colcon_core/task/python/colcon_distutils_commands:/home/ground/ugv_repo/OperationTouchdown/ugv_ws/install/my_ugv_hardware/lib/python3.12/site-packages:${PYTHONPATH} /usr/bin/python3 -W ignore:setup.py install is deprecated -W ignore:easy_install command is deprecated setup.py develop --editable --build-directory /home/ground/ugv_repo/OperationTouchdown/ugv_ws/build/my_ugv_hardware/build --no-deps symlink_data
[2.556s] Level 1:colcon.colcon_core.environment:create_environment_scripts_only(depthai_bridge)
[2.556s] Level 1:colcon.colcon_core.environment:checking '/home/ground/ugv_repo/OperationTouchdown/ugv_ws/install/depthai_bridge' for CMake module files
[2.558s] Level 1:colcon.colcon_core.environment:checking '/home/ground/ugv_repo/OperationTouchdown/ugv_ws/install/depthai_bridge' for CMake config files
[2.559s] DEBUG:colcon.colcon_core.event_handler.log_command:Invoked command in '/home/ground/ugv_repo/OperationTouchdown/ugv_ws/build/depthai_bridge' returned '0': CMAKE_PREFIX_PATH=/home/ground/ugv_repo/OperationTouchdown/ugv_ws/install/depthai_ros_msgs:/home/ground/ugv_repo/OperationTouchdown/ugv_ws/install/dual_laser_merger:/home/ground/ugv_repo/OperationTouchdown/ugv_ws/install/rplidar_ros:/home/ground/ugv_repo/OperationTouchdown/ugv_ws/install/roboteq_ros2_driver:/home/ground/ugv_repo/OperationTouchdown/ugv_ws/install/my_ugv_bringup:/home/ground/ugv_repo/OperationTouchdown/ugv_ws/install/my_ugv_description:/home/ground/ugv_repo/OperationTouchdown/ugv_ws/install/depthai-ros:/home/ground/ugv_repo/OperationTouchdown/ugv_ws/install/depthai_ros_driver:/home/ground/ugv_repo/OperationTouchdown/ugv_ws/install/depthai_filters:/home/ground/ugv_repo/OperationTouchdown/ugv_ws/install/depthai_examples:/home/ground/ugv_repo/OperationTouchdown/ugv_ws/install/depthai_bridge:/home/ground/ugv_repo/OperationTouchdown/ugv_ws/install/depthai_descriptions:/opt/ros/jazzy/opt/gz_sim_vendor:/opt/ros/jazzy/opt/gz_sensors_vendor:/opt/ros/jazzy/opt/gz_physics_vendor:/opt/ros/jazzy/opt/sdformat_vendor:/opt/ros/jazzy/opt/gz_gui_vendor:/opt/ros/jazzy/opt/gz_transport_vendor:/opt/ros/jazzy/opt/gz_rendering_vendor:/opt/ros/jazzy/opt/gz_plugin_vendor:/opt/ros/jazzy/opt/gz_fuel_tools_vendor:/opt/ros/jazzy/opt/gz_msgs_vendor:/opt/ros/jazzy/opt/gz_common_vendor:/opt/ros/jazzy/opt/gz_math_vendor:/opt/ros/jazzy/opt/gz_utils_vendor:/opt/ros/jazzy/opt/gz_tools_vendor:/opt/ros/jazzy/opt/gz_ogre_next_vendor:/opt/ros/jazzy/opt/gz_dartsim_vendor:/opt/ros/jazzy/opt/gz_cmake_vendor:/home/ground/ugv_repo/OperationTouchdown/ugv_ws/install/my_ugv_vision:/home/ground/ugv_repo/OperationTouchdown/ugv_ws/install/my_ugv_hardware:/opt/ros/jazzy DEBUGINFOD_URLS=https://debuginfod.ubuntu.com LD_LIBRARY_PATH=/home/ground/ugv_repo/OperationTouchdown/ugv_ws/install/depthai_ros_msgs/lib:/home/ground/ugv_repo/OperationTouchdown/ugv_ws/install/dual_laser_merger/lib:/home/ground/ugv_repo/OperationTouchdown/ugv_ws/install/depthai_ros_driver/lib:/home/ground/ugv_repo/OperationTouchdown/ugv_ws/install/depthai_filters/lib:/home/ground/ugv_repo/OperationTouchdown/ugv_ws/install/depthai_bridge/lib:/opt/ros/jazzy/opt/gz_sim_vendor/lib:/opt/ros/jazzy/opt/gz_sensors_vendor/lib:/opt/ros/jazzy/opt/gz_physics_vendor/lib:/opt/ros/jazzy/opt/sdformat_vendor/lib:/opt/ros/jazzy/opt/rviz_ogre_vendor/lib:/opt/ros/jazzy/lib/aarch64-linux-gnu:/opt/ros/jazzy/opt/gz_gui_vendor/lib:/opt/ros/jazzy/opt/gz_transport_vendor/lib:/opt/ros/jazzy/opt/gz_rendering_vendor/lib:/opt/ros/jazzy/opt/gz_plugin_vendor/lib:/opt/ros/jazzy/opt/gz_fuel_tools_vendor/lib:/opt/ros/jazzy/opt/gz_msgs_vendor/lib:/opt/ros/jazzy/opt/gz_common_vendor/lib:/opt/ros/jazzy/opt/gz_math_vendor/lib:/opt/ros/jazzy/opt/gz_utils_vendor/lib:/opt/ros/jazzy/opt/gz_tools_vendor/lib:/opt/ros/jazzy/opt/gz_ogre_next_vendor/lib:/opt/ros/jazzy/opt/gz_dartsim_vendor/lib:/opt/ros/jazzy/opt/gz_cmake_vendor/lib:/opt/ros/jazzy/lib PYTHONPATH=/home/ground/ugv_repo/OperationTouchdown/ugv_ws/install/depthai_ros_msgs/lib/python3.12/site-packages:/home/ground/ugv_repo/OperationTouchdown/ugv_ws/build/my_ugv_vision:/home/ground/ugv_repo/OperationTouchdown/ugv_ws/install/my_ugv_vision/lib/python3.12/site-packages:/home/ground/ugv_repo/OperationTouchdown/ugv_ws/build/my_ugv_hardware:/home/ground/ugv_repo/OperationTouchdown/ugv_ws/install/my_ugv_hardware/lib/python3.12/site-packages:/home/ground/ugv_repo/OperationTouchdown/ugv_ws/install/depthai_ros_driver/lib/python3.12/site-packages:/opt/ros/jazzy/lib/python3.12/site-packages /usr/bin/cmake --install /home/ground/ugv_repo/OperationTouchdown/ugv_ws/build/depthai_bridge
[2.560s] Level 1:colcon.colcon_core.shell:create_environment_hook('depthai_bridge', 'cmake_prefix_path')
[2.560s] INFO:colcon.colcon_core.shell:Creating environment hook '/home/ground/ugv_repo/OperationTouchdown/ugv_ws/install/depthai_bridge/share/depthai_bridge/hook/cmake_prefix_path.ps1'
[2.561s] INFO:colcon.colcon_core.shell:Creating environment descriptor '/home/ground/ugv_repo/OperationTouchdown/ugv_ws/install/depthai_bridge/share/depthai_bridge/hook/cmake_prefix_path.dsv'
[2.566s] INFO:colcon.colcon_core.shell:Creating environment hook '/home/ground/ugv_repo/OperationTouchdown/ugv_ws/install/depthai_bridge/share/depthai_bridge/hook/cmake_prefix_path.sh'
[2.567s] Level 1:colcon.colcon_core.environment:checking '/home/ground/ugv_repo/OperationTouchdown/ugv_ws/install/depthai_bridge/lib'
[2.568s] Level 1:colcon.colcon_core.shell:create_environment_hook('depthai_bridge', 'ld_library_path_lib')
[2.568s] INFO:colcon.colcon_core.shell:Creating environment hook '/home/ground/ugv_repo/OperationTouchdown/ugv_ws/install/depthai_bridge/share/depthai_bridge/hook/ld_library_path_lib.ps1'
[2.569s] INFO:colcon.colcon_core.shell:Creating environment descriptor '/home/ground/ugv_repo/OperationTouchdown/ugv_ws/install/depthai_bridge/share/depthai_bridge/hook/ld_library_path_lib.dsv'
[2.571s] INFO:colcon.colcon_core.shell:Creating environment hook '/home/ground/ugv_repo/OperationTouchdown/ugv_ws/install/depthai_bridge/share/depthai_bridge/hook/ld_library_path_lib.sh'
[2.572s] Level 1:colcon.colcon_core.environment:checking '/home/ground/ugv_repo/OperationTouchdown/ugv_ws/install/depthai_bridge/bin'
[2.573s] Level 1:colcon.colcon_core.environment:checking '/home/ground/ugv_repo/OperationTouchdown/ugv_ws/install/depthai_bridge/lib/pkgconfig/depthai_bridge.pc'
[2.573s] Level 1:colcon.colcon_core.environment:checking '/home/ground/ugv_repo/OperationTouchdown/ugv_ws/install/depthai_bridge/lib/python3.12/site-packages'
[2.574s] Level 1:colcon.colcon_core.environment:checking '/home/ground/ugv_repo/OperationTouchdown/ugv_ws/install/depthai_bridge/bin'
[2.574s] INFO:colcon.colcon_core.shell:Creating package script '/home/ground/ugv_repo/OperationTouchdown/ugv_ws/install/depthai_bridge/share/depthai_bridge/package.ps1'
[2.575s] INFO:colcon.colcon_core.shell:Creating package descriptor '/home/ground/ugv_repo/OperationTouchdown/ugv_ws/install/depthai_bridge/share/depthai_bridge/package.dsv'
[2.576s] INFO:colcon.colcon_core.shell:Creating package script '/home/ground/ugv_repo/OperationTouchdown/ugv_ws/install/depthai_bridge/share/depthai_bridge/package.sh'
[2.577s] INFO:colcon.colcon_core.shell:Creating package script '/home/ground/ugv_repo/OperationTouchdown/ugv_ws/install/depthai_bridge/share/depthai_bridge/package.bash'
[2.579s] INFO:colcon.colcon_core.shell:Creating package script '/home/ground/ugv_repo/OperationTouchdown/ugv_ws/install/depthai_bridge/share/depthai_bridge/package.zsh'
[2.580s] Level 1:colcon.colcon_core.environment:create_file_with_runtime_dependencies(/home/ground/ugv_repo/OperationTouchdown/ugv_ws/install/depthai_bridge/share/colcon-core/packages/depthai_bridge)
[2.582s] Level 1:colcon.colcon_core.environment:create_environment_scripts_only(depthai_bridge)
[2.582s] Level 1:colcon.colcon_core.environment:checking '/home/ground/ugv_repo/OperationTouchdown/ugv_ws/install/depthai_bridge' for CMake module files
[2.583s] Level 1:colcon.colcon_core.environment:checking '/home/ground/ugv_repo/OperationTouchdown/ugv_ws/install/depthai_bridge' for CMake config files
[2.584s] Level 1:colcon.colcon_core.shell:create_environment_hook('depthai_bridge', 'cmake_prefix_path')
[2.584s] INFO:colcon.colcon_core.shell:Creating environment hook '/home/ground/ugv_repo/OperationTouchdown/ugv_ws/install/depthai_bridge/share/depthai_bridge/hook/cmake_prefix_path.ps1'
[2.585s] INFO:colcon.colcon_core.shell:Creating environment descriptor '/home/ground/ugv_repo/OperationTouchdown/ugv_ws/install/depthai_bridge/share/depthai_bridge/hook/cmake_prefix_path.dsv'
[2.586s] INFO:colcon.colcon_core.shell:Creating environment hook '/home/ground/ugv_repo/OperationTouchdown/ugv_ws/install/depthai_bridge/share/depthai_bridge/hook/cmake_prefix_path.sh'
[2.587s] Level 1:colcon.colcon_core.environment:checking '/home/ground/ugv_repo/OperationTouchdown/ugv_ws/install/depthai_bridge/lib'
[2.587s] Level 1:colcon.colcon_core.shell:create_environment_hook('depthai_bridge', 'ld_library_path_lib')
[2.587s] INFO:colcon.colcon_core.shell:Creating environment hook '/home/ground/ugv_repo/OperationTouchdown/ugv_ws/install/depthai_bridge/share/depthai_bridge/hook/ld_library_path_lib.ps1'
[2.588s] INFO:colcon.colcon_core.shell:Creating environment descriptor '/home/ground/ugv_repo/OperationTouchdown/ugv_ws/install/depthai_bridge/share/depthai_bridge/hook/ld_library_path_lib.dsv'
[2.589s] INFO:colcon.colcon_core.shell:Creating environment hook '/home/ground/ugv_repo/OperationTouchdown/ugv_ws/install/depthai_bridge/share/depthai_bridge/hook/ld_library_path_lib.sh'
[2.591s] Level 1:colcon.colcon_core.environment:checking '/home/ground/ugv_repo/OperationTouchdown/ugv_ws/install/depthai_bridge/bin'
[2.592s] Level 1:colcon.colcon_core.environment:checking '/home/ground/ugv_repo/OperationTouchdown/ugv_ws/install/depthai_bridge/lib/pkgconfig/depthai_bridge.pc'
[2.592s] Level 1:colcon.colcon_core.environment:checking '/home/ground/ugv_repo/OperationTouchdown/ugv_ws/install/depthai_bridge/lib/python3.12/site-packages'
[2.593s] Level 1:colcon.colcon_core.environment:checking '/home/ground/ugv_repo/OperationTouchdown/ugv_ws/install/depthai_bridge/bin'
[2.593s] INFO:colcon.colcon_core.shell:Creating package script '/home/ground/ugv_repo/OperationTouchdown/ugv_ws/install/depthai_bridge/share/depthai_bridge/package.ps1'
[2.594s] INFO:colcon.colcon_core.shell:Creating package descriptor '/home/ground/ugv_repo/OperationTouchdown/ugv_ws/install/depthai_bridge/share/depthai_bridge/package.dsv'
[2.595s] INFO:colcon.colcon_core.shell:Creating package script '/home/ground/ugv_repo/OperationTouchdown/ugv_ws/install/depthai_bridge/share/depthai_bridge/package.sh'
[2.596s] INFO:colcon.colcon_core.shell:Creating package script '/home/ground/ugv_repo/OperationTouchdown/ugv_ws/install/depthai_bridge/share/depthai_bridge/package.bash'
[2.598s] INFO:colcon.colcon_core.shell:Creating package script '/home/ground/ugv_repo/OperationTouchdown/ugv_ws/install/depthai_bridge/share/depthai_bridge/package.zsh'
[2.599s] Level 1:colcon.colcon_core.environment:create_file_with_runtime_dependencies(/home/ground/ugv_repo/OperationTouchdown/ugv_ws/install/depthai_bridge/share/colcon-core/packages/depthai_bridge)
[2.601s] INFO:colcon.colcon_ros.task.ament_cmake.build:Building ROS package in '/home/ground/ugv_repo/OperationTouchdown/ugv_ws/src/depthai-ros/depthai_examples' with build type 'ament_cmake'
[2.602s] INFO:colcon.colcon_cmake.task.cmake.build:Building CMake package in '/home/ground/ugv_repo/OperationTouchdown/ugv_ws/src/depthai-ros/depthai_examples'
[2.603s] INFO:colcon.colcon_core.shell:Skip shell extension 'powershell' for command environment: Not usable outside of PowerShell
[2.603s] DEBUG:colcon.colcon_core.shell:Skip shell extension 'dsv' for command environment
[2.615s] DEBUG:colcon.colcon_core.event_handler.log_command:Invoked command in '/home/ground/ugv_repo/OperationTouchdown/ugv_ws/build/depthai_filters' returned '0': CMAKE_PREFIX_PATH=/home/ground/ugv_repo/OperationTouchdown/ugv_ws/install/depthai_ros_msgs:/home/ground/ugv_repo/OperationTouchdown/ugv_ws/install/dual_laser_merger:/home/ground/ugv_repo/OperationTouchdown/ugv_ws/install/rplidar_ros:/home/ground/ugv_repo/OperationTouchdown/ugv_ws/install/roboteq_ros2_driver:/home/ground/ugv_repo/OperationTouchdown/ugv_ws/install/my_ugv_bringup:/home/ground/ugv_repo/OperationTouchdown/ugv_ws/install/my_ugv_description:/home/ground/ugv_repo/OperationTouchdown/ugv_ws/install/depthai-ros:/home/ground/ugv_repo/OperationTouchdown/ugv_ws/install/depthai_ros_driver:/home/ground/ugv_repo/OperationTouchdown/ugv_ws/install/depthai_filters:/home/ground/ugv_repo/OperationTouchdown/ugv_ws/install/depthai_examples:/home/ground/ugv_repo/OperationTouchdown/ugv_ws/install/depthai_bridge:/home/ground/ugv_repo/OperationTouchdown/ugv_ws/install/depthai_descriptions:/opt/ros/jazzy/opt/gz_sim_vendor:/opt/ros/jazzy/opt/gz_sensors_vendor:/opt/ros/jazzy/opt/gz_physics_vendor:/opt/ros/jazzy/opt/sdformat_vendor:/opt/ros/jazzy/opt/gz_gui_vendor:/opt/ros/jazzy/opt/gz_transport_vendor:/opt/ros/jazzy/opt/gz_rendering_vendor:/opt/ros/jazzy/opt/gz_plugin_vendor:/opt/ros/jazzy/opt/gz_fuel_tools_vendor:/opt/ros/jazzy/opt/gz_msgs_vendor:/opt/ros/jazzy/opt/gz_common_vendor:/opt/ros/jazzy/opt/gz_math_vendor:/opt/ros/jazzy/opt/gz_utils_vendor:/opt/ros/jazzy/opt/gz_tools_vendor:/opt/ros/jazzy/opt/gz_ogre_next_vendor:/opt/ros/jazzy/opt/gz_dartsim_vendor:/opt/ros/jazzy/opt/gz_cmake_vendor:/home/ground/ugv_repo/OperationTouchdown/ugv_ws/install/my_ugv_vision:/home/ground/ugv_repo/OperationTouchdown/ugv_ws/install/my_ugv_hardware:/opt/ros/jazzy DEBUGINFOD_URLS=https://debuginfod.ubuntu.com LD_LIBRARY_PATH=/home/ground/ugv_repo/OperationTouchdown/ugv_ws/install/depthai_ros_msgs/lib:/home/ground/ugv_repo/OperationTouchdown/ugv_ws/install/dual_laser_merger/lib:/home/ground/ugv_repo/OperationTouchdown/ugv_ws/install/depthai_ros_driver/lib:/home/ground/ugv_repo/OperationTouchdown/ugv_ws/install/depthai_filters/lib:/home/ground/ugv_repo/OperationTouchdown/ugv_ws/install/depthai_bridge/lib:/opt/ros/jazzy/opt/gz_sim_vendor/lib:/opt/ros/jazzy/opt/gz_sensors_vendor/lib:/opt/ros/jazzy/opt/gz_physics_vendor/lib:/opt/ros/jazzy/opt/sdformat_vendor/lib:/opt/ros/jazzy/opt/rviz_ogre_vendor/lib:/opt/ros/jazzy/lib/aarch64-linux-gnu:/opt/ros/jazzy/opt/gz_gui_vendor/lib:/opt/ros/jazzy/opt/gz_transport_vendor/lib:/opt/ros/jazzy/opt/gz_rendering_vendor/lib:/opt/ros/jazzy/opt/gz_plugin_vendor/lib:/opt/ros/jazzy/opt/gz_fuel_tools_vendor/lib:/opt/ros/jazzy/opt/gz_msgs_vendor/lib:/opt/ros/jazzy/opt/gz_common_vendor/lib:/opt/ros/jazzy/opt/gz_math_vendor/lib:/opt/ros/jazzy/opt/gz_utils_vendor/lib:/opt/ros/jazzy/opt/gz_tools_vendor/lib:/opt/ros/jazzy/opt/gz_ogre_next_vendor/lib:/opt/ros/jazzy/opt/gz_dartsim_vendor/lib:/opt/ros/jazzy/opt/gz_cmake_vendor/lib:/opt/ros/jazzy/lib PYTHONPATH=/home/ground/ugv_repo/OperationTouchdown/ugv_ws/install/depthai_ros_msgs/lib/python3.12/site-packages:/home/ground/ugv_repo/OperationTouchdown/ugv_ws/build/my_ugv_vision:/home/ground/ugv_repo/OperationTouchdown/ugv_ws/install/my_ugv_vision/lib/python3.12/site-packages:/home/ground/ugv_repo/OperationTouchdown/ugv_ws/build/my_ugv_hardware:/home/ground/ugv_repo/OperationTouchdown/ugv_ws/install/my_ugv_hardware/lib/python3.12/site-packages:/home/ground/ugv_repo/OperationTouchdown/ugv_ws/install/depthai_ros_driver/lib/python3.12/site-packages:/opt/ros/jazzy/lib/python3.12/site-packages /usr/bin/cmake --build /home/ground/ugv_repo/OperationTouchdown/ugv_ws/build/depthai_filters -- -j4 -l4
[2.619s] DEBUG:colcon.colcon_core.event_handler.log_command:Invoking command in '/home/ground/ugv_repo/OperationTouchdown/ugv_ws/build/depthai_filters': CMAKE_PREFIX_PATH=/home/ground/ugv_repo/OperationTouchdown/ugv_ws/install/depthai_ros_msgs:/home/ground/ugv_repo/OperationTouchdown/ugv_ws/install/dual_laser_merger:/home/ground/ugv_repo/OperationTouchdown/ugv_ws/install/rplidar_ros:/home/ground/ugv_repo/OperationTouchdown/ugv_ws/install/roboteq_ros2_driver:/home/ground/ugv_repo/OperationTouchdown/ugv_ws/install/my_ugv_bringup:/home/ground/ugv_repo/OperationTouchdown/ugv_ws/install/my_ugv_description:/home/ground/ugv_repo/OperationTouchdown/ugv_ws/install/depthai-ros:/home/ground/ugv_repo/OperationTouchdown/ugv_ws/install/depthai_ros_driver:/home/ground/ugv_repo/OperationTouchdown/ugv_ws/install/depthai_filters:/home/ground/ugv_repo/OperationTouchdown/ugv_ws/install/depthai_examples:/home/ground/ugv_repo/OperationTouchdown/ugv_ws/install/depthai_bridge:/home/ground/ugv_repo/OperationTouchdown/ugv_ws/install/depthai_descriptions:/opt/ros/jazzy/opt/gz_sim_vendor:/opt/ros/jazzy/opt/gz_sensors_vendor:/opt/ros/jazzy/opt/gz_physics_vendor:/opt/ros/jazzy/opt/sdformat_vendor:/opt/ros/jazzy/opt/gz_gui_vendor:/opt/ros/jazzy/opt/gz_transport_vendor:/opt/ros/jazzy/opt/gz_rendering_vendor:/opt/ros/jazzy/opt/gz_plugin_vendor:/opt/ros/jazzy/opt/gz_fuel_tools_vendor:/opt/ros/jazzy/opt/gz_msgs_vendor:/opt/ros/jazzy/opt/gz_common_vendor:/opt/ros/jazzy/opt/gz_math_vendor:/opt/ros/jazzy/opt/gz_utils_vendor:/opt/ros/jazzy/opt/gz_tools_vendor:/opt/ros/jazzy/opt/gz_ogre_next_vendor:/opt/ros/jazzy/opt/gz_dartsim_vendor:/opt/ros/jazzy/opt/gz_cmake_vendor:/home/ground/ugv_repo/OperationTouchdown/ugv_ws/install/my_ugv_vision:/home/ground/ugv_repo/OperationTouchdown/ugv_ws/install/my_ugv_hardware:/opt/ros/jazzy DEBUGINFOD_URLS=https://debuginfod.ubuntu.com LD_LIBRARY_PATH=/home/ground/ugv_repo/OperationTouchdown/ugv_ws/install/depthai_ros_msgs/lib:/home/ground/ugv_repo/OperationTouchdown/ugv_ws/install/dual_laser_merger/lib:/home/ground/ugv_repo/OperationTouchdown/ugv_ws/install/depthai_ros_driver/lib:/home/ground/ugv_repo/OperationTouchdown/ugv_ws/install/depthai_filters/lib:/home/ground/ugv_repo/OperationTouchdown/ugv_ws/install/depthai_bridge/lib:/opt/ros/jazzy/opt/gz_sim_vendor/lib:/opt/ros/jazzy/opt/gz_sensors_vendor/lib:/opt/ros/jazzy/opt/gz_physics_vendor/lib:/opt/ros/jazzy/opt/sdformat_vendor/lib:/opt/ros/jazzy/opt/rviz_ogre_vendor/lib:/opt/ros/jazzy/lib/aarch64-linux-gnu:/opt/ros/jazzy/opt/gz_gui_vendor/lib:/opt/ros/jazzy/opt/gz_transport_vendor/lib:/opt/ros/jazzy/opt/gz_rendering_vendor/lib:/opt/ros/jazzy/opt/gz_plugin_vendor/lib:/opt/ros/jazzy/opt/gz_fuel_tools_vendor/lib:/opt/ros/jazzy/opt/gz_msgs_vendor/lib:/opt/ros/jazzy/opt/gz_common_vendor/lib:/opt/ros/jazzy/opt/gz_math_vendor/lib:/opt/ros/jazzy/opt/gz_utils_vendor/lib:/opt/ros/jazzy/opt/gz_tools_vendor/lib:/opt/ros/jazzy/opt/gz_ogre_next_vendor/lib:/opt/ros/jazzy/opt/gz_dartsim_vendor/lib:/opt/ros/jazzy/opt/gz_cmake_vendor/lib:/opt/ros/jazzy/lib PYTHONPATH=/home/ground/ugv_repo/OperationTouchdown/ugv_ws/install/depthai_ros_msgs/lib/python3.12/site-packages:/home/ground/ugv_repo/OperationTouchdown/ugv_ws/build/my_ugv_vision:/home/ground/ugv_repo/OperationTouchdown/ugv_ws/install/my_ugv_vision/lib/python3.12/site-packages:/home/ground/ugv_repo/OperationTouchdown/ugv_ws/build/my_ugv_hardware:/home/ground/ugv_repo/OperationTouchdown/ugv_ws/install/my_ugv_hardware/lib/python3.12/site-packages:/home/ground/ugv_repo/OperationTouchdown/ugv_ws/install/depthai_ros_driver/lib/python3.12/site-packages:/opt/ros/jazzy/lib/python3.12/site-packages /usr/bin/cmake --install /home/ground/ugv_repo/OperationTouchdown/ugv_ws/build/depthai_filters
[2.644s] DEBUG:colcon.colcon_core.event_handler.log_command:Invoking command in '/home/ground/ugv_repo/OperationTouchdown/ugv_ws/build/depthai_examples': CMAKE_PREFIX_PATH=/home/ground/ugv_repo/OperationTouchdown/ugv_ws/install/depthai_bridge:/home/ground/ugv_repo/OperationTouchdown/ugv_ws/install/depthai_ros_msgs:/home/ground/ugv_repo/OperationTouchdown/ugv_ws/install/depthai_descriptions:/home/ground/ugv_repo/OperationTouchdown/ugv_ws/install/dual_laser_merger:/home/ground/ugv_repo/OperationTouchdown/ugv_ws/install/rplidar_ros:/home/ground/ugv_repo/OperationTouchdown/ugv_ws/install/roboteq_ros2_driver:/home/ground/ugv_repo/OperationTouchdown/ugv_ws/install/my_ugv_bringup:/home/ground/ugv_repo/OperationTouchdown/ugv_ws/install/my_ugv_description:/home/ground/ugv_repo/OperationTouchdown/ugv_ws/install/depthai-ros:/home/ground/ugv_repo/OperationTouchdown/ugv_ws/install/depthai_ros_driver:/home/ground/ugv_repo/OperationTouchdown/ugv_ws/install/depthai_filters:/home/ground/ugv_repo/OperationTouchdown/ugv_ws/install/depthai_examples:/opt/ros/jazzy/opt/gz_sim_vendor:/opt/ros/jazzy/opt/gz_sensors_vendor:/opt/ros/jazzy/opt/gz_physics_vendor:/opt/ros/jazzy/opt/sdformat_vendor:/opt/ros/jazzy/opt/gz_gui_vendor:/opt/ros/jazzy/opt/gz_transport_vendor:/opt/ros/jazzy/opt/gz_rendering_vendor:/opt/ros/jazzy/opt/gz_plugin_vendor:/opt/ros/jazzy/opt/gz_fuel_tools_vendor:/opt/ros/jazzy/opt/gz_msgs_vendor:/opt/ros/jazzy/opt/gz_common_vendor:/opt/ros/jazzy/opt/gz_math_vendor:/opt/ros/jazzy/opt/gz_utils_vendor:/opt/ros/jazzy/opt/gz_tools_vendor:/opt/ros/jazzy/opt/gz_ogre_next_vendor:/opt/ros/jazzy/opt/gz_dartsim_vendor:/opt/ros/jazzy/opt/gz_cmake_vendor:/home/ground/ugv_repo/OperationTouchdown/ugv_ws/install/my_ugv_vision:/home/ground/ugv_repo/OperationTouchdown/ugv_ws/install/my_ugv_hardware:/opt/ros/jazzy DEBUGINFOD_URLS=https://debuginfod.ubuntu.com GAZEBO_MODEL_PATH=/home/ground/ugv_repo/OperationTouchdown/ugv_ws/install/depthai_descriptions:${GAZEBO_MODEL_PATH} GAZEBO_RESOURCE_PATH=/home/ground/ugv_repo/OperationTouchdown/ugv_ws/install/depthai_descriptions:${GAZEBO_RESOURCE_PATH} IGN_GAZEBO_MODEL_PATH=/home/ground/ugv_repo/OperationTouchdown/ugv_ws/install/depthai_descriptions:${IGN_GAZEBO_MODEL_PATH} IGN_GAZEBO_RESOURCE_PATH=/home/ground/ugv_repo/OperationTouchdown/ugv_ws/install/depthai_descriptions:${IGN_GAZEBO_RESOURCE_PATH} LD_LIBRARY_PATH=/home/ground/ugv_repo/OperationTouchdown/ugv_ws/install/depthai_bridge/lib:/home/ground/ugv_repo/OperationTouchdown/ugv_ws/install/depthai_ros_msgs/lib:/home/ground/ugv_repo/OperationTouchdown/ugv_ws/install/dual_laser_merger/lib:/home/ground/ugv_repo/OperationTouchdown/ugv_ws/install/depthai_ros_driver/lib:/home/ground/ugv_repo/OperationTouchdown/ugv_ws/install/depthai_filters/lib:/opt/ros/jazzy/opt/gz_sim_vendor/lib:/opt/ros/jazzy/opt/gz_sensors_vendor/lib:/opt/ros/jazzy/opt/gz_physics_vendor/lib:/opt/ros/jazzy/opt/sdformat_vendor/lib:/opt/ros/jazzy/opt/rviz_ogre_vendor/lib:/opt/ros/jazzy/lib/aarch64-linux-gnu:/opt/ros/jazzy/opt/gz_gui_vendor/lib:/opt/ros/jazzy/opt/gz_transport_vendor/lib:/opt/ros/jazzy/opt/gz_rendering_vendor/lib:/opt/ros/jazzy/opt/gz_plugin_vendor/lib:/opt/ros/jazzy/opt/gz_fuel_tools_vendor/lib:/opt/ros/jazzy/opt/gz_msgs_vendor/lib:/opt/ros/jazzy/opt/gz_common_vendor/lib:/opt/ros/jazzy/opt/gz_math_vendor/lib:/opt/ros/jazzy/opt/gz_utils_vendor/lib:/opt/ros/jazzy/opt/gz_tools_vendor/lib:/opt/ros/jazzy/opt/gz_ogre_next_vendor/lib:/opt/ros/jazzy/opt/gz_dartsim_vendor/lib:/opt/ros/jazzy/opt/gz_cmake_vendor/lib:/opt/ros/jazzy/lib PYTHONPATH=/home/ground/ugv_repo/OperationTouchdown/ugv_ws/install/depthai_ros_msgs/lib/python3.12/site-packages:/home/ground/ugv_repo/OperationTouchdown/ugv_ws/build/my_ugv_vision:/home/ground/ugv_repo/OperationTouchdown/ugv_ws/install/my_ugv_vision/lib/python3.12/site-packages:/home/ground/ugv_repo/OperationTouchdown/ugv_ws/build/my_ugv_hardware:/home/ground/ugv_repo/OperationTouchdown/ugv_ws/install/my_ugv_hardware/lib/python3.12/site-packages:/home/ground/ugv_repo/OperationTouchdown/ugv_ws/install/depthai_ros_driver/lib/python3.12/site-packages:/opt/ros/jazzy/lib/python3.12/site-packages /usr/bin/cmake --build /home/ground/ugv_repo/OperationTouchdown/ugv_ws/build/depthai_examples -- -j4 -l4
[2.702s] Level 1:colcon.colcon_core.environment:create_environment_scripts_only(depthai_filters)
[2.703s] Level 1:colcon.colcon_core.environment:checking '/home/ground/ugv_repo/OperationTouchdown/ugv_ws/install/depthai_filters' for CMake module files
[2.704s] Level 1:colcon.colcon_core.environment:checking '/home/ground/ugv_repo/OperationTouchdown/ugv_ws/install/depthai_filters' for CMake config files
[2.705s] Level 1:colcon.colcon_core.shell:create_environment_hook('depthai_filters', 'cmake_prefix_path')
[2.703s] DEBUG:colcon.colcon_core.event_handler.log_command:Invoked command in '/home/ground/ugv_repo/OperationTouchdown/ugv_ws/build/depthai_filters' returned '0': CMAKE_PREFIX_PATH=/home/ground/ugv_repo/OperationTouchdown/ugv_ws/install/depthai_ros_msgs:/home/ground/ugv_repo/OperationTouchdown/ugv_ws/install/dual_laser_merger:/home/ground/ugv_repo/OperationTouchdown/ugv_ws/install/rplidar_ros:/home/ground/ugv_repo/OperationTouchdown/ugv_ws/install/roboteq_ros2_driver:/home/ground/ugv_repo/OperationTouchdown/ugv_ws/install/my_ugv_bringup:/home/ground/ugv_repo/OperationTouchdown/ugv_ws/install/my_ugv_description:/home/ground/ugv_repo/OperationTouchdown/ugv_ws/install/depthai-ros:/home/ground/ugv_repo/OperationTouchdown/ugv_ws/install/depthai_ros_driver:/home/ground/ugv_repo/OperationTouchdown/ugv_ws/install/depthai_filters:/home/ground/ugv_repo/OperationTouchdown/ugv_ws/install/depthai_examples:/home/ground/ugv_repo/OperationTouchdown/ugv_ws/install/depthai_bridge:/home/ground/ugv_repo/OperationTouchdown/ugv_ws/install/depthai_descriptions:/opt/ros/jazzy/opt/gz_sim_vendor:/opt/ros/jazzy/opt/gz_sensors_vendor:/opt/ros/jazzy/opt/gz_physics_vendor:/opt/ros/jazzy/opt/sdformat_vendor:/opt/ros/jazzy/opt/gz_gui_vendor:/opt/ros/jazzy/opt/gz_transport_vendor:/opt/ros/jazzy/opt/gz_rendering_vendor:/opt/ros/jazzy/opt/gz_plugin_vendor:/opt/ros/jazzy/opt/gz_fuel_tools_vendor:/opt/ros/jazzy/opt/gz_msgs_vendor:/opt/ros/jazzy/opt/gz_common_vendor:/opt/ros/jazzy/opt/gz_math_vendor:/opt/ros/jazzy/opt/gz_utils_vendor:/opt/ros/jazzy/opt/gz_tools_vendor:/opt/ros/jazzy/opt/gz_ogre_next_vendor:/opt/ros/jazzy/opt/gz_dartsim_vendor:/opt/ros/jazzy/opt/gz_cmake_vendor:/home/ground/ugv_repo/OperationTouchdown/ugv_ws/install/my_ugv_vision:/home/ground/ugv_repo/OperationTouchdown/ugv_ws/install/my_ugv_hardware:/opt/ros/jazzy DEBUGINFOD_URLS=https://debuginfod.ubuntu.com LD_LIBRARY_PATH=/home/ground/ugv_repo/OperationTouchdown/ugv_ws/install/depthai_ros_msgs/lib:/home/ground/ugv_repo/OperationTouchdown/ugv_ws/install/dual_laser_merger/lib:/home/ground/ugv_repo/OperationTouchdown/ugv_ws/install/depthai_ros_driver/lib:/home/ground/ugv_repo/OperationTouchdown/ugv_ws/install/depthai_filters/lib:/home/ground/ugv_repo/OperationTouchdown/ugv_ws/install/depthai_bridge/lib:/opt/ros/jazzy/opt/gz_sim_vendor/lib:/opt/ros/jazzy/opt/gz_sensors_vendor/lib:/opt/ros/jazzy/opt/gz_physics_vendor/lib:/opt/ros/jazzy/opt/sdformat_vendor/lib:/opt/ros/jazzy/opt/rviz_ogre_vendor/lib:/opt/ros/jazzy/lib/aarch64-linux-gnu:/opt/ros/jazzy/opt/gz_gui_vendor/lib:/opt/ros/jazzy/opt/gz_transport_vendor/lib:/opt/ros/jazzy/opt/gz_rendering_vendor/lib:/opt/ros/jazzy/opt/gz_plugin_vendor/lib:/opt/ros/jazzy/opt/gz_fuel_tools_vendor/lib:/opt/ros/jazzy/opt/gz_msgs_vendor/lib:/opt/ros/jazzy/opt/gz_common_vendor/lib:/opt/ros/jazzy/opt/gz_math_vendor/lib:/opt/ros/jazzy/opt/gz_utils_vendor/lib:/opt/ros/jazzy/opt/gz_tools_vendor/lib:/opt/ros/jazzy/opt/gz_ogre_next_vendor/lib:/opt/ros/jazzy/opt/gz_dartsim_vendor/lib:/opt/ros/jazzy/opt/gz_cmake_vendor/lib:/opt/ros/jazzy/lib PYTHONPATH=/home/ground/ugv_repo/OperationTouchdown/ugv_ws/install/depthai_ros_msgs/lib/python3.12/site-packages:/home/ground/ugv_repo/OperationTouchdown/ugv_ws/build/my_ugv_vision:/home/ground/ugv_repo/OperationTouchdown/ugv_ws/install/my_ugv_vision/lib/python3.12/site-packages:/home/ground/ugv_repo/OperationTouchdown/ugv_ws/build/my_ugv_hardware:/home/ground/ugv_repo/OperationTouchdown/ugv_ws/install/my_ugv_hardware/lib/python3.12/site-packages:/home/ground/ugv_repo/OperationTouchdown/ugv_ws/install/depthai_ros_driver/lib/python3.12/site-packages:/opt/ros/jazzy/lib/python3.12/site-packages /usr/bin/cmake --install /home/ground/ugv_repo/OperationTouchdown/ugv_ws/build/depthai_filters
[2.706s] INFO:colcon.colcon_core.shell:Creating environment hook '/home/ground/ugv_repo/OperationTouchdown/ugv_ws/install/depthai_filters/share/depthai_filters/hook/cmake_prefix_path.ps1'
[2.707s] INFO:colcon.colcon_core.shell:Creating environment descriptor '/home/ground/ugv_repo/OperationTouchdown/ugv_ws/install/depthai_filters/share/depthai_filters/hook/cmake_prefix_path.dsv'
[2.707s] INFO:colcon.colcon_core.shell:Creating environment hook '/home/ground/ugv_repo/OperationTouchdown/ugv_ws/install/depthai_filters/share/depthai_filters/hook/cmake_prefix_path.sh'
[2.709s] Level 1:colcon.colcon_core.environment:checking '/home/ground/ugv_repo/OperationTouchdown/ugv_ws/install/depthai_filters/lib'
[2.709s] Level 1:colcon.colcon_core.shell:create_environment_hook('depthai_filters', 'ld_library_path_lib')
[2.709s] INFO:colcon.colcon_core.shell:Creating environment hook '/home/ground/ugv_repo/OperationTouchdown/ugv_ws/install/depthai_filters/share/depthai_filters/hook/ld_library_path_lib.ps1'
[2.711s] INFO:colcon.colcon_core.shell:Creating environment descriptor '/home/ground/ugv_repo/OperationTouchdown/ugv_ws/install/depthai_filters/share/depthai_filters/hook/ld_library_path_lib.dsv'
[2.712s] INFO:colcon.colcon_core.shell:Creating environment hook '/home/ground/ugv_repo/OperationTouchdown/ugv_ws/install/depthai_filters/share/depthai_filters/hook/ld_library_path_lib.sh'
[2.713s] Level 1:colcon.colcon_core.environment:checking '/home/ground/ugv_repo/OperationTouchdown/ugv_ws/install/depthai_filters/bin'
[2.713s] Level 1:colcon.colcon_core.environment:checking '/home/ground/ugv_repo/OperationTouchdown/ugv_ws/install/depthai_filters/lib/pkgconfig/depthai_filters.pc'
[2.713s] Level 1:colcon.colcon_core.environment:checking '/home/ground/ugv_repo/OperationTouchdown/ugv_ws/install/depthai_filters/lib/python3.12/site-packages'
[2.714s] Level 1:colcon.colcon_core.environment:checking '/home/ground/ugv_repo/OperationTouchdown/ugv_ws/install/depthai_filters/bin'
[2.715s] INFO:colcon.colcon_core.shell:Creating package script '/home/ground/ugv_repo/OperationTouchdown/ugv_ws/install/depthai_filters/share/depthai_filters/package.ps1'
[2.716s] INFO:colcon.colcon_core.shell:Creating package descriptor '/home/ground/ugv_repo/OperationTouchdown/ugv_ws/install/depthai_filters/share/depthai_filters/package.dsv'
[2.717s] INFO:colcon.colcon_core.shell:Creating package script '/home/ground/ugv_repo/OperationTouchdown/ugv_ws/install/depthai_filters/share/depthai_filters/package.sh'
[2.718s] INFO:colcon.colcon_core.shell:Creating package script '/home/ground/ugv_repo/OperationTouchdown/ugv_ws/install/depthai_filters/share/depthai_filters/package.bash'
[2.719s] INFO:colcon.colcon_core.shell:Creating package script '/home/ground/ugv_repo/OperationTouchdown/ugv_ws/install/depthai_filters/share/depthai_filters/package.zsh'
[2.720s] Level 1:colcon.colcon_core.environment:create_file_with_runtime_dependencies(/home/ground/ugv_repo/OperationTouchdown/ugv_ws/install/depthai_filters/share/colcon-core/packages/depthai_filters)
[2.721s] Level 1:colcon.colcon_core.environment:create_environment_scripts_only(depthai_filters)
[2.722s] Level 1:colcon.colcon_core.environment:checking '/home/ground/ugv_repo/OperationTouchdown/ugv_ws/install/depthai_filters' for CMake module files
[2.723s] Level 1:colcon.colcon_core.environment:checking '/home/ground/ugv_repo/OperationTouchdown/ugv_ws/install/depthai_filters' for CMake config files
[2.724s] Level 1:colcon.colcon_core.shell:create_environment_hook('depthai_filters', 'cmake_prefix_path')
[2.724s] INFO:colcon.colcon_core.shell:Creating environment hook '/home/ground/ugv_repo/OperationTouchdown/ugv_ws/install/depthai_filters/share/depthai_filters/hook/cmake_prefix_path.ps1'
[2.725s] INFO:colcon.colcon_core.shell:Creating environment descriptor '/home/ground/ugv_repo/OperationTouchdown/ugv_ws/install/depthai_filters/share/depthai_filters/hook/cmake_prefix_path.dsv'
[2.726s] INFO:colcon.colcon_core.shell:Creating environment hook '/home/ground/ugv_repo/OperationTouchdown/ugv_ws/install/depthai_filters/share/depthai_filters/hook/cmake_prefix_path.sh'
[2.728s] Level 1:colcon.colcon_core.environment:checking '/home/ground/ugv_repo/OperationTouchdown/ugv_ws/install/depthai_filters/lib'
[2.728s] Level 1:colcon.colcon_core.shell:create_environment_hook('depthai_filters', 'ld_library_path_lib')
[2.729s] INFO:colcon.colcon_core.shell:Creating environment hook '/home/ground/ugv_repo/OperationTouchdown/ugv_ws/install/depthai_filters/share/depthai_filters/hook/ld_library_path_lib.ps1'
[2.730s] INFO:colcon.colcon_core.shell:Creating environment descriptor '/home/ground/ugv_repo/OperationTouchdown/ugv_ws/install/depthai_filters/share/depthai_filters/hook/ld_library_path_lib.dsv'
[2.733s] INFO:colcon.colcon_core.shell:Creating environment hook '/home/ground/ugv_repo/OperationTouchdown/ugv_ws/install/depthai_filters/share/depthai_filters/hook/ld_library_path_lib.sh'
[2.734s] Level 1:colcon.colcon_core.environment:checking '/home/ground/ugv_repo/OperationTouchdown/ugv_ws/install/depthai_filters/bin'
[2.734s] Level 1:colcon.colcon_core.environment:checking '/home/ground/ugv_repo/OperationTouchdown/ugv_ws/install/depthai_filters/lib/pkgconfig/depthai_filters.pc'
[2.735s] Level 1:colcon.colcon_core.environment:checking '/home/ground/ugv_repo/OperationTouchdown/ugv_ws/install/depthai_filters/lib/python3.12/site-packages'
[2.736s] Level 1:colcon.colcon_core.environment:checking '/home/ground/ugv_repo/OperationTouchdown/ugv_ws/install/depthai_filters/bin'
[2.737s] INFO:colcon.colcon_core.shell:Creating package script '/home/ground/ugv_repo/OperationTouchdown/ugv_ws/install/depthai_filters/share/depthai_filters/package.ps1'
[2.738s] INFO:colcon.colcon_core.shell:Creating package descriptor '/home/ground/ugv_repo/OperationTouchdown/ugv_ws/install/depthai_filters/share/depthai_filters/package.dsv'
[2.739s] INFO:colcon.colcon_core.shell:Creating package script '/home/ground/ugv_repo/OperationTouchdown/ugv_ws/install/depthai_filters/share/depthai_filters/package.sh'
[2.741s] INFO:colcon.colcon_core.shell:Creating package script '/home/ground/ugv_repo/OperationTouchdown/ugv_ws/install/depthai_filters/share/depthai_filters/package.bash'
[2.743s] INFO:colcon.colcon_core.shell:Creating package script '/home/ground/ugv_repo/OperationTouchdown/ugv_ws/install/depthai_filters/share/depthai_filters/package.zsh'
[2.744s] Level 1:colcon.colcon_core.environment:create_file_with_runtime_dependencies(/home/ground/ugv_repo/OperationTouchdown/ugv_ws/install/depthai_filters/share/colcon-core/packages/depthai_filters)
[2.746s] INFO:colcon.colcon_ros.task.ament_cmake.build:Building ROS package in '/home/ground/ugv_repo/OperationTouchdown/ugv_ws/src/rplidar_ros' with build type 'ament_cmake'
[2.747s] INFO:colcon.colcon_cmake.task.cmake.build:Building CMake package in '/home/ground/ugv_repo/OperationTouchdown/ugv_ws/src/rplidar_ros'
[2.747s] INFO:colcon.colcon_core.shell:Skip shell extension 'powershell' for command environment: Not usable outside of PowerShell
[2.748s] DEBUG:colcon.colcon_core.shell:Skip shell extension 'dsv' for command environment
[2.768s] DEBUG:colcon.colcon_core.event_handler.log_command:Invoking command in '/home/ground/ugv_repo/OperationTouchdown/ugv_ws/build/rplidar_ros': CMAKE_PREFIX_PATH=${CMAKE_PREFIX_PATH}:/home/ground/ugv_repo/OperationTouchdown/ugv_ws/install/my_ugv_vision:/home/ground/ugv_repo/OperationTouchdown/ugv_ws/install/my_ugv_hardware:/opt/ros/jazzy DEBUGINFOD_URLS=https://debuginfod.ubuntu.com /usr/bin/cmake --build /home/ground/ugv_repo/OperationTouchdown/ugv_ws/build/rplidar_ros -- -j4 -l4
[3.147s] DEBUG:colcon.colcon_core.event_handler.log_command:Invoked command in '/home/ground/ugv_repo/OperationTouchdown/ugv_ws/build/rplidar_ros' returned '0': CMAKE_PREFIX_PATH=${CMAKE_PREFIX_PATH}:/home/ground/ugv_repo/OperationTouchdown/ugv_ws/install/my_ugv_vision:/home/ground/ugv_repo/OperationTouchdown/ugv_ws/install/my_ugv_hardware:/opt/ros/jazzy DEBUGINFOD_URLS=https://debuginfod.ubuntu.com /usr/bin/cmake --build /home/ground/ugv_repo/OperationTouchdown/ugv_ws/build/rplidar_ros -- -j4 -l4
[3.151s] DEBUG:colcon.colcon_core.event_handler.log_command:Invoking command in '/home/ground/ugv_repo/OperationTouchdown/ugv_ws/build/rplidar_ros': CMAKE_PREFIX_PATH=${CMAKE_PREFIX_PATH}:/home/ground/ugv_repo/OperationTouchdown/ugv_ws/install/my_ugv_vision:/home/ground/ugv_repo/OperationTouchdown/ugv_ws/install/my_ugv_hardware:/opt/ros/jazzy DEBUGINFOD_URLS=https://debuginfod.ubuntu.com /usr/bin/cmake --install /home/ground/ugv_repo/OperationTouchdown/ugv_ws/build/rplidar_ros
[3.210s] DEBUG:colcon.colcon_core.event_handler.log_command:Invoked command in '/home/ground/ugv_repo/OperationTouchdown/ugv_ws/build/depthai_examples' returned '0': CMAKE_PREFIX_PATH=/home/ground/ugv_repo/OperationTouchdown/ugv_ws/install/depthai_bridge:/home/ground/ugv_repo/OperationTouchdown/ugv_ws/install/depthai_ros_msgs:/home/ground/ugv_repo/OperationTouchdown/ugv_ws/install/depthai_descriptions:/home/ground/ugv_repo/OperationTouchdown/ugv_ws/install/dual_laser_merger:/home/ground/ugv_repo/OperationTouchdown/ugv_ws/install/rplidar_ros:/home/ground/ugv_repo/OperationTouchdown/ugv_ws/install/roboteq_ros2_driver:/home/ground/ugv_repo/OperationTouchdown/ugv_ws/install/my_ugv_bringup:/home/ground/ugv_repo/OperationTouchdown/ugv_ws/install/my_ugv_description:/home/ground/ugv_repo/OperationTouchdown/ugv_ws/install/depthai-ros:/home/ground/ugv_repo/OperationTouchdown/ugv_ws/install/depthai_ros_driver:/home/ground/ugv_repo/OperationTouchdown/ugv_ws/install/depthai_filters:/home/ground/ugv_repo/OperationTouchdown/ugv_ws/install/depthai_examples:/opt/ros/jazzy/opt/gz_sim_vendor:/opt/ros/jazzy/opt/gz_sensors_vendor:/opt/ros/jazzy/opt/gz_physics_vendor:/opt/ros/jazzy/opt/sdformat_vendor:/opt/ros/jazzy/opt/gz_gui_vendor:/opt/ros/jazzy/opt/gz_transport_vendor:/opt/ros/jazzy/opt/gz_rendering_vendor:/opt/ros/jazzy/opt/gz_plugin_vendor:/opt/ros/jazzy/opt/gz_fuel_tools_vendor:/opt/ros/jazzy/opt/gz_msgs_vendor:/opt/ros/jazzy/opt/gz_common_vendor:/opt/ros/jazzy/opt/gz_math_vendor:/opt/ros/jazzy/opt/gz_utils_vendor:/opt/ros/jazzy/opt/gz_tools_vendor:/opt/ros/jazzy/opt/gz_ogre_next_vendor:/opt/ros/jazzy/opt/gz_dartsim_vendor:/opt/ros/jazzy/opt/gz_cmake_vendor:/home/ground/ugv_repo/OperationTouchdown/ugv_ws/install/my_ugv_vision:/home/ground/ugv_repo/OperationTouchdown/ugv_ws/install/my_ugv_hardware:/opt/ros/jazzy DEBUGINFOD_URLS=https://debuginfod.ubuntu.com GAZEBO_MODEL_PATH=/home/ground/ugv_repo/OperationTouchdown/ugv_ws/install/depthai_descriptions:${GAZEBO_MODEL_PATH} GAZEBO_RESOURCE_PATH=/home/ground/ugv_repo/OperationTouchdown/ugv_ws/install/depthai_descriptions:${GAZEBO_RESOURCE_PATH} IGN_GAZEBO_MODEL_PATH=/home/ground/ugv_repo/OperationTouchdown/ugv_ws/install/depthai_descriptions:${IGN_GAZEBO_MODEL_PATH} IGN_GAZEBO_RESOURCE_PATH=/home/ground/ugv_repo/OperationTouchdown/ugv_ws/install/depthai_descriptions:${IGN_GAZEBO_RESOURCE_PATH} LD_LIBRARY_PATH=/home/ground/ugv_repo/OperationTouchdown/ugv_ws/install/depthai_bridge/lib:/home/ground/ugv_repo/OperationTouchdown/ugv_ws/install/depthai_ros_msgs/lib:/home/ground/ugv_repo/OperationTouchdown/ugv_ws/install/dual_laser_merger/lib:/home/ground/ugv_repo/OperationTouchdown/ugv_ws/install/depthai_ros_driver/lib:/home/ground/ugv_repo/OperationTouchdown/ugv_ws/install/depthai_filters/lib:/opt/ros/jazzy/opt/gz_sim_vendor/lib:/opt/ros/jazzy/opt/gz_sensors_vendor/lib:/opt/ros/jazzy/opt/gz_physics_vendor/lib:/opt/ros/jazzy/opt/sdformat_vendor/lib:/opt/ros/jazzy/opt/rviz_ogre_vendor/lib:/opt/ros/jazzy/lib/aarch64-linux-gnu:/opt/ros/jazzy/opt/gz_gui_vendor/lib:/opt/ros/jazzy/opt/gz_transport_vendor/lib:/opt/ros/jazzy/opt/gz_rendering_vendor/lib:/opt/ros/jazzy/opt/gz_plugin_vendor/lib:/opt/ros/jazzy/opt/gz_fuel_tools_vendor/lib:/opt/ros/jazzy/opt/gz_msgs_vendor/lib:/opt/ros/jazzy/opt/gz_common_vendor/lib:/opt/ros/jazzy/opt/gz_math_vendor/lib:/opt/ros/jazzy/opt/gz_utils_vendor/lib:/opt/ros/jazzy/opt/gz_tools_vendor/lib:/opt/ros/jazzy/opt/gz_ogre_next_vendor/lib:/opt/ros/jazzy/opt/gz_dartsim_vendor/lib:/opt/ros/jazzy/opt/gz_cmake_vendor/lib:/opt/ros/jazzy/lib PYTHONPATH=/home/ground/ugv_repo/OperationTouchdown/ugv_ws/install/depthai_ros_msgs/lib/python3.12/site-packages:/home/ground/ugv_repo/OperationTouchdown/ugv_ws/build/my_ugv_vision:/home/ground/ugv_repo/OperationTouchdown/ugv_ws/install/my_ugv_vision/lib/python3.12/site-packages:/home/ground/ugv_repo/OperationTouchdown/ugv_ws/build/my_ugv_hardware:/home/ground/ugv_repo/OperationTouchdown/ugv_ws/install/my_ugv_hardware/lib/python3.12/site-packages:/home/ground/ugv_repo/OperationTouchdown/ugv_ws/install/depthai_ros_driver/lib/python3.12/site-packages:/opt/ros/jazzy/lib/python3.12/site-packages /usr/bin/cmake --build /home/ground/ugv_repo/OperationTouchdown/ugv_ws/build/depthai_examples -- -j4 -l4
[3.212s] DEBUG:colcon.colcon_core.event_handler.log_command:Invoking command in '/home/ground/ugv_repo/OperationTouchdown/ugv_ws/build/depthai_examples': CMAKE_PREFIX_PATH=/home/ground/ugv_repo/OperationTouchdown/ugv_ws/install/depthai_bridge:/home/ground/ugv_repo/OperationTouchdown/ugv_ws/install/depthai_ros_msgs:/home/ground/ugv_repo/OperationTouchdown/ugv_ws/install/depthai_descriptions:/home/ground/ugv_repo/OperationTouchdown/ugv_ws/install/dual_laser_merger:/home/ground/ugv_repo/OperationTouchdown/ugv_ws/install/rplidar_ros:/home/ground/ugv_repo/OperationTouchdown/ugv_ws/install/roboteq_ros2_driver:/home/ground/ugv_repo/OperationTouchdown/ugv_ws/install/my_ugv_bringup:/home/ground/ugv_repo/OperationTouchdown/ugv_ws/install/my_ugv_description:/home/ground/ugv_repo/OperationTouchdown/ugv_ws/install/depthai-ros:/home/ground/ugv_repo/OperationTouchdown/ugv_ws/install/depthai_ros_driver:/home/ground/ugv_repo/OperationTouchdown/ugv_ws/install/depthai_filters:/home/ground/ugv_repo/OperationTouchdown/ugv_ws/install/depthai_examples:/opt/ros/jazzy/opt/gz_sim_vendor:/opt/ros/jazzy/opt/gz_sensors_vendor:/opt/ros/jazzy/opt/gz_physics_vendor:/opt/ros/jazzy/opt/sdformat_vendor:/opt/ros/jazzy/opt/gz_gui_vendor:/opt/ros/jazzy/opt/gz_transport_vendor:/opt/ros/jazzy/opt/gz_rendering_vendor:/opt/ros/jazzy/opt/gz_plugin_vendor:/opt/ros/jazzy/opt/gz_fuel_tools_vendor:/opt/ros/jazzy/opt/gz_msgs_vendor:/opt/ros/jazzy/opt/gz_common_vendor:/opt/ros/jazzy/opt/gz_math_vendor:/opt/ros/jazzy/opt/gz_utils_vendor:/opt/ros/jazzy/opt/gz_tools_vendor:/opt/ros/jazzy/opt/gz_ogre_next_vendor:/opt/ros/jazzy/opt/gz_dartsim_vendor:/opt/ros/jazzy/opt/gz_cmake_vendor:/home/ground/ugv_repo/OperationTouchdown/ugv_ws/install/my_ugv_vision:/home/ground/ugv_repo/OperationTouchdown/ugv_ws/install/my_ugv_hardware:/opt/ros/jazzy DEBUGINFOD_URLS=https://debuginfod.ubuntu.com GAZEBO_MODEL_PATH=/home/ground/ugv_repo/OperationTouchdown/ugv_ws/install/depthai_descriptions:${GAZEBO_MODEL_PATH} GAZEBO_RESOURCE_PATH=/home/ground/ugv_repo/OperationTouchdown/ugv_ws/install/depthai_descriptions:${GAZEBO_RESOURCE_PATH} IGN_GAZEBO_MODEL_PATH=/home/ground/ugv_repo/OperationTouchdown/ugv_ws/install/depthai_descriptions:${IGN_GAZEBO_MODEL_PATH} IGN_GAZEBO_RESOURCE_PATH=/home/ground/ugv_repo/OperationTouchdown/ugv_ws/install/depthai_descriptions:${IGN_GAZEBO_RESOURCE_PATH} LD_LIBRARY_PATH=/home/ground/ugv_repo/OperationTouchdown/ugv_ws/install/depthai_bridge/lib:/home/ground/ugv_repo/OperationTouchdown/ugv_ws/install/depthai_ros_msgs/lib:/home/ground/ugv_repo/OperationTouchdown/ugv_ws/install/dual_laser_merger/lib:/home/ground/ugv_repo/OperationTouchdown/ugv_ws/install/depthai_ros_driver/lib:/home/ground/ugv_repo/OperationTouchdown/ugv_ws/install/depthai_filters/lib:/opt/ros/jazzy/opt/gz_sim_vendor/lib:/opt/ros/jazzy/opt/gz_sensors_vendor/lib:/opt/ros/jazzy/opt/gz_physics_vendor/lib:/opt/ros/jazzy/opt/sdformat_vendor/lib:/opt/ros/jazzy/opt/rviz_ogre_vendor/lib:/opt/ros/jazzy/lib/aarch64-linux-gnu:/opt/ros/jazzy/opt/gz_gui_vendor/lib:/opt/ros/jazzy/opt/gz_transport_vendor/lib:/opt/ros/jazzy/opt/gz_rendering_vendor/lib:/opt/ros/jazzy/opt/gz_plugin_vendor/lib:/opt/ros/jazzy/opt/gz_fuel_tools_vendor/lib:/opt/ros/jazzy/opt/gz_msgs_vendor/lib:/opt/ros/jazzy/opt/gz_common_vendor/lib:/opt/ros/jazzy/opt/gz_math_vendor/lib:/opt/ros/jazzy/opt/gz_utils_vendor/lib:/opt/ros/jazzy/opt/gz_tools_vendor/lib:/opt/ros/jazzy/opt/gz_ogre_next_vendor/lib:/opt/ros/jazzy/opt/gz_dartsim_vendor/lib:/opt/ros/jazzy/opt/gz_cmake_vendor/lib:/opt/ros/jazzy/lib PYTHONPATH=/home/ground/ugv_repo/OperationTouchdown/ugv_ws/install/depthai_ros_msgs/lib/python3.12/site-packages:/home/ground/ugv_repo/OperationTouchdown/ugv_ws/build/my_ugv_vision:/home/ground/ugv_repo/OperationTouchdown/ugv_ws/install/my_ugv_vision/lib/python3.12/site-packages:/home/ground/ugv_repo/OperationTouchdown/ugv_ws/build/my_ugv_hardware:/home/ground/ugv_repo/OperationTouchdown/ugv_ws/install/my_ugv_hardware/lib/python3.12/site-packages:/home/ground/ugv_repo/OperationTouchdown/ugv_ws/install/depthai_ros_driver/lib/python3.12/site-packages:/opt/ros/jazzy/lib/python3.12/site-packages /usr/bin/cmake --install /home/ground/ugv_repo/OperationTouchdown/ugv_ws/build/depthai_examples
[3.241s] Level 1:colcon.colcon_core.environment:create_environment_scripts_only(rplidar_ros)
[3.242s] DEBUG:colcon.colcon_core.event_handler.log_command:Invoked command in '/home/ground/ugv_repo/OperationTouchdown/ugv_ws/build/rplidar_ros' returned '0': CMAKE_PREFIX_PATH=${CMAKE_PREFIX_PATH}:/home/ground/ugv_repo/OperationTouchdown/ugv_ws/install/my_ugv_vision:/home/ground/ugv_repo/OperationTouchdown/ugv_ws/install/my_ugv_hardware:/opt/ros/jazzy DEBUGINFOD_URLS=https://debuginfod.ubuntu.com /usr/bin/cmake --install /home/ground/ugv_repo/OperationTouchdown/ugv_ws/build/rplidar_ros
[3.242s] Level 1:colcon.colcon_core.environment:checking '/home/ground/ugv_repo/OperationTouchdown/ugv_ws/install/rplidar_ros' for CMake module files
[3.246s] Level 1:colcon.colcon_core.environment:checking '/home/ground/ugv_repo/OperationTouchdown/ugv_ws/install/rplidar_ros' for CMake config files
[3.250s] Level 1:colcon.colcon_core.shell:create_environment_hook('rplidar_ros', 'cmake_prefix_path')
[3.252s] INFO:colcon.colcon_core.shell:Creating environment hook '/home/ground/ugv_repo/OperationTouchdown/ugv_ws/install/rplidar_ros/share/rplidar_ros/hook/cmake_prefix_path.ps1'
[3.256s] INFO:colcon.colcon_core.shell:Creating environment descriptor '/home/ground/ugv_repo/OperationTouchdown/ugv_ws/install/rplidar_ros/share/rplidar_ros/hook/cmake_prefix_path.dsv'
[3.259s] INFO:colcon.colcon_core.shell:Creating environment hook '/home/ground/ugv_repo/OperationTouchdown/ugv_ws/install/rplidar_ros/share/rplidar_ros/hook/cmake_prefix_path.sh'
[3.264s] Level 1:colcon.colcon_core.environment:checking '/home/ground/ugv_repo/OperationTouchdown/ugv_ws/install/rplidar_ros/lib'
[3.265s] Level 1:colcon.colcon_core.environment:checking '/home/ground/ugv_repo/OperationTouchdown/ugv_ws/install/rplidar_ros/bin'
[3.266s] Level 1:colcon.colcon_core.environment:checking '/home/ground/ugv_repo/OperationTouchdown/ugv_ws/install/rplidar_ros/lib/pkgconfig/rplidar_ros.pc'
[3.267s] Level 1:colcon.colcon_core.environment:checking '/home/ground/ugv_repo/OperationTouchdown/ugv_ws/install/rplidar_ros/lib/python3.12/site-packages'
[3.270s] Level 1:colcon.colcon_core.environment:checking '/home/ground/ugv_repo/OperationTouchdown/ugv_ws/install/rplidar_ros/bin'
[3.271s] INFO:colcon.colcon_core.shell:Creating package script '/home/ground/ugv_repo/OperationTouchdown/ugv_ws/install/rplidar_ros/share/rplidar_ros/package.ps1'
[3.276s] INFO:colcon.colcon_core.shell:Creating package descriptor '/home/ground/ugv_repo/OperationTouchdown/ugv_ws/install/rplidar_ros/share/rplidar_ros/package.dsv'
[3.278s] INFO:colcon.colcon_core.shell:Creating package script '/home/ground/ugv_repo/OperationTouchdown/ugv_ws/install/rplidar_ros/share/rplidar_ros/package.sh'
[3.283s] INFO:colcon.colcon_core.shell:Creating package script '/home/ground/ugv_repo/OperationTouchdown/ugv_ws/install/rplidar_ros/share/rplidar_ros/package.bash'
[3.286s] INFO:colcon.colcon_core.shell:Creating package script '/home/ground/ugv_repo/OperationTouchdown/ugv_ws/install/rplidar_ros/share/rplidar_ros/package.zsh'
[3.288s] Level 1:colcon.colcon_core.environment:create_file_with_runtime_dependencies(/home/ground/ugv_repo/OperationTouchdown/ugv_ws/install/rplidar_ros/share/colcon-core/packages/rplidar_ros)
[3.289s] Level 1:colcon.colcon_core.environment:create_environment_scripts_only(rplidar_ros)
[3.290s] Level 1:colcon.colcon_core.environment:checking '/home/ground/ugv_repo/OperationTouchdown/ugv_ws/install/rplidar_ros' for CMake module files
[3.291s] Level 1:colcon.colcon_core.environment:checking '/home/ground/ugv_repo/OperationTouchdown/ugv_ws/install/rplidar_ros' for CMake config files
[3.293s] Level 1:colcon.colcon_core.shell:create_environment_hook('rplidar_ros', 'cmake_prefix_path')
[3.293s] INFO:colcon.colcon_core.shell:Creating environment hook '/home/ground/ugv_repo/OperationTouchdown/ugv_ws/install/rplidar_ros/share/rplidar_ros/hook/cmake_prefix_path.ps1'
[3.295s] INFO:colcon.colcon_core.shell:Creating environment descriptor '/home/ground/ugv_repo/OperationTouchdown/ugv_ws/install/rplidar_ros/share/rplidar_ros/hook/cmake_prefix_path.dsv'
[3.296s] INFO:colcon.colcon_core.shell:Creating environment hook '/home/ground/ugv_repo/OperationTouchdown/ugv_ws/install/rplidar_ros/share/rplidar_ros/hook/cmake_prefix_path.sh'
[3.300s] Level 1:colcon.colcon_core.environment:checking '/home/ground/ugv_repo/OperationTouchdown/ugv_ws/install/rplidar_ros/lib'
[3.300s] Level 1:colcon.colcon_core.environment:checking '/home/ground/ugv_repo/OperationTouchdown/ugv_ws/install/rplidar_ros/bin'
[3.301s] Level 1:colcon.colcon_core.environment:checking '/home/ground/ugv_repo/OperationTouchdown/ugv_ws/install/rplidar_ros/lib/pkgconfig/rplidar_ros.pc'
[3.302s] Level 1:colcon.colcon_core.environment:checking '/home/ground/ugv_repo/OperationTouchdown/ugv_ws/install/rplidar_ros/lib/python3.12/site-packages'
[3.306s] Level 1:colcon.colcon_core.environment:checking '/home/ground/ugv_repo/OperationTouchdown/ugv_ws/install/rplidar_ros/bin'
[3.306s] INFO:colcon.colcon_core.shell:Creating package script '/home/ground/ugv_repo/OperationTouchdown/ugv_ws/install/rplidar_ros/share/rplidar_ros/package.ps1'
[3.309s] INFO:colcon.colcon_core.shell:Creating package descriptor '/home/ground/ugv_repo/OperationTouchdown/ugv_ws/install/rplidar_ros/share/rplidar_ros/package.dsv'
[3.311s] INFO:colcon.colcon_core.shell:Creating package script '/home/ground/ugv_repo/OperationTouchdown/ugv_ws/install/rplidar_ros/share/rplidar_ros/package.sh'
[3.312s] INFO:colcon.colcon_core.shell:Creating package script '/home/ground/ugv_repo/OperationTouchdown/ugv_ws/install/rplidar_ros/share/rplidar_ros/package.bash'
[3.313s] INFO:colcon.colcon_core.shell:Creating package script '/home/ground/ugv_repo/OperationTouchdown/ugv_ws/install/rplidar_ros/share/rplidar_ros/package.zsh'
[3.314s] Level 1:colcon.colcon_core.environment:create_file_with_runtime_dependencies(/home/ground/ugv_repo/OperationTouchdown/ugv_ws/install/rplidar_ros/share/colcon-core/packages/rplidar_ros)
[3.317s] Level 1:colcon.colcon_core.environment:create_environment_scripts_only(depthai_examples)
[3.318s] Level 1:colcon.colcon_core.environment:checking '/home/ground/ugv_repo/OperationTouchdown/ugv_ws/install/depthai_examples' for CMake module files
[3.319s] Level 1:colcon.colcon_core.environment:checking '/home/ground/ugv_repo/OperationTouchdown/ugv_ws/install/depthai_examples' for CMake config files
[3.319s] Level 1:colcon.colcon_core.shell:create_environment_hook('depthai_examples', 'cmake_prefix_path')
[3.320s] INFO:colcon.colcon_core.shell:Creating environment hook '/home/ground/ugv_repo/OperationTouchdown/ugv_ws/install/depthai_examples/share/depthai_examples/hook/cmake_prefix_path.ps1'
[3.322s] DEBUG:colcon.colcon_core.event_handler.log_command:Invoked command in '/home/ground/ugv_repo/OperationTouchdown/ugv_ws/build/depthai_examples' returned '0': CMAKE_PREFIX_PATH=/home/ground/ugv_repo/OperationTouchdown/ugv_ws/install/depthai_bridge:/home/ground/ugv_repo/OperationTouchdown/ugv_ws/install/depthai_ros_msgs:/home/ground/ugv_repo/OperationTouchdown/ugv_ws/install/depthai_descriptions:/home/ground/ugv_repo/OperationTouchdown/ugv_ws/install/dual_laser_merger:/home/ground/ugv_repo/OperationTouchdown/ugv_ws/install/rplidar_ros:/home/ground/ugv_repo/OperationTouchdown/ugv_ws/install/roboteq_ros2_driver:/home/ground/ugv_repo/OperationTouchdown/ugv_ws/install/my_ugv_bringup:/home/ground/ugv_repo/OperationTouchdown/ugv_ws/install/my_ugv_description:/home/ground/ugv_repo/OperationTouchdown/ugv_ws/install/depthai-ros:/home/ground/ugv_repo/OperationTouchdown/ugv_ws/install/depthai_ros_driver:/home/ground/ugv_repo/OperationTouchdown/ugv_ws/install/depthai_filters:/home/ground/ugv_repo/OperationTouchdown/ugv_ws/install/depthai_examples:/opt/ros/jazzy/opt/gz_sim_vendor:/opt/ros/jazzy/opt/gz_sensors_vendor:/opt/ros/jazzy/opt/gz_physics_vendor:/opt/ros/jazzy/opt/sdformat_vendor:/opt/ros/jazzy/opt/gz_gui_vendor:/opt/ros/jazzy/opt/gz_transport_vendor:/opt/ros/jazzy/opt/gz_rendering_vendor:/opt/ros/jazzy/opt/gz_plugin_vendor:/opt/ros/jazzy/opt/gz_fuel_tools_vendor:/opt/ros/jazzy/opt/gz_msgs_vendor:/opt/ros/jazzy/opt/gz_common_vendor:/opt/ros/jazzy/opt/gz_math_vendor:/opt/ros/jazzy/opt/gz_utils_vendor:/opt/ros/jazzy/opt/gz_tools_vendor:/opt/ros/jazzy/opt/gz_ogre_next_vendor:/opt/ros/jazzy/opt/gz_dartsim_vendor:/opt/ros/jazzy/opt/gz_cmake_vendor:/home/ground/ugv_repo/OperationTouchdown/ugv_ws/install/my_ugv_vision:/home/ground/ugv_repo/OperationTouchdown/ugv_ws/install/my_ugv_hardware:/opt/ros/jazzy DEBUGINFOD_URLS=https://debuginfod.ubuntu.com GAZEBO_MODEL_PATH=/home/ground/ugv_repo/OperationTouchdown/ugv_ws/install/depthai_descriptions:${GAZEBO_MODEL_PATH} GAZEBO_RESOURCE_PATH=/home/ground/ugv_repo/OperationTouchdown/ugv_ws/install/depthai_descriptions:${GAZEBO_RESOURCE_PATH} IGN_GAZEBO_MODEL_PATH=/home/ground/ugv_repo/OperationTouchdown/ugv_ws/install/depthai_descriptions:${IGN_GAZEBO_MODEL_PATH} IGN_GAZEBO_RESOURCE_PATH=/home/ground/ugv_repo/OperationTouchdown/ugv_ws/install/depthai_descriptions:${IGN_GAZEBO_RESOURCE_PATH} LD_LIBRARY_PATH=/home/ground/ugv_repo/OperationTouchdown/ugv_ws/install/depthai_bridge/lib:/home/ground/ugv_repo/OperationTouchdown/ugv_ws/install/depthai_ros_msgs/lib:/home/ground/ugv_repo/OperationTouchdown/ugv_ws/install/dual_laser_merger/lib:/home/ground/ugv_repo/OperationTouchdown/ugv_ws/install/depthai_ros_driver/lib:/home/ground/ugv_repo/OperationTouchdown/ugv_ws/install/depthai_filters/lib:/opt/ros/jazzy/opt/gz_sim_vendor/lib:/opt/ros/jazzy/opt/gz_sensors_vendor/lib:/opt/ros/jazzy/opt/gz_physics_vendor/lib:/opt/ros/jazzy/opt/sdformat_vendor/lib:/opt/ros/jazzy/opt/rviz_ogre_vendor/lib:/opt/ros/jazzy/lib/aarch64-linux-gnu:/opt/ros/jazzy/opt/gz_gui_vendor/lib:/opt/ros/jazzy/opt/gz_transport_vendor/lib:/opt/ros/jazzy/opt/gz_rendering_vendor/lib:/opt/ros/jazzy/opt/gz_plugin_vendor/lib:/opt/ros/jazzy/opt/gz_fuel_tools_vendor/lib:/opt/ros/jazzy/opt/gz_msgs_vendor/lib:/opt/ros/jazzy/opt/gz_common_vendor/lib:/opt/ros/jazzy/opt/gz_math_vendor/lib:/opt/ros/jazzy/opt/gz_utils_vendor/lib:/opt/ros/jazzy/opt/gz_tools_vendor/lib:/opt/ros/jazzy/opt/gz_ogre_next_vendor/lib:/opt/ros/jazzy/opt/gz_dartsim_vendor/lib:/opt/ros/jazzy/opt/gz_cmake_vendor/lib:/opt/ros/jazzy/lib PYTHONPATH=/home/ground/ugv_repo/OperationTouchdown/ugv_ws/install/depthai_ros_msgs/lib/python3.12/site-packages:/home/ground/ugv_repo/OperationTouchdown/ugv_ws/build/my_ugv_vision:/home/ground/ugv_repo/OperationTouchdown/ugv_ws/install/my_ugv_vision/lib/python3.12/site-packages:/home/ground/ugv_repo/OperationTouchdown/ugv_ws/build/my_ugv_hardware:/home/ground/ugv_repo/OperationTouchdown/ugv_ws/install/my_ugv_hardware/lib/python3.12/site-packages:/home/ground/ugv_repo/OperationTouchdown/ugv_ws/install/depthai_ros_driver/lib/python3.12/site-packages:/opt/ros/jazzy/lib/python3.12/site-packages /usr/bin/cmake --install /home/ground/ugv_repo/OperationTouchdown/ugv_ws/build/depthai_examples
[3.322s] INFO:colcon.colcon_core.shell:Creating environment descriptor '/home/ground/ugv_repo/OperationTouchdown/ugv_ws/install/depthai_examples/share/depthai_examples/hook/cmake_prefix_path.dsv'
[3.323s] INFO:colcon.colcon_core.shell:Creating environment hook '/home/ground/ugv_repo/OperationTouchdown/ugv_ws/install/depthai_examples/share/depthai_examples/hook/cmake_prefix_path.sh'
[3.325s] Level 1:colcon.colcon_core.environment:checking '/home/ground/ugv_repo/OperationTouchdown/ugv_ws/install/depthai_examples/lib'
[3.325s] Level 1:colcon.colcon_core.environment:checking '/home/ground/ugv_repo/OperationTouchdown/ugv_ws/install/depthai_examples/bin'
[3.325s] Level 1:colcon.colcon_core.environment:checking '/home/ground/ugv_repo/OperationTouchdown/ugv_ws/install/depthai_examples/lib/pkgconfig/depthai_examples.pc'
[3.326s] Level 1:colcon.colcon_core.environment:checking '/home/ground/ugv_repo/OperationTouchdown/ugv_ws/install/depthai_examples/lib/python3.12/site-packages'
[3.326s] Level 1:colcon.colcon_core.environment:checking '/home/ground/ugv_repo/OperationTouchdown/ugv_ws/install/depthai_examples/bin'
[3.327s] INFO:colcon.colcon_core.shell:Creating package script '/home/ground/ugv_repo/OperationTouchdown/ugv_ws/install/depthai_examples/share/depthai_examples/package.ps1'
[3.328s] INFO:colcon.colcon_core.shell:Creating package descriptor '/home/ground/ugv_repo/OperationTouchdown/ugv_ws/install/depthai_examples/share/depthai_examples/package.dsv'
[3.330s] INFO:colcon.colcon_core.shell:Creating package script '/home/ground/ugv_repo/OperationTouchdown/ugv_ws/install/depthai_examples/share/depthai_examples/package.sh'
[3.331s] INFO:colcon.colcon_core.shell:Creating package script '/home/ground/ugv_repo/OperationTouchdown/ugv_ws/install/depthai_examples/share/depthai_examples/package.bash'
[3.332s] INFO:colcon.colcon_core.shell:Creating package script '/home/ground/ugv_repo/OperationTouchdown/ugv_ws/install/depthai_examples/share/depthai_examples/package.zsh'
[3.333s] Level 1:colcon.colcon_core.environment:create_file_with_runtime_dependencies(/home/ground/ugv_repo/OperationTouchdown/ugv_ws/install/depthai_examples/share/colcon-core/packages/depthai_examples)
[3.336s] Level 1:colcon.colcon_core.environment:create_environment_scripts_only(depthai_examples)
[3.336s] Level 1:colcon.colcon_core.environment:checking '/home/ground/ugv_repo/OperationTouchdown/ugv_ws/install/depthai_examples' for CMake module files
[3.337s] Level 1:colcon.colcon_core.environment:checking '/home/ground/ugv_repo/OperationTouchdown/ugv_ws/install/depthai_examples' for CMake config files
[3.338s] Level 1:colcon.colcon_core.shell:create_environment_hook('depthai_examples', 'cmake_prefix_path')
[3.338s] INFO:colcon.colcon_core.shell:Creating environment hook '/home/ground/ugv_repo/OperationTouchdown/ugv_ws/install/depthai_examples/share/depthai_examples/hook/cmake_prefix_path.ps1'
[3.339s] INFO:colcon.colcon_core.shell:Creating environment descriptor '/home/ground/ugv_repo/OperationTouchdown/ugv_ws/install/depthai_examples/share/depthai_examples/hook/cmake_prefix_path.dsv'
[3.340s] INFO:colcon.colcon_core.shell:Creating environment hook '/home/ground/ugv_repo/OperationTouchdown/ugv_ws/install/depthai_examples/share/depthai_examples/hook/cmake_prefix_path.sh'
[3.341s] Level 1:colcon.colcon_core.environment:checking '/home/ground/ugv_repo/OperationTouchdown/ugv_ws/install/depthai_examples/lib'
[3.342s] Level 1:colcon.colcon_core.environment:checking '/home/ground/ugv_repo/OperationTouchdown/ugv_ws/install/depthai_examples/bin'
[3.342s] Level 1:colcon.colcon_core.environment:checking '/home/ground/ugv_repo/OperationTouchdown/ugv_ws/install/depthai_examples/lib/pkgconfig/depthai_examples.pc'
[3.342s] Level 1:colcon.colcon_core.environment:checking '/home/ground/ugv_repo/OperationTouchdown/ugv_ws/install/depthai_examples/lib/python3.12/site-packages'
[3.343s] Level 1:colcon.colcon_core.environment:checking '/home/ground/ugv_repo/OperationTouchdown/ugv_ws/install/depthai_examples/bin'
[3.344s] INFO:colcon.colcon_core.shell:Creating package script '/home/ground/ugv_repo/OperationTouchdown/ugv_ws/install/depthai_examples/share/depthai_examples/package.ps1'
[3.345s] INFO:colcon.colcon_core.shell:Creating package descriptor '/home/ground/ugv_repo/OperationTouchdown/ugv_ws/install/depthai_examples/share/depthai_examples/package.dsv'
[3.346s] INFO:colcon.colcon_core.shell:Creating package script '/home/ground/ugv_repo/OperationTouchdown/ugv_ws/install/depthai_examples/share/depthai_examples/package.sh'
[3.347s] INFO:colcon.colcon_core.shell:Creating package script '/home/ground/ugv_repo/OperationTouchdown/ugv_ws/install/depthai_examples/share/depthai_examples/package.bash'
[3.348s] INFO:colcon.colcon_core.shell:Creating package script '/home/ground/ugv_repo/OperationTouchdown/ugv_ws/install/depthai_examples/share/depthai_examples/package.zsh'
[3.349s] Level 1:colcon.colcon_core.environment:create_file_with_runtime_dependencies(/home/ground/ugv_repo/OperationTouchdown/ugv_ws/install/depthai_examples/share/colcon-core/packages/depthai_examples)
[3.350s] INFO:colcon.colcon_ros.task.ament_cmake.build:Building ROS package in '/home/ground/ugv_repo/OperationTouchdown/ugv_ws/src/depthai-ros/depthai_ros_driver' with build type 'ament_cmake'
[3.352s] INFO:colcon.colcon_cmake.task.cmake.build:Building CMake package in '/home/ground/ugv_repo/OperationTouchdown/ugv_ws/src/depthai-ros/depthai_ros_driver'
[3.353s] INFO:colcon.colcon_core.shell:Skip shell extension 'powershell' for command environment: Not usable outside of PowerShell
[3.353s] DEBUG:colcon.colcon_core.shell:Skip shell extension 'dsv' for command environment
[3.378s] DEBUG:colcon.colcon_core.event_handler.log_command:Invoking command in '/home/ground/ugv_repo/OperationTouchdown/ugv_ws/build/my_ugv_vision': DEBUGINFOD_URLS=https://debuginfod.ubuntu.com PYTHONPATH=/home/ground/ugv_repo/OperationTouchdown/ugv_ws/build/my_ugv_vision/prefix_override:/usr/lib/python3/dist-packages/colcon_core/task/python/colcon_distutils_commands:/home/ground/ugv_repo/OperationTouchdown/ugv_ws/install/my_ugv_vision/lib/python3.12/site-packages:${PYTHONPATH} /usr/bin/python3 -W ignore:setup.py install is deprecated -W ignore:easy_install command is deprecated setup.py develop --editable --build-directory /home/ground/ugv_repo/OperationTouchdown/ugv_ws/build/my_ugv_vision/build --no-deps symlink_data
[3.387s] DEBUG:colcon.colcon_core.event_handler.log_command:Invoking command in '/home/ground/ugv_repo/OperationTouchdown/ugv_ws/build/depthai_ros_driver': CMAKE_PREFIX_PATH=/home/ground/ugv_repo/OperationTouchdown/ugv_ws/install/depthai_examples:/home/ground/ugv_repo/OperationTouchdown/ugv_ws/install/depthai_bridge:/home/ground/ugv_repo/OperationTouchdown/ugv_ws/install/depthai_ros_msgs:/home/ground/ugv_repo/OperationTouchdown/ugv_ws/install/depthai_descriptions:/home/ground/ugv_repo/OperationTouchdown/ugv_ws/install/dual_laser_merger:/home/ground/ugv_repo/OperationTouchdown/ugv_ws/install/rplidar_ros:/home/ground/ugv_repo/OperationTouchdown/ugv_ws/install/roboteq_ros2_driver:/home/ground/ugv_repo/OperationTouchdown/ugv_ws/install/my_ugv_bringup:/home/ground/ugv_repo/OperationTouchdown/ugv_ws/install/my_ugv_description:/home/ground/ugv_repo/OperationTouchdown/ugv_ws/install/depthai-ros:/home/ground/ugv_repo/OperationTouchdown/ugv_ws/install/depthai_ros_driver:/home/ground/ugv_repo/OperationTouchdown/ugv_ws/install/depthai_filters:/opt/ros/jazzy/opt/gz_sim_vendor:/opt/ros/jazzy/opt/gz_sensors_vendor:/opt/ros/jazzy/opt/gz_physics_vendor:/opt/ros/jazzy/opt/sdformat_vendor:/opt/ros/jazzy/opt/gz_gui_vendor:/opt/ros/jazzy/opt/gz_transport_vendor:/opt/ros/jazzy/opt/gz_rendering_vendor:/opt/ros/jazzy/opt/gz_plugin_vendor:/opt/ros/jazzy/opt/gz_fuel_tools_vendor:/opt/ros/jazzy/opt/gz_msgs_vendor:/opt/ros/jazzy/opt/gz_common_vendor:/opt/ros/jazzy/opt/gz_math_vendor:/opt/ros/jazzy/opt/gz_utils_vendor:/opt/ros/jazzy/opt/gz_tools_vendor:/opt/ros/jazzy/opt/gz_ogre_next_vendor:/opt/ros/jazzy/opt/gz_dartsim_vendor:/opt/ros/jazzy/opt/gz_cmake_vendor:/home/ground/ugv_repo/OperationTouchdown/ugv_ws/install/my_ugv_vision:/home/ground/ugv_repo/OperationTouchdown/ugv_ws/install/my_ugv_hardware:/opt/ros/jazzy DEBUGINFOD_URLS=https://debuginfod.ubuntu.com GAZEBO_MODEL_PATH=/home/ground/ugv_repo/OperationTouchdown/ugv_ws/install/depthai_descriptions:${GAZEBO_MODEL_PATH} GAZEBO_RESOURCE_PATH=/home/ground/ugv_repo/OperationTouchdown/ugv_ws/install/depthai_descriptions:${GAZEBO_RESOURCE_PATH} IGN_GAZEBO_MODEL_PATH=/home/ground/ugv_repo/OperationTouchdown/ugv_ws/install/depthai_descriptions:${IGN_GAZEBO_MODEL_PATH} IGN_GAZEBO_RESOURCE_PATH=/home/ground/ugv_repo/OperationTouchdown/ugv_ws/install/depthai_descriptions:${IGN_GAZEBO_RESOURCE_PATH} LD_LIBRARY_PATH=/home/ground/ugv_repo/OperationTouchdown/ugv_ws/install/depthai_bridge/lib:/home/ground/ugv_repo/OperationTouchdown/ugv_ws/install/depthai_ros_msgs/lib:/home/ground/ugv_repo/OperationTouchdown/ugv_ws/install/dual_laser_merger/lib:/home/ground/ugv_repo/OperationTouchdown/ugv_ws/install/depthai_ros_driver/lib:/home/ground/ugv_repo/OperationTouchdown/ugv_ws/install/depthai_filters/lib:/opt/ros/jazzy/opt/gz_sim_vendor/lib:/opt/ros/jazzy/opt/gz_sensors_vendor/lib:/opt/ros/jazzy/opt/gz_physics_vendor/lib:/opt/ros/jazzy/opt/sdformat_vendor/lib:/opt/ros/jazzy/opt/rviz_ogre_vendor/lib:/opt/ros/jazzy/lib/aarch64-linux-gnu:/opt/ros/jazzy/opt/gz_gui_vendor/lib:/opt/ros/jazzy/opt/gz_transport_vendor/lib:/opt/ros/jazzy/opt/gz_rendering_vendor/lib:/opt/ros/jazzy/opt/gz_plugin_vendor/lib:/opt/ros/jazzy/opt/gz_fuel_tools_vendor/lib:/opt/ros/jazzy/opt/gz_msgs_vendor/lib:/opt/ros/jazzy/opt/gz_common_vendor/lib:/opt/ros/jazzy/opt/gz_math_vendor/lib:/opt/ros/jazzy/opt/gz_utils_vendor/lib:/opt/ros/jazzy/opt/gz_tools_vendor/lib:/opt/ros/jazzy/opt/gz_ogre_next_vendor/lib:/opt/ros/jazzy/opt/gz_dartsim_vendor/lib:/opt/ros/jazzy/opt/gz_cmake_vendor/lib:/opt/ros/jazzy/lib PYTHONPATH=/home/ground/ugv_repo/OperationTouchdown/ugv_ws/install/depthai_ros_msgs/lib/python3.12/site-packages:/home/ground/ugv_repo/OperationTouchdown/ugv_ws/build/my_ugv_vision:/home/ground/ugv_repo/OperationTouchdown/ugv_ws/install/my_ugv_vision/lib/python3.12/site-packages:/home/ground/ugv_repo/OperationTouchdown/ugv_ws/build/my_ugv_hardware:/home/ground/ugv_repo/OperationTouchdown/ugv_ws/install/my_ugv_hardware/lib/python3.12/site-packages:/home/ground/ugv_repo/OperationTouchdown/ugv_ws/install/depthai_ros_driver/lib/python3.12/site-packages:/opt/ros/jazzy/lib/python3.12/site-packages /usr/bin/cmake --build /home/ground/ugv_repo/OperationTouchdown/ugv_ws/build/depthai_ros_driver -- -j4 -l4
[4.094s] Level 1:colcon.colcon_core.shell:create_environment_hook('my_ugv_hardware', 'pythonpath_develop')
[4.094s] INFO:colcon.colcon_core.shell:Creating environment hook '/home/ground/ugv_repo/OperationTouchdown/ugv_ws/build/my_ugv_hardware/share/my_ugv_hardware/hook/pythonpath_develop.ps1'
[4.095s] INFO:colcon.colcon_core.shell:Creating environment descriptor '/home/ground/ugv_repo/OperationTouchdown/ugv_ws/build/my_ugv_hardware/share/my_ugv_hardware/hook/pythonpath_develop.dsv'
[4.096s] INFO:colcon.colcon_core.shell:Creating environment hook '/home/ground/ugv_repo/OperationTouchdown/ugv_ws/build/my_ugv_hardware/share/my_ugv_hardware/hook/pythonpath_develop.sh'
[4.098s] Level 1:colcon.colcon_core.environment:checking '/home/ground/ugv_repo/OperationTouchdown/ugv_ws/install/my_ugv_hardware' for CMake module files
[4.099s] Level 1:colcon.colcon_core.environment:checking '/home/ground/ugv_repo/OperationTouchdown/ugv_ws/install/my_ugv_hardware' for CMake config files
[4.100s] DEBUG:colcon.colcon_core.event_handler.log_command:Invoked command in '/home/ground/ugv_repo/OperationTouchdown/ugv_ws/build/my_ugv_hardware' returned '0': DEBUGINFOD_URLS=https://debuginfod.ubuntu.com PYTHONPATH=/home/ground/ugv_repo/OperationTouchdown/ugv_ws/build/my_ugv_hardware/prefix_override:/usr/lib/python3/dist-packages/colcon_core/task/python/colcon_distutils_commands:/home/ground/ugv_repo/OperationTouchdown/ugv_ws/install/my_ugv_hardware/lib/python3.12/site-packages:${PYTHONPATH} /usr/bin/python3 -W ignore:setup.py install is deprecated -W ignore:easy_install command is deprecated setup.py develop --editable --build-directory /home/ground/ugv_repo/OperationTouchdown/ugv_ws/build/my_ugv_hardware/build --no-deps symlink_data
[4.100s] Level 1:colcon.colcon_core.environment:checking '/home/ground/ugv_repo/OperationTouchdown/ugv_ws/install/my_ugv_hardware/lib'
[4.101s] Level 1:colcon.colcon_core.environment:checking '/home/ground/ugv_repo/OperationTouchdown/ugv_ws/install/my_ugv_hardware/bin'
[4.101s] Level 1:colcon.colcon_core.environment:checking '/home/ground/ugv_repo/OperationTouchdown/ugv_ws/install/my_ugv_hardware/lib/pkgconfig/my_ugv_hardware.pc'
[4.101s] Level 1:colcon.colcon_core.environment:checking '/home/ground/ugv_repo/OperationTouchdown/ugv_ws/install/my_ugv_hardware/lib/python3.12/site-packages'
[4.101s] Level 1:colcon.colcon_core.shell:create_environment_hook('my_ugv_hardware', 'pythonpath')
[4.102s] INFO:colcon.colcon_core.shell:Creating environment hook '/home/ground/ugv_repo/OperationTouchdown/ugv_ws/install/my_ugv_hardware/share/my_ugv_hardware/hook/pythonpath.ps1'
[4.103s] INFO:colcon.colcon_core.shell:Creating environment descriptor '/home/ground/ugv_repo/OperationTouchdown/ugv_ws/install/my_ugv_hardware/share/my_ugv_hardware/hook/pythonpath.dsv'
[4.103s] INFO:colcon.colcon_core.shell:Creating environment hook '/home/ground/ugv_repo/OperationTouchdown/ugv_ws/install/my_ugv_hardware/share/my_ugv_hardware/hook/pythonpath.sh'
[4.105s] Level 1:colcon.colcon_core.environment:checking '/home/ground/ugv_repo/OperationTouchdown/ugv_ws/install/my_ugv_hardware/bin'
[4.105s] Level 1:colcon.colcon_core.environment:create_environment_scripts_only(my_ugv_hardware)
[4.105s] INFO:colcon.colcon_core.shell:Creating package script '/home/ground/ugv_repo/OperationTouchdown/ugv_ws/install/my_ugv_hardware/share/my_ugv_hardware/package.ps1'
[4.107s] INFO:colcon.colcon_core.shell:Creating package descriptor '/home/ground/ugv_repo/OperationTouchdown/ugv_ws/install/my_ugv_hardware/share/my_ugv_hardware/package.dsv'
[4.108s] INFO:colcon.colcon_core.shell:Creating package script '/home/ground/ugv_repo/OperationTouchdown/ugv_ws/install/my_ugv_hardware/share/my_ugv_hardware/package.sh'
[4.109s] INFO:colcon.colcon_core.shell:Creating package script '/home/ground/ugv_repo/OperationTouchdown/ugv_ws/install/my_ugv_hardware/share/my_ugv_hardware/package.bash'
[4.111s] INFO:colcon.colcon_core.shell:Creating package script '/home/ground/ugv_repo/OperationTouchdown/ugv_ws/install/my_ugv_hardware/share/my_ugv_hardware/package.zsh'
[4.112s] Level 1:colcon.colcon_core.environment:create_file_with_runtime_dependencies(/home/ground/ugv_repo/OperationTouchdown/ugv_ws/install/my_ugv_hardware/share/colcon-core/packages/my_ugv_hardware)
[4.112s] INFO:colcon.colcon_ros.task.ament_cmake.build:Building ROS package in '/home/ground/ugv_repo/OperationTouchdown/ugv_ws/src/my_ugv_bringup' with build type 'ament_cmake'
[4.113s] INFO:colcon.colcon_cmake.task.cmake.build:Building CMake package in '/home/ground/ugv_repo/OperationTouchdown/ugv_ws/src/my_ugv_bringup'
[4.113s] INFO:colcon.colcon_core.shell:Skip shell extension 'powershell' for command environment: Not usable outside of PowerShell
[4.113s] DEBUG:colcon.colcon_core.shell:Skip shell extension 'dsv' for command environment
[4.137s] DEBUG:colcon.colcon_core.event_handler.log_command:Invoking command in '/home/ground/ugv_repo/OperationTouchdown/ugv_ws/build/my_ugv_bringup': AMENT_PREFIX_PATH=/home/ground/ugv_repo/OperationTouchdown/ugv_ws/install/my_ugv_hardware:/home/ground/ugv_repo/OperationTouchdown/ugv_ws/install/dual_laser_merger:/home/ground/ugv_repo/OperationTouchdown/ugv_ws/install/rplidar_ros:/home/ground/ugv_repo/OperationTouchdown/ugv_ws/install/roboteq_ros2_driver:/home/ground/ugv_repo/OperationTouchdown/ugv_ws/install/my_ugv_vision:/home/ground/ugv_repo/OperationTouchdown/ugv_ws/install/my_ugv_bringup:/home/ground/ugv_repo/OperationTouchdown/ugv_ws/install/my_ugv_description:/home/ground/ugv_repo/OperationTouchdown/ugv_ws/install/depthai-ros:/home/ground/ugv_repo/OperationTouchdown/ugv_ws/install/depthai_ros_driver:/home/ground/ugv_repo/OperationTouchdown/ugv_ws/install/depthai_filters:/home/ground/ugv_repo/OperationTouchdown/ugv_ws/install/depthai_examples:/home/ground/ugv_repo/OperationTouchdown/ugv_ws/install/depthai_bridge:/home/ground/ugv_repo/OperationTouchdown/ugv_ws/install/depthai_ros_msgs:/home/ground/ugv_repo/OperationTouchdown/ugv_ws/install/depthai_descriptions:/opt/ros/jazzy CMAKE_PREFIX_PATH=/home/ground/ugv_repo/OperationTouchdown/ugv_ws/install/my_ugv_description:/home/ground/ugv_repo/OperationTouchdown/ugv_ws/install/dual_laser_merger:/home/ground/ugv_repo/OperationTouchdown/ugv_ws/install/rplidar_ros:/home/ground/ugv_repo/OperationTouchdown/ugv_ws/install/roboteq_ros2_driver:/home/ground/ugv_repo/OperationTouchdown/ugv_ws/install/my_ugv_bringup:/home/ground/ugv_repo/OperationTouchdown/ugv_ws/install/depthai-ros:/home/ground/ugv_repo/OperationTouchdown/ugv_ws/install/depthai_ros_driver:/home/ground/ugv_repo/OperationTouchdown/ugv_ws/install/depthai_filters:/home/ground/ugv_repo/OperationTouchdown/ugv_ws/install/depthai_examples:/home/ground/ugv_repo/OperationTouchdown/ugv_ws/install/depthai_bridge:/home/ground/ugv_repo/OperationTouchdown/ugv_ws/install/depthai_ros_msgs:/home/ground/ugv_repo/OperationTouchdown/ugv_ws/install/depthai_descriptions:/opt/ros/jazzy/opt/gz_sim_vendor:/opt/ros/jazzy/opt/gz_sensors_vendor:/opt/ros/jazzy/opt/gz_physics_vendor:/opt/ros/jazzy/opt/sdformat_vendor:/opt/ros/jazzy/opt/gz_gui_vendor:/opt/ros/jazzy/opt/gz_transport_vendor:/opt/ros/jazzy/opt/gz_rendering_vendor:/opt/ros/jazzy/opt/gz_plugin_vendor:/opt/ros/jazzy/opt/gz_fuel_tools_vendor:/opt/ros/jazzy/opt/gz_msgs_vendor:/opt/ros/jazzy/opt/gz_common_vendor:/opt/ros/jazzy/opt/gz_math_vendor:/opt/ros/jazzy/opt/gz_utils_vendor:/opt/ros/jazzy/opt/gz_tools_vendor:/opt/ros/jazzy/opt/gz_ogre_next_vendor:/opt/ros/jazzy/opt/gz_dartsim_vendor:/opt/ros/jazzy/opt/gz_cmake_vendor:/home/ground/ugv_repo/OperationTouchdown/ugv_ws/install/my_ugv_vision:/home/ground/ugv_repo/OperationTouchdown/ugv_ws/install/my_ugv_hardware:/opt/ros/jazzy DEBUGINFOD_URLS=https://debuginfod.ubuntu.com PYTHONPATH=/home/ground/ugv_repo/OperationTouchdown/ugv_ws/build/my_ugv_hardware:/home/ground/ugv_repo/OperationTouchdown/ugv_ws/install/my_ugv_hardware/lib/python3.12/site-packages:/home/ground/ugv_repo/OperationTouchdown/ugv_ws/build/my_ugv_vision:/home/ground/ugv_repo/OperationTouchdown/ugv_ws/install/my_ugv_vision/lib/python3.12/site-packages:/home/ground/ugv_repo/OperationTouchdown/ugv_ws/install/depthai_ros_driver/lib/python3.12/site-packages:/home/ground/ugv_repo/OperationTouchdown/ugv_ws/install/depthai_ros_msgs/lib/python3.12/site-packages:/opt/ros/jazzy/lib/python3.12/site-packages /usr/bin/cmake --build /home/ground/ugv_repo/OperationTouchdown/ugv_ws/build/my_ugv_bringup -- -j4 -l4
[4.210s] DEBUG:colcon.colcon_core.event_handler.log_command:Invoked command in '/home/ground/ugv_repo/OperationTouchdown/ugv_ws/build/depthai_ros_driver' returned '0': CMAKE_PREFIX_PATH=/home/ground/ugv_repo/OperationTouchdown/ugv_ws/install/depthai_examples:/home/ground/ugv_repo/OperationTouchdown/ugv_ws/install/depthai_bridge:/home/ground/ugv_repo/OperationTouchdown/ugv_ws/install/depthai_ros_msgs:/home/ground/ugv_repo/OperationTouchdown/ugv_ws/install/depthai_descriptions:/home/ground/ugv_repo/OperationTouchdown/ugv_ws/install/dual_laser_merger:/home/ground/ugv_repo/OperationTouchdown/ugv_ws/install/rplidar_ros:/home/ground/ugv_repo/OperationTouchdown/ugv_ws/install/roboteq_ros2_driver:/home/ground/ugv_repo/OperationTouchdown/ugv_ws/install/my_ugv_bringup:/home/ground/ugv_repo/OperationTouchdown/ugv_ws/install/my_ugv_description:/home/ground/ugv_repo/OperationTouchdown/ugv_ws/install/depthai-ros:/home/ground/ugv_repo/OperationTouchdown/ugv_ws/install/depthai_ros_driver:/home/ground/ugv_repo/OperationTouchdown/ugv_ws/install/depthai_filters:/opt/ros/jazzy/opt/gz_sim_vendor:/opt/ros/jazzy/opt/gz_sensors_vendor:/opt/ros/jazzy/opt/gz_physics_vendor:/opt/ros/jazzy/opt/sdformat_vendor:/opt/ros/jazzy/opt/gz_gui_vendor:/opt/ros/jazzy/opt/gz_transport_vendor:/opt/ros/jazzy/opt/gz_rendering_vendor:/opt/ros/jazzy/opt/gz_plugin_vendor:/opt/ros/jazzy/opt/gz_fuel_tools_vendor:/opt/ros/jazzy/opt/gz_msgs_vendor:/opt/ros/jazzy/opt/gz_common_vendor:/opt/ros/jazzy/opt/gz_math_vendor:/opt/ros/jazzy/opt/gz_utils_vendor:/opt/ros/jazzy/opt/gz_tools_vendor:/opt/ros/jazzy/opt/gz_ogre_next_vendor:/opt/ros/jazzy/opt/gz_dartsim_vendor:/opt/ros/jazzy/opt/gz_cmake_vendor:/home/ground/ugv_repo/OperationTouchdown/ugv_ws/install/my_ugv_vision:/home/ground/ugv_repo/OperationTouchdown/ugv_ws/install/my_ugv_hardware:/opt/ros/jazzy DEBUGINFOD_URLS=https://debuginfod.ubuntu.com GAZEBO_MODEL_PATH=/home/ground/ugv_repo/OperationTouchdown/ugv_ws/install/depthai_descriptions:${GAZEBO_MODEL_PATH} GAZEBO_RESOURCE_PATH=/home/ground/ugv_repo/OperationTouchdown/ugv_ws/install/depthai_descriptions:${GAZEBO_RESOURCE_PATH} IGN_GAZEBO_MODEL_PATH=/home/ground/ugv_repo/OperationTouchdown/ugv_ws/install/depthai_descriptions:${IGN_GAZEBO_MODEL_PATH} IGN_GAZEBO_RESOURCE_PATH=/home/ground/ugv_repo/OperationTouchdown/ugv_ws/install/depthai_descriptions:${IGN_GAZEBO_RESOURCE_PATH} LD_LIBRARY_PATH=/home/ground/ugv_repo/OperationTouchdown/ugv_ws/install/depthai_bridge/lib:/home/ground/ugv_repo/OperationTouchdown/ugv_ws/install/depthai_ros_msgs/lib:/home/ground/ugv_repo/OperationTouchdown/ugv_ws/install/dual_laser_merger/lib:/home/ground/ugv_repo/OperationTouchdown/ugv_ws/install/depthai_ros_driver/lib:/home/ground/ugv_repo/OperationTouchdown/ugv_ws/install/depthai_filters/lib:/opt/ros/jazzy/opt/gz_sim_vendor/lib:/opt/ros/jazzy/opt/gz_sensors_vendor/lib:/opt/ros/jazzy/opt/gz_physics_vendor/lib:/opt/ros/jazzy/opt/sdformat_vendor/lib:/opt/ros/jazzy/opt/rviz_ogre_vendor/lib:/opt/ros/jazzy/lib/aarch64-linux-gnu:/opt/ros/jazzy/opt/gz_gui_vendor/lib:/opt/ros/jazzy/opt/gz_transport_vendor/lib:/opt/ros/jazzy/opt/gz_rendering_vendor/lib:/opt/ros/jazzy/opt/gz_plugin_vendor/lib:/opt/ros/jazzy/opt/gz_fuel_tools_vendor/lib:/opt/ros/jazzy/opt/gz_msgs_vendor/lib:/opt/ros/jazzy/opt/gz_common_vendor/lib:/opt/ros/jazzy/opt/gz_math_vendor/lib:/opt/ros/jazzy/opt/gz_utils_vendor/lib:/opt/ros/jazzy/opt/gz_tools_vendor/lib:/opt/ros/jazzy/opt/gz_ogre_next_vendor/lib:/opt/ros/jazzy/opt/gz_dartsim_vendor/lib:/opt/ros/jazzy/opt/gz_cmake_vendor/lib:/opt/ros/jazzy/lib PYTHONPATH=/home/ground/ugv_repo/OperationTouchdown/ugv_ws/install/depthai_ros_msgs/lib/python3.12/site-packages:/home/ground/ugv_repo/OperationTouchdown/ugv_ws/build/my_ugv_vision:/home/ground/ugv_repo/OperationTouchdown/ugv_ws/install/my_ugv_vision/lib/python3.12/site-packages:/home/ground/ugv_repo/OperationTouchdown/ugv_ws/build/my_ugv_hardware:/home/ground/ugv_repo/OperationTouchdown/ugv_ws/install/my_ugv_hardware/lib/python3.12/site-packages:/home/ground/ugv_repo/OperationTouchdown/ugv_ws/install/depthai_ros_driver/lib/python3.12/site-packages:/opt/ros/jazzy/lib/python3.12/site-packages /usr/bin/cmake --build /home/ground/ugv_repo/OperationTouchdown/ugv_ws/build/depthai_ros_driver -- -j4 -l4
[4.213s] DEBUG:colcon.colcon_core.event_handler.log_command:Invoking command in '/home/ground/ugv_repo/OperationTouchdown/ugv_ws/build/depthai_ros_driver': CMAKE_PREFIX_PATH=/home/ground/ugv_repo/OperationTouchdown/ugv_ws/install/depthai_examples:/home/ground/ugv_repo/OperationTouchdown/ugv_ws/install/depthai_bridge:/home/ground/ugv_repo/OperationTouchdown/ugv_ws/install/depthai_ros_msgs:/home/ground/ugv_repo/OperationTouchdown/ugv_ws/install/depthai_descriptions:/home/ground/ugv_repo/OperationTouchdown/ugv_ws/install/dual_laser_merger:/home/ground/ugv_repo/OperationTouchdown/ugv_ws/install/rplidar_ros:/home/ground/ugv_repo/OperationTouchdown/ugv_ws/install/roboteq_ros2_driver:/home/ground/ugv_repo/OperationTouchdown/ugv_ws/install/my_ugv_bringup:/home/ground/ugv_repo/OperationTouchdown/ugv_ws/install/my_ugv_description:/home/ground/ugv_repo/OperationTouchdown/ugv_ws/install/depthai-ros:/home/ground/ugv_repo/OperationTouchdown/ugv_ws/install/depthai_ros_driver:/home/ground/ugv_repo/OperationTouchdown/ugv_ws/install/depthai_filters:/opt/ros/jazzy/opt/gz_sim_vendor:/opt/ros/jazzy/opt/gz_sensors_vendor:/opt/ros/jazzy/opt/gz_physics_vendor:/opt/ros/jazzy/opt/sdformat_vendor:/opt/ros/jazzy/opt/gz_gui_vendor:/opt/ros/jazzy/opt/gz_transport_vendor:/opt/ros/jazzy/opt/gz_rendering_vendor:/opt/ros/jazzy/opt/gz_plugin_vendor:/opt/ros/jazzy/opt/gz_fuel_tools_vendor:/opt/ros/jazzy/opt/gz_msgs_vendor:/opt/ros/jazzy/opt/gz_common_vendor:/opt/ros/jazzy/opt/gz_math_vendor:/opt/ros/jazzy/opt/gz_utils_vendor:/opt/ros/jazzy/opt/gz_tools_vendor:/opt/ros/jazzy/opt/gz_ogre_next_vendor:/opt/ros/jazzy/opt/gz_dartsim_vendor:/opt/ros/jazzy/opt/gz_cmake_vendor:/home/ground/ugv_repo/OperationTouchdown/ugv_ws/install/my_ugv_vision:/home/ground/ugv_repo/OperationTouchdown/ugv_ws/install/my_ugv_hardware:/opt/ros/jazzy DEBUGINFOD_URLS=https://debuginfod.ubuntu.com GAZEBO_MODEL_PATH=/home/ground/ugv_repo/OperationTouchdown/ugv_ws/install/depthai_descriptions:${GAZEBO_MODEL_PATH} GAZEBO_RESOURCE_PATH=/home/ground/ugv_repo/OperationTouchdown/ugv_ws/install/depthai_descriptions:${GAZEBO_RESOURCE_PATH} IGN_GAZEBO_MODEL_PATH=/home/ground/ugv_repo/OperationTouchdown/ugv_ws/install/depthai_descriptions:${IGN_GAZEBO_MODEL_PATH} IGN_GAZEBO_RESOURCE_PATH=/home/ground/ugv_repo/OperationTouchdown/ugv_ws/install/depthai_descriptions:${IGN_GAZEBO_RESOURCE_PATH} LD_LIBRARY_PATH=/home/ground/ugv_repo/OperationTouchdown/ugv_ws/install/depthai_bridge/lib:/home/ground/ugv_repo/OperationTouchdown/ugv_ws/install/depthai_ros_msgs/lib:/home/ground/ugv_repo/OperationTouchdown/ugv_ws/install/dual_laser_merger/lib:/home/ground/ugv_repo/OperationTouchdown/ugv_ws/install/depthai_ros_driver/lib:/home/ground/ugv_repo/OperationTouchdown/ugv_ws/install/depthai_filters/lib:/opt/ros/jazzy/opt/gz_sim_vendor/lib:/opt/ros/jazzy/opt/gz_sensors_vendor/lib:/opt/ros/jazzy/opt/gz_physics_vendor/lib:/opt/ros/jazzy/opt/sdformat_vendor/lib:/opt/ros/jazzy/opt/rviz_ogre_vendor/lib:/opt/ros/jazzy/lib/aarch64-linux-gnu:/opt/ros/jazzy/opt/gz_gui_vendor/lib:/opt/ros/jazzy/opt/gz_transport_vendor/lib:/opt/ros/jazzy/opt/gz_rendering_vendor/lib:/opt/ros/jazzy/opt/gz_plugin_vendor/lib:/opt/ros/jazzy/opt/gz_fuel_tools_vendor/lib:/opt/ros/jazzy/opt/gz_msgs_vendor/lib:/opt/ros/jazzy/opt/gz_common_vendor/lib:/opt/ros/jazzy/opt/gz_math_vendor/lib:/opt/ros/jazzy/opt/gz_utils_vendor/lib:/opt/ros/jazzy/opt/gz_tools_vendor/lib:/opt/ros/jazzy/opt/gz_ogre_next_vendor/lib:/opt/ros/jazzy/opt/gz_dartsim_vendor/lib:/opt/ros/jazzy/opt/gz_cmake_vendor/lib:/opt/ros/jazzy/lib PYTHONPATH=/home/ground/ugv_repo/OperationTouchdown/ugv_ws/install/depthai_ros_msgs/lib/python3.12/site-packages:/home/ground/ugv_repo/OperationTouchdown/ugv_ws/build/my_ugv_vision:/home/ground/ugv_repo/OperationTouchdown/ugv_ws/install/my_ugv_vision/lib/python3.12/site-packages:/home/ground/ugv_repo/OperationTouchdown/ugv_ws/build/my_ugv_hardware:/home/ground/ugv_repo/OperationTouchdown/ugv_ws/install/my_ugv_hardware/lib/python3.12/site-packages:/home/ground/ugv_repo/OperationTouchdown/ugv_ws/install/depthai_ros_driver/lib/python3.12/site-packages:/opt/ros/jazzy/lib/python3.12/site-packages /usr/bin/cmake --install /home/ground/ugv_repo/OperationTouchdown/ugv_ws/build/depthai_ros_driver
[4.229s] DEBUG:colcon.colcon_core.event_handler.log_command:Invoked command in '/home/ground/ugv_repo/OperationTouchdown/ugv_ws/build/my_ugv_bringup' returned '0': AMENT_PREFIX_PATH=/home/ground/ugv_repo/OperationTouchdown/ugv_ws/install/my_ugv_hardware:/home/ground/ugv_repo/OperationTouchdown/ugv_ws/install/dual_laser_merger:/home/ground/ugv_repo/OperationTouchdown/ugv_ws/install/rplidar_ros:/home/ground/ugv_repo/OperationTouchdown/ugv_ws/install/roboteq_ros2_driver:/home/ground/ugv_repo/OperationTouchdown/ugv_ws/install/my_ugv_vision:/home/ground/ugv_repo/OperationTouchdown/ugv_ws/install/my_ugv_bringup:/home/ground/ugv_repo/OperationTouchdown/ugv_ws/install/my_ugv_description:/home/ground/ugv_repo/OperationTouchdown/ugv_ws/install/depthai-ros:/home/ground/ugv_repo/OperationTouchdown/ugv_ws/install/depthai_ros_driver:/home/ground/ugv_repo/OperationTouchdown/ugv_ws/install/depthai_filters:/home/ground/ugv_repo/OperationTouchdown/ugv_ws/install/depthai_examples:/home/ground/ugv_repo/OperationTouchdown/ugv_ws/install/depthai_bridge:/home/ground/ugv_repo/OperationTouchdown/ugv_ws/install/depthai_ros_msgs:/home/ground/ugv_repo/OperationTouchdown/ugv_ws/install/depthai_descriptions:/opt/ros/jazzy CMAKE_PREFIX_PATH=/home/ground/ugv_repo/OperationTouchdown/ugv_ws/install/my_ugv_description:/home/ground/ugv_repo/OperationTouchdown/ugv_ws/install/dual_laser_merger:/home/ground/ugv_repo/OperationTouchdown/ugv_ws/install/rplidar_ros:/home/ground/ugv_repo/OperationTouchdown/ugv_ws/install/roboteq_ros2_driver:/home/ground/ugv_repo/OperationTouchdown/ugv_ws/install/my_ugv_bringup:/home/ground/ugv_repo/OperationTouchdown/ugv_ws/install/depthai-ros:/home/ground/ugv_repo/OperationTouchdown/ugv_ws/install/depthai_ros_driver:/home/ground/ugv_repo/OperationTouchdown/ugv_ws/install/depthai_filters:/home/ground/ugv_repo/OperationTouchdown/ugv_ws/install/depthai_examples:/home/ground/ugv_repo/OperationTouchdown/ugv_ws/install/depthai_bridge:/home/ground/ugv_repo/OperationTouchdown/ugv_ws/install/depthai_ros_msgs:/home/ground/ugv_repo/OperationTouchdown/ugv_ws/install/depthai_descriptions:/opt/ros/jazzy/opt/gz_sim_vendor:/opt/ros/jazzy/opt/gz_sensors_vendor:/opt/ros/jazzy/opt/gz_physics_vendor:/opt/ros/jazzy/opt/sdformat_vendor:/opt/ros/jazzy/opt/gz_gui_vendor:/opt/ros/jazzy/opt/gz_transport_vendor:/opt/ros/jazzy/opt/gz_rendering_vendor:/opt/ros/jazzy/opt/gz_plugin_vendor:/opt/ros/jazzy/opt/gz_fuel_tools_vendor:/opt/ros/jazzy/opt/gz_msgs_vendor:/opt/ros/jazzy/opt/gz_common_vendor:/opt/ros/jazzy/opt/gz_math_vendor:/opt/ros/jazzy/opt/gz_utils_vendor:/opt/ros/jazzy/opt/gz_tools_vendor:/opt/ros/jazzy/opt/gz_ogre_next_vendor:/opt/ros/jazzy/opt/gz_dartsim_vendor:/opt/ros/jazzy/opt/gz_cmake_vendor:/home/ground/ugv_repo/OperationTouchdown/ugv_ws/install/my_ugv_vision:/home/ground/ugv_repo/OperationTouchdown/ugv_ws/install/my_ugv_hardware:/opt/ros/jazzy DEBUGINFOD_URLS=https://debuginfod.ubuntu.com PYTHONPATH=/home/ground/ugv_repo/OperationTouchdown/ugv_ws/build/my_ugv_hardware:/home/ground/ugv_repo/OperationTouchdown/ugv_ws/install/my_ugv_hardware/lib/python3.12/site-packages:/home/ground/ugv_repo/OperationTouchdown/ugv_ws/build/my_ugv_vision:/home/ground/ugv_repo/OperationTouchdown/ugv_ws/install/my_ugv_vision/lib/python3.12/site-packages:/home/ground/ugv_repo/OperationTouchdown/ugv_ws/install/depthai_ros_driver/lib/python3.12/site-packages:/home/ground/ugv_repo/OperationTouchdown/ugv_ws/install/depthai_ros_msgs/lib/python3.12/site-packages:/opt/ros/jazzy/lib/python3.12/site-packages /usr/bin/cmake --build /home/ground/ugv_repo/OperationTouchdown/ugv_ws/build/my_ugv_bringup -- -j4 -l4
[4.230s] DEBUG:colcon.colcon_core.event_handler.log_command:Invoking command in '/home/ground/ugv_repo/OperationTouchdown/ugv_ws/build/my_ugv_bringup': AMENT_PREFIX_PATH=/home/ground/ugv_repo/OperationTouchdown/ugv_ws/install/my_ugv_hardware:/home/ground/ugv_repo/OperationTouchdown/ugv_ws/install/dual_laser_merger:/home/ground/ugv_repo/OperationTouchdown/ugv_ws/install/rplidar_ros:/home/ground/ugv_repo/OperationTouchdown/ugv_ws/install/roboteq_ros2_driver:/home/ground/ugv_repo/OperationTouchdown/ugv_ws/install/my_ugv_vision:/home/ground/ugv_repo/OperationTouchdown/ugv_ws/install/my_ugv_bringup:/home/ground/ugv_repo/OperationTouchdown/ugv_ws/install/my_ugv_description:/home/ground/ugv_repo/OperationTouchdown/ugv_ws/install/depthai-ros:/home/ground/ugv_repo/OperationTouchdown/ugv_ws/install/depthai_ros_driver:/home/ground/ugv_repo/OperationTouchdown/ugv_ws/install/depthai_filters:/home/ground/ugv_repo/OperationTouchdown/ugv_ws/install/depthai_examples:/home/ground/ugv_repo/OperationTouchdown/ugv_ws/install/depthai_bridge:/home/ground/ugv_repo/OperationTouchdown/ugv_ws/install/depthai_ros_msgs:/home/ground/ugv_repo/OperationTouchdown/ugv_ws/install/depthai_descriptions:/opt/ros/jazzy CMAKE_PREFIX_PATH=/home/ground/ugv_repo/OperationTouchdown/ugv_ws/install/my_ugv_description:/home/ground/ugv_repo/OperationTouchdown/ugv_ws/install/dual_laser_merger:/home/ground/ugv_repo/OperationTouchdown/ugv_ws/install/rplidar_ros:/home/ground/ugv_repo/OperationTouchdown/ugv_ws/install/roboteq_ros2_driver:/home/ground/ugv_repo/OperationTouchdown/ugv_ws/install/my_ugv_bringup:/home/ground/ugv_repo/OperationTouchdown/ugv_ws/install/depthai-ros:/home/ground/ugv_repo/OperationTouchdown/ugv_ws/install/depthai_ros_driver:/home/ground/ugv_repo/OperationTouchdown/ugv_ws/install/depthai_filters:/home/ground/ugv_repo/OperationTouchdown/ugv_ws/install/depthai_examples:/home/ground/ugv_repo/OperationTouchdown/ugv_ws/install/depthai_bridge:/home/ground/ugv_repo/OperationTouchdown/ugv_ws/install/depthai_ros_msgs:/home/ground/ugv_repo/OperationTouchdown/ugv_ws/install/depthai_descriptions:/opt/ros/jazzy/opt/gz_sim_vendor:/opt/ros/jazzy/opt/gz_sensors_vendor:/opt/ros/jazzy/opt/gz_physics_vendor:/opt/ros/jazzy/opt/sdformat_vendor:/opt/ros/jazzy/opt/gz_gui_vendor:/opt/ros/jazzy/opt/gz_transport_vendor:/opt/ros/jazzy/opt/gz_rendering_vendor:/opt/ros/jazzy/opt/gz_plugin_vendor:/opt/ros/jazzy/opt/gz_fuel_tools_vendor:/opt/ros/jazzy/opt/gz_msgs_vendor:/opt/ros/jazzy/opt/gz_common_vendor:/opt/ros/jazzy/opt/gz_math_vendor:/opt/ros/jazzy/opt/gz_utils_vendor:/opt/ros/jazzy/opt/gz_tools_vendor:/opt/ros/jazzy/opt/gz_ogre_next_vendor:/opt/ros/jazzy/opt/gz_dartsim_vendor:/opt/ros/jazzy/opt/gz_cmake_vendor:/home/ground/ugv_repo/OperationTouchdown/ugv_ws/install/my_ugv_vision:/home/ground/ugv_repo/OperationTouchdown/ugv_ws/install/my_ugv_hardware:/opt/ros/jazzy DEBUGINFOD_URLS=https://debuginfod.ubuntu.com PYTHONPATH=/home/ground/ugv_repo/OperationTouchdown/ugv_ws/build/my_ugv_hardware:/home/ground/ugv_repo/OperationTouchdown/ugv_ws/install/my_ugv_hardware/lib/python3.12/site-packages:/home/ground/ugv_repo/OperationTouchdown/ugv_ws/build/my_ugv_vision:/home/ground/ugv_repo/OperationTouchdown/ugv_ws/install/my_ugv_vision/lib/python3.12/site-packages:/home/ground/ugv_repo/OperationTouchdown/ugv_ws/install/depthai_ros_driver/lib/python3.12/site-packages:/home/ground/ugv_repo/OperationTouchdown/ugv_ws/install/depthai_ros_msgs/lib/python3.12/site-packages:/opt/ros/jazzy/lib/python3.12/site-packages /usr/bin/cmake --install /home/ground/ugv_repo/OperationTouchdown/ugv_ws/build/my_ugv_bringup
[4.319s] Level 1:colcon.colcon_core.environment:create_environment_scripts_only(my_ugv_bringup)
[4.320s] Level 1:colcon.colcon_core.environment:checking '/home/ground/ugv_repo/OperationTouchdown/ugv_ws/install/my_ugv_bringup' for CMake module files
[4.321s] Level 1:colcon.colcon_core.environment:checking '/home/ground/ugv_repo/OperationTouchdown/ugv_ws/install/my_ugv_bringup' for CMake config files
[4.325s] Level 1:colcon.colcon_core.shell:create_environment_hook('my_ugv_bringup', 'cmake_prefix_path')
[4.326s] INFO:colcon.colcon_core.shell:Creating environment hook '/home/ground/ugv_repo/OperationTouchdown/ugv_ws/install/my_ugv_bringup/share/my_ugv_bringup/hook/cmake_prefix_path.ps1'
[4.327s] INFO:colcon.colcon_core.shell:Creating environment descriptor '/home/ground/ugv_repo/OperationTouchdown/ugv_ws/install/my_ugv_bringup/share/my_ugv_bringup/hook/cmake_prefix_path.dsv'
[4.328s] INFO:colcon.colcon_core.shell:Creating environment hook '/home/ground/ugv_repo/OperationTouchdown/ugv_ws/install/my_ugv_bringup/share/my_ugv_bringup/hook/cmake_prefix_path.sh'
[4.330s] Level 1:colcon.colcon_core.environment:checking '/home/ground/ugv_repo/OperationTouchdown/ugv_ws/install/my_ugv_bringup/bin'
[4.330s] Level 1:colcon.colcon_core.environment:checking '/home/ground/ugv_repo/OperationTouchdown/ugv_ws/install/my_ugv_bringup/lib/pkgconfig/my_ugv_bringup.pc'
[4.331s] Level 1:colcon.colcon_core.environment:checking '/home/ground/ugv_repo/OperationTouchdown/ugv_ws/install/my_ugv_bringup/lib/python3.12/site-packages'
[4.331s] Level 1:colcon.colcon_core.environment:checking '/home/ground/ugv_repo/OperationTouchdown/ugv_ws/install/my_ugv_bringup/bin'
[4.332s] INFO:colcon.colcon_core.shell:Creating package script '/home/ground/ugv_repo/OperationTouchdown/ugv_ws/install/my_ugv_bringup/share/my_ugv_bringup/package.ps1'
[4.333s] INFO:colcon.colcon_core.shell:Creating package descriptor '/home/ground/ugv_repo/OperationTouchdown/ugv_ws/install/my_ugv_bringup/share/my_ugv_bringup/package.dsv'
[4.335s] INFO:colcon.colcon_core.shell:Creating package script '/home/ground/ugv_repo/OperationTouchdown/ugv_ws/install/my_ugv_bringup/share/my_ugv_bringup/package.sh'
[4.337s] INFO:colcon.colcon_core.shell:Creating package script '/home/ground/ugv_repo/OperationTouchdown/ugv_ws/install/my_ugv_bringup/share/my_ugv_bringup/package.bash'
[4.340s] INFO:colcon.colcon_core.shell:Creating package script '/home/ground/ugv_repo/OperationTouchdown/ugv_ws/install/my_ugv_bringup/share/my_ugv_bringup/package.zsh'
[4.340s] DEBUG:colcon.colcon_core.event_handler.log_command:Invoked command in '/home/ground/ugv_repo/OperationTouchdown/ugv_ws/build/my_ugv_bringup' returned '0': AMENT_PREFIX_PATH=/home/ground/ugv_repo/OperationTouchdown/ugv_ws/install/my_ugv_hardware:/home/ground/ugv_repo/OperationTouchdown/ugv_ws/install/dual_laser_merger:/home/ground/ugv_repo/OperationTouchdown/ugv_ws/install/rplidar_ros:/home/ground/ugv_repo/OperationTouchdown/ugv_ws/install/roboteq_ros2_driver:/home/ground/ugv_repo/OperationTouchdown/ugv_ws/install/my_ugv_vision:/home/ground/ugv_repo/OperationTouchdown/ugv_ws/install/my_ugv_bringup:/home/ground/ugv_repo/OperationTouchdown/ugv_ws/install/my_ugv_description:/home/ground/ugv_repo/OperationTouchdown/ugv_ws/install/depthai-ros:/home/ground/ugv_repo/OperationTouchdown/ugv_ws/install/depthai_ros_driver:/home/ground/ugv_repo/OperationTouchdown/ugv_ws/install/depthai_filters:/home/ground/ugv_repo/OperationTouchdown/ugv_ws/install/depthai_examples:/home/ground/ugv_repo/OperationTouchdown/ugv_ws/install/depthai_bridge:/home/ground/ugv_repo/OperationTouchdown/ugv_ws/install/depthai_ros_msgs:/home/ground/ugv_repo/OperationTouchdown/ugv_ws/install/depthai_descriptions:/opt/ros/jazzy CMAKE_PREFIX_PATH=/home/ground/ugv_repo/OperationTouchdown/ugv_ws/install/my_ugv_description:/home/ground/ugv_repo/OperationTouchdown/ugv_ws/install/dual_laser_merger:/home/ground/ugv_repo/OperationTouchdown/ugv_ws/install/rplidar_ros:/home/ground/ugv_repo/OperationTouchdown/ugv_ws/install/roboteq_ros2_driver:/home/ground/ugv_repo/OperationTouchdown/ugv_ws/install/my_ugv_bringup:/home/ground/ugv_repo/OperationTouchdown/ugv_ws/install/depthai-ros:/home/ground/ugv_repo/OperationTouchdown/ugv_ws/install/depthai_ros_driver:/home/ground/ugv_repo/OperationTouchdown/ugv_ws/install/depthai_filters:/home/ground/ugv_repo/OperationTouchdown/ugv_ws/install/depthai_examples:/home/ground/ugv_repo/OperationTouchdown/ugv_ws/install/depthai_bridge:/home/ground/ugv_repo/OperationTouchdown/ugv_ws/install/depthai_ros_msgs:/home/ground/ugv_repo/OperationTouchdown/ugv_ws/install/depthai_descriptions:/opt/ros/jazzy/opt/gz_sim_vendor:/opt/ros/jazzy/opt/gz_sensors_vendor:/opt/ros/jazzy/opt/gz_physics_vendor:/opt/ros/jazzy/opt/sdformat_vendor:/opt/ros/jazzy/opt/gz_gui_vendor:/opt/ros/jazzy/opt/gz_transport_vendor:/opt/ros/jazzy/opt/gz_rendering_vendor:/opt/ros/jazzy/opt/gz_plugin_vendor:/opt/ros/jazzy/opt/gz_fuel_tools_vendor:/opt/ros/jazzy/opt/gz_msgs_vendor:/opt/ros/jazzy/opt/gz_common_vendor:/opt/ros/jazzy/opt/gz_math_vendor:/opt/ros/jazzy/opt/gz_utils_vendor:/opt/ros/jazzy/opt/gz_tools_vendor:/opt/ros/jazzy/opt/gz_ogre_next_vendor:/opt/ros/jazzy/opt/gz_dartsim_vendor:/opt/ros/jazzy/opt/gz_cmake_vendor:/home/ground/ugv_repo/OperationTouchdown/ugv_ws/install/my_ugv_vision:/home/ground/ugv_repo/OperationTouchdown/ugv_ws/install/my_ugv_hardware:/opt/ros/jazzy DEBUGINFOD_URLS=https://debuginfod.ubuntu.com PYTHONPATH=/home/ground/ugv_repo/OperationTouchdown/ugv_ws/build/my_ugv_hardware:/home/ground/ugv_repo/OperationTouchdown/ugv_ws/install/my_ugv_hardware/lib/python3.12/site-packages:/home/ground/ugv_repo/OperationTouchdown/ugv_ws/build/my_ugv_vision:/home/ground/ugv_repo/OperationTouchdown/ugv_ws/install/my_ugv_vision/lib/python3.12/site-packages:/home/ground/ugv_repo/OperationTouchdown/ugv_ws/install/depthai_ros_driver/lib/python3.12/site-packages:/home/ground/ugv_repo/OperationTouchdown/ugv_ws/install/depthai_ros_msgs/lib/python3.12/site-packages:/opt/ros/jazzy/lib/python3.12/site-packages /usr/bin/cmake --install /home/ground/ugv_repo/OperationTouchdown/ugv_ws/build/my_ugv_bringup
[4.342s] Level 1:colcon.colcon_core.environment:create_file_with_runtime_dependencies(/home/ground/ugv_repo/OperationTouchdown/ugv_ws/install/my_ugv_bringup/share/colcon-core/packages/my_ugv_bringup)
[4.343s] Level 1:colcon.colcon_core.environment:create_environment_scripts_only(my_ugv_bringup)
[4.343s] Level 1:colcon.colcon_core.environment:checking '/home/ground/ugv_repo/OperationTouchdown/ugv_ws/install/my_ugv_bringup' for CMake module files
[4.344s] Level 1:colcon.colcon_core.environment:checking '/home/ground/ugv_repo/OperationTouchdown/ugv_ws/install/my_ugv_bringup' for CMake config files
[4.345s] Level 1:colcon.colcon_core.shell:create_environment_hook('my_ugv_bringup', 'cmake_prefix_path')
[4.346s] INFO:colcon.colcon_core.shell:Creating environment hook '/home/ground/ugv_repo/OperationTouchdown/ugv_ws/install/my_ugv_bringup/share/my_ugv_bringup/hook/cmake_prefix_path.ps1'
[4.347s] INFO:colcon.colcon_core.shell:Creating environment descriptor '/home/ground/ugv_repo/OperationTouchdown/ugv_ws/install/my_ugv_bringup/share/my_ugv_bringup/hook/cmake_prefix_path.dsv'
[4.348s] INFO:colcon.colcon_core.shell:Creating environment hook '/home/ground/ugv_repo/OperationTouchdown/ugv_ws/install/my_ugv_bringup/share/my_ugv_bringup/hook/cmake_prefix_path.sh'
[4.349s] Level 1:colcon.colcon_core.environment:checking '/home/ground/ugv_repo/OperationTouchdown/ugv_ws/install/my_ugv_bringup/bin'
[4.349s] Level 1:colcon.colcon_core.environment:checking '/home/ground/ugv_repo/OperationTouchdown/ugv_ws/install/my_ugv_bringup/lib/pkgconfig/my_ugv_bringup.pc'
[4.349s] Level 1:colcon.colcon_core.environment:checking '/home/ground/ugv_repo/OperationTouchdown/ugv_ws/install/my_ugv_bringup/lib/python3.12/site-packages'
[4.350s] Level 1:colcon.colcon_core.environment:checking '/home/ground/ugv_repo/OperationTouchdown/ugv_ws/install/my_ugv_bringup/bin'
[4.350s] INFO:colcon.colcon_core.shell:Creating package script '/home/ground/ugv_repo/OperationTouchdown/ugv_ws/install/my_ugv_bringup/share/my_ugv_bringup/package.ps1'
[4.351s] INFO:colcon.colcon_core.shell:Creating package descriptor '/home/ground/ugv_repo/OperationTouchdown/ugv_ws/install/my_ugv_bringup/share/my_ugv_bringup/package.dsv'
[4.353s] INFO:colcon.colcon_core.shell:Creating package script '/home/ground/ugv_repo/OperationTouchdown/ugv_ws/install/my_ugv_bringup/share/my_ugv_bringup/package.sh'
[4.354s] INFO:colcon.colcon_core.shell:Creating package script '/home/ground/ugv_repo/OperationTouchdown/ugv_ws/install/my_ugv_bringup/share/my_ugv_bringup/package.bash'
[4.355s] INFO:colcon.colcon_core.shell:Creating package script '/home/ground/ugv_repo/OperationTouchdown/ugv_ws/install/my_ugv_bringup/share/my_ugv_bringup/package.zsh'
[4.356s] Level 1:colcon.colcon_core.environment:create_file_with_runtime_dependencies(/home/ground/ugv_repo/OperationTouchdown/ugv_ws/install/my_ugv_bringup/share/colcon-core/packages/my_ugv_bringup)
[4.380s] Level 1:colcon.colcon_core.environment:create_environment_scripts_only(depthai_ros_driver)
[4.380s] Level 1:colcon.colcon_core.environment:checking '/home/ground/ugv_repo/OperationTouchdown/ugv_ws/install/depthai_ros_driver' for CMake module files
[4.381s] DEBUG:colcon.colcon_core.event_handler.log_command:Invoked command in '/home/ground/ugv_repo/OperationTouchdown/ugv_ws/build/depthai_ros_driver' returned '0': CMAKE_PREFIX_PATH=/home/ground/ugv_repo/OperationTouchdown/ugv_ws/install/depthai_examples:/home/ground/ugv_repo/OperationTouchdown/ugv_ws/install/depthai_bridge:/home/ground/ugv_repo/OperationTouchdown/ugv_ws/install/depthai_ros_msgs:/home/ground/ugv_repo/OperationTouchdown/ugv_ws/install/depthai_descriptions:/home/ground/ugv_repo/OperationTouchdown/ugv_ws/install/dual_laser_merger:/home/ground/ugv_repo/OperationTouchdown/ugv_ws/install/rplidar_ros:/home/ground/ugv_repo/OperationTouchdown/ugv_ws/install/roboteq_ros2_driver:/home/ground/ugv_repo/OperationTouchdown/ugv_ws/install/my_ugv_bringup:/home/ground/ugv_repo/OperationTouchdown/ugv_ws/install/my_ugv_description:/home/ground/ugv_repo/OperationTouchdown/ugv_ws/install/depthai-ros:/home/ground/ugv_repo/OperationTouchdown/ugv_ws/install/depthai_ros_driver:/home/ground/ugv_repo/OperationTouchdown/ugv_ws/install/depthai_filters:/opt/ros/jazzy/opt/gz_sim_vendor:/opt/ros/jazzy/opt/gz_sensors_vendor:/opt/ros/jazzy/opt/gz_physics_vendor:/opt/ros/jazzy/opt/sdformat_vendor:/opt/ros/jazzy/opt/gz_gui_vendor:/opt/ros/jazzy/opt/gz_transport_vendor:/opt/ros/jazzy/opt/gz_rendering_vendor:/opt/ros/jazzy/opt/gz_plugin_vendor:/opt/ros/jazzy/opt/gz_fuel_tools_vendor:/opt/ros/jazzy/opt/gz_msgs_vendor:/opt/ros/jazzy/opt/gz_common_vendor:/opt/ros/jazzy/opt/gz_math_vendor:/opt/ros/jazzy/opt/gz_utils_vendor:/opt/ros/jazzy/opt/gz_tools_vendor:/opt/ros/jazzy/opt/gz_ogre_next_vendor:/opt/ros/jazzy/opt/gz_dartsim_vendor:/opt/ros/jazzy/opt/gz_cmake_vendor:/home/ground/ugv_repo/OperationTouchdown/ugv_ws/install/my_ugv_vision:/home/ground/ugv_repo/OperationTouchdown/ugv_ws/install/my_ugv_hardware:/opt/ros/jazzy DEBUGINFOD_URLS=https://debuginfod.ubuntu.com GAZEBO_MODEL_PATH=/home/ground/ugv_repo/OperationTouchdown/ugv_ws/install/depthai_descriptions:${GAZEBO_MODEL_PATH} GAZEBO_RESOURCE_PATH=/home/ground/ugv_repo/OperationTouchdown/ugv_ws/install/depthai_descriptions:${GAZEBO_RESOURCE_PATH} IGN_GAZEBO_MODEL_PATH=/home/ground/ugv_repo/OperationTouchdown/ugv_ws/install/depthai_descriptions:${IGN_GAZEBO_MODEL_PATH} IGN_GAZEBO_RESOURCE_PATH=/home/ground/ugv_repo/OperationTouchdown/ugv_ws/install/depthai_descriptions:${IGN_GAZEBO_RESOURCE_PATH} LD_LIBRARY_PATH=/home/ground/ugv_repo/OperationTouchdown/ugv_ws/install/depthai_bridge/lib:/home/ground/ugv_repo/OperationTouchdown/ugv_ws/install/depthai_ros_msgs/lib:/home/ground/ugv_repo/OperationTouchdown/ugv_ws/install/dual_laser_merger/lib:/home/ground/ugv_repo/OperationTouchdown/ugv_ws/install/depthai_ros_driver/lib:/home/ground/ugv_repo/OperationTouchdown/ugv_ws/install/depthai_filters/lib:/opt/ros/jazzy/opt/gz_sim_vendor/lib:/opt/ros/jazzy/opt/gz_sensors_vendor/lib:/opt/ros/jazzy/opt/gz_physics_vendor/lib:/opt/ros/jazzy/opt/sdformat_vendor/lib:/opt/ros/jazzy/opt/rviz_ogre_vendor/lib:/opt/ros/jazzy/lib/aarch64-linux-gnu:/opt/ros/jazzy/opt/gz_gui_vendor/lib:/opt/ros/jazzy/opt/gz_transport_vendor/lib:/opt/ros/jazzy/opt/gz_rendering_vendor/lib:/opt/ros/jazzy/opt/gz_plugin_vendor/lib:/opt/ros/jazzy/opt/gz_fuel_tools_vendor/lib:/opt/ros/jazzy/opt/gz_msgs_vendor/lib:/opt/ros/jazzy/opt/gz_common_vendor/lib:/opt/ros/jazzy/opt/gz_math_vendor/lib:/opt/ros/jazzy/opt/gz_utils_vendor/lib:/opt/ros/jazzy/opt/gz_tools_vendor/lib:/opt/ros/jazzy/opt/gz_ogre_next_vendor/lib:/opt/ros/jazzy/opt/gz_dartsim_vendor/lib:/opt/ros/jazzy/opt/gz_cmake_vendor/lib:/opt/ros/jazzy/lib PYTHONPATH=/home/ground/ugv_repo/OperationTouchdown/ugv_ws/install/depthai_ros_msgs/lib/python3.12/site-packages:/home/ground/ugv_repo/OperationTouchdown/ugv_ws/build/my_ugv_vision:/home/ground/ugv_repo/OperationTouchdown/ugv_ws/install/my_ugv_vision/lib/python3.12/site-packages:/home/ground/ugv_repo/OperationTouchdown/ugv_ws/build/my_ugv_hardware:/home/ground/ugv_repo/OperationTouchdown/ugv_ws/install/my_ugv_hardware/lib/python3.12/site-packages:/home/ground/ugv_repo/OperationTouchdown/ugv_ws/install/depthai_ros_driver/lib/python3.12/site-packages:/opt/ros/jazzy/lib/python3.12/site-packages /usr/bin/cmake --install /home/ground/ugv_repo/OperationTouchdown/ugv_ws/build/depthai_ros_driver
[4.381s] Level 1:colcon.colcon_core.environment:checking '/home/ground/ugv_repo/OperationTouchdown/ugv_ws/install/depthai_ros_driver' for CMake config files
[4.382s] Level 1:colcon.colcon_core.shell:create_environment_hook('depthai_ros_driver', 'cmake_prefix_path')
[4.383s] INFO:colcon.colcon_core.shell:Creating environment hook '/home/ground/ugv_repo/OperationTouchdown/ugv_ws/install/depthai_ros_driver/share/depthai_ros_driver/hook/cmake_prefix_path.ps1'
[4.383s] INFO:colcon.colcon_core.shell:Creating environment descriptor '/home/ground/ugv_repo/OperationTouchdown/ugv_ws/install/depthai_ros_driver/share/depthai_ros_driver/hook/cmake_prefix_path.dsv'
[4.384s] INFO:colcon.colcon_core.shell:Creating environment hook '/home/ground/ugv_repo/OperationTouchdown/ugv_ws/install/depthai_ros_driver/share/depthai_ros_driver/hook/cmake_prefix_path.sh'
[4.385s] Level 1:colcon.colcon_core.environment:checking '/home/ground/ugv_repo/OperationTouchdown/ugv_ws/install/depthai_ros_driver/lib'
[4.385s] Level 1:colcon.colcon_core.shell:create_environment_hook('depthai_ros_driver', 'ld_library_path_lib')
[4.385s] INFO:colcon.colcon_core.shell:Creating environment hook '/home/ground/ugv_repo/OperationTouchdown/ugv_ws/install/depthai_ros_driver/share/depthai_ros_driver/hook/ld_library_path_lib.ps1'
[4.386s] INFO:colcon.colcon_core.shell:Creating environment descriptor '/home/ground/ugv_repo/OperationTouchdown/ugv_ws/install/depthai_ros_driver/share/depthai_ros_driver/hook/ld_library_path_lib.dsv'
[4.386s] INFO:colcon.colcon_core.shell:Creating environment hook '/home/ground/ugv_repo/OperationTouchdown/ugv_ws/install/depthai_ros_driver/share/depthai_ros_driver/hook/ld_library_path_lib.sh'
[4.387s] Level 1:colcon.colcon_core.environment:checking '/home/ground/ugv_repo/OperationTouchdown/ugv_ws/install/depthai_ros_driver/bin'
[4.387s] Level 1:colcon.colcon_core.environment:checking '/home/ground/ugv_repo/OperationTouchdown/ugv_ws/install/depthai_ros_driver/lib/pkgconfig/depthai_ros_driver.pc'
[4.387s] Level 1:colcon.colcon_core.environment:checking '/home/ground/ugv_repo/OperationTouchdown/ugv_ws/install/depthai_ros_driver/lib/python3.12/site-packages'
[4.388s] Level 1:colcon.colcon_core.shell:create_environment_hook('depthai_ros_driver', 'pythonpath')
[4.388s] INFO:colcon.colcon_core.shell:Creating environment hook '/home/ground/ugv_repo/OperationTouchdown/ugv_ws/install/depthai_ros_driver/share/depthai_ros_driver/hook/pythonpath.ps1'
[4.388s] INFO:colcon.colcon_core.shell:Creating environment descriptor '/home/ground/ugv_repo/OperationTouchdown/ugv_ws/install/depthai_ros_driver/share/depthai_ros_driver/hook/pythonpath.dsv'
[4.389s] INFO:colcon.colcon_core.shell:Creating environment hook '/home/ground/ugv_repo/OperationTouchdown/ugv_ws/install/depthai_ros_driver/share/depthai_ros_driver/hook/pythonpath.sh'
[4.390s] Level 1:colcon.colcon_core.environment:checking '/home/ground/ugv_repo/OperationTouchdown/ugv_ws/install/depthai_ros_driver/bin'
[4.391s] INFO:colcon.colcon_core.shell:Creating package script '/home/ground/ugv_repo/OperationTouchdown/ugv_ws/install/depthai_ros_driver/share/depthai_ros_driver/package.ps1'
[4.391s] INFO:colcon.colcon_core.shell:Creating package descriptor '/home/ground/ugv_repo/OperationTouchdown/ugv_ws/install/depthai_ros_driver/share/depthai_ros_driver/package.dsv'
[4.392s] INFO:colcon.colcon_core.shell:Creating package script '/home/ground/ugv_repo/OperationTouchdown/ugv_ws/install/depthai_ros_driver/share/depthai_ros_driver/package.sh'
[4.393s] INFO:colcon.colcon_core.shell:Creating package script '/home/ground/ugv_repo/OperationTouchdown/ugv_ws/install/depthai_ros_driver/share/depthai_ros_driver/package.bash'
[4.393s] INFO:colcon.colcon_core.shell:Creating package script '/home/ground/ugv_repo/OperationTouchdown/ugv_ws/install/depthai_ros_driver/share/depthai_ros_driver/package.zsh'
[4.394s] Level 1:colcon.colcon_core.environment:create_file_with_runtime_dependencies(/home/ground/ugv_repo/OperationTouchdown/ugv_ws/install/depthai_ros_driver/share/colcon-core/packages/depthai_ros_driver)
[4.395s] Level 1:colcon.colcon_core.environment:create_environment_scripts_only(depthai_ros_driver)
[4.395s] Level 1:colcon.colcon_core.environment:checking '/home/ground/ugv_repo/OperationTouchdown/ugv_ws/install/depthai_ros_driver' for CMake module files
[4.397s] Level 1:colcon.colcon_core.environment:checking '/home/ground/ugv_repo/OperationTouchdown/ugv_ws/install/depthai_ros_driver' for CMake config files
[4.397s] Level 1:colcon.colcon_core.shell:create_environment_hook('depthai_ros_driver', 'cmake_prefix_path')
[4.398s] INFO:colcon.colcon_core.shell:Creating environment hook '/home/ground/ugv_repo/OperationTouchdown/ugv_ws/install/depthai_ros_driver/share/depthai_ros_driver/hook/cmake_prefix_path.ps1'
[4.398s] INFO:colcon.colcon_core.shell:Creating environment descriptor '/home/ground/ugv_repo/OperationTouchdown/ugv_ws/install/depthai_ros_driver/share/depthai_ros_driver/hook/cmake_prefix_path.dsv'
[4.402s] INFO:colcon.colcon_core.shell:Creating environment hook '/home/ground/ugv_repo/OperationTouchdown/ugv_ws/install/depthai_ros_driver/share/depthai_ros_driver/hook/cmake_prefix_path.sh'
[4.403s] Level 1:colcon.colcon_core.environment:checking '/home/ground/ugv_repo/OperationTouchdown/ugv_ws/install/depthai_ros_driver/lib'
[4.403s] Level 1:colcon.colcon_core.shell:create_environment_hook('depthai_ros_driver', 'ld_library_path_lib')
[4.403s] INFO:colcon.colcon_core.shell:Creating environment hook '/home/ground/ugv_repo/OperationTouchdown/ugv_ws/install/depthai_ros_driver/share/depthai_ros_driver/hook/ld_library_path_lib.ps1'
[4.405s] INFO:colcon.colcon_core.shell:Creating environment descriptor '/home/ground/ugv_repo/OperationTouchdown/ugv_ws/install/depthai_ros_driver/share/depthai_ros_driver/hook/ld_library_path_lib.dsv'
[4.405s] INFO:colcon.colcon_core.shell:Creating environment hook '/home/ground/ugv_repo/OperationTouchdown/ugv_ws/install/depthai_ros_driver/share/depthai_ros_driver/hook/ld_library_path_lib.sh'
[4.406s] Level 1:colcon.colcon_core.environment:checking '/home/ground/ugv_repo/OperationTouchdown/ugv_ws/install/depthai_ros_driver/bin'
[4.406s] Level 1:colcon.colcon_core.environment:checking '/home/ground/ugv_repo/OperationTouchdown/ugv_ws/install/depthai_ros_driver/lib/pkgconfig/depthai_ros_driver.pc'
[4.407s] Level 1:colcon.colcon_core.environment:checking '/home/ground/ugv_repo/OperationTouchdown/ugv_ws/install/depthai_ros_driver/lib/python3.12/site-packages'
[4.407s] Level 1:colcon.colcon_core.shell:create_environment_hook('depthai_ros_driver', 'pythonpath')
[4.407s] INFO:colcon.colcon_core.shell:Creating environment hook '/home/ground/ugv_repo/OperationTouchdown/ugv_ws/install/depthai_ros_driver/share/depthai_ros_driver/hook/pythonpath.ps1'
[4.408s] INFO:colcon.colcon_core.shell:Creating environment descriptor '/home/ground/ugv_repo/OperationTouchdown/ugv_ws/install/depthai_ros_driver/share/depthai_ros_driver/hook/pythonpath.dsv'
[4.408s] INFO:colcon.colcon_core.shell:Creating environment hook '/home/ground/ugv_repo/OperationTouchdown/ugv_ws/install/depthai_ros_driver/share/depthai_ros_driver/hook/pythonpath.sh'
[4.410s] Level 1:colcon.colcon_core.environment:checking '/home/ground/ugv_repo/OperationTouchdown/ugv_ws/install/depthai_ros_driver/bin'
[4.410s] INFO:colcon.colcon_core.shell:Creating package script '/home/ground/ugv_repo/OperationTouchdown/ugv_ws/install/depthai_ros_driver/share/depthai_ros_driver/package.ps1'
[4.411s] INFO:colcon.colcon_core.shell:Creating package descriptor '/home/ground/ugv_repo/OperationTouchdown/ugv_ws/install/depthai_ros_driver/share/depthai_ros_driver/package.dsv'
[4.412s] INFO:colcon.colcon_core.shell:Creating package script '/home/ground/ugv_repo/OperationTouchdown/ugv_ws/install/depthai_ros_driver/share/depthai_ros_driver/package.sh'
[4.412s] INFO:colcon.colcon_core.shell:Creating package script '/home/ground/ugv_repo/OperationTouchdown/ugv_ws/install/depthai_ros_driver/share/depthai_ros_driver/package.bash'
[4.413s] INFO:colcon.colcon_core.shell:Creating package script '/home/ground/ugv_repo/OperationTouchdown/ugv_ws/install/depthai_ros_driver/share/depthai_ros_driver/package.zsh'
[4.414s] Level 1:colcon.colcon_core.environment:create_file_with_runtime_dependencies(/home/ground/ugv_repo/OperationTouchdown/ugv_ws/install/depthai_ros_driver/share/colcon-core/packages/depthai_ros_driver)
[4.415s] INFO:colcon.colcon_ros.task.ament_cmake.build:Building ROS package in '/home/ground/ugv_repo/OperationTouchdown/ugv_ws/src/depthai-ros/depthai-ros' with build type 'ament_cmake'
[4.415s] INFO:colcon.colcon_cmake.task.cmake.build:Building CMake package in '/home/ground/ugv_repo/OperationTouchdown/ugv_ws/src/depthai-ros/depthai-ros'
[4.415s] INFO:colcon.colcon_core.shell:Skip shell extension 'powershell' for command environment: Not usable outside of PowerShell
[4.415s] DEBUG:colcon.colcon_core.shell:Skip shell extension 'dsv' for command environment
[4.448s] DEBUG:colcon.colcon_core.event_handler.log_command:Invoking command in '/home/ground/ugv_repo/OperationTouchdown/ugv_ws/build/depthai-ros': CMAKE_PREFIX_PATH=/home/ground/ugv_repo/OperationTouchdown/ugv_ws/install/depthai_ros_driver:/home/ground/ugv_repo/OperationTouchdown/ugv_ws/install/depthai_examples:/home/ground/ugv_repo/OperationTouchdown/ugv_ws/install/depthai_filters:/home/ground/ugv_repo/OperationTouchdown/ugv_ws/install/depthai_bridge:/home/ground/ugv_repo/OperationTouchdown/ugv_ws/install/depthai_ros_msgs:/home/ground/ugv_repo/OperationTouchdown/ugv_ws/install/depthai_descriptions:/home/ground/ugv_repo/OperationTouchdown/ugv_ws/install/dual_laser_merger:/home/ground/ugv_repo/OperationTouchdown/ugv_ws/install/rplidar_ros:/home/ground/ugv_repo/OperationTouchdown/ugv_ws/install/roboteq_ros2_driver:/home/ground/ugv_repo/OperationTouchdown/ugv_ws/install/my_ugv_bringup:/home/ground/ugv_repo/OperationTouchdown/ugv_ws/install/my_ugv_description:/home/ground/ugv_repo/OperationTouchdown/ugv_ws/install/depthai-ros:/opt/ros/jazzy/opt/gz_sim_vendor:/opt/ros/jazzy/opt/gz_sensors_vendor:/opt/ros/jazzy/opt/gz_physics_vendor:/opt/ros/jazzy/opt/sdformat_vendor:/opt/ros/jazzy/opt/gz_gui_vendor:/opt/ros/jazzy/opt/gz_transport_vendor:/opt/ros/jazzy/opt/gz_rendering_vendor:/opt/ros/jazzy/opt/gz_plugin_vendor:/opt/ros/jazzy/opt/gz_fuel_tools_vendor:/opt/ros/jazzy/opt/gz_msgs_vendor:/opt/ros/jazzy/opt/gz_common_vendor:/opt/ros/jazzy/opt/gz_math_vendor:/opt/ros/jazzy/opt/gz_utils_vendor:/opt/ros/jazzy/opt/gz_tools_vendor:/opt/ros/jazzy/opt/gz_ogre_next_vendor:/opt/ros/jazzy/opt/gz_dartsim_vendor:/opt/ros/jazzy/opt/gz_cmake_vendor:/home/ground/ugv_repo/OperationTouchdown/ugv_ws/install/my_ugv_vision:/home/ground/ugv_repo/OperationTouchdown/ugv_ws/install/my_ugv_hardware:/opt/ros/jazzy DEBUGINFOD_URLS=https://debuginfod.ubuntu.com GAZEBO_MODEL_PATH=/home/ground/ugv_repo/OperationTouchdown/ugv_ws/install/depthai_descriptions:${GAZEBO_MODEL_PATH} GAZEBO_RESOURCE_PATH=/home/ground/ugv_repo/OperationTouchdown/ugv_ws/install/depthai_descriptions:${GAZEBO_RESOURCE_PATH} IGN_GAZEBO_MODEL_PATH=/home/ground/ugv_repo/OperationTouchdown/ugv_ws/install/depthai_descriptions:${IGN_GAZEBO_MODEL_PATH} IGN_GAZEBO_RESOURCE_PATH=/home/ground/ugv_repo/OperationTouchdown/ugv_ws/install/depthai_descriptions:${IGN_GAZEBO_RESOURCE_PATH} LD_LIBRARY_PATH=/home/ground/ugv_repo/OperationTouchdown/ugv_ws/install/depthai_ros_driver/lib:/home/ground/ugv_repo/OperationTouchdown/ugv_ws/install/depthai_filters/lib:/home/ground/ugv_repo/OperationTouchdown/ugv_ws/install/depthai_bridge/lib:/home/ground/ugv_repo/OperationTouchdown/ugv_ws/install/depthai_ros_msgs/lib:/home/ground/ugv_repo/OperationTouchdown/ugv_ws/install/dual_laser_merger/lib:/opt/ros/jazzy/opt/gz_sim_vendor/lib:/opt/ros/jazzy/opt/gz_sensors_vendor/lib:/opt/ros/jazzy/opt/gz_physics_vendor/lib:/opt/ros/jazzy/opt/sdformat_vendor/lib:/opt/ros/jazzy/opt/rviz_ogre_vendor/lib:/opt/ros/jazzy/lib/aarch64-linux-gnu:/opt/ros/jazzy/opt/gz_gui_vendor/lib:/opt/ros/jazzy/opt/gz_transport_vendor/lib:/opt/ros/jazzy/opt/gz_rendering_vendor/lib:/opt/ros/jazzy/opt/gz_plugin_vendor/lib:/opt/ros/jazzy/opt/gz_fuel_tools_vendor/lib:/opt/ros/jazzy/opt/gz_msgs_vendor/lib:/opt/ros/jazzy/opt/gz_common_vendor/lib:/opt/ros/jazzy/opt/gz_math_vendor/lib:/opt/ros/jazzy/opt/gz_utils_vendor/lib:/opt/ros/jazzy/opt/gz_tools_vendor/lib:/opt/ros/jazzy/opt/gz_ogre_next_vendor/lib:/opt/ros/jazzy/opt/gz_dartsim_vendor/lib:/opt/ros/jazzy/opt/gz_cmake_vendor/lib:/opt/ros/jazzy/lib PYTHONPATH=/home/ground/ugv_repo/OperationTouchdown/ugv_ws/install/depthai_ros_driver/lib/python3.12/site-packages:/home/ground/ugv_repo/OperationTouchdown/ugv_ws/install/depthai_ros_msgs/lib/python3.12/site-packages:/home/ground/ugv_repo/OperationTouchdown/ugv_ws/build/my_ugv_vision:/home/ground/ugv_repo/OperationTouchdown/ugv_ws/install/my_ugv_vision/lib/python3.12/site-packages:/home/ground/ugv_repo/OperationTouchdown/ugv_ws/build/my_ugv_hardware:/home/ground/ugv_repo/OperationTouchdown/ugv_ws/install/my_ugv_hardware/lib/python3.12/site-packages:/opt/ros/jazzy/lib/python3.12/site-packages /usr/bin/cmake --build /home/ground/ugv_repo/OperationTouchdown/ugv_ws/build/depthai-ros -- -j4 -l4
[4.530s] DEBUG:colcon.colcon_core.event_handler.log_command:Invoked command in '/home/ground/ugv_repo/OperationTouchdown/ugv_ws/build/depthai-ros' returned '0': CMAKE_PREFIX_PATH=/home/ground/ugv_repo/OperationTouchdown/ugv_ws/install/depthai_ros_driver:/home/ground/ugv_repo/OperationTouchdown/ugv_ws/install/depthai_examples:/home/ground/ugv_repo/OperationTouchdown/ugv_ws/install/depthai_filters:/home/ground/ugv_repo/OperationTouchdown/ugv_ws/install/depthai_bridge:/home/ground/ugv_repo/OperationTouchdown/ugv_ws/install/depthai_ros_msgs:/home/ground/ugv_repo/OperationTouchdown/ugv_ws/install/depthai_descriptions:/home/ground/ugv_repo/OperationTouchdown/ugv_ws/install/dual_laser_merger:/home/ground/ugv_repo/OperationTouchdown/ugv_ws/install/rplidar_ros:/home/ground/ugv_repo/OperationTouchdown/ugv_ws/install/roboteq_ros2_driver:/home/ground/ugv_repo/OperationTouchdown/ugv_ws/install/my_ugv_bringup:/home/ground/ugv_repo/OperationTouchdown/ugv_ws/install/my_ugv_description:/home/ground/ugv_repo/OperationTouchdown/ugv_ws/install/depthai-ros:/opt/ros/jazzy/opt/gz_sim_vendor:/opt/ros/jazzy/opt/gz_sensors_vendor:/opt/ros/jazzy/opt/gz_physics_vendor:/opt/ros/jazzy/opt/sdformat_vendor:/opt/ros/jazzy/opt/gz_gui_vendor:/opt/ros/jazzy/opt/gz_transport_vendor:/opt/ros/jazzy/opt/gz_rendering_vendor:/opt/ros/jazzy/opt/gz_plugin_vendor:/opt/ros/jazzy/opt/gz_fuel_tools_vendor:/opt/ros/jazzy/opt/gz_msgs_vendor:/opt/ros/jazzy/opt/gz_common_vendor:/opt/ros/jazzy/opt/gz_math_vendor:/opt/ros/jazzy/opt/gz_utils_vendor:/opt/ros/jazzy/opt/gz_tools_vendor:/opt/ros/jazzy/opt/gz_ogre_next_vendor:/opt/ros/jazzy/opt/gz_dartsim_vendor:/opt/ros/jazzy/opt/gz_cmake_vendor:/home/ground/ugv_repo/OperationTouchdown/ugv_ws/install/my_ugv_vision:/home/ground/ugv_repo/OperationTouchdown/ugv_ws/install/my_ugv_hardware:/opt/ros/jazzy DEBUGINFOD_URLS=https://debuginfod.ubuntu.com GAZEBO_MODEL_PATH=/home/ground/ugv_repo/OperationTouchdown/ugv_ws/install/depthai_descriptions:${GAZEBO_MODEL_PATH} GAZEBO_RESOURCE_PATH=/home/ground/ugv_repo/OperationTouchdown/ugv_ws/install/depthai_descriptions:${GAZEBO_RESOURCE_PATH} IGN_GAZEBO_MODEL_PATH=/home/ground/ugv_repo/OperationTouchdown/ugv_ws/install/depthai_descriptions:${IGN_GAZEBO_MODEL_PATH} IGN_GAZEBO_RESOURCE_PATH=/home/ground/ugv_repo/OperationTouchdown/ugv_ws/install/depthai_descriptions:${IGN_GAZEBO_RESOURCE_PATH} LD_LIBRARY_PATH=/home/ground/ugv_repo/OperationTouchdown/ugv_ws/install/depthai_ros_driver/lib:/home/ground/ugv_repo/OperationTouchdown/ugv_ws/install/depthai_filters/lib:/home/ground/ugv_repo/OperationTouchdown/ugv_ws/install/depthai_bridge/lib:/home/ground/ugv_repo/OperationTouchdown/ugv_ws/install/depthai_ros_msgs/lib:/home/ground/ugv_repo/OperationTouchdown/ugv_ws/install/dual_laser_merger/lib:/opt/ros/jazzy/opt/gz_sim_vendor/lib:/opt/ros/jazzy/opt/gz_sensors_vendor/lib:/opt/ros/jazzy/opt/gz_physics_vendor/lib:/opt/ros/jazzy/opt/sdformat_vendor/lib:/opt/ros/jazzy/opt/rviz_ogre_vendor/lib:/opt/ros/jazzy/lib/aarch64-linux-gnu:/opt/ros/jazzy/opt/gz_gui_vendor/lib:/opt/ros/jazzy/opt/gz_transport_vendor/lib:/opt/ros/jazzy/opt/gz_rendering_vendor/lib:/opt/ros/jazzy/opt/gz_plugin_vendor/lib:/opt/ros/jazzy/opt/gz_fuel_tools_vendor/lib:/opt/ros/jazzy/opt/gz_msgs_vendor/lib:/opt/ros/jazzy/opt/gz_common_vendor/lib:/opt/ros/jazzy/opt/gz_math_vendor/lib:/opt/ros/jazzy/opt/gz_utils_vendor/lib:/opt/ros/jazzy/opt/gz_tools_vendor/lib:/opt/ros/jazzy/opt/gz_ogre_next_vendor/lib:/opt/ros/jazzy/opt/gz_dartsim_vendor/lib:/opt/ros/jazzy/opt/gz_cmake_vendor/lib:/opt/ros/jazzy/lib PYTHONPATH=/home/ground/ugv_repo/OperationTouchdown/ugv_ws/install/depthai_ros_driver/lib/python3.12/site-packages:/home/ground/ugv_repo/OperationTouchdown/ugv_ws/install/depthai_ros_msgs/lib/python3.12/site-packages:/home/ground/ugv_repo/OperationTouchdown/ugv_ws/build/my_ugv_vision:/home/ground/ugv_repo/OperationTouchdown/ugv_ws/install/my_ugv_vision/lib/python3.12/site-packages:/home/ground/ugv_repo/OperationTouchdown/ugv_ws/build/my_ugv_hardware:/home/ground/ugv_repo/OperationTouchdown/ugv_ws/install/my_ugv_hardware/lib/python3.12/site-packages:/opt/ros/jazzy/lib/python3.12/site-packages /usr/bin/cmake --build /home/ground/ugv_repo/OperationTouchdown/ugv_ws/build/depthai-ros -- -j4 -l4
[4.531s] DEBUG:colcon.colcon_core.event_handler.log_command:Invoking command in '/home/ground/ugv_repo/OperationTouchdown/ugv_ws/build/depthai-ros': CMAKE_PREFIX_PATH=/home/ground/ugv_repo/OperationTouchdown/ugv_ws/install/depthai_ros_driver:/home/ground/ugv_repo/OperationTouchdown/ugv_ws/install/depthai_examples:/home/ground/ugv_repo/OperationTouchdown/ugv_ws/install/depthai_filters:/home/ground/ugv_repo/OperationTouchdown/ugv_ws/install/depthai_bridge:/home/ground/ugv_repo/OperationTouchdown/ugv_ws/install/depthai_ros_msgs:/home/ground/ugv_repo/OperationTouchdown/ugv_ws/install/depthai_descriptions:/home/ground/ugv_repo/OperationTouchdown/ugv_ws/install/dual_laser_merger:/home/ground/ugv_repo/OperationTouchdown/ugv_ws/install/rplidar_ros:/home/ground/ugv_repo/OperationTouchdown/ugv_ws/install/roboteq_ros2_driver:/home/ground/ugv_repo/OperationTouchdown/ugv_ws/install/my_ugv_bringup:/home/ground/ugv_repo/OperationTouchdown/ugv_ws/install/my_ugv_description:/home/ground/ugv_repo/OperationTouchdown/ugv_ws/install/depthai-ros:/opt/ros/jazzy/opt/gz_sim_vendor:/opt/ros/jazzy/opt/gz_sensors_vendor:/opt/ros/jazzy/opt/gz_physics_vendor:/opt/ros/jazzy/opt/sdformat_vendor:/opt/ros/jazzy/opt/gz_gui_vendor:/opt/ros/jazzy/opt/gz_transport_vendor:/opt/ros/jazzy/opt/gz_rendering_vendor:/opt/ros/jazzy/opt/gz_plugin_vendor:/opt/ros/jazzy/opt/gz_fuel_tools_vendor:/opt/ros/jazzy/opt/gz_msgs_vendor:/opt/ros/jazzy/opt/gz_common_vendor:/opt/ros/jazzy/opt/gz_math_vendor:/opt/ros/jazzy/opt/gz_utils_vendor:/opt/ros/jazzy/opt/gz_tools_vendor:/opt/ros/jazzy/opt/gz_ogre_next_vendor:/opt/ros/jazzy/opt/gz_dartsim_vendor:/opt/ros/jazzy/opt/gz_cmake_vendor:/home/ground/ugv_repo/OperationTouchdown/ugv_ws/install/my_ugv_vision:/home/ground/ugv_repo/OperationTouchdown/ugv_ws/install/my_ugv_hardware:/opt/ros/jazzy DEBUGINFOD_URLS=https://debuginfod.ubuntu.com GAZEBO_MODEL_PATH=/home/ground/ugv_repo/OperationTouchdown/ugv_ws/install/depthai_descriptions:${GAZEBO_MODEL_PATH} GAZEBO_RESOURCE_PATH=/home/ground/ugv_repo/OperationTouchdown/ugv_ws/install/depthai_descriptions:${GAZEBO_RESOURCE_PATH} IGN_GAZEBO_MODEL_PATH=/home/ground/ugv_repo/OperationTouchdown/ugv_ws/install/depthai_descriptions:${IGN_GAZEBO_MODEL_PATH} IGN_GAZEBO_RESOURCE_PATH=/home/ground/ugv_repo/OperationTouchdown/ugv_ws/install/depthai_descriptions:${IGN_GAZEBO_RESOURCE_PATH} LD_LIBRARY_PATH=/home/ground/ugv_repo/OperationTouchdown/ugv_ws/install/depthai_ros_driver/lib:/home/ground/ugv_repo/OperationTouchdown/ugv_ws/install/depthai_filters/lib:/home/ground/ugv_repo/OperationTouchdown/ugv_ws/install/depthai_bridge/lib:/home/ground/ugv_repo/OperationTouchdown/ugv_ws/install/depthai_ros_msgs/lib:/home/ground/ugv_repo/OperationTouchdown/ugv_ws/install/dual_laser_merger/lib:/opt/ros/jazzy/opt/gz_sim_vendor/lib:/opt/ros/jazzy/opt/gz_sensors_vendor/lib:/opt/ros/jazzy/opt/gz_physics_vendor/lib:/opt/ros/jazzy/opt/sdformat_vendor/lib:/opt/ros/jazzy/opt/rviz_ogre_vendor/lib:/opt/ros/jazzy/lib/aarch64-linux-gnu:/opt/ros/jazzy/opt/gz_gui_vendor/lib:/opt/ros/jazzy/opt/gz_transport_vendor/lib:/opt/ros/jazzy/opt/gz_rendering_vendor/lib:/opt/ros/jazzy/opt/gz_plugin_vendor/lib:/opt/ros/jazzy/opt/gz_fuel_tools_vendor/lib:/opt/ros/jazzy/opt/gz_msgs_vendor/lib:/opt/ros/jazzy/opt/gz_common_vendor/lib:/opt/ros/jazzy/opt/gz_math_vendor/lib:/opt/ros/jazzy/opt/gz_utils_vendor/lib:/opt/ros/jazzy/opt/gz_tools_vendor/lib:/opt/ros/jazzy/opt/gz_ogre_next_vendor/lib:/opt/ros/jazzy/opt/gz_dartsim_vendor/lib:/opt/ros/jazzy/opt/gz_cmake_vendor/lib:/opt/ros/jazzy/lib PYTHONPATH=/home/ground/ugv_repo/OperationTouchdown/ugv_ws/install/depthai_ros_driver/lib/python3.12/site-packages:/home/ground/ugv_repo/OperationTouchdown/ugv_ws/install/depthai_ros_msgs/lib/python3.12/site-packages:/home/ground/ugv_repo/OperationTouchdown/ugv_ws/build/my_ugv_vision:/home/ground/ugv_repo/OperationTouchdown/ugv_ws/install/my_ugv_vision/lib/python3.12/site-packages:/home/ground/ugv_repo/OperationTouchdown/ugv_ws/build/my_ugv_hardware:/home/ground/ugv_repo/OperationTouchdown/ugv_ws/install/my_ugv_hardware/lib/python3.12/site-packages:/opt/ros/jazzy/lib/python3.12/site-packages /usr/bin/cmake --install /home/ground/ugv_repo/OperationTouchdown/ugv_ws/build/depthai-ros
[4.580s] Level 1:colcon.colcon_core.environment:create_environment_scripts_only(depthai-ros)
[4.580s] Level 1:colcon.colcon_core.environment:checking '/home/ground/ugv_repo/OperationTouchdown/ugv_ws/install/depthai-ros' for CMake module files
[4.582s] Level 1:colcon.colcon_core.environment:checking '/home/ground/ugv_repo/OperationTouchdown/ugv_ws/install/depthai-ros' for CMake config files
[4.582s] Level 1:colcon.colcon_core.shell:create_environment_hook('depthai-ros', 'cmake_prefix_path')
[4.583s] INFO:colcon.colcon_core.shell:Creating environment hook '/home/ground/ugv_repo/OperationTouchdown/ugv_ws/install/depthai-ros/share/depthai-ros/hook/cmake_prefix_path.ps1'
[4.584s] INFO:colcon.colcon_core.shell:Creating environment descriptor '/home/ground/ugv_repo/OperationTouchdown/ugv_ws/install/depthai-ros/share/depthai-ros/hook/cmake_prefix_path.dsv'
[4.584s] DEBUG:colcon.colcon_core.event_handler.log_command:Invoked command in '/home/ground/ugv_repo/OperationTouchdown/ugv_ws/build/depthai-ros' returned '0': CMAKE_PREFIX_PATH=/home/ground/ugv_repo/OperationTouchdown/ugv_ws/install/depthai_ros_driver:/home/ground/ugv_repo/OperationTouchdown/ugv_ws/install/depthai_examples:/home/ground/ugv_repo/OperationTouchdown/ugv_ws/install/depthai_filters:/home/ground/ugv_repo/OperationTouchdown/ugv_ws/install/depthai_bridge:/home/ground/ugv_repo/OperationTouchdown/ugv_ws/install/depthai_ros_msgs:/home/ground/ugv_repo/OperationTouchdown/ugv_ws/install/depthai_descriptions:/home/ground/ugv_repo/OperationTouchdown/ugv_ws/install/dual_laser_merger:/home/ground/ugv_repo/OperationTouchdown/ugv_ws/install/rplidar_ros:/home/ground/ugv_repo/OperationTouchdown/ugv_ws/install/roboteq_ros2_driver:/home/ground/ugv_repo/OperationTouchdown/ugv_ws/install/my_ugv_bringup:/home/ground/ugv_repo/OperationTouchdown/ugv_ws/install/my_ugv_description:/home/ground/ugv_repo/OperationTouchdown/ugv_ws/install/depthai-ros:/opt/ros/jazzy/opt/gz_sim_vendor:/opt/ros/jazzy/opt/gz_sensors_vendor:/opt/ros/jazzy/opt/gz_physics_vendor:/opt/ros/jazzy/opt/sdformat_vendor:/opt/ros/jazzy/opt/gz_gui_vendor:/opt/ros/jazzy/opt/gz_transport_vendor:/opt/ros/jazzy/opt/gz_rendering_vendor:/opt/ros/jazzy/opt/gz_plugin_vendor:/opt/ros/jazzy/opt/gz_fuel_tools_vendor:/opt/ros/jazzy/opt/gz_msgs_vendor:/opt/ros/jazzy/opt/gz_common_vendor:/opt/ros/jazzy/opt/gz_math_vendor:/opt/ros/jazzy/opt/gz_utils_vendor:/opt/ros/jazzy/opt/gz_tools_vendor:/opt/ros/jazzy/opt/gz_ogre_next_vendor:/opt/ros/jazzy/opt/gz_dartsim_vendor:/opt/ros/jazzy/opt/gz_cmake_vendor:/home/ground/ugv_repo/OperationTouchdown/ugv_ws/install/my_ugv_vision:/home/ground/ugv_repo/OperationTouchdown/ugv_ws/install/my_ugv_hardware:/opt/ros/jazzy DEBUGINFOD_URLS=https://debuginfod.ubuntu.com GAZEBO_MODEL_PATH=/home/ground/ugv_repo/OperationTouchdown/ugv_ws/install/depthai_descriptions:${GAZEBO_MODEL_PATH} GAZEBO_RESOURCE_PATH=/home/ground/ugv_repo/OperationTouchdown/ugv_ws/install/depthai_descriptions:${GAZEBO_RESOURCE_PATH} IGN_GAZEBO_MODEL_PATH=/home/ground/ugv_repo/OperationTouchdown/ugv_ws/install/depthai_descriptions:${IGN_GAZEBO_MODEL_PATH} IGN_GAZEBO_RESOURCE_PATH=/home/ground/ugv_repo/OperationTouchdown/ugv_ws/install/depthai_descriptions:${IGN_GAZEBO_RESOURCE_PATH} LD_LIBRARY_PATH=/home/ground/ugv_repo/OperationTouchdown/ugv_ws/install/depthai_ros_driver/lib:/home/ground/ugv_repo/OperationTouchdown/ugv_ws/install/depthai_filters/lib:/home/ground/ugv_repo/OperationTouchdown/ugv_ws/install/depthai_bridge/lib:/home/ground/ugv_repo/OperationTouchdown/ugv_ws/install/depthai_ros_msgs/lib:/home/ground/ugv_repo/OperationTouchdown/ugv_ws/install/dual_laser_merger/lib:/opt/ros/jazzy/opt/gz_sim_vendor/lib:/opt/ros/jazzy/opt/gz_sensors_vendor/lib:/opt/ros/jazzy/opt/gz_physics_vendor/lib:/opt/ros/jazzy/opt/sdformat_vendor/lib:/opt/ros/jazzy/opt/rviz_ogre_vendor/lib:/opt/ros/jazzy/lib/aarch64-linux-gnu:/opt/ros/jazzy/opt/gz_gui_vendor/lib:/opt/ros/jazzy/opt/gz_transport_vendor/lib:/opt/ros/jazzy/opt/gz_rendering_vendor/lib:/opt/ros/jazzy/opt/gz_plugin_vendor/lib:/opt/ros/jazzy/opt/gz_fuel_tools_vendor/lib:/opt/ros/jazzy/opt/gz_msgs_vendor/lib:/opt/ros/jazzy/opt/gz_common_vendor/lib:/opt/ros/jazzy/opt/gz_math_vendor/lib:/opt/ros/jazzy/opt/gz_utils_vendor/lib:/opt/ros/jazzy/opt/gz_tools_vendor/lib:/opt/ros/jazzy/opt/gz_ogre_next_vendor/lib:/opt/ros/jazzy/opt/gz_dartsim_vendor/lib:/opt/ros/jazzy/opt/gz_cmake_vendor/lib:/opt/ros/jazzy/lib PYTHONPATH=/home/ground/ugv_repo/OperationTouchdown/ugv_ws/install/depthai_ros_driver/lib/python3.12/site-packages:/home/ground/ugv_repo/OperationTouchdown/ugv_ws/install/depthai_ros_msgs/lib/python3.12/site-packages:/home/ground/ugv_repo/OperationTouchdown/ugv_ws/build/my_ugv_vision:/home/ground/ugv_repo/OperationTouchdown/ugv_ws/install/my_ugv_vision/lib/python3.12/site-packages:/home/ground/ugv_repo/OperationTouchdown/ugv_ws/build/my_ugv_hardware:/home/ground/ugv_repo/OperationTouchdown/ugv_ws/install/my_ugv_hardware/lib/python3.12/site-packages:/opt/ros/jazzy/lib/python3.12/site-packages /usr/bin/cmake --install /home/ground/ugv_repo/OperationTouchdown/ugv_ws/build/depthai-ros
[4.585s] INFO:colcon.colcon_core.shell:Creating environment hook '/home/ground/ugv_repo/OperationTouchdown/ugv_ws/install/depthai-ros/share/depthai-ros/hook/cmake_prefix_path.sh'
[4.586s] Level 1:colcon.colcon_core.environment:checking '/home/ground/ugv_repo/OperationTouchdown/ugv_ws/install/depthai-ros/bin'
[4.586s] Level 1:colcon.colcon_core.environment:checking '/home/ground/ugv_repo/OperationTouchdown/ugv_ws/install/depthai-ros/lib/pkgconfig/depthai-ros.pc'
[4.587s] Level 1:colcon.colcon_core.environment:checking '/home/ground/ugv_repo/OperationTouchdown/ugv_ws/install/depthai-ros/lib/python3.12/site-packages'
[4.587s] Level 1:colcon.colcon_core.environment:checking '/home/ground/ugv_repo/OperationTouchdown/ugv_ws/install/depthai-ros/bin'
[4.588s] INFO:colcon.colcon_core.shell:Creating package script '/home/ground/ugv_repo/OperationTouchdown/ugv_ws/install/depthai-ros/share/depthai-ros/package.ps1'
[4.588s] INFO:colcon.colcon_core.shell:Creating package descriptor '/home/ground/ugv_repo/OperationTouchdown/ugv_ws/install/depthai-ros/share/depthai-ros/package.dsv'
[4.589s] INFO:colcon.colcon_core.shell:Creating package script '/home/ground/ugv_repo/OperationTouchdown/ugv_ws/install/depthai-ros/share/depthai-ros/package.sh'
[4.590s] INFO:colcon.colcon_core.shell:Creating package script '/home/ground/ugv_repo/OperationTouchdown/ugv_ws/install/depthai-ros/share/depthai-ros/package.bash'
[4.592s] INFO:colcon.colcon_core.shell:Creating package script '/home/ground/ugv_repo/OperationTouchdown/ugv_ws/install/depthai-ros/share/depthai-ros/package.zsh'
[4.593s] Level 1:colcon.colcon_core.environment:create_file_with_runtime_dependencies(/home/ground/ugv_repo/OperationTouchdown/ugv_ws/install/depthai-ros/share/colcon-core/packages/depthai-ros)
[4.594s] Level 1:colcon.colcon_core.environment:create_environment_scripts_only(depthai-ros)
[4.594s] Level 1:colcon.colcon_core.environment:checking '/home/ground/ugv_repo/OperationTouchdown/ugv_ws/install/depthai-ros' for CMake module files
[4.596s] Level 1:colcon.colcon_core.environment:checking '/home/ground/ugv_repo/OperationTouchdown/ugv_ws/install/depthai-ros' for CMake config files
[4.596s] Level 1:colcon.colcon_core.shell:create_environment_hook('depthai-ros', 'cmake_prefix_path')
[4.596s] INFO:colcon.colcon_core.shell:Creating environment hook '/home/ground/ugv_repo/OperationTouchdown/ugv_ws/install/depthai-ros/share/depthai-ros/hook/cmake_prefix_path.ps1'
[4.597s] INFO:colcon.colcon_core.shell:Creating environment descriptor '/home/ground/ugv_repo/OperationTouchdown/ugv_ws/install/depthai-ros/share/depthai-ros/hook/cmake_prefix_path.dsv'
[4.600s] INFO:colcon.colcon_core.shell:Creating environment hook '/home/ground/ugv_repo/OperationTouchdown/ugv_ws/install/depthai-ros/share/depthai-ros/hook/cmake_prefix_path.sh'
[4.601s] Level 1:colcon.colcon_core.environment:checking '/home/ground/ugv_repo/OperationTouchdown/ugv_ws/install/depthai-ros/bin'
[4.601s] Level 1:colcon.colcon_core.environment:checking '/home/ground/ugv_repo/OperationTouchdown/ugv_ws/install/depthai-ros/lib/pkgconfig/depthai-ros.pc'
[4.601s] Level 1:colcon.colcon_core.environment:checking '/home/ground/ugv_repo/OperationTouchdown/ugv_ws/install/depthai-ros/lib/python3.12/site-packages'
[4.602s] Level 1:colcon.colcon_core.environment:checking '/home/ground/ugv_repo/OperationTouchdown/ugv_ws/install/depthai-ros/bin'
[4.603s] INFO:colcon.colcon_core.shell:Creating package script '/home/ground/ugv_repo/OperationTouchdown/ugv_ws/install/depthai-ros/share/depthai-ros/package.ps1'
[4.604s] INFO:colcon.colcon_core.shell:Creating package descriptor '/home/ground/ugv_repo/OperationTouchdown/ugv_ws/install/depthai-ros/share/depthai-ros/package.dsv'
[4.604s] INFO:colcon.colcon_core.shell:Creating package script '/home/ground/ugv_repo/OperationTouchdown/ugv_ws/install/depthai-ros/share/depthai-ros/package.sh'
[4.605s] INFO:colcon.colcon_core.shell:Creating package script '/home/ground/ugv_repo/OperationTouchdown/ugv_ws/install/depthai-ros/share/depthai-ros/package.bash'
[4.606s] INFO:colcon.colcon_core.shell:Creating package script '/home/ground/ugv_repo/OperationTouchdown/ugv_ws/install/depthai-ros/share/depthai-ros/package.zsh'
[4.606s] Level 1:colcon.colcon_core.environment:create_file_with_runtime_dependencies(/home/ground/ugv_repo/OperationTouchdown/ugv_ws/install/depthai-ros/share/colcon-core/packages/depthai-ros)
[4.629s] Level 1:colcon.colcon_core.shell:create_environment_hook('my_ugv_vision', 'pythonpath_develop')
[4.630s] INFO:colcon.colcon_core.shell:Creating environment hook '/home/ground/ugv_repo/OperationTouchdown/ugv_ws/build/my_ugv_vision/share/my_ugv_vision/hook/pythonpath_develop.ps1'
[4.631s] DEBUG:colcon.colcon_core.event_handler.log_command:Invoked command in '/home/ground/ugv_repo/OperationTouchdown/ugv_ws/build/my_ugv_vision' returned '0': DEBUGINFOD_URLS=https://debuginfod.ubuntu.com PYTHONPATH=/home/ground/ugv_repo/OperationTouchdown/ugv_ws/build/my_ugv_vision/prefix_override:/usr/lib/python3/dist-packages/colcon_core/task/python/colcon_distutils_commands:/home/ground/ugv_repo/OperationTouchdown/ugv_ws/install/my_ugv_vision/lib/python3.12/site-packages:${PYTHONPATH} /usr/bin/python3 -W ignore:setup.py install is deprecated -W ignore:easy_install command is deprecated setup.py develop --editable --build-directory /home/ground/ugv_repo/OperationTouchdown/ugv_ws/build/my_ugv_vision/build --no-deps symlink_data
[4.631s] INFO:colcon.colcon_core.shell:Creating environment descriptor '/home/ground/ugv_repo/OperationTouchdown/ugv_ws/build/my_ugv_vision/share/my_ugv_vision/hook/pythonpath_develop.dsv'
[4.631s] INFO:colcon.colcon_core.shell:Creating environment hook '/home/ground/ugv_repo/OperationTouchdown/ugv_ws/build/my_ugv_vision/share/my_ugv_vision/hook/pythonpath_develop.sh'
[4.632s] Level 1:colcon.colcon_core.environment:checking '/home/ground/ugv_repo/OperationTouchdown/ugv_ws/install/my_ugv_vision' for CMake module files
[4.633s] Level 1:colcon.colcon_core.environment:checking '/home/ground/ugv_repo/OperationTouchdown/ugv_ws/install/my_ugv_vision' for CMake config files
[4.634s] Level 1:colcon.colcon_core.environment:checking '/home/ground/ugv_repo/OperationTouchdown/ugv_ws/install/my_ugv_vision/lib'
[4.634s] Level 1:colcon.colcon_core.environment:checking '/home/ground/ugv_repo/OperationTouchdown/ugv_ws/install/my_ugv_vision/bin'
[4.634s] Level 1:colcon.colcon_core.environment:checking '/home/ground/ugv_repo/OperationTouchdown/ugv_ws/install/my_ugv_vision/lib/pkgconfig/my_ugv_vision.pc'
[4.634s] Level 1:colcon.colcon_core.environment:checking '/home/ground/ugv_repo/OperationTouchdown/ugv_ws/install/my_ugv_vision/lib/python3.12/site-packages'
[4.634s] Level 1:colcon.colcon_core.shell:create_environment_hook('my_ugv_vision', 'pythonpath')
[4.634s] INFO:colcon.colcon_core.shell:Creating environment hook '/home/ground/ugv_repo/OperationTouchdown/ugv_ws/install/my_ugv_vision/share/my_ugv_vision/hook/pythonpath.ps1'
[4.635s] INFO:colcon.colcon_core.shell:Creating environment descriptor '/home/ground/ugv_repo/OperationTouchdown/ugv_ws/install/my_ugv_vision/share/my_ugv_vision/hook/pythonpath.dsv'
[4.636s] INFO:colcon.colcon_core.shell:Creating environment hook '/home/ground/ugv_repo/OperationTouchdown/ugv_ws/install/my_ugv_vision/share/my_ugv_vision/hook/pythonpath.sh'
[4.637s] Level 1:colcon.colcon_core.environment:checking '/home/ground/ugv_repo/OperationTouchdown/ugv_ws/install/my_ugv_vision/bin'
[4.637s] Level 1:colcon.colcon_core.environment:create_environment_scripts_only(my_ugv_vision)
[4.637s] INFO:colcon.colcon_core.shell:Creating package script '/home/ground/ugv_repo/OperationTouchdown/ugv_ws/install/my_ugv_vision/share/my_ugv_vision/package.ps1'
[4.639s] INFO:colcon.colcon_core.shell:Creating package descriptor '/home/ground/ugv_repo/OperationTouchdown/ugv_ws/install/my_ugv_vision/share/my_ugv_vision/package.dsv'
[4.639s] INFO:colcon.colcon_core.shell:Creating package script '/home/ground/ugv_repo/OperationTouchdown/ugv_ws/install/my_ugv_vision/share/my_ugv_vision/package.sh'
[4.640s] INFO:colcon.colcon_core.shell:Creating package script '/home/ground/ugv_repo/OperationTouchdown/ugv_ws/install/my_ugv_vision/share/my_ugv_vision/package.bash'
[4.641s] INFO:colcon.colcon_core.shell:Creating package script '/home/ground/ugv_repo/OperationTouchdown/ugv_ws/install/my_ugv_vision/share/my_ugv_vision/package.zsh'
[4.642s] Level 1:colcon.colcon_core.environment:create_file_with_runtime_dependencies(/home/ground/ugv_repo/OperationTouchdown/ugv_ws/install/my_ugv_vision/share/colcon-core/packages/my_ugv_vision)
[4.642s] DEBUG:colcon.colcon_parallel_executor.executor.parallel:closing loop
[4.643s] DEBUG:colcon.colcon_parallel_executor.executor.parallel:loop closed
[4.643s] DEBUG:colcon.colcon_parallel_executor.executor.parallel:run_until_complete finished with '0'
[4.643s] DEBUG:colcon.colcon_core.event_reactor:joining thread
[4.652s] INFO:colcon.colcon_core.plugin_system:Skipping extension 'colcon_notification.desktop_notification.terminal_notifier': Not used on non-Darwin systems
[4.652s] INFO:colcon.colcon_core.plugin_system:Skipping extension 'colcon_notification.desktop_notification.win32': Not used on non-Windows systems
[4.653s] INFO:colcon.colcon_notification.desktop_notification:Sending desktop notification using 'notify2'
[4.654s] DEBUG:colcon.colcon_notification.desktop_notification.notify2:Failed to initialize notify2: org.freedesktop.DBus.Error.ServiceUnknown: The name org.freedesktop.Notifications was not provided by any .service files
[4.654s] DEBUG:colcon.colcon_core.event_reactor:joined thread
[4.655s] INFO:colcon.colcon_core.shell:Creating prefix script '/home/ground/ugv_repo/OperationTouchdown/ugv_ws/install/local_setup.ps1'
[4.656s] INFO:colcon.colcon_core.shell:Creating prefix util module '/home/ground/ugv_repo/OperationTouchdown/ugv_ws/install/_local_setup_util_ps1.py'
[4.657s] INFO:colcon.colcon_core.shell:Creating prefix chain script '/home/ground/ugv_repo/OperationTouchdown/ugv_ws/install/setup.ps1'
[4.660s] INFO:colcon.colcon_core.shell:Creating prefix script '/home/ground/ugv_repo/OperationTouchdown/ugv_ws/install/local_setup.sh'
[4.660s] INFO:colcon.colcon_core.shell:Creating prefix util module '/home/ground/ugv_repo/OperationTouchdown/ugv_ws/install/_local_setup_util_sh.py'
[4.662s] INFO:colcon.colcon_core.shell:Creating prefix chain script '/home/ground/ugv_repo/OperationTouchdown/ugv_ws/install/setup.sh'
[4.664s] INFO:colcon.colcon_core.shell:Creating prefix script '/home/ground/ugv_repo/OperationTouchdown/ugv_ws/install/local_setup.bash'
[4.664s] INFO:colcon.colcon_core.shell:Creating prefix chain script '/home/ground/ugv_repo/OperationTouchdown/ugv_ws/install/setup.bash'
[4.666s] INFO:colcon.colcon_core.shell:Creating prefix script '/home/ground/ugv_repo/OperationTouchdown/ugv_ws/install/local_setup.zsh'
[4.667s] INFO:colcon.colcon_core.shell:Creating prefix chain script '/home/ground/ugv_repo/OperationTouchdown/ugv_ws/install/setup.zsh'
