[0.147s] DEBUG:colcon:Command line arguments: ['/usr/bin/colcon', 'build', '--symlink-install']
[0.147s] DEBUG:colcon:Parsed command line arguments: Namespace(log_base=None, log_level=None, verb_name='build', build_base='build', install_base='install', merge_install=False, symlink_install=True, test_result_base=None, continue_on_error=False, executor='parallel', parallel_workers=4, event_handlers=None, ignore_user_meta=False, metas=['./colcon.meta'], base_paths=['.'], packages_ignore=None, packages_ignore_regex=None, paths=None, packages_up_to=None, packages_up_to_regex=None, packages_above=None, packages_above_and_dependencies=None, packages_above_depth=None, packages_select_by_dep=None, packages_skip_by_dep=None, packages_skip_up_to=None, packages_select_build_failed=False, packages_skip_build_finished=False, packages_select_test_failures=False, packages_skip_test_passed=False, packages_select=None, packages_skip=None, packages_select_regex=None, packages_skip_regex=None, packages_start=None, packages_end=None, allow_overriding=[], cmake_args=None, cmake_target=None, cmake_target_skip_unavailable=False, cmake_clean_cache=False, cmake_clean_first=False, cmake_force_configure=False, ament_cmake_args=None, catkin_cmake_args=None, catkin_skip_building_tests=False, mixin_files=None, mixin=None, verb_parser=<colcon_mixin.mixin.mixin_argument.MixinArgumentDecorator object at 0xffff7e4cc800>, verb_extension=<colcon_core.verb.build.BuildVerb object at 0xffff7e67cf50>, main=<bound method BuildVerb.main of <colcon_core.verb.build.BuildVerb object at 0xffff7e67cf50>>, mixin_verb=('build',))
[0.202s] Level 1:colcon.colcon_core.package_discovery:discover_packages(colcon_meta) check parameters
[0.202s] Level 1:colcon.colcon_core.package_discovery:discover_packages(recursive) check parameters
[0.202s] Level 1:colcon.colcon_core.package_discovery:discover_packages(ignore) check parameters
[0.202s] Level 1:colcon.colcon_core.package_discovery:discover_packages(path) check parameters
[0.202s] Level 1:colcon.colcon_core.package_discovery:discover_packages(colcon_meta) discover
[0.202s] Level 1:colcon.colcon_core.package_discovery:discover_packages(recursive) discover
[0.202s] INFO:colcon.colcon_core.package_discovery:Crawling recursively for packages in '/home/ugv/Desktop/OperationTouchdown/ugv_ws'
[0.202s] Level 1:colcon.colcon_core.package_identification:_identify(.) by extensions ['ignore', 'ignore_ament_install']
[0.202s] Level 1:colcon.colcon_core.package_identification:_identify(.) by extension 'ignore'
[0.203s] Level 1:colcon.colcon_core.package_identification:_identify(.) by extension 'ignore_ament_install'
[0.203s] Level 1:colcon.colcon_core.package_identification:_identify(.) by extensions ['colcon_pkg']
[0.203s] Level 1:colcon.colcon_core.package_identification:_identify(.) by extension 'colcon_pkg'
[0.203s] Level 1:colcon.colcon_core.package_identification:_identify(.) by extensions ['colcon_meta']
[0.203s] Level 1:colcon.colcon_core.package_identification:_identify(.) by extension 'colcon_meta'
[0.203s] Level 1:colcon.colcon_core.package_identification:_identify(.) by extensions ['ros']
[0.203s] Level 1:colcon.colcon_core.package_identification:_identify(.) by extension 'ros'
[0.240s] Level 1:colcon.colcon_core.package_identification:_identify(.) by extensions ['cmake', 'python']
[0.240s] Level 1:colcon.colcon_core.package_identification:_identify(.) by extension 'cmake'
[0.240s] Level 1:colcon.colcon_core.package_identification:_identify(.) by extension 'python'
[0.240s] Level 1:colcon.colcon_core.package_identification:_identify(.) by extensions ['python_setup_py']
[0.241s] Level 1:colcon.colcon_core.package_identification:_identify(.) by extension 'python_setup_py'
[0.241s] Level 1:colcon.colcon_core.package_identification:_identify(build) by extensions ['ignore', 'ignore_ament_install']
[0.241s] Level 1:colcon.colcon_core.package_identification:_identify(build) by extension 'ignore'
[0.241s] Level 1:colcon.colcon_core.package_identification:_identify(build) ignored
[0.241s] Level 1:colcon.colcon_core.package_identification:_identify(install) by extensions ['ignore', 'ignore_ament_install']
[0.241s] Level 1:colcon.colcon_core.package_identification:_identify(install) by extension 'ignore'
[0.241s] Level 1:colcon.colcon_core.package_identification:_identify(install) ignored
[0.241s] Level 1:colcon.colcon_core.package_identification:_identify(log) by extensions ['ignore', 'ignore_ament_install']
[0.242s] Level 1:colcon.colcon_core.package_identification:_identify(log) by extension 'ignore'
[0.242s] Level 1:colcon.colcon_core.package_identification:_identify(log) ignored
[0.242s] Level 1:colcon.colcon_core.package_identification:_identify(src) by extensions ['ignore', 'ignore_ament_install']
[0.242s] Level 1:colcon.colcon_core.package_identification:_identify(src) by extension 'ignore'
[0.242s] Level 1:colcon.colcon_core.package_identification:_identify(src) by extension 'ignore_ament_install'
[0.242s] Level 1:colcon.colcon_core.package_identification:_identify(src) by extensions ['colcon_pkg']
[0.242s] Level 1:colcon.colcon_core.package_identification:_identify(src) by extension 'colcon_pkg'
[0.242s] Level 1:colcon.colcon_core.package_identification:_identify(src) by extensions ['colcon_meta']
[0.242s] Level 1:colcon.colcon_core.package_identification:_identify(src) by extension 'colcon_meta'
[0.242s] Level 1:colcon.colcon_core.package_identification:_identify(src) by extensions ['ros']
[0.242s] Level 1:colcon.colcon_core.package_identification:_identify(src) by extension 'ros'
[0.242s] Level 1:colcon.colcon_core.package_identification:_identify(src) by extensions ['cmake', 'python']
[0.242s] Level 1:colcon.colcon_core.package_identification:_identify(src) by extension 'cmake'
[0.242s] Level 1:colcon.colcon_core.package_identification:_identify(src) by extension 'python'
[0.242s] Level 1:colcon.colcon_core.package_identification:_identify(src) by extensions ['python_setup_py']
[0.242s] Level 1:colcon.colcon_core.package_identification:_identify(src) by extension 'python_setup_py'
[0.242s] Level 1:colcon.colcon_core.package_identification:_identify(src/depthai-ros) by extensions ['ignore', 'ignore_ament_install']
[0.243s] Level 1:colcon.colcon_core.package_identification:_identify(src/depthai-ros) by extension 'ignore'
[0.243s] Level 1:colcon.colcon_core.package_identification:_identify(src/depthai-ros) by extension 'ignore_ament_install'
[0.243s] Level 1:colcon.colcon_core.package_identification:_identify(src/depthai-ros) by extensions ['colcon_pkg']
[0.243s] Level 1:colcon.colcon_core.package_identification:_identify(src/depthai-ros) by extension 'colcon_pkg'
[0.243s] Level 1:colcon.colcon_core.package_identification:_identify(src/depthai-ros) by extensions ['colcon_meta']
[0.243s] Level 1:colcon.colcon_core.package_identification:_identify(src/depthai-ros) by extension 'colcon_meta'
[0.243s] Level 1:colcon.colcon_core.package_identification:_identify(src/depthai-ros) by extensions ['ros']
[0.243s] Level 1:colcon.colcon_core.package_identification:_identify(src/depthai-ros) by extension 'ros'
[0.243s] Level 1:colcon.colcon_core.package_identification:_identify(src/depthai-ros) by extensions ['cmake', 'python']
[0.243s] Level 1:colcon.colcon_core.package_identification:_identify(src/depthai-ros) by extension 'cmake'
[0.243s] Level 1:colcon.colcon_core.package_identification:_identify(src/depthai-ros) by extension 'python'
[0.243s] Level 1:colcon.colcon_core.package_identification:_identify(src/depthai-ros) by extensions ['python_setup_py']
[0.243s] Level 1:colcon.colcon_core.package_identification:_identify(src/depthai-ros) by extension 'python_setup_py'
[0.243s] Level 1:colcon.colcon_core.package_identification:_identify(src/depthai-ros/depthai-ros) by extensions ['ignore', 'ignore_ament_install']
[0.243s] Level 1:colcon.colcon_core.package_identification:_identify(src/depthai-ros/depthai-ros) by extension 'ignore'
[0.243s] Level 1:colcon.colcon_core.package_identification:_identify(src/depthai-ros/depthai-ros) by extension 'ignore_ament_install'
[0.243s] Level 1:colcon.colcon_core.package_identification:_identify(src/depthai-ros/depthai-ros) by extensions ['colcon_pkg']
[0.244s] Level 1:colcon.colcon_core.package_identification:_identify(src/depthai-ros/depthai-ros) by extension 'colcon_pkg'
[0.244s] Level 1:colcon.colcon_core.package_identification:_identify(src/depthai-ros/depthai-ros) by extensions ['colcon_meta']
[0.244s] Level 1:colcon.colcon_core.package_identification:_identify(src/depthai-ros/depthai-ros) by extension 'colcon_meta'
[0.244s] Level 1:colcon.colcon_core.package_identification:_identify(src/depthai-ros/depthai-ros) by extensions ['ros']
[0.244s] Level 1:colcon.colcon_core.package_identification:_identify(src/depthai-ros/depthai-ros) by extension 'ros'
[0.247s] DEBUG:colcon.colcon_core.package_identification:Package 'src/depthai-ros/depthai-ros' with type 'ros.ament_cmake' and name 'depthai-ros'
[0.247s] Level 1:colcon.colcon_core.package_identification:_identify(src/depthai-ros/depthai_bridge) by extensions ['ignore', 'ignore_ament_install']
[0.248s] Level 1:colcon.colcon_core.package_identification:_identify(src/depthai-ros/depthai_bridge) by extension 'ignore'
[0.248s] Level 1:colcon.colcon_core.package_identification:_identify(src/depthai-ros/depthai_bridge) by extension 'ignore_ament_install'
[0.248s] Level 1:colcon.colcon_core.package_identification:_identify(src/depthai-ros/depthai_bridge) by extensions ['colcon_pkg']
[0.248s] Level 1:colcon.colcon_core.package_identification:_identify(src/depthai-ros/depthai_bridge) by extension 'colcon_pkg'
[0.248s] Level 1:colcon.colcon_core.package_identification:_identify(src/depthai-ros/depthai_bridge) by extensions ['colcon_meta']
[0.248s] Level 1:colcon.colcon_core.package_identification:_identify(src/depthai-ros/depthai_bridge) by extension 'colcon_meta'
[0.248s] Level 1:colcon.colcon_core.package_identification:_identify(src/depthai-ros/depthai_bridge) by extensions ['ros']
[0.248s] Level 1:colcon.colcon_core.package_identification:_identify(src/depthai-ros/depthai_bridge) by extension 'ros'
[0.250s] DEBUG:colcon.colcon_core.package_identification:Package 'src/depthai-ros/depthai_bridge' with type 'ros.ament_cmake' and name 'depthai_bridge'
[0.250s] Level 1:colcon.colcon_core.package_identification:_identify(src/depthai-ros/depthai_descriptions) by extensions ['ignore', 'ignore_ament_install']
[0.250s] Level 1:colcon.colcon_core.package_identification:_identify(src/depthai-ros/depthai_descriptions) by extension 'ignore'
[0.250s] Level 1:colcon.colcon_core.package_identification:_identify(src/depthai-ros/depthai_descriptions) by extension 'ignore_ament_install'
[0.250s] Level 1:colcon.colcon_core.package_identification:_identify(src/depthai-ros/depthai_descriptions) by extensions ['colcon_pkg']
[0.250s] Level 1:colcon.colcon_core.package_identification:_identify(src/depthai-ros/depthai_descriptions) by extension 'colcon_pkg'
[0.250s] Level 1:colcon.colcon_core.package_identification:_identify(src/depthai-ros/depthai_descriptions) by extensions ['colcon_meta']
[0.250s] Level 1:colcon.colcon_core.package_identification:_identify(src/depthai-ros/depthai_descriptions) by extension 'colcon_meta'
[0.250s] Level 1:colcon.colcon_core.package_identification:_identify(src/depthai-ros/depthai_descriptions) by extensions ['ros']
[0.250s] Level 1:colcon.colcon_core.package_identification:_identify(src/depthai-ros/depthai_descriptions) by extension 'ros'
[0.251s] DEBUG:colcon.colcon_core.package_identification:Package 'src/depthai-ros/depthai_descriptions' with type 'ros.ament_cmake' and name 'depthai_descriptions'
[0.251s] Level 1:colcon.colcon_core.package_identification:_identify(src/depthai-ros/depthai_examples) by extensions ['ignore', 'ignore_ament_install']
[0.251s] Level 1:colcon.colcon_core.package_identification:_identify(src/depthai-ros/depthai_examples) by extension 'ignore'
[0.251s] Level 1:colcon.colcon_core.package_identification:_identify(src/depthai-ros/depthai_examples) by extension 'ignore_ament_install'
[0.251s] Level 1:colcon.colcon_core.package_identification:_identify(src/depthai-ros/depthai_examples) by extensions ['colcon_pkg']
[0.251s] Level 1:colcon.colcon_core.package_identification:_identify(src/depthai-ros/depthai_examples) by extension 'colcon_pkg'
[0.252s] Level 1:colcon.colcon_core.package_identification:_identify(src/depthai-ros/depthai_examples) by extensions ['colcon_meta']
[0.252s] Level 1:colcon.colcon_core.package_identification:_identify(src/depthai-ros/depthai_examples) by extension 'colcon_meta'
[0.252s] Level 1:colcon.colcon_core.package_identification:_identify(src/depthai-ros/depthai_examples) by extensions ['ros']
[0.252s] Level 1:colcon.colcon_core.package_identification:_identify(src/depthai-ros/depthai_examples) by extension 'ros'
[0.253s] DEBUG:colcon.colcon_core.package_identification:Package 'src/depthai-ros/depthai_examples' with type 'ros.ament_cmake' and name 'depthai_examples'
[0.253s] Level 1:colcon.colcon_core.package_identification:_identify(src/depthai-ros/depthai_filters) by extensions ['ignore', 'ignore_ament_install']
[0.253s] Level 1:colcon.colcon_core.package_identification:_identify(src/depthai-ros/depthai_filters) by extension 'ignore'
[0.254s] Level 1:colcon.colcon_core.package_identification:_identify(src/depthai-ros/depthai_filters) by extension 'ignore_ament_install'
[0.254s] Level 1:colcon.colcon_core.package_identification:_identify(src/depthai-ros/depthai_filters) by extensions ['colcon_pkg']
[0.254s] Level 1:colcon.colcon_core.package_identification:_identify(src/depthai-ros/depthai_filters) by extension 'colcon_pkg'
[0.254s] Level 1:colcon.colcon_core.package_identification:_identify(src/depthai-ros/depthai_filters) by extensions ['colcon_meta']
[0.254s] Level 1:colcon.colcon_core.package_identification:_identify(src/depthai-ros/depthai_filters) by extension 'colcon_meta'
[0.254s] Level 1:colcon.colcon_core.package_identification:_identify(src/depthai-ros/depthai_filters) by extensions ['ros']
[0.254s] Level 1:colcon.colcon_core.package_identification:_identify(src/depthai-ros/depthai_filters) by extension 'ros'
[0.255s] DEBUG:colcon.colcon_core.package_identification:Package 'src/depthai-ros/depthai_filters' with type 'ros.ament_cmake' and name 'depthai_filters'
[0.255s] Level 1:colcon.colcon_core.package_identification:_identify(src/depthai-ros/depthai_ros_driver) by extensions ['ignore', 'ignore_ament_install']
[0.255s] Level 1:colcon.colcon_core.package_identification:_identify(src/depthai-ros/depthai_ros_driver) by extension 'ignore'
[0.255s] Level 1:colcon.colcon_core.package_identification:_identify(src/depthai-ros/depthai_ros_driver) by extension 'ignore_ament_install'
[0.255s] Level 1:colcon.colcon_core.package_identification:_identify(src/depthai-ros/depthai_ros_driver) by extensions ['colcon_pkg']
[0.255s] Level 1:colcon.colcon_core.package_identification:_identify(src/depthai-ros/depthai_ros_driver) by extension 'colcon_pkg'
[0.255s] Level 1:colcon.colcon_core.package_identification:_identify(src/depthai-ros/depthai_ros_driver) by extensions ['colcon_meta']
[0.255s] Level 1:colcon.colcon_core.package_identification:_identify(src/depthai-ros/depthai_ros_driver) by extension 'colcon_meta'
[0.255s] Level 1:colcon.colcon_core.package_identification:_identify(src/depthai-ros/depthai_ros_driver) by extensions ['ros']
[0.255s] Level 1:colcon.colcon_core.package_identification:_identify(src/depthai-ros/depthai_ros_driver) by extension 'ros'
[0.258s] DEBUG:colcon.colcon_core.package_identification:Package 'src/depthai-ros/depthai_ros_driver' with type 'ros.ament_cmake' and name 'depthai_ros_driver'
[0.258s] Level 1:colcon.colcon_core.package_identification:_identify(src/depthai-ros/depthai_ros_msgs) by extensions ['ignore', 'ignore_ament_install']
[0.258s] Level 1:colcon.colcon_core.package_identification:_identify(src/depthai-ros/depthai_ros_msgs) by extension 'ignore'
[0.258s] Level 1:colcon.colcon_core.package_identification:_identify(src/depthai-ros/depthai_ros_msgs) by extension 'ignore_ament_install'
[0.258s] Level 1:colcon.colcon_core.package_identification:_identify(src/depthai-ros/depthai_ros_msgs) by extensions ['colcon_pkg']
[0.258s] Level 1:colcon.colcon_core.package_identification:_identify(src/depthai-ros/depthai_ros_msgs) by extension 'colcon_pkg'
[0.258s] Level 1:colcon.colcon_core.package_identification:_identify(src/depthai-ros/depthai_ros_msgs) by extensions ['colcon_meta']
[0.258s] Level 1:colcon.colcon_core.package_identification:_identify(src/depthai-ros/depthai_ros_msgs) by extension 'colcon_meta'
[0.258s] Level 1:colcon.colcon_core.package_identification:_identify(src/depthai-ros/depthai_ros_msgs) by extensions ['ros']
[0.258s] Level 1:colcon.colcon_core.package_identification:_identify(src/depthai-ros/depthai_ros_msgs) by extension 'ros'
[0.259s] DEBUG:colcon.colcon_core.package_identification:Package 'src/depthai-ros/depthai_ros_msgs' with type 'ros.ament_cmake' and name 'depthai_ros_msgs'
[0.259s] Level 1:colcon.colcon_core.package_identification:_identify(src/dual_laser_merger) by extensions ['ignore', 'ignore_ament_install']
[0.259s] Level 1:colcon.colcon_core.package_identification:_identify(src/dual_laser_merger) by extension 'ignore'
[0.260s] Level 1:colcon.colcon_core.package_identification:_identify(src/dual_laser_merger) by extension 'ignore_ament_install'
[0.260s] Level 1:colcon.colcon_core.package_identification:_identify(src/dual_laser_merger) by extensions ['colcon_pkg']
[0.260s] Level 1:colcon.colcon_core.package_identification:_identify(src/dual_laser_merger) by extension 'colcon_pkg'
[0.260s] Level 1:colcon.colcon_core.package_identification:_identify(src/dual_laser_merger) by extensions ['colcon_meta']
[0.260s] Level 1:colcon.colcon_core.package_identification:_identify(src/dual_laser_merger) by extension 'colcon_meta'
[0.260s] Level 1:colcon.colcon_core.package_identification:_identify(src/dual_laser_merger) by extensions ['ros']
[0.260s] Level 1:colcon.colcon_core.package_identification:_identify(src/dual_laser_merger) by extension 'ros'
[0.261s] DEBUG:colcon.colcon_core.package_identification:Package 'src/dual_laser_merger' with type 'ros.ament_cmake' and name 'dual_laser_merger'
[0.261s] Level 1:colcon.colcon_core.package_identification:_identify(src/my_ugv_bringup) by extensions ['ignore', 'ignore_ament_install']
[0.261s] Level 1:colcon.colcon_core.package_identification:_identify(src/my_ugv_bringup) by extension 'ignore'
[0.261s] Level 1:colcon.colcon_core.package_identification:_identify(src/my_ugv_bringup) by extension 'ignore_ament_install'
[0.261s] Level 1:colcon.colcon_core.package_identification:_identify(src/my_ugv_bringup) by extensions ['colcon_pkg']
[0.261s] Level 1:colcon.colcon_core.package_identification:_identify(src/my_ugv_bringup) by extension 'colcon_pkg'
[0.261s] Level 1:colcon.colcon_core.package_identification:_identify(src/my_ugv_bringup) by extensions ['colcon_meta']
[0.262s] Level 1:colcon.colcon_core.package_identification:_identify(src/my_ugv_bringup) by extension 'colcon_meta'
[0.262s] Level 1:colcon.colcon_core.package_identification:_identify(src/my_ugv_bringup) by extensions ['ros']
[0.262s] Level 1:colcon.colcon_core.package_identification:_identify(src/my_ugv_bringup) by extension 'ros'
[0.262s] DEBUG:colcon.colcon_core.package_identification:Package 'src/my_ugv_bringup' with type 'ros.ament_cmake' and name 'my_ugv_bringup'
[0.263s] Level 1:colcon.colcon_core.package_identification:_identify(src/my_ugv_description) by extensions ['ignore', 'ignore_ament_install']
[0.263s] Level 1:colcon.colcon_core.package_identification:_identify(src/my_ugv_description) by extension 'ignore'
[0.263s] Level 1:colcon.colcon_core.package_identification:_identify(src/my_ugv_description) by extension 'ignore_ament_install'
[0.263s] Level 1:colcon.colcon_core.package_identification:_identify(src/my_ugv_description) by extensions ['colcon_pkg']
[0.263s] Level 1:colcon.colcon_core.package_identification:_identify(src/my_ugv_description) by extension 'colcon_pkg'
[0.263s] Level 1:colcon.colcon_core.package_identification:_identify(src/my_ugv_description) by extensions ['colcon_meta']
[0.263s] Level 1:colcon.colcon_core.package_identification:_identify(src/my_ugv_description) by extension 'colcon_meta'
[0.263s] Level 1:colcon.colcon_core.package_identification:_identify(src/my_ugv_description) by extensions ['ros']
[0.263s] Level 1:colcon.colcon_core.package_identification:_identify(src/my_ugv_description) by extension 'ros'
[0.263s] DEBUG:colcon.colcon_core.package_identification:Package 'src/my_ugv_description' with type 'ros.ament_cmake' and name 'my_ugv_description'
[0.264s] Level 1:colcon.colcon_core.package_identification:_identify(src/my_ugv_hardware) by extensions ['ignore', 'ignore_ament_install']
[0.264s] Level 1:colcon.colcon_core.package_identification:_identify(src/my_ugv_hardware) by extension 'ignore'
[0.264s] Level 1:colcon.colcon_core.package_identification:_identify(src/my_ugv_hardware) by extension 'ignore_ament_install'
[0.264s] Level 1:colcon.colcon_core.package_identification:_identify(src/my_ugv_hardware) by extensions ['colcon_pkg']
[0.264s] Level 1:colcon.colcon_core.package_identification:_identify(src/my_ugv_hardware) by extension 'colcon_pkg'
[0.264s] Level 1:colcon.colcon_core.package_identification:_identify(src/my_ugv_hardware) by extensions ['colcon_meta']
[0.264s] Level 1:colcon.colcon_core.package_identification:_identify(src/my_ugv_hardware) by extension 'colcon_meta'
[0.264s] Level 1:colcon.colcon_core.package_identification:_identify(src/my_ugv_hardware) by extensions ['ros']
[0.264s] Level 1:colcon.colcon_core.package_identification:_identify(src/my_ugv_hardware) by extension 'ros'
[0.265s] DEBUG:colcon.colcon_core.package_identification:Package 'src/my_ugv_hardware' with type 'ros.ament_python' and name 'my_ugv_hardware'
[0.265s] Level 1:colcon.colcon_core.package_identification:_identify(src/roboteq_ros2_driver) by extensions ['ignore', 'ignore_ament_install']
[0.265s] Level 1:colcon.colcon_core.package_identification:_identify(src/roboteq_ros2_driver) by extension 'ignore'
[0.265s] Level 1:colcon.colcon_core.package_identification:_identify(src/roboteq_ros2_driver) by extension 'ignore_ament_install'
[0.265s] Level 1:colcon.colcon_core.package_identification:_identify(src/roboteq_ros2_driver) by extensions ['colcon_pkg']
[0.265s] Level 1:colcon.colcon_core.package_identification:_identify(src/roboteq_ros2_driver) by extension 'colcon_pkg'
[0.265s] Level 1:colcon.colcon_core.package_identification:_identify(src/roboteq_ros2_driver) by extensions ['colcon_meta']
[0.265s] Level 1:colcon.colcon_core.package_identification:_identify(src/roboteq_ros2_driver) by extension 'colcon_meta'
[0.266s] Level 1:colcon.colcon_core.package_identification:_identify(src/roboteq_ros2_driver) by extensions ['ros']
[0.266s] Level 1:colcon.colcon_core.package_identification:_identify(src/roboteq_ros2_driver) by extension 'ros'
[0.266s] DEBUG:colcon.colcon_core.package_identification:Package 'src/roboteq_ros2_driver' with type 'ros.ament_cmake' and name 'roboteq_ros2_driver'
[0.266s] Level 1:colcon.colcon_core.package_identification:_identify(src/rplidar_ros) by extensions ['ignore', 'ignore_ament_install']
[0.266s] Level 1:colcon.colcon_core.package_identification:_identify(src/rplidar_ros) by extension 'ignore'
[0.267s] Level 1:colcon.colcon_core.package_identification:_identify(src/rplidar_ros) by extension 'ignore_ament_install'
[0.267s] Level 1:colcon.colcon_core.package_identification:_identify(src/rplidar_ros) by extensions ['colcon_pkg']
[0.267s] Level 1:colcon.colcon_core.package_identification:_identify(src/rplidar_ros) by extension 'colcon_pkg'
[0.267s] Level 1:colcon.colcon_core.package_identification:_identify(src/rplidar_ros) by extensions ['colcon_meta']
[0.267s] Level 1:colcon.colcon_core.package_identification:_identify(src/rplidar_ros) by extension 'colcon_meta'
[0.267s] Level 1:colcon.colcon_core.package_identification:_identify(src/rplidar_ros) by extensions ['ros']
[0.267s] Level 1:colcon.colcon_core.package_identification:_identify(src/rplidar_ros) by extension 'ros'
[0.267s] DEBUG:colcon.colcon_core.package_identification:Package 'src/rplidar_ros' with type 'ros.ament_cmake' and name 'rplidar_ros'
[0.267s] Level 1:colcon.colcon_core.package_discovery:discover_packages(recursive) using defaults
[0.267s] Level 1:colcon.colcon_core.package_discovery:discover_packages(ignore) discover
[0.267s] Level 1:colcon.colcon_core.package_discovery:discover_packages(ignore) using defaults
[0.268s] Level 1:colcon.colcon_core.package_discovery:discover_packages(path) discover
[0.268s] Level 1:colcon.colcon_core.package_discovery:discover_packages(path) using defaults
[0.298s] Level 1:colcon.colcon_core.package_discovery:discover_packages(prefix_path) check parameters
[0.298s] Level 1:colcon.colcon_core.package_discovery:discover_packages(prefix_path) discover
[0.302s] DEBUG:colcon.colcon_installed_package_information.package_discovery:Found 416 installed packages in /opt/ros/jazzy
[0.304s] Level 1:colcon.colcon_core.package_discovery:discover_packages(prefix_path) using defaults
[0.380s] Level 5:colcon.colcon_core.verb:set package 'depthai_descriptions' build argument 'cmake_args' from command line to 'None'
[0.380s] Level 5:colcon.colcon_core.verb:set package 'depthai_descriptions' build argument 'cmake_target' from command line to 'None'
[0.380s] Level 5:colcon.colcon_core.verb:set package 'depthai_descriptions' build argument 'cmake_target_skip_unavailable' from command line to 'False'
[0.380s] Level 5:colcon.colcon_core.verb:set package 'depthai_descriptions' build argument 'cmake_clean_cache' from command line to 'False'
[0.380s] Level 5:colcon.colcon_core.verb:set package 'depthai_descriptions' build argument 'cmake_clean_first' from command line to 'False'
[0.380s] Level 5:colcon.colcon_core.verb:set package 'depthai_descriptions' build argument 'cmake_force_configure' from command line to 'False'
[0.380s] Level 5:colcon.colcon_core.verb:set package 'depthai_descriptions' build argument 'ament_cmake_args' from command line to 'None'
[0.380s] Level 5:colcon.colcon_core.verb:set package 'depthai_descriptions' build argument 'catkin_cmake_args' from command line to 'None'
[0.380s] Level 5:colcon.colcon_core.verb:set package 'depthai_descriptions' build argument 'catkin_skip_building_tests' from command line to 'False'
[0.380s] DEBUG:colcon.colcon_core.verb:Building package 'depthai_descriptions' with the following arguments: {'ament_cmake_args': None, 'build_base': '/home/ugv/Desktop/OperationTouchdown/ugv_ws/build/depthai_descriptions', 'catkin_cmake_args': None, 'catkin_skip_building_tests': False, 'cmake_args': None, 'cmake_clean_cache': False, 'cmake_clean_first': False, 'cmake_force_configure': False, 'cmake_target': None, 'cmake_target_skip_unavailable': False, 'install_base': '/home/ugv/Desktop/OperationTouchdown/ugv_ws/install/depthai_descriptions', 'merge_install': False, 'path': '/home/ugv/Desktop/OperationTouchdown/ugv_ws/src/depthai-ros/depthai_descriptions', 'symlink_install': True, 'test_result_base': None}
[0.381s] Level 5:colcon.colcon_core.verb:set package 'depthai_ros_msgs' build argument 'cmake_args' from command line to 'None'
[0.381s] Level 5:colcon.colcon_core.verb:set package 'depthai_ros_msgs' build argument 'cmake_target' from command line to 'None'
[0.381s] Level 5:colcon.colcon_core.verb:set package 'depthai_ros_msgs' build argument 'cmake_target_skip_unavailable' from command line to 'False'
[0.381s] Level 5:colcon.colcon_core.verb:set package 'depthai_ros_msgs' build argument 'cmake_clean_cache' from command line to 'False'
[0.381s] Level 5:colcon.colcon_core.verb:set package 'depthai_ros_msgs' build argument 'cmake_clean_first' from command line to 'False'
[0.381s] Level 5:colcon.colcon_core.verb:set package 'depthai_ros_msgs' build argument 'cmake_force_configure' from command line to 'False'
[0.381s] Level 5:colcon.colcon_core.verb:set package 'depthai_ros_msgs' build argument 'ament_cmake_args' from command line to 'None'
[0.381s] Level 5:colcon.colcon_core.verb:set package 'depthai_ros_msgs' build argument 'catkin_cmake_args' from command line to 'None'
[0.381s] Level 5:colcon.colcon_core.verb:set package 'depthai_ros_msgs' build argument 'catkin_skip_building_tests' from command line to 'False'
[0.381s] DEBUG:colcon.colcon_core.verb:Building package 'depthai_ros_msgs' with the following arguments: {'ament_cmake_args': None, 'build_base': '/home/ugv/Desktop/OperationTouchdown/ugv_ws/build/depthai_ros_msgs', 'catkin_cmake_args': None, 'catkin_skip_building_tests': False, 'cmake_args': None, 'cmake_clean_cache': False, 'cmake_clean_first': False, 'cmake_force_configure': False, 'cmake_target': None, 'cmake_target_skip_unavailable': False, 'install_base': '/home/ugv/Desktop/OperationTouchdown/ugv_ws/install/depthai_ros_msgs', 'merge_install': False, 'path': '/home/ugv/Desktop/OperationTouchdown/ugv_ws/src/depthai-ros/depthai_ros_msgs', 'symlink_install': True, 'test_result_base': None}
[0.381s] Level 5:colcon.colcon_core.verb:set package 'dual_laser_merger' build argument 'cmake_args' from command line to 'None'
[0.381s] Level 5:colcon.colcon_core.verb:set package 'dual_laser_merger' build argument 'cmake_target' from command line to 'None'
[0.381s] Level 5:colcon.colcon_core.verb:set package 'dual_laser_merger' build argument 'cmake_target_skip_unavailable' from command line to 'False'
[0.381s] Level 5:colcon.colcon_core.verb:set package 'dual_laser_merger' build argument 'cmake_clean_cache' from command line to 'False'
[0.382s] Level 5:colcon.colcon_core.verb:set package 'dual_laser_merger' build argument 'cmake_clean_first' from command line to 'False'
[0.382s] Level 5:colcon.colcon_core.verb:set package 'dual_laser_merger' build argument 'cmake_force_configure' from command line to 'False'
[0.382s] Level 5:colcon.colcon_core.verb:set package 'dual_laser_merger' build argument 'ament_cmake_args' from command line to 'None'
[0.382s] Level 5:colcon.colcon_core.verb:set package 'dual_laser_merger' build argument 'catkin_cmake_args' from command line to 'None'
[0.382s] Level 5:colcon.colcon_core.verb:set package 'dual_laser_merger' build argument 'catkin_skip_building_tests' from command line to 'False'
[0.382s] DEBUG:colcon.colcon_core.verb:Building package 'dual_laser_merger' with the following arguments: {'ament_cmake_args': None, 'build_base': '/home/ugv/Desktop/OperationTouchdown/ugv_ws/build/dual_laser_merger', 'catkin_cmake_args': None, 'catkin_skip_building_tests': False, 'cmake_args': None, 'cmake_clean_cache': False, 'cmake_clean_first': False, 'cmake_force_configure': False, 'cmake_target': None, 'cmake_target_skip_unavailable': False, 'install_base': '/home/ugv/Desktop/OperationTouchdown/ugv_ws/install/dual_laser_merger', 'merge_install': False, 'path': '/home/ugv/Desktop/OperationTouchdown/ugv_ws/src/dual_laser_merger', 'symlink_install': True, 'test_result_base': None}
[0.382s] Level 5:colcon.colcon_core.verb:set package 'my_ugv_description' build argument 'cmake_args' from command line to 'None'
[0.382s] Level 5:colcon.colcon_core.verb:set package 'my_ugv_description' build argument 'cmake_target' from command line to 'None'
[0.382s] Level 5:colcon.colcon_core.verb:set package 'my_ugv_description' build argument 'cmake_target_skip_unavailable' from command line to 'False'
[0.382s] Level 5:colcon.colcon_core.verb:set package 'my_ugv_description' build argument 'cmake_clean_cache' from command line to 'False'
[0.382s] Level 5:colcon.colcon_core.verb:set package 'my_ugv_description' build argument 'cmake_clean_first' from command line to 'False'
[0.382s] Level 5:colcon.colcon_core.verb:set package 'my_ugv_description' build argument 'cmake_force_configure' from command line to 'False'
[0.382s] Level 5:colcon.colcon_core.verb:set package 'my_ugv_description' build argument 'ament_cmake_args' from command line to 'None'
[0.382s] Level 5:colcon.colcon_core.verb:set package 'my_ugv_description' build argument 'catkin_cmake_args' from command line to 'None'
[0.382s] Level 5:colcon.colcon_core.verb:set package 'my_ugv_description' build argument 'catkin_skip_building_tests' from command line to 'False'
[0.382s] DEBUG:colcon.colcon_core.verb:Building package 'my_ugv_description' with the following arguments: {'ament_cmake_args': None, 'build_base': '/home/ugv/Desktop/OperationTouchdown/ugv_ws/build/my_ugv_description', 'catkin_cmake_args': None, 'catkin_skip_building_tests': False, 'cmake_args': None, 'cmake_clean_cache': False, 'cmake_clean_first': False, 'cmake_force_configure': False, 'cmake_target': None, 'cmake_target_skip_unavailable': False, 'install_base': '/home/ugv/Desktop/OperationTouchdown/ugv_ws/install/my_ugv_description', 'merge_install': False, 'path': '/home/ugv/Desktop/OperationTouchdown/ugv_ws/src/my_ugv_description', 'symlink_install': True, 'test_result_base': None}
[0.383s] Level 5:colcon.colcon_core.verb:set package 'my_ugv_hardware' build argument 'cmake_args' from command line to 'None'
[0.383s] Level 5:colcon.colcon_core.verb:set package 'my_ugv_hardware' build argument 'cmake_target' from command line to 'None'
[0.383s] Level 5:colcon.colcon_core.verb:set package 'my_ugv_hardware' build argument 'cmake_target_skip_unavailable' from command line to 'False'
[0.383s] Level 5:colcon.colcon_core.verb:set package 'my_ugv_hardware' build argument 'cmake_clean_cache' from command line to 'False'
[0.383s] Level 5:colcon.colcon_core.verb:set package 'my_ugv_hardware' build argument 'cmake_clean_first' from command line to 'False'
[0.383s] Level 5:colcon.colcon_core.verb:set package 'my_ugv_hardware' build argument 'cmake_force_configure' from command line to 'False'
[0.383s] Level 5:colcon.colcon_core.verb:set package 'my_ugv_hardware' build argument 'ament_cmake_args' from command line to 'None'
[0.383s] Level 5:colcon.colcon_core.verb:set package 'my_ugv_hardware' build argument 'catkin_cmake_args' from command line to 'None'
[0.383s] Level 5:colcon.colcon_core.verb:set package 'my_ugv_hardware' build argument 'catkin_skip_building_tests' from command line to 'False'
[0.383s] DEBUG:colcon.colcon_core.verb:Building package 'my_ugv_hardware' with the following arguments: {'ament_cmake_args': None, 'build_base': '/home/ugv/Desktop/OperationTouchdown/ugv_ws/build/my_ugv_hardware', 'catkin_cmake_args': None, 'catkin_skip_building_tests': False, 'cmake_args': None, 'cmake_clean_cache': False, 'cmake_clean_first': False, 'cmake_force_configure': False, 'cmake_target': None, 'cmake_target_skip_unavailable': False, 'install_base': '/home/ugv/Desktop/OperationTouchdown/ugv_ws/install/my_ugv_hardware', 'merge_install': False, 'path': '/home/ugv/Desktop/OperationTouchdown/ugv_ws/src/my_ugv_hardware', 'symlink_install': True, 'test_result_base': None}
[0.383s] Level 5:colcon.colcon_core.verb:set package 'roboteq_ros2_driver' build argument 'cmake_args' from command line to 'None'
[0.383s] Level 5:colcon.colcon_core.verb:set package 'roboteq_ros2_driver' build argument 'cmake_target' from command line to 'None'
[0.383s] Level 5:colcon.colcon_core.verb:set package 'roboteq_ros2_driver' build argument 'cmake_target_skip_unavailable' from command line to 'False'
[0.383s] Level 5:colcon.colcon_core.verb:set package 'roboteq_ros2_driver' build argument 'cmake_clean_cache' from command line to 'False'
[0.383s] Level 5:colcon.colcon_core.verb:set package 'roboteq_ros2_driver' build argument 'cmake_clean_first' from command line to 'False'
[0.383s] Level 5:colcon.colcon_core.verb:set package 'roboteq_ros2_driver' build argument 'cmake_force_configure' from command line to 'False'
[0.383s] Level 5:colcon.colcon_core.verb:set package 'roboteq_ros2_driver' build argument 'ament_cmake_args' from command line to 'None'
[0.383s] Level 5:colcon.colcon_core.verb:set package 'roboteq_ros2_driver' build argument 'catkin_cmake_args' from command line to 'None'
[0.383s] Level 5:colcon.colcon_core.verb:set package 'roboteq_ros2_driver' build argument 'catkin_skip_building_tests' from command line to 'False'
[0.383s] DEBUG:colcon.colcon_core.verb:Building package 'roboteq_ros2_driver' with the following arguments: {'ament_cmake_args': None, 'build_base': '/home/ugv/Desktop/OperationTouchdown/ugv_ws/build/roboteq_ros2_driver', 'catkin_cmake_args': None, 'catkin_skip_building_tests': False, 'cmake_args': None, 'cmake_clean_cache': False, 'cmake_clean_first': False, 'cmake_force_configure': False, 'cmake_target': None, 'cmake_target_skip_unavailable': False, 'install_base': '/home/ugv/Desktop/OperationTouchdown/ugv_ws/install/roboteq_ros2_driver', 'merge_install': False, 'path': '/home/ugv/Desktop/OperationTouchdown/ugv_ws/src/roboteq_ros2_driver', 'symlink_install': True, 'test_result_base': None}
[0.384s] Level 5:colcon.colcon_core.verb:set package 'rplidar_ros' build argument 'cmake_args' from command line to 'None'
[0.384s] Level 5:colcon.colcon_core.verb:set package 'rplidar_ros' build argument 'cmake_target' from command line to 'None'
[0.384s] Level 5:colcon.colcon_core.verb:set package 'rplidar_ros' build argument 'cmake_target_skip_unavailable' from command line to 'False'
[0.384s] Level 5:colcon.colcon_core.verb:set package 'rplidar_ros' build argument 'cmake_clean_cache' from command line to 'False'
[0.384s] Level 5:colcon.colcon_core.verb:set package 'rplidar_ros' build argument 'cmake_clean_first' from command line to 'False'
[0.384s] Level 5:colcon.colcon_core.verb:set package 'rplidar_ros' build argument 'cmake_force_configure' from command line to 'False'
[0.384s] Level 5:colcon.colcon_core.verb:set package 'rplidar_ros' build argument 'ament_cmake_args' from command line to 'None'
[0.384s] Level 5:colcon.colcon_core.verb:set package 'rplidar_ros' build argument 'catkin_cmake_args' from command line to 'None'
[0.384s] Level 5:colcon.colcon_core.verb:set package 'rplidar_ros' build argument 'catkin_skip_building_tests' from command line to 'False'
[0.384s] DEBUG:colcon.colcon_core.verb:Building package 'rplidar_ros' with the following arguments: {'ament_cmake_args': None, 'build_base': '/home/ugv/Desktop/OperationTouchdown/ugv_ws/build/rplidar_ros', 'catkin_cmake_args': None, 'catkin_skip_building_tests': False, 'cmake_args': None, 'cmake_clean_cache': False, 'cmake_clean_first': False, 'cmake_force_configure': False, 'cmake_target': None, 'cmake_target_skip_unavailable': False, 'install_base': '/home/ugv/Desktop/OperationTouchdown/ugv_ws/install/rplidar_ros', 'merge_install': False, 'path': '/home/ugv/Desktop/OperationTouchdown/ugv_ws/src/rplidar_ros', 'symlink_install': True, 'test_result_base': None}
[0.384s] Level 5:colcon.colcon_core.verb:set package 'depthai_bridge' build argument 'cmake_args' from command line to 'None'
[0.384s] Level 5:colcon.colcon_core.verb:set package 'depthai_bridge' build argument 'cmake_target' from command line to 'None'
[0.384s] Level 5:colcon.colcon_core.verb:set package 'depthai_bridge' build argument 'cmake_target_skip_unavailable' from command line to 'False'
[0.384s] Level 5:colcon.colcon_core.verb:set package 'depthai_bridge' build argument 'cmake_clean_cache' from command line to 'False'
[0.384s] Level 5:colcon.colcon_core.verb:set package 'depthai_bridge' build argument 'cmake_clean_first' from command line to 'False'
[0.384s] Level 5:colcon.colcon_core.verb:set package 'depthai_bridge' build argument 'cmake_force_configure' from command line to 'False'
[0.384s] Level 5:colcon.colcon_core.verb:set package 'depthai_bridge' build argument 'ament_cmake_args' from command line to 'None'
[0.384s] Level 5:colcon.colcon_core.verb:set package 'depthai_bridge' build argument 'catkin_cmake_args' from command line to 'None'
[0.384s] Level 5:colcon.colcon_core.verb:set package 'depthai_bridge' build argument 'catkin_skip_building_tests' from command line to 'False'
[0.384s] DEBUG:colcon.colcon_core.verb:Building package 'depthai_bridge' with the following arguments: {'ament_cmake_args': None, 'build_base': '/home/ugv/Desktop/OperationTouchdown/ugv_ws/build/depthai_bridge', 'catkin_cmake_args': None, 'catkin_skip_building_tests': False, 'cmake_args': None, 'cmake_clean_cache': False, 'cmake_clean_first': False, 'cmake_force_configure': False, 'cmake_target': None, 'cmake_target_skip_unavailable': False, 'install_base': '/home/ugv/Desktop/OperationTouchdown/ugv_ws/install/depthai_bridge', 'merge_install': False, 'path': '/home/ugv/Desktop/OperationTouchdown/ugv_ws/src/depthai-ros/depthai_bridge', 'symlink_install': True, 'test_result_base': None}
[0.385s] Level 5:colcon.colcon_core.verb:set package 'depthai_filters' build argument 'cmake_args' from command line to 'None'
[0.385s] Level 5:colcon.colcon_core.verb:set package 'depthai_filters' build argument 'cmake_target' from command line to 'None'
[0.385s] Level 5:colcon.colcon_core.verb:set package 'depthai_filters' build argument 'cmake_target_skip_unavailable' from command line to 'False'
[0.385s] Level 5:colcon.colcon_core.verb:set package 'depthai_filters' build argument 'cmake_clean_cache' from command line to 'False'
[0.385s] Level 5:colcon.colcon_core.verb:set package 'depthai_filters' build argument 'cmake_clean_first' from command line to 'False'
[0.385s] Level 5:colcon.colcon_core.verb:set package 'depthai_filters' build argument 'cmake_force_configure' from command line to 'False'
[0.385s] Level 5:colcon.colcon_core.verb:set package 'depthai_filters' build argument 'ament_cmake_args' from command line to 'None'
[0.385s] Level 5:colcon.colcon_core.verb:set package 'depthai_filters' build argument 'catkin_cmake_args' from command line to 'None'
[0.385s] Level 5:colcon.colcon_core.verb:set package 'depthai_filters' build argument 'catkin_skip_building_tests' from command line to 'False'
[0.385s] DEBUG:colcon.colcon_core.verb:Building package 'depthai_filters' with the following arguments: {'ament_cmake_args': None, 'build_base': '/home/ugv/Desktop/OperationTouchdown/ugv_ws/build/depthai_filters', 'catkin_cmake_args': None, 'catkin_skip_building_tests': False, 'cmake_args': None, 'cmake_clean_cache': False, 'cmake_clean_first': False, 'cmake_force_configure': False, 'cmake_target': None, 'cmake_target_skip_unavailable': False, 'install_base': '/home/ugv/Desktop/OperationTouchdown/ugv_ws/install/depthai_filters', 'merge_install': False, 'path': '/home/ugv/Desktop/OperationTouchdown/ugv_ws/src/depthai-ros/depthai_filters', 'symlink_install': True, 'test_result_base': None}
[0.385s] Level 5:colcon.colcon_core.verb:set package 'depthai_examples' build argument 'cmake_args' from command line to 'None'
[0.385s] Level 5:colcon.colcon_core.verb:set package 'depthai_examples' build argument 'cmake_target' from command line to 'None'
[0.385s] Level 5:colcon.colcon_core.verb:set package 'depthai_examples' build argument 'cmake_target_skip_unavailable' from command line to 'False'
[0.385s] Level 5:colcon.colcon_core.verb:set package 'depthai_examples' build argument 'cmake_clean_cache' from command line to 'False'
[0.385s] Level 5:colcon.colcon_core.verb:set package 'depthai_examples' build argument 'cmake_clean_first' from command line to 'False'
[0.385s] Level 5:colcon.colcon_core.verb:set package 'depthai_examples' build argument 'cmake_force_configure' from command line to 'False'
[0.385s] Level 5:colcon.colcon_core.verb:set package 'depthai_examples' build argument 'ament_cmake_args' from command line to 'None'
[0.385s] Level 5:colcon.colcon_core.verb:set package 'depthai_examples' build argument 'catkin_cmake_args' from command line to 'None'
[0.385s] Level 5:colcon.colcon_core.verb:set package 'depthai_examples' build argument 'catkin_skip_building_tests' from command line to 'False'
[0.385s] DEBUG:colcon.colcon_core.verb:Building package 'depthai_examples' with the following arguments: {'ament_cmake_args': None, 'build_base': '/home/ugv/Desktop/OperationTouchdown/ugv_ws/build/depthai_examples', 'catkin_cmake_args': None, 'catkin_skip_building_tests': False, 'cmake_args': None, 'cmake_clean_cache': False, 'cmake_clean_first': False, 'cmake_force_configure': False, 'cmake_target': None, 'cmake_target_skip_unavailable': False, 'install_base': '/home/ugv/Desktop/OperationTouchdown/ugv_ws/install/depthai_examples', 'merge_install': False, 'path': '/home/ugv/Desktop/OperationTouchdown/ugv_ws/src/depthai-ros/depthai_examples', 'symlink_install': True, 'test_result_base': None}
[0.386s] Level 5:colcon.colcon_core.verb:set package 'depthai_ros_driver' build argument 'cmake_args' from command line to 'None'
[0.386s] Level 5:colcon.colcon_core.verb:set package 'depthai_ros_driver' build argument 'cmake_target' from command line to 'None'
[0.386s] Level 5:colcon.colcon_core.verb:set package 'depthai_ros_driver' build argument 'cmake_target_skip_unavailable' from command line to 'False'
[0.386s] Level 5:colcon.colcon_core.verb:set package 'depthai_ros_driver' build argument 'cmake_clean_cache' from command line to 'False'
[0.386s] Level 5:colcon.colcon_core.verb:set package 'depthai_ros_driver' build argument 'cmake_clean_first' from command line to 'False'
[0.386s] Level 5:colcon.colcon_core.verb:set package 'depthai_ros_driver' build argument 'cmake_force_configure' from command line to 'False'
[0.386s] Level 5:colcon.colcon_core.verb:set package 'depthai_ros_driver' build argument 'ament_cmake_args' from command line to 'None'
[0.386s] Level 5:colcon.colcon_core.verb:set package 'depthai_ros_driver' build argument 'catkin_cmake_args' from command line to 'None'
[0.386s] Level 5:colcon.colcon_core.verb:set package 'depthai_ros_driver' build argument 'catkin_skip_building_tests' from command line to 'False'
[0.386s] DEBUG:colcon.colcon_core.verb:Building package 'depthai_ros_driver' with the following arguments: {'ament_cmake_args': None, 'build_base': '/home/ugv/Desktop/OperationTouchdown/ugv_ws/build/depthai_ros_driver', 'catkin_cmake_args': None, 'catkin_skip_building_tests': False, 'cmake_args': None, 'cmake_clean_cache': False, 'cmake_clean_first': False, 'cmake_force_configure': False, 'cmake_target': None, 'cmake_target_skip_unavailable': False, 'install_base': '/home/ugv/Desktop/OperationTouchdown/ugv_ws/install/depthai_ros_driver', 'merge_install': False, 'path': '/home/ugv/Desktop/OperationTouchdown/ugv_ws/src/depthai-ros/depthai_ros_driver', 'symlink_install': True, 'test_result_base': None}
[0.386s] Level 5:colcon.colcon_core.verb:set package 'depthai-ros' build argument 'cmake_args' from command line to 'None'
[0.386s] Level 5:colcon.colcon_core.verb:set package 'depthai-ros' build argument 'cmake_target' from command line to 'None'
[0.386s] Level 5:colcon.colcon_core.verb:set package 'depthai-ros' build argument 'cmake_target_skip_unavailable' from command line to 'False'
[0.386s] Level 5:colcon.colcon_core.verb:set package 'depthai-ros' build argument 'cmake_clean_cache' from command line to 'False'
[0.386s] Level 5:colcon.colcon_core.verb:set package 'depthai-ros' build argument 'cmake_clean_first' from command line to 'False'
[0.386s] Level 5:colcon.colcon_core.verb:set package 'depthai-ros' build argument 'cmake_force_configure' from command line to 'False'
[0.386s] Level 5:colcon.colcon_core.verb:set package 'depthai-ros' build argument 'ament_cmake_args' from command line to 'None'
[0.386s] Level 5:colcon.colcon_core.verb:set package 'depthai-ros' build argument 'catkin_cmake_args' from command line to 'None'
[0.386s] Level 5:colcon.colcon_core.verb:set package 'depthai-ros' build argument 'catkin_skip_building_tests' from command line to 'False'
[0.386s] DEBUG:colcon.colcon_core.verb:Building package 'depthai-ros' with the following arguments: {'ament_cmake_args': None, 'build_base': '/home/ugv/Desktop/OperationTouchdown/ugv_ws/build/depthai-ros', 'catkin_cmake_args': None, 'catkin_skip_building_tests': False, 'cmake_args': None, 'cmake_clean_cache': False, 'cmake_clean_first': False, 'cmake_force_configure': False, 'cmake_target': None, 'cmake_target_skip_unavailable': False, 'install_base': '/home/ugv/Desktop/OperationTouchdown/ugv_ws/install/depthai-ros', 'merge_install': False, 'path': '/home/ugv/Desktop/OperationTouchdown/ugv_ws/src/depthai-ros/depthai-ros', 'symlink_install': True, 'test_result_base': None}
[0.387s] Level 5:colcon.colcon_core.verb:set package 'my_ugv_bringup' build argument 'cmake_args' from command line to 'None'
[0.387s] Level 5:colcon.colcon_core.verb:set package 'my_ugv_bringup' build argument 'cmake_target' from command line to 'None'
[0.387s] Level 5:colcon.colcon_core.verb:set package 'my_ugv_bringup' build argument 'cmake_target_skip_unavailable' from command line to 'False'
[0.387s] Level 5:colcon.colcon_core.verb:set package 'my_ugv_bringup' build argument 'cmake_clean_cache' from command line to 'False'
[0.387s] Level 5:colcon.colcon_core.verb:set package 'my_ugv_bringup' build argument 'cmake_clean_first' from command line to 'False'
[0.387s] Level 5:colcon.colcon_core.verb:set package 'my_ugv_bringup' build argument 'cmake_force_configure' from command line to 'False'
[0.387s] Level 5:colcon.colcon_core.verb:set package 'my_ugv_bringup' build argument 'ament_cmake_args' from command line to 'None'
[0.387s] Level 5:colcon.colcon_core.verb:set package 'my_ugv_bringup' build argument 'catkin_cmake_args' from command line to 'None'
[0.387s] Level 5:colcon.colcon_core.verb:set package 'my_ugv_bringup' build argument 'catkin_skip_building_tests' from command line to 'False'
[0.387s] DEBUG:colcon.colcon_core.verb:Building package 'my_ugv_bringup' with the following arguments: {'ament_cmake_args': None, 'build_base': '/home/ugv/Desktop/OperationTouchdown/ugv_ws/build/my_ugv_bringup', 'catkin_cmake_args': None, 'catkin_skip_building_tests': False, 'cmake_args': None, 'cmake_clean_cache': False, 'cmake_clean_first': False, 'cmake_force_configure': False, 'cmake_target': None, 'cmake_target_skip_unavailable': False, 'install_base': '/home/ugv/Desktop/OperationTouchdown/ugv_ws/install/my_ugv_bringup', 'merge_install': False, 'path': '/home/ugv/Desktop/OperationTouchdown/ugv_ws/src/my_ugv_bringup', 'symlink_install': True, 'test_result_base': None}
[0.387s] INFO:colcon.colcon_core.executor:Executing jobs using 'parallel' executor
[0.388s] DEBUG:colcon.colcon_parallel_executor.executor.parallel:run_until_complete
[0.389s] INFO:colcon.colcon_ros.task.ament_cmake.build:Building ROS package in '/home/ugv/Desktop/OperationTouchdown/ugv_ws/src/depthai-ros/depthai_ros_msgs' with build type 'ament_cmake'
[0.389s] INFO:colcon.colcon_cmake.task.cmake.build:Building CMake package in '/home/ugv/Desktop/OperationTouchdown/ugv_ws/src/depthai-ros/depthai_ros_msgs'
[0.391s] INFO:colcon.colcon_core.plugin_system:Skipping extension 'colcon_core.shell.bat': Not used on non-Windows systems
[0.392s] INFO:colcon.colcon_core.shell:Skip shell extension 'powershell' for command environment: Not usable outside of PowerShell
[0.392s] DEBUG:colcon.colcon_core.shell:Skip shell extension 'dsv' for command environment
[0.396s] INFO:colcon.colcon_ros.task.ament_cmake.build:Building ROS package in '/home/ugv/Desktop/OperationTouchdown/ugv_ws/src/depthai-ros/depthai_descriptions' with build type 'ament_cmake'
[0.397s] INFO:colcon.colcon_cmake.task.cmake.build:Building CMake package in '/home/ugv/Desktop/OperationTouchdown/ugv_ws/src/depthai-ros/depthai_descriptions'
[0.397s] INFO:colcon.colcon_core.shell:Skip shell extension 'powershell' for command environment: Not usable outside of PowerShell
[0.397s] DEBUG:colcon.colcon_core.shell:Skip shell extension 'dsv' for command environment
[0.402s] INFO:colcon.colcon_ros.task.ament_cmake.build:Building ROS package in '/home/ugv/Desktop/OperationTouchdown/ugv_ws/src/dual_laser_merger' with build type 'ament_cmake'
[0.402s] INFO:colcon.colcon_cmake.task.cmake.build:Building CMake package in '/home/ugv/Desktop/OperationTouchdown/ugv_ws/src/dual_laser_merger'
[0.402s] INFO:colcon.colcon_core.shell:Skip shell extension 'powershell' for command environment: Not usable outside of PowerShell
[0.403s] DEBUG:colcon.colcon_core.shell:Skip shell extension 'dsv' for command environment
[0.407s] INFO:colcon.colcon_ros.task.ament_cmake.build:Building ROS package in '/home/ugv/Desktop/OperationTouchdown/ugv_ws/src/my_ugv_description' with build type 'ament_cmake'
[0.407s] INFO:colcon.colcon_cmake.task.cmake.build:Building CMake package in '/home/ugv/Desktop/OperationTouchdown/ugv_ws/src/my_ugv_description'
[0.408s] INFO:colcon.colcon_core.shell:Skip shell extension 'powershell' for command environment: Not usable outside of PowerShell
[0.408s] DEBUG:colcon.colcon_core.shell:Skip shell extension 'dsv' for command environment
[0.417s] DEBUG:colcon.colcon_core.event_handler.log_command:Invoking command in '/home/ugv/Desktop/OperationTouchdown/ugv_ws/build/depthai_ros_msgs': CMAKE_PREFIX_PATH=${CMAKE_PREFIX_PATH}:/opt/ros/jazzy /usr/bin/cmake --build /home/ugv/Desktop/OperationTouchdown/ugv_ws/build/depthai_ros_msgs -- -j4 -l4
[0.420s] DEBUG:colcon.colcon_core.event_handler.log_command:Invoking command in '/home/ugv/Desktop/OperationTouchdown/ugv_ws/build/depthai_descriptions': CMAKE_PREFIX_PATH=${CMAKE_PREFIX_PATH}:/opt/ros/jazzy /usr/bin/cmake --build /home/ugv/Desktop/OperationTouchdown/ugv_ws/build/depthai_descriptions -- -j4 -l4
[0.426s] DEBUG:colcon.colcon_core.event_handler.log_command:Invoking command in '/home/ugv/Desktop/OperationTouchdown/ugv_ws/build/dual_laser_merger': CMAKE_PREFIX_PATH=${CMAKE_PREFIX_PATH}:/opt/ros/jazzy /usr/bin/cmake --build /home/ugv/Desktop/OperationTouchdown/ugv_ws/build/dual_laser_merger -- -j4 -l4
[0.436s] DEBUG:colcon.colcon_core.event_handler.log_command:Invoking command in '/home/ugv/Desktop/OperationTouchdown/ugv_ws/build/my_ugv_description': CMAKE_PREFIX_PATH=${CMAKE_PREFIX_PATH}:/opt/ros/jazzy /usr/bin/cmake --build /home/ugv/Desktop/OperationTouchdown/ugv_ws/build/my_ugv_description -- -j4 -l4
[0.522s] DEBUG:colcon.colcon_core.event_handler.log_command:Invoked command in '/home/ugv/Desktop/OperationTouchdown/ugv_ws/build/depthai_descriptions' returned '0': CMAKE_PREFIX_PATH=${CMAKE_PREFIX_PATH}:/opt/ros/jazzy /usr/bin/cmake --build /home/ugv/Desktop/OperationTouchdown/ugv_ws/build/depthai_descriptions -- -j4 -l4
[0.561s] DEBUG:colcon.colcon_core.event_handler.log_command:Invoking command in '/home/ugv/Desktop/OperationTouchdown/ugv_ws/build/depthai_descriptions': CMAKE_PREFIX_PATH=${CMAKE_PREFIX_PATH}:/opt/ros/jazzy /usr/bin/cmake --install /home/ugv/Desktop/OperationTouchdown/ugv_ws/build/depthai_descriptions
[0.567s] DEBUG:colcon.colcon_core.event_handler.log_command:Invoked command in '/home/ugv/Desktop/OperationTouchdown/ugv_ws/build/my_ugv_description' returned '0': CMAKE_PREFIX_PATH=${CMAKE_PREFIX_PATH}:/opt/ros/jazzy /usr/bin/cmake --build /home/ugv/Desktop/OperationTouchdown/ugv_ws/build/my_ugv_description -- -j4 -l4
[0.568s] DEBUG:colcon.colcon_core.event_handler.log_command:Invoking command in '/home/ugv/Desktop/OperationTouchdown/ugv_ws/build/my_ugv_description': CMAKE_PREFIX_PATH=${CMAKE_PREFIX_PATH}:/opt/ros/jazzy /usr/bin/cmake --install /home/ugv/Desktop/OperationTouchdown/ugv_ws/build/my_ugv_description
[0.644s] Level 1:colcon.colcon_core.environment:create_environment_scripts_only(depthai_descriptions)
[0.645s] DEBUG:colcon.colcon_core.event_handler.log_command:Invoked command in '/home/ugv/Desktop/OperationTouchdown/ugv_ws/build/depthai_descriptions' returned '0': CMAKE_PREFIX_PATH=${CMAKE_PREFIX_PATH}:/opt/ros/jazzy /usr/bin/cmake --install /home/ugv/Desktop/OperationTouchdown/ugv_ws/build/depthai_descriptions
[0.649s] Level 1:colcon.colcon_core.environment:checking '/home/ugv/Desktop/OperationTouchdown/ugv_ws/install/depthai_descriptions' for CMake module files
[0.690s] Level 1:colcon.colcon_core.environment:checking '/home/ugv/Desktop/OperationTouchdown/ugv_ws/install/depthai_descriptions' for CMake config files
[0.691s] Level 1:colcon.colcon_core.shell:create_environment_hook('depthai_descriptions', 'cmake_prefix_path')
[0.692s] INFO:colcon.colcon_core.shell:Creating environment hook '/home/ugv/Desktop/OperationTouchdown/ugv_ws/install/depthai_descriptions/share/depthai_descriptions/hook/cmake_prefix_path.ps1'
[0.693s] INFO:colcon.colcon_core.shell:Creating environment descriptor '/home/ugv/Desktop/OperationTouchdown/ugv_ws/install/depthai_descriptions/share/depthai_descriptions/hook/cmake_prefix_path.dsv'
[0.694s] INFO:colcon.colcon_core.shell:Creating environment hook '/home/ugv/Desktop/OperationTouchdown/ugv_ws/install/depthai_descriptions/share/depthai_descriptions/hook/cmake_prefix_path.sh'
[0.695s] Level 1:colcon.colcon_core.environment:checking '/home/ugv/Desktop/OperationTouchdown/ugv_ws/install/depthai_descriptions/bin'
[0.695s] Level 1:colcon.colcon_core.environment:checking '/home/ugv/Desktop/OperationTouchdown/ugv_ws/install/depthai_descriptions/lib/pkgconfig/depthai_descriptions.pc'
[0.696s] Level 1:colcon.colcon_core.environment:checking '/home/ugv/Desktop/OperationTouchdown/ugv_ws/install/depthai_descriptions/lib/python3.12/site-packages'
[0.696s] Level 1:colcon.colcon_core.environment:checking '/home/ugv/Desktop/OperationTouchdown/ugv_ws/install/depthai_descriptions/bin'
[0.697s] INFO:colcon.colcon_core.shell:Creating package script '/home/ugv/Desktop/OperationTouchdown/ugv_ws/install/depthai_descriptions/share/depthai_descriptions/package.ps1'
[0.698s] INFO:colcon.colcon_core.shell:Creating package descriptor '/home/ugv/Desktop/OperationTouchdown/ugv_ws/install/depthai_descriptions/share/depthai_descriptions/package.dsv'
[0.699s] INFO:colcon.colcon_core.shell:Creating package script '/home/ugv/Desktop/OperationTouchdown/ugv_ws/install/depthai_descriptions/share/depthai_descriptions/package.sh'
[0.700s] INFO:colcon.colcon_core.shell:Creating package script '/home/ugv/Desktop/OperationTouchdown/ugv_ws/install/depthai_descriptions/share/depthai_descriptions/package.bash'
[0.701s] INFO:colcon.colcon_core.shell:Creating package script '/home/ugv/Desktop/OperationTouchdown/ugv_ws/install/depthai_descriptions/share/depthai_descriptions/package.zsh'
[0.702s] Level 1:colcon.colcon_core.environment:create_file_with_runtime_dependencies(/home/ugv/Desktop/OperationTouchdown/ugv_ws/install/depthai_descriptions/share/colcon-core/packages/depthai_descriptions)
[0.703s] Level 1:colcon.colcon_core.environment:create_environment_scripts_only(depthai_descriptions)
[0.704s] Level 1:colcon.colcon_core.environment:checking '/home/ugv/Desktop/OperationTouchdown/ugv_ws/install/depthai_descriptions' for CMake module files
[0.705s] Level 1:colcon.colcon_core.environment:checking '/home/ugv/Desktop/OperationTouchdown/ugv_ws/install/depthai_descriptions' for CMake config files
[0.705s] Level 1:colcon.colcon_core.shell:create_environment_hook('depthai_descriptions', 'cmake_prefix_path')
[0.706s] INFO:colcon.colcon_core.shell:Creating environment hook '/home/ugv/Desktop/OperationTouchdown/ugv_ws/install/depthai_descriptions/share/depthai_descriptions/hook/cmake_prefix_path.ps1'
[0.706s] INFO:colcon.colcon_core.shell:Creating environment descriptor '/home/ugv/Desktop/OperationTouchdown/ugv_ws/install/depthai_descriptions/share/depthai_descriptions/hook/cmake_prefix_path.dsv'
[0.707s] INFO:colcon.colcon_core.shell:Creating environment hook '/home/ugv/Desktop/OperationTouchdown/ugv_ws/install/depthai_descriptions/share/depthai_descriptions/hook/cmake_prefix_path.sh'
[0.708s] Level 1:colcon.colcon_core.environment:checking '/home/ugv/Desktop/OperationTouchdown/ugv_ws/install/depthai_descriptions/bin'
[0.708s] Level 1:colcon.colcon_core.environment:checking '/home/ugv/Desktop/OperationTouchdown/ugv_ws/install/depthai_descriptions/lib/pkgconfig/depthai_descriptions.pc'
[0.709s] Level 1:colcon.colcon_core.environment:checking '/home/ugv/Desktop/OperationTouchdown/ugv_ws/install/depthai_descriptions/lib/python3.12/site-packages'
[0.709s] Level 1:colcon.colcon_core.environment:checking '/home/ugv/Desktop/OperationTouchdown/ugv_ws/install/depthai_descriptions/bin'
[0.710s] INFO:colcon.colcon_core.shell:Creating package script '/home/ugv/Desktop/OperationTouchdown/ugv_ws/install/depthai_descriptions/share/depthai_descriptions/package.ps1'
[0.711s] INFO:colcon.colcon_core.shell:Creating package descriptor '/home/ugv/Desktop/OperationTouchdown/ugv_ws/install/depthai_descriptions/share/depthai_descriptions/package.dsv'
[0.712s] INFO:colcon.colcon_core.shell:Creating package script '/home/ugv/Desktop/OperationTouchdown/ugv_ws/install/depthai_descriptions/share/depthai_descriptions/package.sh'
[0.713s] INFO:colcon.colcon_core.shell:Creating package script '/home/ugv/Desktop/OperationTouchdown/ugv_ws/install/depthai_descriptions/share/depthai_descriptions/package.bash'
[0.714s] INFO:colcon.colcon_core.shell:Creating package script '/home/ugv/Desktop/OperationTouchdown/ugv_ws/install/depthai_descriptions/share/depthai_descriptions/package.zsh'
[0.714s] Level 1:colcon.colcon_core.environment:create_file_with_runtime_dependencies(/home/ugv/Desktop/OperationTouchdown/ugv_ws/install/depthai_descriptions/share/colcon-core/packages/depthai_descriptions)
[0.717s] INFO:colcon.colcon_ros.task.ament_python.build:Building ROS package in '/home/ugv/Desktop/OperationTouchdown/ugv_ws/src/my_ugv_hardware' with build type 'ament_python'
[0.717s] Level 1:colcon.colcon_core.shell:create_environment_hook('my_ugv_hardware', 'ament_prefix_path')
[0.718s] INFO:colcon.colcon_core.shell:Creating environment hook '/home/ugv/Desktop/OperationTouchdown/ugv_ws/install/my_ugv_hardware/share/my_ugv_hardware/hook/ament_prefix_path.ps1'
[0.718s] INFO:colcon.colcon_core.shell:Creating environment descriptor '/home/ugv/Desktop/OperationTouchdown/ugv_ws/install/my_ugv_hardware/share/my_ugv_hardware/hook/ament_prefix_path.dsv'
[0.719s] INFO:colcon.colcon_core.shell:Creating environment hook '/home/ugv/Desktop/OperationTouchdown/ugv_ws/install/my_ugv_hardware/share/my_ugv_hardware/hook/ament_prefix_path.sh'
[0.720s] INFO:colcon.colcon_core.shell:Skip shell extension 'powershell' for command environment: Not usable outside of PowerShell
[0.720s] DEBUG:colcon.colcon_core.shell:Skip shell extension 'dsv' for command environment
[0.732s] DEBUG:colcon.colcon_core.event_handler.log_command:Invoked command in '/home/ugv/Desktop/OperationTouchdown/ugv_ws/build/dual_laser_merger' returned '0': CMAKE_PREFIX_PATH=${CMAKE_PREFIX_PATH}:/opt/ros/jazzy /usr/bin/cmake --build /home/ugv/Desktop/OperationTouchdown/ugv_ws/build/dual_laser_merger -- -j4 -l4
[0.733s] DEBUG:colcon.colcon_core.event_handler.log_command:Invoking command in '/home/ugv/Desktop/OperationTouchdown/ugv_ws/build/dual_laser_merger': CMAKE_PREFIX_PATH=${CMAKE_PREFIX_PATH}:/opt/ros/jazzy /usr/bin/cmake --install /home/ugv/Desktop/OperationTouchdown/ugv_ws/build/dual_laser_merger
[0.734s] Level 1:colcon.colcon_core.environment:create_environment_scripts_only(my_ugv_description)
[0.736s] Level 1:colcon.colcon_core.environment:checking '/home/ugv/Desktop/OperationTouchdown/ugv_ws/install/my_ugv_description' for CMake module files
[0.737s] Level 1:colcon.colcon_core.environment:checking '/home/ugv/Desktop/OperationTouchdown/ugv_ws/install/my_ugv_description' for CMake config files
[0.740s] Level 1:colcon.colcon_core.shell:create_environment_hook('my_ugv_description', 'cmake_prefix_path')
[0.741s] INFO:colcon.colcon_core.shell:Creating environment hook '/home/ugv/Desktop/OperationTouchdown/ugv_ws/install/my_ugv_description/share/my_ugv_description/hook/cmake_prefix_path.ps1'
[0.742s] INFO:colcon.colcon_core.shell:Creating environment descriptor '/home/ugv/Desktop/OperationTouchdown/ugv_ws/install/my_ugv_description/share/my_ugv_description/hook/cmake_prefix_path.dsv'
[0.741s] DEBUG:colcon.colcon_core.event_handler.log_command:Invoked command in '/home/ugv/Desktop/OperationTouchdown/ugv_ws/build/my_ugv_description' returned '0': CMAKE_PREFIX_PATH=${CMAKE_PREFIX_PATH}:/opt/ros/jazzy /usr/bin/cmake --install /home/ugv/Desktop/OperationTouchdown/ugv_ws/build/my_ugv_description
[0.745s] INFO:colcon.colcon_core.shell:Creating environment hook '/home/ugv/Desktop/OperationTouchdown/ugv_ws/install/my_ugv_description/share/my_ugv_description/hook/cmake_prefix_path.sh'
[0.750s] Level 1:colcon.colcon_core.environment:checking '/home/ugv/Desktop/OperationTouchdown/ugv_ws/install/my_ugv_description/bin'
[0.751s] Level 1:colcon.colcon_core.environment:checking '/home/ugv/Desktop/OperationTouchdown/ugv_ws/install/my_ugv_description/lib/pkgconfig/my_ugv_description.pc'
[0.751s] Level 1:colcon.colcon_core.environment:checking '/home/ugv/Desktop/OperationTouchdown/ugv_ws/install/my_ugv_description/lib/python3.12/site-packages'
[0.754s] Level 1:colcon.colcon_core.environment:checking '/home/ugv/Desktop/OperationTouchdown/ugv_ws/install/my_ugv_description/bin'
[0.756s] INFO:colcon.colcon_core.shell:Creating package script '/home/ugv/Desktop/OperationTouchdown/ugv_ws/install/my_ugv_description/share/my_ugv_description/package.ps1'
[0.757s] INFO:colcon.colcon_core.shell:Creating package descriptor '/home/ugv/Desktop/OperationTouchdown/ugv_ws/install/my_ugv_description/share/my_ugv_description/package.dsv'
[0.760s] INFO:colcon.colcon_core.shell:Creating package script '/home/ugv/Desktop/OperationTouchdown/ugv_ws/install/my_ugv_description/share/my_ugv_description/package.sh'
[0.762s] INFO:colcon.colcon_core.shell:Creating package script '/home/ugv/Desktop/OperationTouchdown/ugv_ws/install/my_ugv_description/share/my_ugv_description/package.bash'
[0.765s] INFO:colcon.colcon_core.shell:Creating package script '/home/ugv/Desktop/OperationTouchdown/ugv_ws/install/my_ugv_description/share/my_ugv_description/package.zsh'
[0.769s] Level 1:colcon.colcon_core.environment:create_file_with_runtime_dependencies(/home/ugv/Desktop/OperationTouchdown/ugv_ws/install/my_ugv_description/share/colcon-core/packages/my_ugv_description)
[0.773s] Level 1:colcon.colcon_core.environment:create_environment_scripts_only(my_ugv_description)
[0.773s] Level 1:colcon.colcon_core.environment:checking '/home/ugv/Desktop/OperationTouchdown/ugv_ws/install/my_ugv_description' for CMake module files
[0.775s] Level 1:colcon.colcon_core.environment:checking '/home/ugv/Desktop/OperationTouchdown/ugv_ws/install/my_ugv_description' for CMake config files
[0.776s] Level 1:colcon.colcon_core.shell:create_environment_hook('my_ugv_description', 'cmake_prefix_path')
[0.780s] INFO:colcon.colcon_core.shell:Creating environment hook '/home/ugv/Desktop/OperationTouchdown/ugv_ws/install/my_ugv_description/share/my_ugv_description/hook/cmake_prefix_path.ps1'
[0.780s] INFO:colcon.colcon_core.shell:Creating environment descriptor '/home/ugv/Desktop/OperationTouchdown/ugv_ws/install/my_ugv_description/share/my_ugv_description/hook/cmake_prefix_path.dsv'
[0.781s] INFO:colcon.colcon_core.shell:Creating environment hook '/home/ugv/Desktop/OperationTouchdown/ugv_ws/install/my_ugv_description/share/my_ugv_description/hook/cmake_prefix_path.sh'
[0.784s] Level 1:colcon.colcon_core.environment:checking '/home/ugv/Desktop/OperationTouchdown/ugv_ws/install/my_ugv_description/bin'
[0.784s] Level 1:colcon.colcon_core.environment:checking '/home/ugv/Desktop/OperationTouchdown/ugv_ws/install/my_ugv_description/lib/pkgconfig/my_ugv_description.pc'
[0.785s] Level 1:colcon.colcon_core.environment:checking '/home/ugv/Desktop/OperationTouchdown/ugv_ws/install/my_ugv_description/lib/python3.12/site-packages'
[0.787s] Level 1:colcon.colcon_core.environment:checking '/home/ugv/Desktop/OperationTouchdown/ugv_ws/install/my_ugv_description/bin'
[0.787s] INFO:colcon.colcon_core.shell:Creating package script '/home/ugv/Desktop/OperationTouchdown/ugv_ws/install/my_ugv_description/share/my_ugv_description/package.ps1'
[0.792s] INFO:colcon.colcon_core.shell:Creating package descriptor '/home/ugv/Desktop/OperationTouchdown/ugv_ws/install/my_ugv_description/share/my_ugv_description/package.dsv'
[0.795s] INFO:colcon.colcon_core.shell:Creating package script '/home/ugv/Desktop/OperationTouchdown/ugv_ws/install/my_ugv_description/share/my_ugv_description/package.sh'
[0.796s] INFO:colcon.colcon_core.shell:Creating package script '/home/ugv/Desktop/OperationTouchdown/ugv_ws/install/my_ugv_description/share/my_ugv_description/package.bash'
[0.797s] INFO:colcon.colcon_core.shell:Creating package script '/home/ugv/Desktop/OperationTouchdown/ugv_ws/install/my_ugv_description/share/my_ugv_description/package.zsh'
[0.799s] Level 1:colcon.colcon_core.environment:create_file_with_runtime_dependencies(/home/ugv/Desktop/OperationTouchdown/ugv_ws/install/my_ugv_description/share/colcon-core/packages/my_ugv_description)
[0.801s] INFO:colcon.colcon_ros.task.ament_cmake.build:Building ROS package in '/home/ugv/Desktop/OperationTouchdown/ugv_ws/src/roboteq_ros2_driver' with build type 'ament_cmake'
[0.801s] INFO:colcon.colcon_cmake.task.cmake.build:Building CMake package in '/home/ugv/Desktop/OperationTouchdown/ugv_ws/src/roboteq_ros2_driver'
[0.802s] INFO:colcon.colcon_core.shell:Skip shell extension 'powershell' for command environment: Not usable outside of PowerShell
[0.802s] DEBUG:colcon.colcon_core.shell:Skip shell extension 'dsv' for command environment
[1.257s] INFO:colcon.colcon_core.task.python.build:Building Python package in '/home/ugv/Desktop/OperationTouchdown/ugv_ws/src/my_ugv_hardware'
[1.258s] INFO:colcon.colcon_core.shell:Skip shell extension 'powershell' for command environment: Not usable outside of PowerShell
[1.258s] DEBUG:colcon.colcon_core.shell:Skip shell extension 'dsv' for command environment
[1.271s] DEBUG:colcon.colcon_core.event_handler.log_command:Invoking command in '/home/ugv/Desktop/OperationTouchdown/ugv_ws/build/roboteq_ros2_driver': CMAKE_PREFIX_PATH=${CMAKE_PREFIX_PATH}:/opt/ros/jazzy /usr/bin/cmake --build /home/ugv/Desktop/OperationTouchdown/ugv_ws/build/roboteq_ros2_driver -- -j4 -l4
[1.274s] Level 1:colcon.colcon_core.environment:create_environment_scripts_only(dual_laser_merger)
[1.274s] Level 1:colcon.colcon_core.environment:checking '/home/ugv/Desktop/OperationTouchdown/ugv_ws/install/dual_laser_merger' for CMake module files
[1.275s] DEBUG:colcon.colcon_core.event_handler.log_command:Invoked command in '/home/ugv/Desktop/OperationTouchdown/ugv_ws/build/dual_laser_merger' returned '0': CMAKE_PREFIX_PATH=${CMAKE_PREFIX_PATH}:/opt/ros/jazzy /usr/bin/cmake --install /home/ugv/Desktop/OperationTouchdown/ugv_ws/build/dual_laser_merger
[1.276s] Level 1:colcon.colcon_core.environment:checking '/home/ugv/Desktop/OperationTouchdown/ugv_ws/install/dual_laser_merger' for CMake config files
[1.277s] Level 1:colcon.colcon_core.shell:create_environment_hook('dual_laser_merger', 'cmake_prefix_path')
[1.277s] INFO:colcon.colcon_core.shell:Creating environment hook '/home/ugv/Desktop/OperationTouchdown/ugv_ws/install/dual_laser_merger/share/dual_laser_merger/hook/cmake_prefix_path.ps1'
[1.278s] INFO:colcon.colcon_core.shell:Creating environment descriptor '/home/ugv/Desktop/OperationTouchdown/ugv_ws/install/dual_laser_merger/share/dual_laser_merger/hook/cmake_prefix_path.dsv'
[1.279s] INFO:colcon.colcon_core.shell:Creating environment hook '/home/ugv/Desktop/OperationTouchdown/ugv_ws/install/dual_laser_merger/share/dual_laser_merger/hook/cmake_prefix_path.sh'
[1.281s] Level 1:colcon.colcon_core.environment:checking '/home/ugv/Desktop/OperationTouchdown/ugv_ws/install/dual_laser_merger/lib'
[1.281s] Level 1:colcon.colcon_core.shell:create_environment_hook('dual_laser_merger', 'ld_library_path_lib')
[1.282s] INFO:colcon.colcon_core.shell:Creating environment hook '/home/ugv/Desktop/OperationTouchdown/ugv_ws/install/dual_laser_merger/share/dual_laser_merger/hook/ld_library_path_lib.ps1'
[1.283s] INFO:colcon.colcon_core.shell:Creating environment descriptor '/home/ugv/Desktop/OperationTouchdown/ugv_ws/install/dual_laser_merger/share/dual_laser_merger/hook/ld_library_path_lib.dsv'
[1.284s] INFO:colcon.colcon_core.shell:Creating environment hook '/home/ugv/Desktop/OperationTouchdown/ugv_ws/install/dual_laser_merger/share/dual_laser_merger/hook/ld_library_path_lib.sh'
[1.285s] Level 1:colcon.colcon_core.environment:checking '/home/ugv/Desktop/OperationTouchdown/ugv_ws/install/dual_laser_merger/bin'
[1.285s] Level 1:colcon.colcon_core.environment:checking '/home/ugv/Desktop/OperationTouchdown/ugv_ws/install/dual_laser_merger/lib/pkgconfig/dual_laser_merger.pc'
[1.285s] Level 1:colcon.colcon_core.environment:checking '/home/ugv/Desktop/OperationTouchdown/ugv_ws/install/dual_laser_merger/lib/python3.12/site-packages'
[1.286s] Level 1:colcon.colcon_core.environment:checking '/home/ugv/Desktop/OperationTouchdown/ugv_ws/install/dual_laser_merger/bin'
[1.287s] INFO:colcon.colcon_core.shell:Creating package script '/home/ugv/Desktop/OperationTouchdown/ugv_ws/install/dual_laser_merger/share/dual_laser_merger/package.ps1'
[1.288s] INFO:colcon.colcon_core.shell:Creating package descriptor '/home/ugv/Desktop/OperationTouchdown/ugv_ws/install/dual_laser_merger/share/dual_laser_merger/package.dsv'
[1.289s] INFO:colcon.colcon_core.shell:Creating package script '/home/ugv/Desktop/OperationTouchdown/ugv_ws/install/dual_laser_merger/share/dual_laser_merger/package.sh'
[1.290s] INFO:colcon.colcon_core.shell:Creating package script '/home/ugv/Desktop/OperationTouchdown/ugv_ws/install/dual_laser_merger/share/dual_laser_merger/package.bash'
[1.291s] INFO:colcon.colcon_core.shell:Creating package script '/home/ugv/Desktop/OperationTouchdown/ugv_ws/install/dual_laser_merger/share/dual_laser_merger/package.zsh'
[1.292s] Level 1:colcon.colcon_core.environment:create_file_with_runtime_dependencies(/home/ugv/Desktop/OperationTouchdown/ugv_ws/install/dual_laser_merger/share/colcon-core/packages/dual_laser_merger)
[1.294s] Level 1:colcon.colcon_core.environment:create_environment_scripts_only(dual_laser_merger)
[1.294s] Level 1:colcon.colcon_core.environment:checking '/home/ugv/Desktop/OperationTouchdown/ugv_ws/install/dual_laser_merger' for CMake module files
[1.295s] Level 1:colcon.colcon_core.environment:checking '/home/ugv/Desktop/OperationTouchdown/ugv_ws/install/dual_laser_merger' for CMake config files
[1.296s] Level 1:colcon.colcon_core.shell:create_environment_hook('dual_laser_merger', 'cmake_prefix_path')
[1.296s] INFO:colcon.colcon_core.shell:Creating environment hook '/home/ugv/Desktop/OperationTouchdown/ugv_ws/install/dual_laser_merger/share/dual_laser_merger/hook/cmake_prefix_path.ps1'
[1.297s] INFO:colcon.colcon_core.shell:Creating environment descriptor '/home/ugv/Desktop/OperationTouchdown/ugv_ws/install/dual_laser_merger/share/dual_laser_merger/hook/cmake_prefix_path.dsv'
[1.298s] INFO:colcon.colcon_core.shell:Creating environment hook '/home/ugv/Desktop/OperationTouchdown/ugv_ws/install/dual_laser_merger/share/dual_laser_merger/hook/cmake_prefix_path.sh'
[1.299s] Level 1:colcon.colcon_core.environment:checking '/home/ugv/Desktop/OperationTouchdown/ugv_ws/install/dual_laser_merger/lib'
[1.299s] Level 1:colcon.colcon_core.shell:create_environment_hook('dual_laser_merger', 'ld_library_path_lib')
[1.299s] INFO:colcon.colcon_core.shell:Creating environment hook '/home/ugv/Desktop/OperationTouchdown/ugv_ws/install/dual_laser_merger/share/dual_laser_merger/hook/ld_library_path_lib.ps1'
[1.300s] INFO:colcon.colcon_core.shell:Creating environment descriptor '/home/ugv/Desktop/OperationTouchdown/ugv_ws/install/dual_laser_merger/share/dual_laser_merger/hook/ld_library_path_lib.dsv'
[1.301s] INFO:colcon.colcon_core.shell:Creating environment hook '/home/ugv/Desktop/OperationTouchdown/ugv_ws/install/dual_laser_merger/share/dual_laser_merger/hook/ld_library_path_lib.sh'
[1.302s] Level 1:colcon.colcon_core.environment:checking '/home/ugv/Desktop/OperationTouchdown/ugv_ws/install/dual_laser_merger/bin'
[1.302s] Level 1:colcon.colcon_core.environment:checking '/home/ugv/Desktop/OperationTouchdown/ugv_ws/install/dual_laser_merger/lib/pkgconfig/dual_laser_merger.pc'
[1.302s] Level 1:colcon.colcon_core.environment:checking '/home/ugv/Desktop/OperationTouchdown/ugv_ws/install/dual_laser_merger/lib/python3.12/site-packages'
[1.303s] Level 1:colcon.colcon_core.environment:checking '/home/ugv/Desktop/OperationTouchdown/ugv_ws/install/dual_laser_merger/bin'
[1.303s] INFO:colcon.colcon_core.shell:Creating package script '/home/ugv/Desktop/OperationTouchdown/ugv_ws/install/dual_laser_merger/share/dual_laser_merger/package.ps1'
[1.304s] INFO:colcon.colcon_core.shell:Creating package descriptor '/home/ugv/Desktop/OperationTouchdown/ugv_ws/install/dual_laser_merger/share/dual_laser_merger/package.dsv'
[1.305s] INFO:colcon.colcon_core.shell:Creating package script '/home/ugv/Desktop/OperationTouchdown/ugv_ws/install/dual_laser_merger/share/dual_laser_merger/package.sh'
[1.307s] INFO:colcon.colcon_core.shell:Creating package script '/home/ugv/Desktop/OperationTouchdown/ugv_ws/install/dual_laser_merger/share/dual_laser_merger/package.bash'
[1.308s] INFO:colcon.colcon_core.shell:Creating package script '/home/ugv/Desktop/OperationTouchdown/ugv_ws/install/dual_laser_merger/share/dual_laser_merger/package.zsh'
[1.309s] Level 1:colcon.colcon_core.environment:create_file_with_runtime_dependencies(/home/ugv/Desktop/OperationTouchdown/ugv_ws/install/dual_laser_merger/share/colcon-core/packages/dual_laser_merger)
[1.311s] INFO:colcon.colcon_ros.task.ament_cmake.build:Building ROS package in '/home/ugv/Desktop/OperationTouchdown/ugv_ws/src/rplidar_ros' with build type 'ament_cmake'
[1.312s] INFO:colcon.colcon_cmake.task.cmake.build:Building CMake package in '/home/ugv/Desktop/OperationTouchdown/ugv_ws/src/rplidar_ros'
[1.312s] INFO:colcon.colcon_core.shell:Skip shell extension 'powershell' for command environment: Not usable outside of PowerShell
[1.312s] DEBUG:colcon.colcon_core.shell:Skip shell extension 'dsv' for command environment
[1.328s] DEBUG:colcon.colcon_core.event_handler.log_command:Invoking command in '/home/ugv/Desktop/OperationTouchdown/ugv_ws/build/rplidar_ros': CMAKE_PREFIX_PATH=${CMAKE_PREFIX_PATH}:/opt/ros/jazzy /usr/bin/cmake --build /home/ugv/Desktop/OperationTouchdown/ugv_ws/build/rplidar_ros -- -j4 -l4
[1.371s] DEBUG:colcon.colcon_core.event_handler.log_command:Invoked command in '/home/ugv/Desktop/OperationTouchdown/ugv_ws/build/depthai_ros_msgs' returned '0': CMAKE_PREFIX_PATH=${CMAKE_PREFIX_PATH}:/opt/ros/jazzy /usr/bin/cmake --build /home/ugv/Desktop/OperationTouchdown/ugv_ws/build/depthai_ros_msgs -- -j4 -l4
[1.371s] DEBUG:colcon.colcon_core.event_handler.log_command:Invoking command in '/home/ugv/Desktop/OperationTouchdown/ugv_ws/build/depthai_ros_msgs': CMAKE_PREFIX_PATH=${CMAKE_PREFIX_PATH}:/opt/ros/jazzy /usr/bin/cmake --install /home/ugv/Desktop/OperationTouchdown/ugv_ws/build/depthai_ros_msgs
[1.384s] DEBUG:colcon.colcon_core.event_handler.log_command:Invoked command in '/home/ugv/Desktop/OperationTouchdown/ugv_ws/build/roboteq_ros2_driver' returned '0': CMAKE_PREFIX_PATH=${CMAKE_PREFIX_PATH}:/opt/ros/jazzy /usr/bin/cmake --build /home/ugv/Desktop/OperationTouchdown/ugv_ws/build/roboteq_ros2_driver -- -j4 -l4
[1.386s] DEBUG:colcon.colcon_core.event_handler.log_command:Invoking command in '/home/ugv/Desktop/OperationTouchdown/ugv_ws/build/roboteq_ros2_driver': CMAKE_PREFIX_PATH=${CMAKE_PREFIX_PATH}:/opt/ros/jazzy /usr/bin/cmake --install /home/ugv/Desktop/OperationTouchdown/ugv_ws/build/roboteq_ros2_driver
[1.487s] Level 1:colcon.colcon_core.environment:create_environment_scripts_only(roboteq_ros2_driver)
[1.488s] Level 1:colcon.colcon_core.environment:checking '/home/ugv/Desktop/OperationTouchdown/ugv_ws/install/roboteq_ros2_driver' for CMake module files
[1.489s] Level 1:colcon.colcon_core.environment:checking '/home/ugv/Desktop/OperationTouchdown/ugv_ws/install/roboteq_ros2_driver' for CMake config files
[1.491s] Level 1:colcon.colcon_core.shell:create_environment_hook('roboteq_ros2_driver', 'cmake_prefix_path')
[1.492s] INFO:colcon.colcon_core.shell:Creating environment hook '/home/ugv/Desktop/OperationTouchdown/ugv_ws/install/roboteq_ros2_driver/share/roboteq_ros2_driver/hook/cmake_prefix_path.ps1'
[1.496s] INFO:colcon.colcon_core.shell:Creating environment descriptor '/home/ugv/Desktop/OperationTouchdown/ugv_ws/install/roboteq_ros2_driver/share/roboteq_ros2_driver/hook/cmake_prefix_path.dsv'
[1.507s] INFO:colcon.colcon_core.shell:Creating environment hook '/home/ugv/Desktop/OperationTouchdown/ugv_ws/install/roboteq_ros2_driver/share/roboteq_ros2_driver/hook/cmake_prefix_path.sh'
[1.509s] Level 1:colcon.colcon_core.environment:checking '/home/ugv/Desktop/OperationTouchdown/ugv_ws/install/roboteq_ros2_driver/lib'
[1.509s] Level 1:colcon.colcon_core.environment:checking '/home/ugv/Desktop/OperationTouchdown/ugv_ws/install/roboteq_ros2_driver/bin'
[1.509s] Level 1:colcon.colcon_core.environment:checking '/home/ugv/Desktop/OperationTouchdown/ugv_ws/install/roboteq_ros2_driver/lib/pkgconfig/roboteq_ros2_driver.pc'
[1.509s] Level 1:colcon.colcon_core.environment:checking '/home/ugv/Desktop/OperationTouchdown/ugv_ws/install/roboteq_ros2_driver/lib/python3.12/site-packages'
[1.510s] Level 1:colcon.colcon_core.environment:checking '/home/ugv/Desktop/OperationTouchdown/ugv_ws/install/roboteq_ros2_driver/bin'
[1.511s] INFO:colcon.colcon_core.shell:Creating package script '/home/ugv/Desktop/OperationTouchdown/ugv_ws/install/roboteq_ros2_driver/share/roboteq_ros2_driver/package.ps1'
[1.518s] DEBUG:colcon.colcon_core.event_handler.log_command:Invoked command in '/home/ugv/Desktop/OperationTouchdown/ugv_ws/build/roboteq_ros2_driver' returned '0': CMAKE_PREFIX_PATH=${CMAKE_PREFIX_PATH}:/opt/ros/jazzy /usr/bin/cmake --install /home/ugv/Desktop/OperationTouchdown/ugv_ws/build/roboteq_ros2_driver
[1.518s] INFO:colcon.colcon_core.shell:Creating package descriptor '/home/ugv/Desktop/OperationTouchdown/ugv_ws/install/roboteq_ros2_driver/share/roboteq_ros2_driver/package.dsv'
[1.519s] INFO:colcon.colcon_core.shell:Creating package script '/home/ugv/Desktop/OperationTouchdown/ugv_ws/install/roboteq_ros2_driver/share/roboteq_ros2_driver/package.sh'
[1.523s] INFO:colcon.colcon_core.shell:Creating package script '/home/ugv/Desktop/OperationTouchdown/ugv_ws/install/roboteq_ros2_driver/share/roboteq_ros2_driver/package.bash'
[1.525s] INFO:colcon.colcon_core.shell:Creating package script '/home/ugv/Desktop/OperationTouchdown/ugv_ws/install/roboteq_ros2_driver/share/roboteq_ros2_driver/package.zsh'
[1.525s] Level 1:colcon.colcon_core.environment:create_file_with_runtime_dependencies(/home/ugv/Desktop/OperationTouchdown/ugv_ws/install/roboteq_ros2_driver/share/colcon-core/packages/roboteq_ros2_driver)
[1.529s] Level 1:colcon.colcon_core.environment:create_environment_scripts_only(roboteq_ros2_driver)
[1.530s] Level 1:colcon.colcon_core.environment:checking '/home/ugv/Desktop/OperationTouchdown/ugv_ws/install/roboteq_ros2_driver' for CMake module files
[1.531s] Level 1:colcon.colcon_core.environment:checking '/home/ugv/Desktop/OperationTouchdown/ugv_ws/install/roboteq_ros2_driver' for CMake config files
[1.533s] Level 1:colcon.colcon_core.shell:create_environment_hook('roboteq_ros2_driver', 'cmake_prefix_path')
[1.533s] INFO:colcon.colcon_core.shell:Creating environment hook '/home/ugv/Desktop/OperationTouchdown/ugv_ws/install/roboteq_ros2_driver/share/roboteq_ros2_driver/hook/cmake_prefix_path.ps1'
[1.534s] INFO:colcon.colcon_core.shell:Creating environment descriptor '/home/ugv/Desktop/OperationTouchdown/ugv_ws/install/roboteq_ros2_driver/share/roboteq_ros2_driver/hook/cmake_prefix_path.dsv'
[1.541s] INFO:colcon.colcon_core.shell:Creating environment hook '/home/ugv/Desktop/OperationTouchdown/ugv_ws/install/roboteq_ros2_driver/share/roboteq_ros2_driver/hook/cmake_prefix_path.sh'
[1.542s] Level 1:colcon.colcon_core.environment:checking '/home/ugv/Desktop/OperationTouchdown/ugv_ws/install/roboteq_ros2_driver/lib'
[1.542s] Level 1:colcon.colcon_core.environment:checking '/home/ugv/Desktop/OperationTouchdown/ugv_ws/install/roboteq_ros2_driver/bin'
[1.542s] Level 1:colcon.colcon_core.environment:checking '/home/ugv/Desktop/OperationTouchdown/ugv_ws/install/roboteq_ros2_driver/lib/pkgconfig/roboteq_ros2_driver.pc'
[1.543s] Level 1:colcon.colcon_core.environment:checking '/home/ugv/Desktop/OperationTouchdown/ugv_ws/install/roboteq_ros2_driver/lib/python3.12/site-packages'
[1.547s] Level 1:colcon.colcon_core.environment:checking '/home/ugv/Desktop/OperationTouchdown/ugv_ws/install/roboteq_ros2_driver/bin'
[1.547s] INFO:colcon.colcon_core.shell:Creating package script '/home/ugv/Desktop/OperationTouchdown/ugv_ws/install/roboteq_ros2_driver/share/roboteq_ros2_driver/package.ps1'
[1.549s] INFO:colcon.colcon_core.shell:Creating package descriptor '/home/ugv/Desktop/OperationTouchdown/ugv_ws/install/roboteq_ros2_driver/share/roboteq_ros2_driver/package.dsv'
[1.550s] INFO:colcon.colcon_core.shell:Creating package script '/home/ugv/Desktop/OperationTouchdown/ugv_ws/install/roboteq_ros2_driver/share/roboteq_ros2_driver/package.sh'
[1.551s] INFO:colcon.colcon_core.shell:Creating package script '/home/ugv/Desktop/OperationTouchdown/ugv_ws/install/roboteq_ros2_driver/share/roboteq_ros2_driver/package.bash'
[1.552s] INFO:colcon.colcon_core.shell:Creating package script '/home/ugv/Desktop/OperationTouchdown/ugv_ws/install/roboteq_ros2_driver/share/roboteq_ros2_driver/package.zsh'
[1.553s] Level 1:colcon.colcon_core.environment:create_file_with_runtime_dependencies(/home/ugv/Desktop/OperationTouchdown/ugv_ws/install/roboteq_ros2_driver/share/colcon-core/packages/roboteq_ros2_driver)
[1.578s] DEBUG:colcon.colcon_core.event_handler.log_command:Invoked command in '/home/ugv/Desktop/OperationTouchdown/ugv_ws/build/rplidar_ros' returned '0': CMAKE_PREFIX_PATH=${CMAKE_PREFIX_PATH}:/opt/ros/jazzy /usr/bin/cmake --build /home/ugv/Desktop/OperationTouchdown/ugv_ws/build/rplidar_ros -- -j4 -l4
[1.580s] DEBUG:colcon.colcon_core.event_handler.log_command:Invoking command in '/home/ugv/Desktop/OperationTouchdown/ugv_ws/build/rplidar_ros': CMAKE_PREFIX_PATH=${CMAKE_PREFIX_PATH}:/opt/ros/jazzy /usr/bin/cmake --install /home/ugv/Desktop/OperationTouchdown/ugv_ws/build/rplidar_ros
[1.637s] Level 1:colcon.colcon_core.environment:create_environment_scripts_only(depthai_ros_msgs)
[1.637s] Level 1:colcon.colcon_core.environment:checking '/home/ugv/Desktop/OperationTouchdown/ugv_ws/install/depthai_ros_msgs' for CMake module files
[1.639s] Level 1:colcon.colcon_core.environment:checking '/home/ugv/Desktop/OperationTouchdown/ugv_ws/install/depthai_ros_msgs' for CMake config files
[1.640s] DEBUG:colcon.colcon_core.event_handler.log_command:Invoked command in '/home/ugv/Desktop/OperationTouchdown/ugv_ws/build/depthai_ros_msgs' returned '0': CMAKE_PREFIX_PATH=${CMAKE_PREFIX_PATH}:/opt/ros/jazzy /usr/bin/cmake --install /home/ugv/Desktop/OperationTouchdown/ugv_ws/build/depthai_ros_msgs
[1.641s] Level 1:colcon.colcon_core.shell:create_environment_hook('depthai_ros_msgs', 'cmake_prefix_path')
[1.641s] INFO:colcon.colcon_core.shell:Creating environment hook '/home/ugv/Desktop/OperationTouchdown/ugv_ws/install/depthai_ros_msgs/share/depthai_ros_msgs/hook/cmake_prefix_path.ps1'
[1.642s] INFO:colcon.colcon_core.shell:Creating environment descriptor '/home/ugv/Desktop/OperationTouchdown/ugv_ws/install/depthai_ros_msgs/share/depthai_ros_msgs/hook/cmake_prefix_path.dsv'
[1.642s] INFO:colcon.colcon_core.shell:Creating environment hook '/home/ugv/Desktop/OperationTouchdown/ugv_ws/install/depthai_ros_msgs/share/depthai_ros_msgs/hook/cmake_prefix_path.sh'
[1.643s] Level 1:colcon.colcon_core.environment:checking '/home/ugv/Desktop/OperationTouchdown/ugv_ws/install/depthai_ros_msgs/lib'
[1.643s] Level 1:colcon.colcon_core.shell:create_environment_hook('depthai_ros_msgs', 'ld_library_path_lib')
[1.643s] INFO:colcon.colcon_core.shell:Creating environment hook '/home/ugv/Desktop/OperationTouchdown/ugv_ws/install/depthai_ros_msgs/share/depthai_ros_msgs/hook/ld_library_path_lib.ps1'
[1.644s] INFO:colcon.colcon_core.shell:Creating environment descriptor '/home/ugv/Desktop/OperationTouchdown/ugv_ws/install/depthai_ros_msgs/share/depthai_ros_msgs/hook/ld_library_path_lib.dsv'
[1.644s] INFO:colcon.colcon_core.shell:Creating environment hook '/home/ugv/Desktop/OperationTouchdown/ugv_ws/install/depthai_ros_msgs/share/depthai_ros_msgs/hook/ld_library_path_lib.sh'
[1.645s] Level 1:colcon.colcon_core.environment:checking '/home/ugv/Desktop/OperationTouchdown/ugv_ws/install/depthai_ros_msgs/bin'
[1.645s] Level 1:colcon.colcon_core.environment:checking '/home/ugv/Desktop/OperationTouchdown/ugv_ws/install/depthai_ros_msgs/lib/pkgconfig/depthai_ros_msgs.pc'
[1.646s] Level 1:colcon.colcon_core.environment:checking '/home/ugv/Desktop/OperationTouchdown/ugv_ws/install/depthai_ros_msgs/lib/python3.12/site-packages'
[1.646s] Level 1:colcon.colcon_core.shell:create_environment_hook('depthai_ros_msgs', 'pythonpath')
[1.646s] INFO:colcon.colcon_core.shell:Creating environment hook '/home/ugv/Desktop/OperationTouchdown/ugv_ws/install/depthai_ros_msgs/share/depthai_ros_msgs/hook/pythonpath.ps1'
[1.647s] INFO:colcon.colcon_core.shell:Creating environment descriptor '/home/ugv/Desktop/OperationTouchdown/ugv_ws/install/depthai_ros_msgs/share/depthai_ros_msgs/hook/pythonpath.dsv'
[1.647s] INFO:colcon.colcon_core.shell:Creating environment hook '/home/ugv/Desktop/OperationTouchdown/ugv_ws/install/depthai_ros_msgs/share/depthai_ros_msgs/hook/pythonpath.sh'
[1.648s] Level 1:colcon.colcon_core.environment:checking '/home/ugv/Desktop/OperationTouchdown/ugv_ws/install/depthai_ros_msgs/bin'
[1.649s] INFO:colcon.colcon_core.shell:Creating package script '/home/ugv/Desktop/OperationTouchdown/ugv_ws/install/depthai_ros_msgs/share/depthai_ros_msgs/package.ps1'
[1.650s] INFO:colcon.colcon_core.shell:Creating package descriptor '/home/ugv/Desktop/OperationTouchdown/ugv_ws/install/depthai_ros_msgs/share/depthai_ros_msgs/package.dsv'
[1.650s] INFO:colcon.colcon_core.shell:Creating package script '/home/ugv/Desktop/OperationTouchdown/ugv_ws/install/depthai_ros_msgs/share/depthai_ros_msgs/package.sh'
[1.651s] INFO:colcon.colcon_core.shell:Creating package script '/home/ugv/Desktop/OperationTouchdown/ugv_ws/install/depthai_ros_msgs/share/depthai_ros_msgs/package.bash'
[1.651s] INFO:colcon.colcon_core.shell:Creating package script '/home/ugv/Desktop/OperationTouchdown/ugv_ws/install/depthai_ros_msgs/share/depthai_ros_msgs/package.zsh'
[1.652s] Level 1:colcon.colcon_core.environment:create_file_with_runtime_dependencies(/home/ugv/Desktop/OperationTouchdown/ugv_ws/install/depthai_ros_msgs/share/colcon-core/packages/depthai_ros_msgs)
[1.653s] Level 1:colcon.colcon_core.environment:create_environment_scripts_only(depthai_ros_msgs)
[1.654s] Level 1:colcon.colcon_core.environment:checking '/home/ugv/Desktop/OperationTouchdown/ugv_ws/install/depthai_ros_msgs' for CMake module files
[1.655s] Level 1:colcon.colcon_core.environment:checking '/home/ugv/Desktop/OperationTouchdown/ugv_ws/install/depthai_ros_msgs' for CMake config files
[1.656s] Level 1:colcon.colcon_core.shell:create_environment_hook('depthai_ros_msgs', 'cmake_prefix_path')
[1.657s] INFO:colcon.colcon_core.shell:Creating environment hook '/home/ugv/Desktop/OperationTouchdown/ugv_ws/install/depthai_ros_msgs/share/depthai_ros_msgs/hook/cmake_prefix_path.ps1'
[1.657s] INFO:colcon.colcon_core.shell:Creating environment descriptor '/home/ugv/Desktop/OperationTouchdown/ugv_ws/install/depthai_ros_msgs/share/depthai_ros_msgs/hook/cmake_prefix_path.dsv'
[1.658s] INFO:colcon.colcon_core.shell:Creating environment hook '/home/ugv/Desktop/OperationTouchdown/ugv_ws/install/depthai_ros_msgs/share/depthai_ros_msgs/hook/cmake_prefix_path.sh'
[1.659s] Level 1:colcon.colcon_core.environment:checking '/home/ugv/Desktop/OperationTouchdown/ugv_ws/install/depthai_ros_msgs/lib'
[1.659s] Level 1:colcon.colcon_core.shell:create_environment_hook('depthai_ros_msgs', 'ld_library_path_lib')
[1.659s] INFO:colcon.colcon_core.shell:Creating environment hook '/home/ugv/Desktop/OperationTouchdown/ugv_ws/install/depthai_ros_msgs/share/depthai_ros_msgs/hook/ld_library_path_lib.ps1'
[1.660s] INFO:colcon.colcon_core.shell:Creating environment descriptor '/home/ugv/Desktop/OperationTouchdown/ugv_ws/install/depthai_ros_msgs/share/depthai_ros_msgs/hook/ld_library_path_lib.dsv'
[1.660s] INFO:colcon.colcon_core.shell:Creating environment hook '/home/ugv/Desktop/OperationTouchdown/ugv_ws/install/depthai_ros_msgs/share/depthai_ros_msgs/hook/ld_library_path_lib.sh'
[1.661s] Level 1:colcon.colcon_core.environment:checking '/home/ugv/Desktop/OperationTouchdown/ugv_ws/install/depthai_ros_msgs/bin'
[1.661s] Level 1:colcon.colcon_core.environment:checking '/home/ugv/Desktop/OperationTouchdown/ugv_ws/install/depthai_ros_msgs/lib/pkgconfig/depthai_ros_msgs.pc'
[1.662s] Level 1:colcon.colcon_core.environment:checking '/home/ugv/Desktop/OperationTouchdown/ugv_ws/install/depthai_ros_msgs/lib/python3.12/site-packages'
[1.662s] Level 1:colcon.colcon_core.shell:create_environment_hook('depthai_ros_msgs', 'pythonpath')
[1.662s] INFO:colcon.colcon_core.shell:Creating environment hook '/home/ugv/Desktop/OperationTouchdown/ugv_ws/install/depthai_ros_msgs/share/depthai_ros_msgs/hook/pythonpath.ps1'
[1.663s] INFO:colcon.colcon_core.shell:Creating environment descriptor '/home/ugv/Desktop/OperationTouchdown/ugv_ws/install/depthai_ros_msgs/share/depthai_ros_msgs/hook/pythonpath.dsv'
[1.663s] INFO:colcon.colcon_core.shell:Creating environment hook '/home/ugv/Desktop/OperationTouchdown/ugv_ws/install/depthai_ros_msgs/share/depthai_ros_msgs/hook/pythonpath.sh'
[1.664s] Level 1:colcon.colcon_core.environment:checking '/home/ugv/Desktop/OperationTouchdown/ugv_ws/install/depthai_ros_msgs/bin'
[1.665s] INFO:colcon.colcon_core.shell:Creating package script '/home/ugv/Desktop/OperationTouchdown/ugv_ws/install/depthai_ros_msgs/share/depthai_ros_msgs/package.ps1'
[1.666s] INFO:colcon.colcon_core.shell:Creating package descriptor '/home/ugv/Desktop/OperationTouchdown/ugv_ws/install/depthai_ros_msgs/share/depthai_ros_msgs/package.dsv'
[1.666s] INFO:colcon.colcon_core.shell:Creating package script '/home/ugv/Desktop/OperationTouchdown/ugv_ws/install/depthai_ros_msgs/share/depthai_ros_msgs/package.sh'
[1.667s] INFO:colcon.colcon_core.shell:Creating package script '/home/ugv/Desktop/OperationTouchdown/ugv_ws/install/depthai_ros_msgs/share/depthai_ros_msgs/package.bash'
[1.668s] INFO:colcon.colcon_core.shell:Creating package script '/home/ugv/Desktop/OperationTouchdown/ugv_ws/install/depthai_ros_msgs/share/depthai_ros_msgs/package.zsh'
[1.668s] Level 1:colcon.colcon_core.environment:create_file_with_runtime_dependencies(/home/ugv/Desktop/OperationTouchdown/ugv_ws/install/depthai_ros_msgs/share/colcon-core/packages/depthai_ros_msgs)
[1.670s] INFO:colcon.colcon_ros.task.ament_cmake.build:Building ROS package in '/home/ugv/Desktop/OperationTouchdown/ugv_ws/src/depthai-ros/depthai_bridge' with build type 'ament_cmake'
[1.670s] INFO:colcon.colcon_cmake.task.cmake.build:Building CMake package in '/home/ugv/Desktop/OperationTouchdown/ugv_ws/src/depthai-ros/depthai_bridge'
[1.670s] INFO:colcon.colcon_core.shell:Skip shell extension 'powershell' for command environment: Not usable outside of PowerShell
[1.670s] DEBUG:colcon.colcon_core.shell:Skip shell extension 'dsv' for command environment
[1.676s] INFO:colcon.colcon_ros.task.ament_cmake.build:Building ROS package in '/home/ugv/Desktop/OperationTouchdown/ugv_ws/src/depthai-ros/depthai_filters' with build type 'ament_cmake'
[1.676s] INFO:colcon.colcon_cmake.task.cmake.build:Building CMake package in '/home/ugv/Desktop/OperationTouchdown/ugv_ws/src/depthai-ros/depthai_filters'
[1.676s] INFO:colcon.colcon_core.shell:Skip shell extension 'powershell' for command environment: Not usable outside of PowerShell
[1.676s] DEBUG:colcon.colcon_core.shell:Skip shell extension 'dsv' for command environment
[1.682s] Level 1:colcon.colcon_core.environment:create_environment_scripts_only(rplidar_ros)
[1.682s] Level 1:colcon.colcon_core.environment:checking '/home/ugv/Desktop/OperationTouchdown/ugv_ws/install/rplidar_ros' for CMake module files
[1.684s] Level 1:colcon.colcon_core.environment:checking '/home/ugv/Desktop/OperationTouchdown/ugv_ws/install/rplidar_ros' for CMake config files
[1.685s] Level 1:colcon.colcon_core.shell:create_environment_hook('rplidar_ros', 'cmake_prefix_path')
[1.685s] INFO:colcon.colcon_core.shell:Creating environment hook '/home/ugv/Desktop/OperationTouchdown/ugv_ws/install/rplidar_ros/share/rplidar_ros/hook/cmake_prefix_path.ps1'
[1.687s] DEBUG:colcon.colcon_core.event_handler.log_command:Invoked command in '/home/ugv/Desktop/OperationTouchdown/ugv_ws/build/rplidar_ros' returned '0': CMAKE_PREFIX_PATH=${CMAKE_PREFIX_PATH}:/opt/ros/jazzy /usr/bin/cmake --install /home/ugv/Desktop/OperationTouchdown/ugv_ws/build/rplidar_ros
[1.687s] INFO:colcon.colcon_core.shell:Creating environment descriptor '/home/ugv/Desktop/OperationTouchdown/ugv_ws/install/rplidar_ros/share/rplidar_ros/hook/cmake_prefix_path.dsv'
[1.688s] INFO:colcon.colcon_core.shell:Creating environment hook '/home/ugv/Desktop/OperationTouchdown/ugv_ws/install/rplidar_ros/share/rplidar_ros/hook/cmake_prefix_path.sh'
[1.689s] Level 1:colcon.colcon_core.environment:checking '/home/ugv/Desktop/OperationTouchdown/ugv_ws/install/rplidar_ros/lib'
[1.689s] Level 1:colcon.colcon_core.environment:checking '/home/ugv/Desktop/OperationTouchdown/ugv_ws/install/rplidar_ros/bin'
[1.689s] Level 1:colcon.colcon_core.environment:checking '/home/ugv/Desktop/OperationTouchdown/ugv_ws/install/rplidar_ros/lib/pkgconfig/rplidar_ros.pc'
[1.689s] Level 1:colcon.colcon_core.environment:checking '/home/ugv/Desktop/OperationTouchdown/ugv_ws/install/rplidar_ros/lib/python3.12/site-packages'
[1.690s] Level 1:colcon.colcon_core.environment:checking '/home/ugv/Desktop/OperationTouchdown/ugv_ws/install/rplidar_ros/bin'
[1.690s] INFO:colcon.colcon_core.shell:Creating package script '/home/ugv/Desktop/OperationTouchdown/ugv_ws/install/rplidar_ros/share/rplidar_ros/package.ps1'
[1.691s] INFO:colcon.colcon_core.shell:Creating package descriptor '/home/ugv/Desktop/OperationTouchdown/ugv_ws/install/rplidar_ros/share/rplidar_ros/package.dsv'
[1.692s] INFO:colcon.colcon_core.shell:Creating package script '/home/ugv/Desktop/OperationTouchdown/ugv_ws/install/rplidar_ros/share/rplidar_ros/package.sh'
[1.692s] INFO:colcon.colcon_core.shell:Creating package script '/home/ugv/Desktop/OperationTouchdown/ugv_ws/install/rplidar_ros/share/rplidar_ros/package.bash'
[1.693s] INFO:colcon.colcon_core.shell:Creating package script '/home/ugv/Desktop/OperationTouchdown/ugv_ws/install/rplidar_ros/share/rplidar_ros/package.zsh'
[1.694s] Level 1:colcon.colcon_core.environment:create_file_with_runtime_dependencies(/home/ugv/Desktop/OperationTouchdown/ugv_ws/install/rplidar_ros/share/colcon-core/packages/rplidar_ros)
[1.695s] Level 1:colcon.colcon_core.environment:create_environment_scripts_only(rplidar_ros)
[1.695s] Level 1:colcon.colcon_core.environment:checking '/home/ugv/Desktop/OperationTouchdown/ugv_ws/install/rplidar_ros' for CMake module files
[1.696s] Level 1:colcon.colcon_core.environment:checking '/home/ugv/Desktop/OperationTouchdown/ugv_ws/install/rplidar_ros' for CMake config files
[1.697s] Level 1:colcon.colcon_core.shell:create_environment_hook('rplidar_ros', 'cmake_prefix_path')
[1.698s] INFO:colcon.colcon_core.shell:Creating environment hook '/home/ugv/Desktop/OperationTouchdown/ugv_ws/install/rplidar_ros/share/rplidar_ros/hook/cmake_prefix_path.ps1'
[1.698s] INFO:colcon.colcon_core.shell:Creating environment descriptor '/home/ugv/Desktop/OperationTouchdown/ugv_ws/install/rplidar_ros/share/rplidar_ros/hook/cmake_prefix_path.dsv'
[1.699s] INFO:colcon.colcon_core.shell:Creating environment hook '/home/ugv/Desktop/OperationTouchdown/ugv_ws/install/rplidar_ros/share/rplidar_ros/hook/cmake_prefix_path.sh'
[1.700s] Level 1:colcon.colcon_core.environment:checking '/home/ugv/Desktop/OperationTouchdown/ugv_ws/install/rplidar_ros/lib'
[1.701s] Level 1:colcon.colcon_core.environment:checking '/home/ugv/Desktop/OperationTouchdown/ugv_ws/install/rplidar_ros/bin'
[1.701s] Level 1:colcon.colcon_core.environment:checking '/home/ugv/Desktop/OperationTouchdown/ugv_ws/install/rplidar_ros/lib/pkgconfig/rplidar_ros.pc'
[1.701s] Level 1:colcon.colcon_core.environment:checking '/home/ugv/Desktop/OperationTouchdown/ugv_ws/install/rplidar_ros/lib/python3.12/site-packages'
[1.702s] Level 1:colcon.colcon_core.environment:checking '/home/ugv/Desktop/OperationTouchdown/ugv_ws/install/rplidar_ros/bin'
[1.703s] INFO:colcon.colcon_core.shell:Creating package script '/home/ugv/Desktop/OperationTouchdown/ugv_ws/install/rplidar_ros/share/rplidar_ros/package.ps1'
[1.704s] INFO:colcon.colcon_core.shell:Creating package descriptor '/home/ugv/Desktop/OperationTouchdown/ugv_ws/install/rplidar_ros/share/rplidar_ros/package.dsv'
[1.706s] INFO:colcon.colcon_core.shell:Creating package script '/home/ugv/Desktop/OperationTouchdown/ugv_ws/install/rplidar_ros/share/rplidar_ros/package.sh'
[1.706s] INFO:colcon.colcon_core.shell:Creating package script '/home/ugv/Desktop/OperationTouchdown/ugv_ws/install/rplidar_ros/share/rplidar_ros/package.bash'
[1.707s] INFO:colcon.colcon_core.shell:Creating package script '/home/ugv/Desktop/OperationTouchdown/ugv_ws/install/rplidar_ros/share/rplidar_ros/package.zsh'
[1.710s] Level 1:colcon.colcon_core.environment:create_file_with_runtime_dependencies(/home/ugv/Desktop/OperationTouchdown/ugv_ws/install/rplidar_ros/share/colcon-core/packages/rplidar_ros)
[1.720s] DEBUG:colcon.colcon_core.event_handler.log_command:Invoking command in '/home/ugv/Desktop/OperationTouchdown/ugv_ws/build/depthai_bridge': AMENT_PREFIX_PATH=/home/ugv/Desktop/OperationTouchdown/ugv_ws/install/depthai_ros_msgs:${AMENT_PREFIX_PATH} CMAKE_PREFIX_PATH=/home/ugv/Desktop/OperationTouchdown/ugv_ws/install/depthai_ros_msgs:/opt/ros/jazzy/opt/gz_sim_vendor:/opt/ros/jazzy/opt/gz_sensors_vendor:/opt/ros/jazzy/opt/gz_physics_vendor:/opt/ros/jazzy/opt/sdformat_vendor:/opt/ros/jazzy/opt/gz_gui_vendor:/opt/ros/jazzy/opt/gz_transport_vendor:/opt/ros/jazzy/opt/gz_rendering_vendor:/opt/ros/jazzy/opt/gz_plugin_vendor:/opt/ros/jazzy/opt/gz_fuel_tools_vendor:/opt/ros/jazzy/opt/gz_msgs_vendor:/opt/ros/jazzy/opt/gz_common_vendor:/opt/ros/jazzy/opt/gz_math_vendor:/opt/ros/jazzy/opt/gz_utils_vendor:/opt/ros/jazzy/opt/gz_tools_vendor:/opt/ros/jazzy/opt/gz_ogre_next_vendor:/opt/ros/jazzy/opt/gz_dartsim_vendor:/opt/ros/jazzy/opt/gz_cmake_vendor:/opt/ros/jazzy LD_LIBRARY_PATH=/home/ugv/Desktop/OperationTouchdown/ugv_ws/install/depthai_ros_msgs/lib:${LD_LIBRARY_PATH} PYTHONPATH=/home/ugv/Desktop/OperationTouchdown/ugv_ws/install/depthai_ros_msgs/lib/python3.12/site-packages:${PYTHONPATH} /usr/bin/cmake --build /home/ugv/Desktop/OperationTouchdown/ugv_ws/build/depthai_bridge -- -j4 -l4
[1.721s] DEBUG:colcon.colcon_core.event_handler.log_command:Invoking command in '/home/ugv/Desktop/OperationTouchdown/ugv_ws/build/depthai_filters': AMENT_PREFIX_PATH=/home/ugv/Desktop/OperationTouchdown/ugv_ws/install/depthai_ros_msgs:${AMENT_PREFIX_PATH} CMAKE_PREFIX_PATH=/home/ugv/Desktop/OperationTouchdown/ugv_ws/install/depthai_ros_msgs:/opt/ros/jazzy/opt/gz_sim_vendor:/opt/ros/jazzy/opt/gz_sensors_vendor:/opt/ros/jazzy/opt/gz_physics_vendor:/opt/ros/jazzy/opt/sdformat_vendor:/opt/ros/jazzy/opt/gz_gui_vendor:/opt/ros/jazzy/opt/gz_transport_vendor:/opt/ros/jazzy/opt/gz_rendering_vendor:/opt/ros/jazzy/opt/gz_plugin_vendor:/opt/ros/jazzy/opt/gz_fuel_tools_vendor:/opt/ros/jazzy/opt/gz_msgs_vendor:/opt/ros/jazzy/opt/gz_common_vendor:/opt/ros/jazzy/opt/gz_math_vendor:/opt/ros/jazzy/opt/gz_utils_vendor:/opt/ros/jazzy/opt/gz_tools_vendor:/opt/ros/jazzy/opt/gz_ogre_next_vendor:/opt/ros/jazzy/opt/gz_dartsim_vendor:/opt/ros/jazzy/opt/gz_cmake_vendor:/opt/ros/jazzy LD_LIBRARY_PATH=/home/ugv/Desktop/OperationTouchdown/ugv_ws/install/depthai_ros_msgs/lib:${LD_LIBRARY_PATH} PYTHONPATH=/home/ugv/Desktop/OperationTouchdown/ugv_ws/install/depthai_ros_msgs/lib/python3.12/site-packages:${PYTHONPATH} /usr/bin/cmake --build /home/ugv/Desktop/OperationTouchdown/ugv_ws/build/depthai_filters -- -j4 -l4
[1.916s] DEBUG:colcon.colcon_core.event_handler.log_command:Invoked command in '/home/ugv/Desktop/OperationTouchdown/ugv_ws/build/depthai_filters' returned '0': AMENT_PREFIX_PATH=/home/ugv/Desktop/OperationTouchdown/ugv_ws/install/depthai_ros_msgs:${AMENT_PREFIX_PATH} CMAKE_PREFIX_PATH=/home/ugv/Desktop/OperationTouchdown/ugv_ws/install/depthai_ros_msgs:/opt/ros/jazzy/opt/gz_sim_vendor:/opt/ros/jazzy/opt/gz_sensors_vendor:/opt/ros/jazzy/opt/gz_physics_vendor:/opt/ros/jazzy/opt/sdformat_vendor:/opt/ros/jazzy/opt/gz_gui_vendor:/opt/ros/jazzy/opt/gz_transport_vendor:/opt/ros/jazzy/opt/gz_rendering_vendor:/opt/ros/jazzy/opt/gz_plugin_vendor:/opt/ros/jazzy/opt/gz_fuel_tools_vendor:/opt/ros/jazzy/opt/gz_msgs_vendor:/opt/ros/jazzy/opt/gz_common_vendor:/opt/ros/jazzy/opt/gz_math_vendor:/opt/ros/jazzy/opt/gz_utils_vendor:/opt/ros/jazzy/opt/gz_tools_vendor:/opt/ros/jazzy/opt/gz_ogre_next_vendor:/opt/ros/jazzy/opt/gz_dartsim_vendor:/opt/ros/jazzy/opt/gz_cmake_vendor:/opt/ros/jazzy LD_LIBRARY_PATH=/home/ugv/Desktop/OperationTouchdown/ugv_ws/install/depthai_ros_msgs/lib:${LD_LIBRARY_PATH} PYTHONPATH=/home/ugv/Desktop/OperationTouchdown/ugv_ws/install/depthai_ros_msgs/lib/python3.12/site-packages:${PYTHONPATH} /usr/bin/cmake --build /home/ugv/Desktop/OperationTouchdown/ugv_ws/build/depthai_filters -- -j4 -l4
[1.921s] DEBUG:colcon.colcon_core.event_handler.log_command:Invoking command in '/home/ugv/Desktop/OperationTouchdown/ugv_ws/build/depthai_filters': AMENT_PREFIX_PATH=/home/ugv/Desktop/OperationTouchdown/ugv_ws/install/depthai_ros_msgs:${AMENT_PREFIX_PATH} CMAKE_PREFIX_PATH=/home/ugv/Desktop/OperationTouchdown/ugv_ws/install/depthai_ros_msgs:/opt/ros/jazzy/opt/gz_sim_vendor:/opt/ros/jazzy/opt/gz_sensors_vendor:/opt/ros/jazzy/opt/gz_physics_vendor:/opt/ros/jazzy/opt/sdformat_vendor:/opt/ros/jazzy/opt/gz_gui_vendor:/opt/ros/jazzy/opt/gz_transport_vendor:/opt/ros/jazzy/opt/gz_rendering_vendor:/opt/ros/jazzy/opt/gz_plugin_vendor:/opt/ros/jazzy/opt/gz_fuel_tools_vendor:/opt/ros/jazzy/opt/gz_msgs_vendor:/opt/ros/jazzy/opt/gz_common_vendor:/opt/ros/jazzy/opt/gz_math_vendor:/opt/ros/jazzy/opt/gz_utils_vendor:/opt/ros/jazzy/opt/gz_tools_vendor:/opt/ros/jazzy/opt/gz_ogre_next_vendor:/opt/ros/jazzy/opt/gz_dartsim_vendor:/opt/ros/jazzy/opt/gz_cmake_vendor:/opt/ros/jazzy LD_LIBRARY_PATH=/home/ugv/Desktop/OperationTouchdown/ugv_ws/install/depthai_ros_msgs/lib:${LD_LIBRARY_PATH} PYTHONPATH=/home/ugv/Desktop/OperationTouchdown/ugv_ws/install/depthai_ros_msgs/lib/python3.12/site-packages:${PYTHONPATH} /usr/bin/cmake --install /home/ugv/Desktop/OperationTouchdown/ugv_ws/build/depthai_filters
[1.952s] DEBUG:colcon.colcon_core.event_handler.log_command:Invoked command in '/home/ugv/Desktop/OperationTouchdown/ugv_ws/build/depthai_bridge' returned '0': AMENT_PREFIX_PATH=/home/ugv/Desktop/OperationTouchdown/ugv_ws/install/depthai_ros_msgs:${AMENT_PREFIX_PATH} CMAKE_PREFIX_PATH=/home/ugv/Desktop/OperationTouchdown/ugv_ws/install/depthai_ros_msgs:/opt/ros/jazzy/opt/gz_sim_vendor:/opt/ros/jazzy/opt/gz_sensors_vendor:/opt/ros/jazzy/opt/gz_physics_vendor:/opt/ros/jazzy/opt/sdformat_vendor:/opt/ros/jazzy/opt/gz_gui_vendor:/opt/ros/jazzy/opt/gz_transport_vendor:/opt/ros/jazzy/opt/gz_rendering_vendor:/opt/ros/jazzy/opt/gz_plugin_vendor:/opt/ros/jazzy/opt/gz_fuel_tools_vendor:/opt/ros/jazzy/opt/gz_msgs_vendor:/opt/ros/jazzy/opt/gz_common_vendor:/opt/ros/jazzy/opt/gz_math_vendor:/opt/ros/jazzy/opt/gz_utils_vendor:/opt/ros/jazzy/opt/gz_tools_vendor:/opt/ros/jazzy/opt/gz_ogre_next_vendor:/opt/ros/jazzy/opt/gz_dartsim_vendor:/opt/ros/jazzy/opt/gz_cmake_vendor:/opt/ros/jazzy LD_LIBRARY_PATH=/home/ugv/Desktop/OperationTouchdown/ugv_ws/install/depthai_ros_msgs/lib:${LD_LIBRARY_PATH} PYTHONPATH=/home/ugv/Desktop/OperationTouchdown/ugv_ws/install/depthai_ros_msgs/lib/python3.12/site-packages:${PYTHONPATH} /usr/bin/cmake --build /home/ugv/Desktop/OperationTouchdown/ugv_ws/build/depthai_bridge -- -j4 -l4
[1.952s] DEBUG:colcon.colcon_core.event_handler.log_command:Invoking command in '/home/ugv/Desktop/OperationTouchdown/ugv_ws/build/depthai_bridge': AMENT_PREFIX_PATH=/home/ugv/Desktop/OperationTouchdown/ugv_ws/install/depthai_ros_msgs:${AMENT_PREFIX_PATH} CMAKE_PREFIX_PATH=/home/ugv/Desktop/OperationTouchdown/ugv_ws/install/depthai_ros_msgs:/opt/ros/jazzy/opt/gz_sim_vendor:/opt/ros/jazzy/opt/gz_sensors_vendor:/opt/ros/jazzy/opt/gz_physics_vendor:/opt/ros/jazzy/opt/sdformat_vendor:/opt/ros/jazzy/opt/gz_gui_vendor:/opt/ros/jazzy/opt/gz_transport_vendor:/opt/ros/jazzy/opt/gz_rendering_vendor:/opt/ros/jazzy/opt/gz_plugin_vendor:/opt/ros/jazzy/opt/gz_fuel_tools_vendor:/opt/ros/jazzy/opt/gz_msgs_vendor:/opt/ros/jazzy/opt/gz_common_vendor:/opt/ros/jazzy/opt/gz_math_vendor:/opt/ros/jazzy/opt/gz_utils_vendor:/opt/ros/jazzy/opt/gz_tools_vendor:/opt/ros/jazzy/opt/gz_ogre_next_vendor:/opt/ros/jazzy/opt/gz_dartsim_vendor:/opt/ros/jazzy/opt/gz_cmake_vendor:/opt/ros/jazzy LD_LIBRARY_PATH=/home/ugv/Desktop/OperationTouchdown/ugv_ws/install/depthai_ros_msgs/lib:${LD_LIBRARY_PATH} PYTHONPATH=/home/ugv/Desktop/OperationTouchdown/ugv_ws/install/depthai_ros_msgs/lib/python3.12/site-packages:${PYTHONPATH} /usr/bin/cmake --install /home/ugv/Desktop/OperationTouchdown/ugv_ws/build/depthai_bridge
[1.983s] Level 1:colcon.colcon_core.environment:create_environment_scripts_only(depthai_filters)
[1.983s] Level 1:colcon.colcon_core.environment:checking '/home/ugv/Desktop/OperationTouchdown/ugv_ws/install/depthai_filters' for CMake module files
[1.984s] DEBUG:colcon.colcon_core.event_handler.log_command:Invoked command in '/home/ugv/Desktop/OperationTouchdown/ugv_ws/build/depthai_filters' returned '0': AMENT_PREFIX_PATH=/home/ugv/Desktop/OperationTouchdown/ugv_ws/install/depthai_ros_msgs:${AMENT_PREFIX_PATH} CMAKE_PREFIX_PATH=/home/ugv/Desktop/OperationTouchdown/ugv_ws/install/depthai_ros_msgs:/opt/ros/jazzy/opt/gz_sim_vendor:/opt/ros/jazzy/opt/gz_sensors_vendor:/opt/ros/jazzy/opt/gz_physics_vendor:/opt/ros/jazzy/opt/sdformat_vendor:/opt/ros/jazzy/opt/gz_gui_vendor:/opt/ros/jazzy/opt/gz_transport_vendor:/opt/ros/jazzy/opt/gz_rendering_vendor:/opt/ros/jazzy/opt/gz_plugin_vendor:/opt/ros/jazzy/opt/gz_fuel_tools_vendor:/opt/ros/jazzy/opt/gz_msgs_vendor:/opt/ros/jazzy/opt/gz_common_vendor:/opt/ros/jazzy/opt/gz_math_vendor:/opt/ros/jazzy/opt/gz_utils_vendor:/opt/ros/jazzy/opt/gz_tools_vendor:/opt/ros/jazzy/opt/gz_ogre_next_vendor:/opt/ros/jazzy/opt/gz_dartsim_vendor:/opt/ros/jazzy/opt/gz_cmake_vendor:/opt/ros/jazzy LD_LIBRARY_PATH=/home/ugv/Desktop/OperationTouchdown/ugv_ws/install/depthai_ros_msgs/lib:${LD_LIBRARY_PATH} PYTHONPATH=/home/ugv/Desktop/OperationTouchdown/ugv_ws/install/depthai_ros_msgs/lib/python3.12/site-packages:${PYTHONPATH} /usr/bin/cmake --install /home/ugv/Desktop/OperationTouchdown/ugv_ws/build/depthai_filters
[1.985s] Level 1:colcon.colcon_core.environment:checking '/home/ugv/Desktop/OperationTouchdown/ugv_ws/install/depthai_filters' for CMake config files
[1.986s] Level 1:colcon.colcon_core.shell:create_environment_hook('depthai_filters', 'cmake_prefix_path')
[1.986s] INFO:colcon.colcon_core.shell:Creating environment hook '/home/ugv/Desktop/OperationTouchdown/ugv_ws/install/depthai_filters/share/depthai_filters/hook/cmake_prefix_path.ps1'
[1.987s] INFO:colcon.colcon_core.shell:Creating environment descriptor '/home/ugv/Desktop/OperationTouchdown/ugv_ws/install/depthai_filters/share/depthai_filters/hook/cmake_prefix_path.dsv'
[1.991s] INFO:colcon.colcon_core.shell:Creating environment hook '/home/ugv/Desktop/OperationTouchdown/ugv_ws/install/depthai_filters/share/depthai_filters/hook/cmake_prefix_path.sh'
[1.993s] Level 1:colcon.colcon_core.environment:checking '/home/ugv/Desktop/OperationTouchdown/ugv_ws/install/depthai_filters/lib'
[1.993s] Level 1:colcon.colcon_core.shell:create_environment_hook('depthai_filters', 'ld_library_path_lib')
[1.994s] INFO:colcon.colcon_core.shell:Creating environment hook '/home/ugv/Desktop/OperationTouchdown/ugv_ws/install/depthai_filters/share/depthai_filters/hook/ld_library_path_lib.ps1'
[1.995s] INFO:colcon.colcon_core.shell:Creating environment descriptor '/home/ugv/Desktop/OperationTouchdown/ugv_ws/install/depthai_filters/share/depthai_filters/hook/ld_library_path_lib.dsv'
[1.996s] INFO:colcon.colcon_core.shell:Creating environment hook '/home/ugv/Desktop/OperationTouchdown/ugv_ws/install/depthai_filters/share/depthai_filters/hook/ld_library_path_lib.sh'
[1.997s] Level 1:colcon.colcon_core.environment:checking '/home/ugv/Desktop/OperationTouchdown/ugv_ws/install/depthai_filters/bin'
[1.997s] Level 1:colcon.colcon_core.environment:checking '/home/ugv/Desktop/OperationTouchdown/ugv_ws/install/depthai_filters/lib/pkgconfig/depthai_filters.pc'
[1.997s] Level 1:colcon.colcon_core.environment:checking '/home/ugv/Desktop/OperationTouchdown/ugv_ws/install/depthai_filters/lib/python3.12/site-packages'
[1.998s] Level 1:colcon.colcon_core.environment:checking '/home/ugv/Desktop/OperationTouchdown/ugv_ws/install/depthai_filters/bin'
[1.998s] INFO:colcon.colcon_core.shell:Creating package script '/home/ugv/Desktop/OperationTouchdown/ugv_ws/install/depthai_filters/share/depthai_filters/package.ps1'
[2.000s] INFO:colcon.colcon_core.shell:Creating package descriptor '/home/ugv/Desktop/OperationTouchdown/ugv_ws/install/depthai_filters/share/depthai_filters/package.dsv'
[2.001s] INFO:colcon.colcon_core.shell:Creating package script '/home/ugv/Desktop/OperationTouchdown/ugv_ws/install/depthai_filters/share/depthai_filters/package.sh'
[2.002s] INFO:colcon.colcon_core.shell:Creating package script '/home/ugv/Desktop/OperationTouchdown/ugv_ws/install/depthai_filters/share/depthai_filters/package.bash'
[2.003s] INFO:colcon.colcon_core.shell:Creating package script '/home/ugv/Desktop/OperationTouchdown/ugv_ws/install/depthai_filters/share/depthai_filters/package.zsh'
[2.003s] Level 1:colcon.colcon_core.environment:create_file_with_runtime_dependencies(/home/ugv/Desktop/OperationTouchdown/ugv_ws/install/depthai_filters/share/colcon-core/packages/depthai_filters)
[2.006s] Level 1:colcon.colcon_core.environment:create_environment_scripts_only(depthai_filters)
[2.006s] Level 1:colcon.colcon_core.environment:checking '/home/ugv/Desktop/OperationTouchdown/ugv_ws/install/depthai_filters' for CMake module files
[2.007s] Level 1:colcon.colcon_core.environment:checking '/home/ugv/Desktop/OperationTouchdown/ugv_ws/install/depthai_filters' for CMake config files
[2.008s] Level 1:colcon.colcon_core.shell:create_environment_hook('depthai_filters', 'cmake_prefix_path')
[2.009s] INFO:colcon.colcon_core.shell:Creating environment hook '/home/ugv/Desktop/OperationTouchdown/ugv_ws/install/depthai_filters/share/depthai_filters/hook/cmake_prefix_path.ps1'
[2.021s] INFO:colcon.colcon_core.shell:Creating environment descriptor '/home/ugv/Desktop/OperationTouchdown/ugv_ws/install/depthai_filters/share/depthai_filters/hook/cmake_prefix_path.dsv'
[2.022s] INFO:colcon.colcon_core.shell:Creating environment hook '/home/ugv/Desktop/OperationTouchdown/ugv_ws/install/depthai_filters/share/depthai_filters/hook/cmake_prefix_path.sh'
[2.023s] Level 1:colcon.colcon_core.environment:checking '/home/ugv/Desktop/OperationTouchdown/ugv_ws/install/depthai_filters/lib'
[2.023s] Level 1:colcon.colcon_core.shell:create_environment_hook('depthai_filters', 'ld_library_path_lib')
[2.024s] INFO:colcon.colcon_core.shell:Creating environment hook '/home/ugv/Desktop/OperationTouchdown/ugv_ws/install/depthai_filters/share/depthai_filters/hook/ld_library_path_lib.ps1'
[2.024s] INFO:colcon.colcon_core.shell:Creating environment descriptor '/home/ugv/Desktop/OperationTouchdown/ugv_ws/install/depthai_filters/share/depthai_filters/hook/ld_library_path_lib.dsv'
[2.025s] INFO:colcon.colcon_core.shell:Creating environment hook '/home/ugv/Desktop/OperationTouchdown/ugv_ws/install/depthai_filters/share/depthai_filters/hook/ld_library_path_lib.sh'
[2.026s] Level 1:colcon.colcon_core.environment:checking '/home/ugv/Desktop/OperationTouchdown/ugv_ws/install/depthai_filters/bin'
[2.026s] Level 1:colcon.colcon_core.environment:checking '/home/ugv/Desktop/OperationTouchdown/ugv_ws/install/depthai_filters/lib/pkgconfig/depthai_filters.pc'
[2.026s] Level 1:colcon.colcon_core.environment:checking '/home/ugv/Desktop/OperationTouchdown/ugv_ws/install/depthai_filters/lib/python3.12/site-packages'
[2.027s] Level 1:colcon.colcon_core.environment:checking '/home/ugv/Desktop/OperationTouchdown/ugv_ws/install/depthai_filters/bin'
[2.027s] INFO:colcon.colcon_core.shell:Creating package script '/home/ugv/Desktop/OperationTouchdown/ugv_ws/install/depthai_filters/share/depthai_filters/package.ps1'
[2.028s] INFO:colcon.colcon_core.shell:Creating package descriptor '/home/ugv/Desktop/OperationTouchdown/ugv_ws/install/depthai_filters/share/depthai_filters/package.dsv'
[2.029s] INFO:colcon.colcon_core.shell:Creating package script '/home/ugv/Desktop/OperationTouchdown/ugv_ws/install/depthai_filters/share/depthai_filters/package.sh'
[2.030s] INFO:colcon.colcon_core.shell:Creating package script '/home/ugv/Desktop/OperationTouchdown/ugv_ws/install/depthai_filters/share/depthai_filters/package.bash'
[2.030s] INFO:colcon.colcon_core.shell:Creating package script '/home/ugv/Desktop/OperationTouchdown/ugv_ws/install/depthai_filters/share/depthai_filters/package.zsh'
[2.031s] Level 1:colcon.colcon_core.environment:create_file_with_runtime_dependencies(/home/ugv/Desktop/OperationTouchdown/ugv_ws/install/depthai_filters/share/colcon-core/packages/depthai_filters)
[2.032s] Level 1:colcon.colcon_core.environment:create_environment_scripts_only(depthai_bridge)
[2.032s] Level 1:colcon.colcon_core.environment:checking '/home/ugv/Desktop/OperationTouchdown/ugv_ws/install/depthai_bridge' for CMake module files
[2.034s] Level 1:colcon.colcon_core.environment:checking '/home/ugv/Desktop/OperationTouchdown/ugv_ws/install/depthai_bridge' for CMake config files
[2.035s] Level 1:colcon.colcon_core.shell:create_environment_hook('depthai_bridge', 'cmake_prefix_path')
[2.036s] INFO:colcon.colcon_core.shell:Creating environment hook '/home/ugv/Desktop/OperationTouchdown/ugv_ws/install/depthai_bridge/share/depthai_bridge/hook/cmake_prefix_path.ps1'
[2.037s] INFO:colcon.colcon_core.shell:Creating environment descriptor '/home/ugv/Desktop/OperationTouchdown/ugv_ws/install/depthai_bridge/share/depthai_bridge/hook/cmake_prefix_path.dsv'
[2.038s] INFO:colcon.colcon_core.shell:Creating environment hook '/home/ugv/Desktop/OperationTouchdown/ugv_ws/install/depthai_bridge/share/depthai_bridge/hook/cmake_prefix_path.sh'
[2.039s] Level 1:colcon.colcon_core.environment:checking '/home/ugv/Desktop/OperationTouchdown/ugv_ws/install/depthai_bridge/lib'
[2.039s] Level 1:colcon.colcon_core.shell:create_environment_hook('depthai_bridge', 'ld_library_path_lib')
[2.040s] INFO:colcon.colcon_core.shell:Creating environment hook '/home/ugv/Desktop/OperationTouchdown/ugv_ws/install/depthai_bridge/share/depthai_bridge/hook/ld_library_path_lib.ps1'
[2.040s] DEBUG:colcon.colcon_core.event_handler.log_command:Invoked command in '/home/ugv/Desktop/OperationTouchdown/ugv_ws/build/depthai_bridge' returned '0': AMENT_PREFIX_PATH=/home/ugv/Desktop/OperationTouchdown/ugv_ws/install/depthai_ros_msgs:${AMENT_PREFIX_PATH} CMAKE_PREFIX_PATH=/home/ugv/Desktop/OperationTouchdown/ugv_ws/install/depthai_ros_msgs:/opt/ros/jazzy/opt/gz_sim_vendor:/opt/ros/jazzy/opt/gz_sensors_vendor:/opt/ros/jazzy/opt/gz_physics_vendor:/opt/ros/jazzy/opt/sdformat_vendor:/opt/ros/jazzy/opt/gz_gui_vendor:/opt/ros/jazzy/opt/gz_transport_vendor:/opt/ros/jazzy/opt/gz_rendering_vendor:/opt/ros/jazzy/opt/gz_plugin_vendor:/opt/ros/jazzy/opt/gz_fuel_tools_vendor:/opt/ros/jazzy/opt/gz_msgs_vendor:/opt/ros/jazzy/opt/gz_common_vendor:/opt/ros/jazzy/opt/gz_math_vendor:/opt/ros/jazzy/opt/gz_utils_vendor:/opt/ros/jazzy/opt/gz_tools_vendor:/opt/ros/jazzy/opt/gz_ogre_next_vendor:/opt/ros/jazzy/opt/gz_dartsim_vendor:/opt/ros/jazzy/opt/gz_cmake_vendor:/opt/ros/jazzy LD_LIBRARY_PATH=/home/ugv/Desktop/OperationTouchdown/ugv_ws/install/depthai_ros_msgs/lib:${LD_LIBRARY_PATH} PYTHONPATH=/home/ugv/Desktop/OperationTouchdown/ugv_ws/install/depthai_ros_msgs/lib/python3.12/site-packages:${PYTHONPATH} /usr/bin/cmake --install /home/ugv/Desktop/OperationTouchdown/ugv_ws/build/depthai_bridge
[2.041s] INFO:colcon.colcon_core.shell:Creating environment descriptor '/home/ugv/Desktop/OperationTouchdown/ugv_ws/install/depthai_bridge/share/depthai_bridge/hook/ld_library_path_lib.dsv'
[2.041s] INFO:colcon.colcon_core.shell:Creating environment hook '/home/ugv/Desktop/OperationTouchdown/ugv_ws/install/depthai_bridge/share/depthai_bridge/hook/ld_library_path_lib.sh'
[2.042s] Level 1:colcon.colcon_core.environment:checking '/home/ugv/Desktop/OperationTouchdown/ugv_ws/install/depthai_bridge/bin'
[2.042s] Level 1:colcon.colcon_core.environment:checking '/home/ugv/Desktop/OperationTouchdown/ugv_ws/install/depthai_bridge/lib/pkgconfig/depthai_bridge.pc'
[2.043s] Level 1:colcon.colcon_core.environment:checking '/home/ugv/Desktop/OperationTouchdown/ugv_ws/install/depthai_bridge/lib/python3.12/site-packages'
[2.043s] Level 1:colcon.colcon_core.environment:checking '/home/ugv/Desktop/OperationTouchdown/ugv_ws/install/depthai_bridge/bin'
[2.044s] INFO:colcon.colcon_core.shell:Creating package script '/home/ugv/Desktop/OperationTouchdown/ugv_ws/install/depthai_bridge/share/depthai_bridge/package.ps1'
[2.045s] INFO:colcon.colcon_core.shell:Creating package descriptor '/home/ugv/Desktop/OperationTouchdown/ugv_ws/install/depthai_bridge/share/depthai_bridge/package.dsv'
[2.045s] INFO:colcon.colcon_core.shell:Creating package script '/home/ugv/Desktop/OperationTouchdown/ugv_ws/install/depthai_bridge/share/depthai_bridge/package.sh'
[2.046s] INFO:colcon.colcon_core.shell:Creating package script '/home/ugv/Desktop/OperationTouchdown/ugv_ws/install/depthai_bridge/share/depthai_bridge/package.bash'
[2.046s] INFO:colcon.colcon_core.shell:Creating package script '/home/ugv/Desktop/OperationTouchdown/ugv_ws/install/depthai_bridge/share/depthai_bridge/package.zsh'
[2.047s] Level 1:colcon.colcon_core.environment:create_file_with_runtime_dependencies(/home/ugv/Desktop/OperationTouchdown/ugv_ws/install/depthai_bridge/share/colcon-core/packages/depthai_bridge)
[2.048s] Level 1:colcon.colcon_core.environment:create_environment_scripts_only(depthai_bridge)
[2.048s] Level 1:colcon.colcon_core.environment:checking '/home/ugv/Desktop/OperationTouchdown/ugv_ws/install/depthai_bridge' for CMake module files
[2.049s] Level 1:colcon.colcon_core.environment:checking '/home/ugv/Desktop/OperationTouchdown/ugv_ws/install/depthai_bridge' for CMake config files
[2.049s] Level 1:colcon.colcon_core.shell:create_environment_hook('depthai_bridge', 'cmake_prefix_path')
[2.049s] INFO:colcon.colcon_core.shell:Creating environment hook '/home/ugv/Desktop/OperationTouchdown/ugv_ws/install/depthai_bridge/share/depthai_bridge/hook/cmake_prefix_path.ps1'
[2.050s] INFO:colcon.colcon_core.shell:Creating environment descriptor '/home/ugv/Desktop/OperationTouchdown/ugv_ws/install/depthai_bridge/share/depthai_bridge/hook/cmake_prefix_path.dsv'
[2.050s] INFO:colcon.colcon_core.shell:Creating environment hook '/home/ugv/Desktop/OperationTouchdown/ugv_ws/install/depthai_bridge/share/depthai_bridge/hook/cmake_prefix_path.sh'
[2.051s] Level 1:colcon.colcon_core.environment:checking '/home/ugv/Desktop/OperationTouchdown/ugv_ws/install/depthai_bridge/lib'
[2.051s] Level 1:colcon.colcon_core.shell:create_environment_hook('depthai_bridge', 'ld_library_path_lib')
[2.052s] INFO:colcon.colcon_core.shell:Creating environment hook '/home/ugv/Desktop/OperationTouchdown/ugv_ws/install/depthai_bridge/share/depthai_bridge/hook/ld_library_path_lib.ps1'
[2.052s] INFO:colcon.colcon_core.shell:Creating environment descriptor '/home/ugv/Desktop/OperationTouchdown/ugv_ws/install/depthai_bridge/share/depthai_bridge/hook/ld_library_path_lib.dsv'
[2.053s] INFO:colcon.colcon_core.shell:Creating environment hook '/home/ugv/Desktop/OperationTouchdown/ugv_ws/install/depthai_bridge/share/depthai_bridge/hook/ld_library_path_lib.sh'
[2.054s] Level 1:colcon.colcon_core.environment:checking '/home/ugv/Desktop/OperationTouchdown/ugv_ws/install/depthai_bridge/bin'
[2.054s] Level 1:colcon.colcon_core.environment:checking '/home/ugv/Desktop/OperationTouchdown/ugv_ws/install/depthai_bridge/lib/pkgconfig/depthai_bridge.pc'
[2.054s] Level 1:colcon.colcon_core.environment:checking '/home/ugv/Desktop/OperationTouchdown/ugv_ws/install/depthai_bridge/lib/python3.12/site-packages'
[2.055s] Level 1:colcon.colcon_core.environment:checking '/home/ugv/Desktop/OperationTouchdown/ugv_ws/install/depthai_bridge/bin'
[2.055s] INFO:colcon.colcon_core.shell:Creating package script '/home/ugv/Desktop/OperationTouchdown/ugv_ws/install/depthai_bridge/share/depthai_bridge/package.ps1'
[2.056s] INFO:colcon.colcon_core.shell:Creating package descriptor '/home/ugv/Desktop/OperationTouchdown/ugv_ws/install/depthai_bridge/share/depthai_bridge/package.dsv'
[2.057s] INFO:colcon.colcon_core.shell:Creating package script '/home/ugv/Desktop/OperationTouchdown/ugv_ws/install/depthai_bridge/share/depthai_bridge/package.sh'
[2.057s] INFO:colcon.colcon_core.shell:Creating package script '/home/ugv/Desktop/OperationTouchdown/ugv_ws/install/depthai_bridge/share/depthai_bridge/package.bash'
[2.058s] INFO:colcon.colcon_core.shell:Creating package script '/home/ugv/Desktop/OperationTouchdown/ugv_ws/install/depthai_bridge/share/depthai_bridge/package.zsh'
[2.058s] Level 1:colcon.colcon_core.environment:create_file_with_runtime_dependencies(/home/ugv/Desktop/OperationTouchdown/ugv_ws/install/depthai_bridge/share/colcon-core/packages/depthai_bridge)
[2.059s] INFO:colcon.colcon_ros.task.ament_cmake.build:Building ROS package in '/home/ugv/Desktop/OperationTouchdown/ugv_ws/src/depthai-ros/depthai_examples' with build type 'ament_cmake'
[2.059s] INFO:colcon.colcon_cmake.task.cmake.build:Building CMake package in '/home/ugv/Desktop/OperationTouchdown/ugv_ws/src/depthai-ros/depthai_examples'
[2.059s] INFO:colcon.colcon_core.shell:Skip shell extension 'powershell' for command environment: Not usable outside of PowerShell
[2.059s] DEBUG:colcon.colcon_core.shell:Skip shell extension 'dsv' for command environment
[2.079s] DEBUG:colcon.colcon_core.event_handler.log_command:Invoking command in '/home/ugv/Desktop/OperationTouchdown/ugv_ws/build/depthai_examples': AMENT_PREFIX_PATH=/home/ugv/Desktop/OperationTouchdown/ugv_ws/install/depthai_bridge:/home/ugv/Desktop/OperationTouchdown/ugv_ws/install/depthai_ros_msgs:/home/ugv/Desktop/OperationTouchdown/ugv_ws/install/depthai_descriptions:${AMENT_PREFIX_PATH} CMAKE_PREFIX_PATH=/home/ugv/Desktop/OperationTouchdown/ugv_ws/install/depthai_bridge:/home/ugv/Desktop/OperationTouchdown/ugv_ws/install/depthai_ros_msgs:/home/ugv/Desktop/OperationTouchdown/ugv_ws/install/depthai_descriptions:/opt/ros/jazzy/opt/gz_sim_vendor:/opt/ros/jazzy/opt/gz_sensors_vendor:/opt/ros/jazzy/opt/gz_physics_vendor:/opt/ros/jazzy/opt/sdformat_vendor:/opt/ros/jazzy/opt/gz_gui_vendor:/opt/ros/jazzy/opt/gz_transport_vendor:/opt/ros/jazzy/opt/gz_rendering_vendor:/opt/ros/jazzy/opt/gz_plugin_vendor:/opt/ros/jazzy/opt/gz_fuel_tools_vendor:/opt/ros/jazzy/opt/gz_msgs_vendor:/opt/ros/jazzy/opt/gz_common_vendor:/opt/ros/jazzy/opt/gz_math_vendor:/opt/ros/jazzy/opt/gz_utils_vendor:/opt/ros/jazzy/opt/gz_tools_vendor:/opt/ros/jazzy/opt/gz_ogre_next_vendor:/opt/ros/jazzy/opt/gz_dartsim_vendor:/opt/ros/jazzy/opt/gz_cmake_vendor:/opt/ros/jazzy GAZEBO_MODEL_PATH=/home/ugv/Desktop/OperationTouchdown/ugv_ws/install/depthai_descriptions:${GAZEBO_MODEL_PATH} GAZEBO_RESOURCE_PATH=/home/ugv/Desktop/OperationTouchdown/ugv_ws/install/depthai_descriptions:${GAZEBO_RESOURCE_PATH} IGN_GAZEBO_MODEL_PATH=/home/ugv/Desktop/OperationTouchdown/ugv_ws/install/depthai_descriptions:${IGN_GAZEBO_MODEL_PATH} IGN_GAZEBO_RESOURCE_PATH=/home/ugv/Desktop/OperationTouchdown/ugv_ws/install/depthai_descriptions:${IGN_GAZEBO_RESOURCE_PATH} LD_LIBRARY_PATH=/home/ugv/Desktop/OperationTouchdown/ugv_ws/install/depthai_bridge/lib:/home/ugv/Desktop/OperationTouchdown/ugv_ws/install/depthai_ros_msgs/lib:${LD_LIBRARY_PATH} PYTHONPATH=/home/ugv/Desktop/OperationTouchdown/ugv_ws/install/depthai_ros_msgs/lib/python3.12/site-packages:${PYTHONPATH} /usr/bin/cmake --build /home/ugv/Desktop/OperationTouchdown/ugv_ws/build/depthai_examples -- -j4 -l4
[2.387s] DEBUG:colcon.colcon_core.event_handler.log_command:Invoked command in '/home/ugv/Desktop/OperationTouchdown/ugv_ws/build/depthai_examples' returned '0': AMENT_PREFIX_PATH=/home/ugv/Desktop/OperationTouchdown/ugv_ws/install/depthai_bridge:/home/ugv/Desktop/OperationTouchdown/ugv_ws/install/depthai_ros_msgs:/home/ugv/Desktop/OperationTouchdown/ugv_ws/install/depthai_descriptions:${AMENT_PREFIX_PATH} CMAKE_PREFIX_PATH=/home/ugv/Desktop/OperationTouchdown/ugv_ws/install/depthai_bridge:/home/ugv/Desktop/OperationTouchdown/ugv_ws/install/depthai_ros_msgs:/home/ugv/Desktop/OperationTouchdown/ugv_ws/install/depthai_descriptions:/opt/ros/jazzy/opt/gz_sim_vendor:/opt/ros/jazzy/opt/gz_sensors_vendor:/opt/ros/jazzy/opt/gz_physics_vendor:/opt/ros/jazzy/opt/sdformat_vendor:/opt/ros/jazzy/opt/gz_gui_vendor:/opt/ros/jazzy/opt/gz_transport_vendor:/opt/ros/jazzy/opt/gz_rendering_vendor:/opt/ros/jazzy/opt/gz_plugin_vendor:/opt/ros/jazzy/opt/gz_fuel_tools_vendor:/opt/ros/jazzy/opt/gz_msgs_vendor:/opt/ros/jazzy/opt/gz_common_vendor:/opt/ros/jazzy/opt/gz_math_vendor:/opt/ros/jazzy/opt/gz_utils_vendor:/opt/ros/jazzy/opt/gz_tools_vendor:/opt/ros/jazzy/opt/gz_ogre_next_vendor:/opt/ros/jazzy/opt/gz_dartsim_vendor:/opt/ros/jazzy/opt/gz_cmake_vendor:/opt/ros/jazzy GAZEBO_MODEL_PATH=/home/ugv/Desktop/OperationTouchdown/ugv_ws/install/depthai_descriptions:${GAZEBO_MODEL_PATH} GAZEBO_RESOURCE_PATH=/home/ugv/Desktop/OperationTouchdown/ugv_ws/install/depthai_descriptions:${GAZEBO_RESOURCE_PATH} IGN_GAZEBO_MODEL_PATH=/home/ugv/Desktop/OperationTouchdown/ugv_ws/install/depthai_descriptions:${IGN_GAZEBO_MODEL_PATH} IGN_GAZEBO_RESOURCE_PATH=/home/ugv/Desktop/OperationTouchdown/ugv_ws/install/depthai_descriptions:${IGN_GAZEBO_RESOURCE_PATH} LD_LIBRARY_PATH=/home/ugv/Desktop/OperationTouchdown/ugv_ws/install/depthai_bridge/lib:/home/ugv/Desktop/OperationTouchdown/ugv_ws/install/depthai_ros_msgs/lib:${LD_LIBRARY_PATH} PYTHONPATH=/home/ugv/Desktop/OperationTouchdown/ugv_ws/install/depthai_ros_msgs/lib/python3.12/site-packages:${PYTHONPATH} /usr/bin/cmake --build /home/ugv/Desktop/OperationTouchdown/ugv_ws/build/depthai_examples -- -j4 -l4
[2.387s] DEBUG:colcon.colcon_core.event_handler.log_command:Invoking command in '/home/ugv/Desktop/OperationTouchdown/ugv_ws/build/depthai_examples': AMENT_PREFIX_PATH=/home/ugv/Desktop/OperationTouchdown/ugv_ws/install/depthai_bridge:/home/ugv/Desktop/OperationTouchdown/ugv_ws/install/depthai_ros_msgs:/home/ugv/Desktop/OperationTouchdown/ugv_ws/install/depthai_descriptions:${AMENT_PREFIX_PATH} CMAKE_PREFIX_PATH=/home/ugv/Desktop/OperationTouchdown/ugv_ws/install/depthai_bridge:/home/ugv/Desktop/OperationTouchdown/ugv_ws/install/depthai_ros_msgs:/home/ugv/Desktop/OperationTouchdown/ugv_ws/install/depthai_descriptions:/opt/ros/jazzy/opt/gz_sim_vendor:/opt/ros/jazzy/opt/gz_sensors_vendor:/opt/ros/jazzy/opt/gz_physics_vendor:/opt/ros/jazzy/opt/sdformat_vendor:/opt/ros/jazzy/opt/gz_gui_vendor:/opt/ros/jazzy/opt/gz_transport_vendor:/opt/ros/jazzy/opt/gz_rendering_vendor:/opt/ros/jazzy/opt/gz_plugin_vendor:/opt/ros/jazzy/opt/gz_fuel_tools_vendor:/opt/ros/jazzy/opt/gz_msgs_vendor:/opt/ros/jazzy/opt/gz_common_vendor:/opt/ros/jazzy/opt/gz_math_vendor:/opt/ros/jazzy/opt/gz_utils_vendor:/opt/ros/jazzy/opt/gz_tools_vendor:/opt/ros/jazzy/opt/gz_ogre_next_vendor:/opt/ros/jazzy/opt/gz_dartsim_vendor:/opt/ros/jazzy/opt/gz_cmake_vendor:/opt/ros/jazzy GAZEBO_MODEL_PATH=/home/ugv/Desktop/OperationTouchdown/ugv_ws/install/depthai_descriptions:${GAZEBO_MODEL_PATH} GAZEBO_RESOURCE_PATH=/home/ugv/Desktop/OperationTouchdown/ugv_ws/install/depthai_descriptions:${GAZEBO_RESOURCE_PATH} IGN_GAZEBO_MODEL_PATH=/home/ugv/Desktop/OperationTouchdown/ugv_ws/install/depthai_descriptions:${IGN_GAZEBO_MODEL_PATH} IGN_GAZEBO_RESOURCE_PATH=/home/ugv/Desktop/OperationTouchdown/ugv_ws/install/depthai_descriptions:${IGN_GAZEBO_RESOURCE_PATH} LD_LIBRARY_PATH=/home/ugv/Desktop/OperationTouchdown/ugv_ws/install/depthai_bridge/lib:/home/ugv/Desktop/OperationTouchdown/ugv_ws/install/depthai_ros_msgs/lib:${LD_LIBRARY_PATH} PYTHONPATH=/home/ugv/Desktop/OperationTouchdown/ugv_ws/install/depthai_ros_msgs/lib/python3.12/site-packages:${PYTHONPATH} /usr/bin/cmake --install /home/ugv/Desktop/OperationTouchdown/ugv_ws/build/depthai_examples
[2.442s] Level 1:colcon.colcon_core.environment:create_environment_scripts_only(depthai_examples)
[2.442s] Level 1:colcon.colcon_core.environment:checking '/home/ugv/Desktop/OperationTouchdown/ugv_ws/install/depthai_examples' for CMake module files
[2.443s] DEBUG:colcon.colcon_core.event_handler.log_command:Invoked command in '/home/ugv/Desktop/OperationTouchdown/ugv_ws/build/depthai_examples' returned '0': AMENT_PREFIX_PATH=/home/ugv/Desktop/OperationTouchdown/ugv_ws/install/depthai_bridge:/home/ugv/Desktop/OperationTouchdown/ugv_ws/install/depthai_ros_msgs:/home/ugv/Desktop/OperationTouchdown/ugv_ws/install/depthai_descriptions:${AMENT_PREFIX_PATH} CMAKE_PREFIX_PATH=/home/ugv/Desktop/OperationTouchdown/ugv_ws/install/depthai_bridge:/home/ugv/Desktop/OperationTouchdown/ugv_ws/install/depthai_ros_msgs:/home/ugv/Desktop/OperationTouchdown/ugv_ws/install/depthai_descriptions:/opt/ros/jazzy/opt/gz_sim_vendor:/opt/ros/jazzy/opt/gz_sensors_vendor:/opt/ros/jazzy/opt/gz_physics_vendor:/opt/ros/jazzy/opt/sdformat_vendor:/opt/ros/jazzy/opt/gz_gui_vendor:/opt/ros/jazzy/opt/gz_transport_vendor:/opt/ros/jazzy/opt/gz_rendering_vendor:/opt/ros/jazzy/opt/gz_plugin_vendor:/opt/ros/jazzy/opt/gz_fuel_tools_vendor:/opt/ros/jazzy/opt/gz_msgs_vendor:/opt/ros/jazzy/opt/gz_common_vendor:/opt/ros/jazzy/opt/gz_math_vendor:/opt/ros/jazzy/opt/gz_utils_vendor:/opt/ros/jazzy/opt/gz_tools_vendor:/opt/ros/jazzy/opt/gz_ogre_next_vendor:/opt/ros/jazzy/opt/gz_dartsim_vendor:/opt/ros/jazzy/opt/gz_cmake_vendor:/opt/ros/jazzy GAZEBO_MODEL_PATH=/home/ugv/Desktop/OperationTouchdown/ugv_ws/install/depthai_descriptions:${GAZEBO_MODEL_PATH} GAZEBO_RESOURCE_PATH=/home/ugv/Desktop/OperationTouchdown/ugv_ws/install/depthai_descriptions:${GAZEBO_RESOURCE_PATH} IGN_GAZEBO_MODEL_PATH=/home/ugv/Desktop/OperationTouchdown/ugv_ws/install/depthai_descriptions:${IGN_GAZEBO_MODEL_PATH} IGN_GAZEBO_RESOURCE_PATH=/home/ugv/Desktop/OperationTouchdown/ugv_ws/install/depthai_descriptions:${IGN_GAZEBO_RESOURCE_PATH} LD_LIBRARY_PATH=/home/ugv/Desktop/OperationTouchdown/ugv_ws/install/depthai_bridge/lib:/home/ugv/Desktop/OperationTouchdown/ugv_ws/install/depthai_ros_msgs/lib:${LD_LIBRARY_PATH} PYTHONPATH=/home/ugv/Desktop/OperationTouchdown/ugv_ws/install/depthai_ros_msgs/lib/python3.12/site-packages:${PYTHONPATH} /usr/bin/cmake --install /home/ugv/Desktop/OperationTouchdown/ugv_ws/build/depthai_examples
[2.444s] Level 1:colcon.colcon_core.environment:checking '/home/ugv/Desktop/OperationTouchdown/ugv_ws/install/depthai_examples' for CMake config files
[2.445s] Level 1:colcon.colcon_core.shell:create_environment_hook('depthai_examples', 'cmake_prefix_path')
[2.445s] INFO:colcon.colcon_core.shell:Creating environment hook '/home/ugv/Desktop/OperationTouchdown/ugv_ws/install/depthai_examples/share/depthai_examples/hook/cmake_prefix_path.ps1'
[2.446s] INFO:colcon.colcon_core.shell:Creating environment descriptor '/home/ugv/Desktop/OperationTouchdown/ugv_ws/install/depthai_examples/share/depthai_examples/hook/cmake_prefix_path.dsv'
[2.447s] INFO:colcon.colcon_core.shell:Creating environment hook '/home/ugv/Desktop/OperationTouchdown/ugv_ws/install/depthai_examples/share/depthai_examples/hook/cmake_prefix_path.sh'
[2.448s] Level 1:colcon.colcon_core.environment:checking '/home/ugv/Desktop/OperationTouchdown/ugv_ws/install/depthai_examples/lib'
[2.448s] Level 1:colcon.colcon_core.environment:checking '/home/ugv/Desktop/OperationTouchdown/ugv_ws/install/depthai_examples/bin'
[2.448s] Level 1:colcon.colcon_core.environment:checking '/home/ugv/Desktop/OperationTouchdown/ugv_ws/install/depthai_examples/lib/pkgconfig/depthai_examples.pc'
[2.448s] Level 1:colcon.colcon_core.environment:checking '/home/ugv/Desktop/OperationTouchdown/ugv_ws/install/depthai_examples/lib/python3.12/site-packages'
[2.449s] Level 1:colcon.colcon_core.environment:checking '/home/ugv/Desktop/OperationTouchdown/ugv_ws/install/depthai_examples/bin'
[2.449s] INFO:colcon.colcon_core.shell:Creating package script '/home/ugv/Desktop/OperationTouchdown/ugv_ws/install/depthai_examples/share/depthai_examples/package.ps1'
[2.451s] INFO:colcon.colcon_core.shell:Creating package descriptor '/home/ugv/Desktop/OperationTouchdown/ugv_ws/install/depthai_examples/share/depthai_examples/package.dsv'
[2.451s] INFO:colcon.colcon_core.shell:Creating package script '/home/ugv/Desktop/OperationTouchdown/ugv_ws/install/depthai_examples/share/depthai_examples/package.sh'
[2.452s] INFO:colcon.colcon_core.shell:Creating package script '/home/ugv/Desktop/OperationTouchdown/ugv_ws/install/depthai_examples/share/depthai_examples/package.bash'
[2.453s] INFO:colcon.colcon_core.shell:Creating package script '/home/ugv/Desktop/OperationTouchdown/ugv_ws/install/depthai_examples/share/depthai_examples/package.zsh'
[2.453s] Level 1:colcon.colcon_core.environment:create_file_with_runtime_dependencies(/home/ugv/Desktop/OperationTouchdown/ugv_ws/install/depthai_examples/share/colcon-core/packages/depthai_examples)
[2.455s] Level 1:colcon.colcon_core.environment:create_environment_scripts_only(depthai_examples)
[2.455s] Level 1:colcon.colcon_core.environment:checking '/home/ugv/Desktop/OperationTouchdown/ugv_ws/install/depthai_examples' for CMake module files
[2.456s] Level 1:colcon.colcon_core.environment:checking '/home/ugv/Desktop/OperationTouchdown/ugv_ws/install/depthai_examples' for CMake config files
[2.456s] Level 1:colcon.colcon_core.shell:create_environment_hook('depthai_examples', 'cmake_prefix_path')
[2.457s] INFO:colcon.colcon_core.shell:Creating environment hook '/home/ugv/Desktop/OperationTouchdown/ugv_ws/install/depthai_examples/share/depthai_examples/hook/cmake_prefix_path.ps1'
[2.458s] INFO:colcon.colcon_core.shell:Creating environment descriptor '/home/ugv/Desktop/OperationTouchdown/ugv_ws/install/depthai_examples/share/depthai_examples/hook/cmake_prefix_path.dsv'
[2.458s] INFO:colcon.colcon_core.shell:Creating environment hook '/home/ugv/Desktop/OperationTouchdown/ugv_ws/install/depthai_examples/share/depthai_examples/hook/cmake_prefix_path.sh'
[2.459s] Level 1:colcon.colcon_core.environment:checking '/home/ugv/Desktop/OperationTouchdown/ugv_ws/install/depthai_examples/lib'
[2.459s] Level 1:colcon.colcon_core.environment:checking '/home/ugv/Desktop/OperationTouchdown/ugv_ws/install/depthai_examples/bin'
[2.460s] Level 1:colcon.colcon_core.environment:checking '/home/ugv/Desktop/OperationTouchdown/ugv_ws/install/depthai_examples/lib/pkgconfig/depthai_examples.pc'
[2.460s] Level 1:colcon.colcon_core.environment:checking '/home/ugv/Desktop/OperationTouchdown/ugv_ws/install/depthai_examples/lib/python3.12/site-packages'
[2.460s] Level 1:colcon.colcon_core.environment:checking '/home/ugv/Desktop/OperationTouchdown/ugv_ws/install/depthai_examples/bin'
[2.461s] INFO:colcon.colcon_core.shell:Creating package script '/home/ugv/Desktop/OperationTouchdown/ugv_ws/install/depthai_examples/share/depthai_examples/package.ps1'
[2.462s] INFO:colcon.colcon_core.shell:Creating package descriptor '/home/ugv/Desktop/OperationTouchdown/ugv_ws/install/depthai_examples/share/depthai_examples/package.dsv'
[2.463s] INFO:colcon.colcon_core.shell:Creating package script '/home/ugv/Desktop/OperationTouchdown/ugv_ws/install/depthai_examples/share/depthai_examples/package.sh'
[2.464s] INFO:colcon.colcon_core.shell:Creating package script '/home/ugv/Desktop/OperationTouchdown/ugv_ws/install/depthai_examples/share/depthai_examples/package.bash'
[2.465s] INFO:colcon.colcon_core.shell:Creating package script '/home/ugv/Desktop/OperationTouchdown/ugv_ws/install/depthai_examples/share/depthai_examples/package.zsh'
[2.465s] Level 1:colcon.colcon_core.environment:create_file_with_runtime_dependencies(/home/ugv/Desktop/OperationTouchdown/ugv_ws/install/depthai_examples/share/colcon-core/packages/depthai_examples)
[2.466s] INFO:colcon.colcon_ros.task.ament_cmake.build:Building ROS package in '/home/ugv/Desktop/OperationTouchdown/ugv_ws/src/depthai-ros/depthai_ros_driver' with build type 'ament_cmake'
[2.466s] INFO:colcon.colcon_cmake.task.cmake.build:Building CMake package in '/home/ugv/Desktop/OperationTouchdown/ugv_ws/src/depthai-ros/depthai_ros_driver'
[2.467s] INFO:colcon.colcon_core.shell:Skip shell extension 'powershell' for command environment: Not usable outside of PowerShell
[2.467s] DEBUG:colcon.colcon_core.shell:Skip shell extension 'dsv' for command environment
[2.490s] DEBUG:colcon.colcon_core.event_handler.log_command:Invoking command in '/home/ugv/Desktop/OperationTouchdown/ugv_ws/build/depthai_ros_driver': AMENT_PREFIX_PATH=/home/ugv/Desktop/OperationTouchdown/ugv_ws/install/depthai_examples:/home/ugv/Desktop/OperationTouchdown/ugv_ws/install/depthai_bridge:/home/ugv/Desktop/OperationTouchdown/ugv_ws/install/depthai_ros_msgs:/home/ugv/Desktop/OperationTouchdown/ugv_ws/install/depthai_descriptions:${AMENT_PREFIX_PATH} CMAKE_PREFIX_PATH=/home/ugv/Desktop/OperationTouchdown/ugv_ws/install/depthai_examples:/home/ugv/Desktop/OperationTouchdown/ugv_ws/install/depthai_bridge:/home/ugv/Desktop/OperationTouchdown/ugv_ws/install/depthai_ros_msgs:/home/ugv/Desktop/OperationTouchdown/ugv_ws/install/depthai_descriptions:/opt/ros/jazzy/opt/gz_sim_vendor:/opt/ros/jazzy/opt/gz_sensors_vendor:/opt/ros/jazzy/opt/gz_physics_vendor:/opt/ros/jazzy/opt/sdformat_vendor:/opt/ros/jazzy/opt/gz_gui_vendor:/opt/ros/jazzy/opt/gz_transport_vendor:/opt/ros/jazzy/opt/gz_rendering_vendor:/opt/ros/jazzy/opt/gz_plugin_vendor:/opt/ros/jazzy/opt/gz_fuel_tools_vendor:/opt/ros/jazzy/opt/gz_msgs_vendor:/opt/ros/jazzy/opt/gz_common_vendor:/opt/ros/jazzy/opt/gz_math_vendor:/opt/ros/jazzy/opt/gz_utils_vendor:/opt/ros/jazzy/opt/gz_tools_vendor:/opt/ros/jazzy/opt/gz_ogre_next_vendor:/opt/ros/jazzy/opt/gz_dartsim_vendor:/opt/ros/jazzy/opt/gz_cmake_vendor:/opt/ros/jazzy GAZEBO_MODEL_PATH=/home/ugv/Desktop/OperationTouchdown/ugv_ws/install/depthai_descriptions:${GAZEBO_MODEL_PATH} GAZEBO_RESOURCE_PATH=/home/ugv/Desktop/OperationTouchdown/ugv_ws/install/depthai_descriptions:${GAZEBO_RESOURCE_PATH} IGN_GAZEBO_MODEL_PATH=/home/ugv/Desktop/OperationTouchdown/ugv_ws/install/depthai_descriptions:${IGN_GAZEBO_MODEL_PATH} IGN_GAZEBO_RESOURCE_PATH=/home/ugv/Desktop/OperationTouchdown/ugv_ws/install/depthai_descriptions:${IGN_GAZEBO_RESOURCE_PATH} LD_LIBRARY_PATH=/home/ugv/Desktop/OperationTouchdown/ugv_ws/install/depthai_bridge/lib:/home/ugv/Desktop/OperationTouchdown/ugv_ws/install/depthai_ros_msgs/lib:${LD_LIBRARY_PATH} PYTHONPATH=/home/ugv/Desktop/OperationTouchdown/ugv_ws/install/depthai_ros_msgs/lib/python3.12/site-packages:${PYTHONPATH} /usr/bin/cmake --build /home/ugv/Desktop/OperationTouchdown/ugv_ws/build/depthai_ros_driver -- -j4 -l4
[2.551s] DEBUG:colcon.colcon_core.event_handler.log_command:Invoking command in '/home/ugv/Desktop/OperationTouchdown/ugv_ws/build/my_ugv_hardware': PYTHONPATH=/home/ugv/Desktop/OperationTouchdown/ugv_ws/build/my_ugv_hardware/prefix_override:/usr/lib/python3/dist-packages/colcon_core/task/python/colcon_distutils_commands:/home/ugv/Desktop/OperationTouchdown/ugv_ws/install/my_ugv_hardware/lib/python3.12/site-packages:${PYTHONPATH} /usr/bin/python3 -W ignore:setup.py install is deprecated -W ignore:easy_install command is deprecated setup.py develop --editable --build-directory /home/ugv/Desktop/OperationTouchdown/ugv_ws/build/my_ugv_hardware/build --no-deps symlink_data
[3.208s] DEBUG:colcon.colcon_core.event_handler.log_command:Invoked command in '/home/ugv/Desktop/OperationTouchdown/ugv_ws/build/depthai_ros_driver' returned '0': AMENT_PREFIX_PATH=/home/ugv/Desktop/OperationTouchdown/ugv_ws/install/depthai_examples:/home/ugv/Desktop/OperationTouchdown/ugv_ws/install/depthai_bridge:/home/ugv/Desktop/OperationTouchdown/ugv_ws/install/depthai_ros_msgs:/home/ugv/Desktop/OperationTouchdown/ugv_ws/install/depthai_descriptions:${AMENT_PREFIX_PATH} CMAKE_PREFIX_PATH=/home/ugv/Desktop/OperationTouchdown/ugv_ws/install/depthai_examples:/home/ugv/Desktop/OperationTouchdown/ugv_ws/install/depthai_bridge:/home/ugv/Desktop/OperationTouchdown/ugv_ws/install/depthai_ros_msgs:/home/ugv/Desktop/OperationTouchdown/ugv_ws/install/depthai_descriptions:/opt/ros/jazzy/opt/gz_sim_vendor:/opt/ros/jazzy/opt/gz_sensors_vendor:/opt/ros/jazzy/opt/gz_physics_vendor:/opt/ros/jazzy/opt/sdformat_vendor:/opt/ros/jazzy/opt/gz_gui_vendor:/opt/ros/jazzy/opt/gz_transport_vendor:/opt/ros/jazzy/opt/gz_rendering_vendor:/opt/ros/jazzy/opt/gz_plugin_vendor:/opt/ros/jazzy/opt/gz_fuel_tools_vendor:/opt/ros/jazzy/opt/gz_msgs_vendor:/opt/ros/jazzy/opt/gz_common_vendor:/opt/ros/jazzy/opt/gz_math_vendor:/opt/ros/jazzy/opt/gz_utils_vendor:/opt/ros/jazzy/opt/gz_tools_vendor:/opt/ros/jazzy/opt/gz_ogre_next_vendor:/opt/ros/jazzy/opt/gz_dartsim_vendor:/opt/ros/jazzy/opt/gz_cmake_vendor:/opt/ros/jazzy GAZEBO_MODEL_PATH=/home/ugv/Desktop/OperationTouchdown/ugv_ws/install/depthai_descriptions:${GAZEBO_MODEL_PATH} GAZEBO_RESOURCE_PATH=/home/ugv/Desktop/OperationTouchdown/ugv_ws/install/depthai_descriptions:${GAZEBO_RESOURCE_PATH} IGN_GAZEBO_MODEL_PATH=/home/ugv/Desktop/OperationTouchdown/ugv_ws/install/depthai_descriptions:${IGN_GAZEBO_MODEL_PATH} IGN_GAZEBO_RESOURCE_PATH=/home/ugv/Desktop/OperationTouchdown/ugv_ws/install/depthai_descriptions:${IGN_GAZEBO_RESOURCE_PATH} LD_LIBRARY_PATH=/home/ugv/Desktop/OperationTouchdown/ugv_ws/install/depthai_bridge/lib:/home/ugv/Desktop/OperationTouchdown/ugv_ws/install/depthai_ros_msgs/lib:${LD_LIBRARY_PATH} PYTHONPATH=/home/ugv/Desktop/OperationTouchdown/ugv_ws/install/depthai_ros_msgs/lib/python3.12/site-packages:${PYTHONPATH} /usr/bin/cmake --build /home/ugv/Desktop/OperationTouchdown/ugv_ws/build/depthai_ros_driver -- -j4 -l4
[3.209s] DEBUG:colcon.colcon_core.event_handler.log_command:Invoking command in '/home/ugv/Desktop/OperationTouchdown/ugv_ws/build/depthai_ros_driver': AMENT_PREFIX_PATH=/home/ugv/Desktop/OperationTouchdown/ugv_ws/install/depthai_examples:/home/ugv/Desktop/OperationTouchdown/ugv_ws/install/depthai_bridge:/home/ugv/Desktop/OperationTouchdown/ugv_ws/install/depthai_ros_msgs:/home/ugv/Desktop/OperationTouchdown/ugv_ws/install/depthai_descriptions:${AMENT_PREFIX_PATH} CMAKE_PREFIX_PATH=/home/ugv/Desktop/OperationTouchdown/ugv_ws/install/depthai_examples:/home/ugv/Desktop/OperationTouchdown/ugv_ws/install/depthai_bridge:/home/ugv/Desktop/OperationTouchdown/ugv_ws/install/depthai_ros_msgs:/home/ugv/Desktop/OperationTouchdown/ugv_ws/install/depthai_descriptions:/opt/ros/jazzy/opt/gz_sim_vendor:/opt/ros/jazzy/opt/gz_sensors_vendor:/opt/ros/jazzy/opt/gz_physics_vendor:/opt/ros/jazzy/opt/sdformat_vendor:/opt/ros/jazzy/opt/gz_gui_vendor:/opt/ros/jazzy/opt/gz_transport_vendor:/opt/ros/jazzy/opt/gz_rendering_vendor:/opt/ros/jazzy/opt/gz_plugin_vendor:/opt/ros/jazzy/opt/gz_fuel_tools_vendor:/opt/ros/jazzy/opt/gz_msgs_vendor:/opt/ros/jazzy/opt/gz_common_vendor:/opt/ros/jazzy/opt/gz_math_vendor:/opt/ros/jazzy/opt/gz_utils_vendor:/opt/ros/jazzy/opt/gz_tools_vendor:/opt/ros/jazzy/opt/gz_ogre_next_vendor:/opt/ros/jazzy/opt/gz_dartsim_vendor:/opt/ros/jazzy/opt/gz_cmake_vendor:/opt/ros/jazzy GAZEBO_MODEL_PATH=/home/ugv/Desktop/OperationTouchdown/ugv_ws/install/depthai_descriptions:${GAZEBO_MODEL_PATH} GAZEBO_RESOURCE_PATH=/home/ugv/Desktop/OperationTouchdown/ugv_ws/install/depthai_descriptions:${GAZEBO_RESOURCE_PATH} IGN_GAZEBO_MODEL_PATH=/home/ugv/Desktop/OperationTouchdown/ugv_ws/install/depthai_descriptions:${IGN_GAZEBO_MODEL_PATH} IGN_GAZEBO_RESOURCE_PATH=/home/ugv/Desktop/OperationTouchdown/ugv_ws/install/depthai_descriptions:${IGN_GAZEBO_RESOURCE_PATH} LD_LIBRARY_PATH=/home/ugv/Desktop/OperationTouchdown/ugv_ws/install/depthai_bridge/lib:/home/ugv/Desktop/OperationTouchdown/ugv_ws/install/depthai_ros_msgs/lib:${LD_LIBRARY_PATH} PYTHONPATH=/home/ugv/Desktop/OperationTouchdown/ugv_ws/install/depthai_ros_msgs/lib/python3.12/site-packages:${PYTHONPATH} /usr/bin/cmake --install /home/ugv/Desktop/OperationTouchdown/ugv_ws/build/depthai_ros_driver
[3.339s] Level 1:colcon.colcon_core.environment:create_environment_scripts_only(depthai_ros_driver)
[3.339s] Level 1:colcon.colcon_core.environment:checking '/home/ugv/Desktop/OperationTouchdown/ugv_ws/install/depthai_ros_driver' for CMake module files
[3.340s] DEBUG:colcon.colcon_core.event_handler.log_command:Invoked command in '/home/ugv/Desktop/OperationTouchdown/ugv_ws/build/depthai_ros_driver' returned '0': AMENT_PREFIX_PATH=/home/ugv/Desktop/OperationTouchdown/ugv_ws/install/depthai_examples:/home/ugv/Desktop/OperationTouchdown/ugv_ws/install/depthai_bridge:/home/ugv/Desktop/OperationTouchdown/ugv_ws/install/depthai_ros_msgs:/home/ugv/Desktop/OperationTouchdown/ugv_ws/install/depthai_descriptions:${AMENT_PREFIX_PATH} CMAKE_PREFIX_PATH=/home/ugv/Desktop/OperationTouchdown/ugv_ws/install/depthai_examples:/home/ugv/Desktop/OperationTouchdown/ugv_ws/install/depthai_bridge:/home/ugv/Desktop/OperationTouchdown/ugv_ws/install/depthai_ros_msgs:/home/ugv/Desktop/OperationTouchdown/ugv_ws/install/depthai_descriptions:/opt/ros/jazzy/opt/gz_sim_vendor:/opt/ros/jazzy/opt/gz_sensors_vendor:/opt/ros/jazzy/opt/gz_physics_vendor:/opt/ros/jazzy/opt/sdformat_vendor:/opt/ros/jazzy/opt/gz_gui_vendor:/opt/ros/jazzy/opt/gz_transport_vendor:/opt/ros/jazzy/opt/gz_rendering_vendor:/opt/ros/jazzy/opt/gz_plugin_vendor:/opt/ros/jazzy/opt/gz_fuel_tools_vendor:/opt/ros/jazzy/opt/gz_msgs_vendor:/opt/ros/jazzy/opt/gz_common_vendor:/opt/ros/jazzy/opt/gz_math_vendor:/opt/ros/jazzy/opt/gz_utils_vendor:/opt/ros/jazzy/opt/gz_tools_vendor:/opt/ros/jazzy/opt/gz_ogre_next_vendor:/opt/ros/jazzy/opt/gz_dartsim_vendor:/opt/ros/jazzy/opt/gz_cmake_vendor:/opt/ros/jazzy GAZEBO_MODEL_PATH=/home/ugv/Desktop/OperationTouchdown/ugv_ws/install/depthai_descriptions:${GAZEBO_MODEL_PATH} GAZEBO_RESOURCE_PATH=/home/ugv/Desktop/OperationTouchdown/ugv_ws/install/depthai_descriptions:${GAZEBO_RESOURCE_PATH} IGN_GAZEBO_MODEL_PATH=/home/ugv/Desktop/OperationTouchdown/ugv_ws/install/depthai_descriptions:${IGN_GAZEBO_MODEL_PATH} IGN_GAZEBO_RESOURCE_PATH=/home/ugv/Desktop/OperationTouchdown/ugv_ws/install/depthai_descriptions:${IGN_GAZEBO_RESOURCE_PATH} LD_LIBRARY_PATH=/home/ugv/Desktop/OperationTouchdown/ugv_ws/install/depthai_bridge/lib:/home/ugv/Desktop/OperationTouchdown/ugv_ws/install/depthai_ros_msgs/lib:${LD_LIBRARY_PATH} PYTHONPATH=/home/ugv/Desktop/OperationTouchdown/ugv_ws/install/depthai_ros_msgs/lib/python3.12/site-packages:${PYTHONPATH} /usr/bin/cmake --install /home/ugv/Desktop/OperationTouchdown/ugv_ws/build/depthai_ros_driver
[3.341s] Level 1:colcon.colcon_core.environment:checking '/home/ugv/Desktop/OperationTouchdown/ugv_ws/install/depthai_ros_driver' for CMake config files
[3.342s] Level 1:colcon.colcon_core.shell:create_environment_hook('depthai_ros_driver', 'cmake_prefix_path')
[3.342s] INFO:colcon.colcon_core.shell:Creating environment hook '/home/ugv/Desktop/OperationTouchdown/ugv_ws/install/depthai_ros_driver/share/depthai_ros_driver/hook/cmake_prefix_path.ps1'
[3.343s] INFO:colcon.colcon_core.shell:Creating environment descriptor '/home/ugv/Desktop/OperationTouchdown/ugv_ws/install/depthai_ros_driver/share/depthai_ros_driver/hook/cmake_prefix_path.dsv'
[3.343s] INFO:colcon.colcon_core.shell:Creating environment hook '/home/ugv/Desktop/OperationTouchdown/ugv_ws/install/depthai_ros_driver/share/depthai_ros_driver/hook/cmake_prefix_path.sh'
[3.344s] Level 1:colcon.colcon_core.environment:checking '/home/ugv/Desktop/OperationTouchdown/ugv_ws/install/depthai_ros_driver/lib'
[3.344s] Level 1:colcon.colcon_core.shell:create_environment_hook('depthai_ros_driver', 'ld_library_path_lib')
[3.344s] INFO:colcon.colcon_core.shell:Creating environment hook '/home/ugv/Desktop/OperationTouchdown/ugv_ws/install/depthai_ros_driver/share/depthai_ros_driver/hook/ld_library_path_lib.ps1'
[3.345s] INFO:colcon.colcon_core.shell:Creating environment descriptor '/home/ugv/Desktop/OperationTouchdown/ugv_ws/install/depthai_ros_driver/share/depthai_ros_driver/hook/ld_library_path_lib.dsv'
[3.345s] INFO:colcon.colcon_core.shell:Creating environment hook '/home/ugv/Desktop/OperationTouchdown/ugv_ws/install/depthai_ros_driver/share/depthai_ros_driver/hook/ld_library_path_lib.sh'
[3.346s] Level 1:colcon.colcon_core.environment:checking '/home/ugv/Desktop/OperationTouchdown/ugv_ws/install/depthai_ros_driver/bin'
[3.346s] Level 1:colcon.colcon_core.environment:checking '/home/ugv/Desktop/OperationTouchdown/ugv_ws/install/depthai_ros_driver/lib/pkgconfig/depthai_ros_driver.pc'
[3.347s] Level 1:colcon.colcon_core.environment:checking '/home/ugv/Desktop/OperationTouchdown/ugv_ws/install/depthai_ros_driver/lib/python3.12/site-packages'
[3.347s] Level 1:colcon.colcon_core.shell:create_environment_hook('depthai_ros_driver', 'pythonpath')
[3.347s] INFO:colcon.colcon_core.shell:Creating environment hook '/home/ugv/Desktop/OperationTouchdown/ugv_ws/install/depthai_ros_driver/share/depthai_ros_driver/hook/pythonpath.ps1'
[3.348s] INFO:colcon.colcon_core.shell:Creating environment descriptor '/home/ugv/Desktop/OperationTouchdown/ugv_ws/install/depthai_ros_driver/share/depthai_ros_driver/hook/pythonpath.dsv'
[3.348s] INFO:colcon.colcon_core.shell:Creating environment hook '/home/ugv/Desktop/OperationTouchdown/ugv_ws/install/depthai_ros_driver/share/depthai_ros_driver/hook/pythonpath.sh'
[3.349s] Level 1:colcon.colcon_core.environment:checking '/home/ugv/Desktop/OperationTouchdown/ugv_ws/install/depthai_ros_driver/bin'
[3.350s] INFO:colcon.colcon_core.shell:Creating package script '/home/ugv/Desktop/OperationTouchdown/ugv_ws/install/depthai_ros_driver/share/depthai_ros_driver/package.ps1'
[3.351s] INFO:colcon.colcon_core.shell:Creating package descriptor '/home/ugv/Desktop/OperationTouchdown/ugv_ws/install/depthai_ros_driver/share/depthai_ros_driver/package.dsv'
[3.351s] INFO:colcon.colcon_core.shell:Creating package script '/home/ugv/Desktop/OperationTouchdown/ugv_ws/install/depthai_ros_driver/share/depthai_ros_driver/package.sh'
[3.352s] INFO:colcon.colcon_core.shell:Creating package script '/home/ugv/Desktop/OperationTouchdown/ugv_ws/install/depthai_ros_driver/share/depthai_ros_driver/package.bash'
[3.352s] INFO:colcon.colcon_core.shell:Creating package script '/home/ugv/Desktop/OperationTouchdown/ugv_ws/install/depthai_ros_driver/share/depthai_ros_driver/package.zsh'
[3.353s] Level 1:colcon.colcon_core.environment:create_file_with_runtime_dependencies(/home/ugv/Desktop/OperationTouchdown/ugv_ws/install/depthai_ros_driver/share/colcon-core/packages/depthai_ros_driver)
[3.354s] Level 1:colcon.colcon_core.environment:create_environment_scripts_only(depthai_ros_driver)
[3.354s] Level 1:colcon.colcon_core.environment:checking '/home/ugv/Desktop/OperationTouchdown/ugv_ws/install/depthai_ros_driver' for CMake module files
[3.355s] Level 1:colcon.colcon_core.environment:checking '/home/ugv/Desktop/OperationTouchdown/ugv_ws/install/depthai_ros_driver' for CMake config files
[3.356s] Level 1:colcon.colcon_core.shell:create_environment_hook('depthai_ros_driver', 'cmake_prefix_path')
[3.356s] INFO:colcon.colcon_core.shell:Creating environment hook '/home/ugv/Desktop/OperationTouchdown/ugv_ws/install/depthai_ros_driver/share/depthai_ros_driver/hook/cmake_prefix_path.ps1'
[3.357s] INFO:colcon.colcon_core.shell:Creating environment descriptor '/home/ugv/Desktop/OperationTouchdown/ugv_ws/install/depthai_ros_driver/share/depthai_ros_driver/hook/cmake_prefix_path.dsv'
[3.357s] INFO:colcon.colcon_core.shell:Creating environment hook '/home/ugv/Desktop/OperationTouchdown/ugv_ws/install/depthai_ros_driver/share/depthai_ros_driver/hook/cmake_prefix_path.sh'
[3.358s] Level 1:colcon.colcon_core.environment:checking '/home/ugv/Desktop/OperationTouchdown/ugv_ws/install/depthai_ros_driver/lib'
[3.358s] Level 1:colcon.colcon_core.shell:create_environment_hook('depthai_ros_driver', 'ld_library_path_lib')
[3.359s] INFO:colcon.colcon_core.shell:Creating environment hook '/home/ugv/Desktop/OperationTouchdown/ugv_ws/install/depthai_ros_driver/share/depthai_ros_driver/hook/ld_library_path_lib.ps1'
[3.359s] INFO:colcon.colcon_core.shell:Creating environment descriptor '/home/ugv/Desktop/OperationTouchdown/ugv_ws/install/depthai_ros_driver/share/depthai_ros_driver/hook/ld_library_path_lib.dsv'
[3.360s] INFO:colcon.colcon_core.shell:Creating environment hook '/home/ugv/Desktop/OperationTouchdown/ugv_ws/install/depthai_ros_driver/share/depthai_ros_driver/hook/ld_library_path_lib.sh'
[3.360s] Level 1:colcon.colcon_core.environment:checking '/home/ugv/Desktop/OperationTouchdown/ugv_ws/install/depthai_ros_driver/bin'
[3.360s] Level 1:colcon.colcon_core.environment:checking '/home/ugv/Desktop/OperationTouchdown/ugv_ws/install/depthai_ros_driver/lib/pkgconfig/depthai_ros_driver.pc'
[3.361s] Level 1:colcon.colcon_core.environment:checking '/home/ugv/Desktop/OperationTouchdown/ugv_ws/install/depthai_ros_driver/lib/python3.12/site-packages'
[3.361s] Level 1:colcon.colcon_core.shell:create_environment_hook('depthai_ros_driver', 'pythonpath')
[3.361s] INFO:colcon.colcon_core.shell:Creating environment hook '/home/ugv/Desktop/OperationTouchdown/ugv_ws/install/depthai_ros_driver/share/depthai_ros_driver/hook/pythonpath.ps1'
[3.362s] INFO:colcon.colcon_core.shell:Creating environment descriptor '/home/ugv/Desktop/OperationTouchdown/ugv_ws/install/depthai_ros_driver/share/depthai_ros_driver/hook/pythonpath.dsv'
[3.363s] INFO:colcon.colcon_core.shell:Creating environment hook '/home/ugv/Desktop/OperationTouchdown/ugv_ws/install/depthai_ros_driver/share/depthai_ros_driver/hook/pythonpath.sh'
[3.364s] Level 1:colcon.colcon_core.environment:checking '/home/ugv/Desktop/OperationTouchdown/ugv_ws/install/depthai_ros_driver/bin'
[3.364s] INFO:colcon.colcon_core.shell:Creating package script '/home/ugv/Desktop/OperationTouchdown/ugv_ws/install/depthai_ros_driver/share/depthai_ros_driver/package.ps1'
[3.365s] INFO:colcon.colcon_core.shell:Creating package descriptor '/home/ugv/Desktop/OperationTouchdown/ugv_ws/install/depthai_ros_driver/share/depthai_ros_driver/package.dsv'
[3.366s] INFO:colcon.colcon_core.shell:Creating package script '/home/ugv/Desktop/OperationTouchdown/ugv_ws/install/depthai_ros_driver/share/depthai_ros_driver/package.sh'
[3.366s] INFO:colcon.colcon_core.shell:Creating package script '/home/ugv/Desktop/OperationTouchdown/ugv_ws/install/depthai_ros_driver/share/depthai_ros_driver/package.bash'
[3.367s] INFO:colcon.colcon_core.shell:Creating package script '/home/ugv/Desktop/OperationTouchdown/ugv_ws/install/depthai_ros_driver/share/depthai_ros_driver/package.zsh'
[3.368s] Level 1:colcon.colcon_core.environment:create_file_with_runtime_dependencies(/home/ugv/Desktop/OperationTouchdown/ugv_ws/install/depthai_ros_driver/share/colcon-core/packages/depthai_ros_driver)
[3.369s] INFO:colcon.colcon_ros.task.ament_cmake.build:Building ROS package in '/home/ugv/Desktop/OperationTouchdown/ugv_ws/src/depthai-ros/depthai-ros' with build type 'ament_cmake'
[3.369s] INFO:colcon.colcon_cmake.task.cmake.build:Building CMake package in '/home/ugv/Desktop/OperationTouchdown/ugv_ws/src/depthai-ros/depthai-ros'
[3.370s] INFO:colcon.colcon_core.shell:Skip shell extension 'powershell' for command environment: Not usable outside of PowerShell
[3.370s] DEBUG:colcon.colcon_core.shell:Skip shell extension 'dsv' for command environment
[3.396s] DEBUG:colcon.colcon_core.event_handler.log_command:Invoking command in '/home/ugv/Desktop/OperationTouchdown/ugv_ws/build/depthai-ros': AMENT_PREFIX_PATH=/home/ugv/Desktop/OperationTouchdown/ugv_ws/install/depthai_ros_driver:/home/ugv/Desktop/OperationTouchdown/ugv_ws/install/depthai_examples:/home/ugv/Desktop/OperationTouchdown/ugv_ws/install/depthai_filters:/home/ugv/Desktop/OperationTouchdown/ugv_ws/install/depthai_bridge:/home/ugv/Desktop/OperationTouchdown/ugv_ws/install/depthai_ros_msgs:/home/ugv/Desktop/OperationTouchdown/ugv_ws/install/depthai_descriptions:${AMENT_PREFIX_PATH} CMAKE_PREFIX_PATH=/home/ugv/Desktop/OperationTouchdown/ugv_ws/install/depthai_ros_driver:/home/ugv/Desktop/OperationTouchdown/ugv_ws/install/depthai_examples:/home/ugv/Desktop/OperationTouchdown/ugv_ws/install/depthai_filters:/home/ugv/Desktop/OperationTouchdown/ugv_ws/install/depthai_bridge:/home/ugv/Desktop/OperationTouchdown/ugv_ws/install/depthai_ros_msgs:/home/ugv/Desktop/OperationTouchdown/ugv_ws/install/depthai_descriptions:/opt/ros/jazzy/opt/gz_sim_vendor:/opt/ros/jazzy/opt/gz_sensors_vendor:/opt/ros/jazzy/opt/gz_physics_vendor:/opt/ros/jazzy/opt/sdformat_vendor:/opt/ros/jazzy/opt/gz_gui_vendor:/opt/ros/jazzy/opt/gz_transport_vendor:/opt/ros/jazzy/opt/gz_rendering_vendor:/opt/ros/jazzy/opt/gz_plugin_vendor:/opt/ros/jazzy/opt/gz_fuel_tools_vendor:/opt/ros/jazzy/opt/gz_msgs_vendor:/opt/ros/jazzy/opt/gz_common_vendor:/opt/ros/jazzy/opt/gz_math_vendor:/opt/ros/jazzy/opt/gz_utils_vendor:/opt/ros/jazzy/opt/gz_tools_vendor:/opt/ros/jazzy/opt/gz_ogre_next_vendor:/opt/ros/jazzy/opt/gz_dartsim_vendor:/opt/ros/jazzy/opt/gz_cmake_vendor:/opt/ros/jazzy GAZEBO_MODEL_PATH=/home/ugv/Desktop/OperationTouchdown/ugv_ws/install/depthai_descriptions:${GAZEBO_MODEL_PATH} GAZEBO_RESOURCE_PATH=/home/ugv/Desktop/OperationTouchdown/ugv_ws/install/depthai_descriptions:${GAZEBO_RESOURCE_PATH} IGN_GAZEBO_MODEL_PATH=/home/ugv/Desktop/OperationTouchdown/ugv_ws/install/depthai_descriptions:${IGN_GAZEBO_MODEL_PATH} IGN_GAZEBO_RESOURCE_PATH=/home/ugv/Desktop/OperationTouchdown/ugv_ws/install/depthai_descriptions:${IGN_GAZEBO_RESOURCE_PATH} LD_LIBRARY_PATH=/home/ugv/Desktop/OperationTouchdown/ugv_ws/install/depthai_ros_driver/lib:/home/ugv/Desktop/OperationTouchdown/ugv_ws/install/depthai_filters/lib:/home/ugv/Desktop/OperationTouchdown/ugv_ws/install/depthai_bridge/lib:/home/ugv/Desktop/OperationTouchdown/ugv_ws/install/depthai_ros_msgs/lib:${LD_LIBRARY_PATH} PYTHONPATH=/home/ugv/Desktop/OperationTouchdown/ugv_ws/install/depthai_ros_driver/lib/python3.12/site-packages:/home/ugv/Desktop/OperationTouchdown/ugv_ws/install/depthai_ros_msgs/lib/python3.12/site-packages:${PYTHONPATH} /usr/bin/cmake --build /home/ugv/Desktop/OperationTouchdown/ugv_ws/build/depthai-ros -- -j4 -l4
[3.472s] DEBUG:colcon.colcon_core.event_handler.log_command:Invoked command in '/home/ugv/Desktop/OperationTouchdown/ugv_ws/build/depthai-ros' returned '0': AMENT_PREFIX_PATH=/home/ugv/Desktop/OperationTouchdown/ugv_ws/install/depthai_ros_driver:/home/ugv/Desktop/OperationTouchdown/ugv_ws/install/depthai_examples:/home/ugv/Desktop/OperationTouchdown/ugv_ws/install/depthai_filters:/home/ugv/Desktop/OperationTouchdown/ugv_ws/install/depthai_bridge:/home/ugv/Desktop/OperationTouchdown/ugv_ws/install/depthai_ros_msgs:/home/ugv/Desktop/OperationTouchdown/ugv_ws/install/depthai_descriptions:${AMENT_PREFIX_PATH} CMAKE_PREFIX_PATH=/home/ugv/Desktop/OperationTouchdown/ugv_ws/install/depthai_ros_driver:/home/ugv/Desktop/OperationTouchdown/ugv_ws/install/depthai_examples:/home/ugv/Desktop/OperationTouchdown/ugv_ws/install/depthai_filters:/home/ugv/Desktop/OperationTouchdown/ugv_ws/install/depthai_bridge:/home/ugv/Desktop/OperationTouchdown/ugv_ws/install/depthai_ros_msgs:/home/ugv/Desktop/OperationTouchdown/ugv_ws/install/depthai_descriptions:/opt/ros/jazzy/opt/gz_sim_vendor:/opt/ros/jazzy/opt/gz_sensors_vendor:/opt/ros/jazzy/opt/gz_physics_vendor:/opt/ros/jazzy/opt/sdformat_vendor:/opt/ros/jazzy/opt/gz_gui_vendor:/opt/ros/jazzy/opt/gz_transport_vendor:/opt/ros/jazzy/opt/gz_rendering_vendor:/opt/ros/jazzy/opt/gz_plugin_vendor:/opt/ros/jazzy/opt/gz_fuel_tools_vendor:/opt/ros/jazzy/opt/gz_msgs_vendor:/opt/ros/jazzy/opt/gz_common_vendor:/opt/ros/jazzy/opt/gz_math_vendor:/opt/ros/jazzy/opt/gz_utils_vendor:/opt/ros/jazzy/opt/gz_tools_vendor:/opt/ros/jazzy/opt/gz_ogre_next_vendor:/opt/ros/jazzy/opt/gz_dartsim_vendor:/opt/ros/jazzy/opt/gz_cmake_vendor:/opt/ros/jazzy GAZEBO_MODEL_PATH=/home/ugv/Desktop/OperationTouchdown/ugv_ws/install/depthai_descriptions:${GAZEBO_MODEL_PATH} GAZEBO_RESOURCE_PATH=/home/ugv/Desktop/OperationTouchdown/ugv_ws/install/depthai_descriptions:${GAZEBO_RESOURCE_PATH} IGN_GAZEBO_MODEL_PATH=/home/ugv/Desktop/OperationTouchdown/ugv_ws/install/depthai_descriptions:${IGN_GAZEBO_MODEL_PATH} IGN_GAZEBO_RESOURCE_PATH=/home/ugv/Desktop/OperationTouchdown/ugv_ws/install/depthai_descriptions:${IGN_GAZEBO_RESOURCE_PATH} LD_LIBRARY_PATH=/home/ugv/Desktop/OperationTouchdown/ugv_ws/install/depthai_ros_driver/lib:/home/ugv/Desktop/OperationTouchdown/ugv_ws/install/depthai_filters/lib:/home/ugv/Desktop/OperationTouchdown/ugv_ws/install/depthai_bridge/lib:/home/ugv/Desktop/OperationTouchdown/ugv_ws/install/depthai_ros_msgs/lib:${LD_LIBRARY_PATH} PYTHONPATH=/home/ugv/Desktop/OperationTouchdown/ugv_ws/install/depthai_ros_driver/lib/python3.12/site-packages:/home/ugv/Desktop/OperationTouchdown/ugv_ws/install/depthai_ros_msgs/lib/python3.12/site-packages:${PYTHONPATH} /usr/bin/cmake --build /home/ugv/Desktop/OperationTouchdown/ugv_ws/build/depthai-ros -- -j4 -l4
[3.473s] DEBUG:colcon.colcon_core.event_handler.log_command:Invoking command in '/home/ugv/Desktop/OperationTouchdown/ugv_ws/build/depthai-ros': AMENT_PREFIX_PATH=/home/ugv/Desktop/OperationTouchdown/ugv_ws/install/depthai_ros_driver:/home/ugv/Desktop/OperationTouchdown/ugv_ws/install/depthai_examples:/home/ugv/Desktop/OperationTouchdown/ugv_ws/install/depthai_filters:/home/ugv/Desktop/OperationTouchdown/ugv_ws/install/depthai_bridge:/home/ugv/Desktop/OperationTouchdown/ugv_ws/install/depthai_ros_msgs:/home/ugv/Desktop/OperationTouchdown/ugv_ws/install/depthai_descriptions:${AMENT_PREFIX_PATH} CMAKE_PREFIX_PATH=/home/ugv/Desktop/OperationTouchdown/ugv_ws/install/depthai_ros_driver:/home/ugv/Desktop/OperationTouchdown/ugv_ws/install/depthai_examples:/home/ugv/Desktop/OperationTouchdown/ugv_ws/install/depthai_filters:/home/ugv/Desktop/OperationTouchdown/ugv_ws/install/depthai_bridge:/home/ugv/Desktop/OperationTouchdown/ugv_ws/install/depthai_ros_msgs:/home/ugv/Desktop/OperationTouchdown/ugv_ws/install/depthai_descriptions:/opt/ros/jazzy/opt/gz_sim_vendor:/opt/ros/jazzy/opt/gz_sensors_vendor:/opt/ros/jazzy/opt/gz_physics_vendor:/opt/ros/jazzy/opt/sdformat_vendor:/opt/ros/jazzy/opt/gz_gui_vendor:/opt/ros/jazzy/opt/gz_transport_vendor:/opt/ros/jazzy/opt/gz_rendering_vendor:/opt/ros/jazzy/opt/gz_plugin_vendor:/opt/ros/jazzy/opt/gz_fuel_tools_vendor:/opt/ros/jazzy/opt/gz_msgs_vendor:/opt/ros/jazzy/opt/gz_common_vendor:/opt/ros/jazzy/opt/gz_math_vendor:/opt/ros/jazzy/opt/gz_utils_vendor:/opt/ros/jazzy/opt/gz_tools_vendor:/opt/ros/jazzy/opt/gz_ogre_next_vendor:/opt/ros/jazzy/opt/gz_dartsim_vendor:/opt/ros/jazzy/opt/gz_cmake_vendor:/opt/ros/jazzy GAZEBO_MODEL_PATH=/home/ugv/Desktop/OperationTouchdown/ugv_ws/install/depthai_descriptions:${GAZEBO_MODEL_PATH} GAZEBO_RESOURCE_PATH=/home/ugv/Desktop/OperationTouchdown/ugv_ws/install/depthai_descriptions:${GAZEBO_RESOURCE_PATH} IGN_GAZEBO_MODEL_PATH=/home/ugv/Desktop/OperationTouchdown/ugv_ws/install/depthai_descriptions:${IGN_GAZEBO_MODEL_PATH} IGN_GAZEBO_RESOURCE_PATH=/home/ugv/Desktop/OperationTouchdown/ugv_ws/install/depthai_descriptions:${IGN_GAZEBO_RESOURCE_PATH} LD_LIBRARY_PATH=/home/ugv/Desktop/OperationTouchdown/ugv_ws/install/depthai_ros_driver/lib:/home/ugv/Desktop/OperationTouchdown/ugv_ws/install/depthai_filters/lib:/home/ugv/Desktop/OperationTouchdown/ugv_ws/install/depthai_bridge/lib:/home/ugv/Desktop/OperationTouchdown/ugv_ws/install/depthai_ros_msgs/lib:${LD_LIBRARY_PATH} PYTHONPATH=/home/ugv/Desktop/OperationTouchdown/ugv_ws/install/depthai_ros_driver/lib/python3.12/site-packages:/home/ugv/Desktop/OperationTouchdown/ugv_ws/install/depthai_ros_msgs/lib/python3.12/site-packages:${PYTHONPATH} /usr/bin/cmake --install /home/ugv/Desktop/OperationTouchdown/ugv_ws/build/depthai-ros
[3.515s] Level 1:colcon.colcon_core.environment:create_environment_scripts_only(depthai-ros)
[3.516s] Level 1:colcon.colcon_core.environment:checking '/home/ugv/Desktop/OperationTouchdown/ugv_ws/install/depthai-ros' for CMake module files
[3.516s] DEBUG:colcon.colcon_core.event_handler.log_command:Invoked command in '/home/ugv/Desktop/OperationTouchdown/ugv_ws/build/depthai-ros' returned '0': AMENT_PREFIX_PATH=/home/ugv/Desktop/OperationTouchdown/ugv_ws/install/depthai_ros_driver:/home/ugv/Desktop/OperationTouchdown/ugv_ws/install/depthai_examples:/home/ugv/Desktop/OperationTouchdown/ugv_ws/install/depthai_filters:/home/ugv/Desktop/OperationTouchdown/ugv_ws/install/depthai_bridge:/home/ugv/Desktop/OperationTouchdown/ugv_ws/install/depthai_ros_msgs:/home/ugv/Desktop/OperationTouchdown/ugv_ws/install/depthai_descriptions:${AMENT_PREFIX_PATH} CMAKE_PREFIX_PATH=/home/ugv/Desktop/OperationTouchdown/ugv_ws/install/depthai_ros_driver:/home/ugv/Desktop/OperationTouchdown/ugv_ws/install/depthai_examples:/home/ugv/Desktop/OperationTouchdown/ugv_ws/install/depthai_filters:/home/ugv/Desktop/OperationTouchdown/ugv_ws/install/depthai_bridge:/home/ugv/Desktop/OperationTouchdown/ugv_ws/install/depthai_ros_msgs:/home/ugv/Desktop/OperationTouchdown/ugv_ws/install/depthai_descriptions:/opt/ros/jazzy/opt/gz_sim_vendor:/opt/ros/jazzy/opt/gz_sensors_vendor:/opt/ros/jazzy/opt/gz_physics_vendor:/opt/ros/jazzy/opt/sdformat_vendor:/opt/ros/jazzy/opt/gz_gui_vendor:/opt/ros/jazzy/opt/gz_transport_vendor:/opt/ros/jazzy/opt/gz_rendering_vendor:/opt/ros/jazzy/opt/gz_plugin_vendor:/opt/ros/jazzy/opt/gz_fuel_tools_vendor:/opt/ros/jazzy/opt/gz_msgs_vendor:/opt/ros/jazzy/opt/gz_common_vendor:/opt/ros/jazzy/opt/gz_math_vendor:/opt/ros/jazzy/opt/gz_utils_vendor:/opt/ros/jazzy/opt/gz_tools_vendor:/opt/ros/jazzy/opt/gz_ogre_next_vendor:/opt/ros/jazzy/opt/gz_dartsim_vendor:/opt/ros/jazzy/opt/gz_cmake_vendor:/opt/ros/jazzy GAZEBO_MODEL_PATH=/home/ugv/Desktop/OperationTouchdown/ugv_ws/install/depthai_descriptions:${GAZEBO_MODEL_PATH} GAZEBO_RESOURCE_PATH=/home/ugv/Desktop/OperationTouchdown/ugv_ws/install/depthai_descriptions:${GAZEBO_RESOURCE_PATH} IGN_GAZEBO_MODEL_PATH=/home/ugv/Desktop/OperationTouchdown/ugv_ws/install/depthai_descriptions:${IGN_GAZEBO_MODEL_PATH} IGN_GAZEBO_RESOURCE_PATH=/home/ugv/Desktop/OperationTouchdown/ugv_ws/install/depthai_descriptions:${IGN_GAZEBO_RESOURCE_PATH} LD_LIBRARY_PATH=/home/ugv/Desktop/OperationTouchdown/ugv_ws/install/depthai_ros_driver/lib:/home/ugv/Desktop/OperationTouchdown/ugv_ws/install/depthai_filters/lib:/home/ugv/Desktop/OperationTouchdown/ugv_ws/install/depthai_bridge/lib:/home/ugv/Desktop/OperationTouchdown/ugv_ws/install/depthai_ros_msgs/lib:${LD_LIBRARY_PATH} PYTHONPATH=/home/ugv/Desktop/OperationTouchdown/ugv_ws/install/depthai_ros_driver/lib/python3.12/site-packages:/home/ugv/Desktop/OperationTouchdown/ugv_ws/install/depthai_ros_msgs/lib/python3.12/site-packages:${PYTHONPATH} /usr/bin/cmake --install /home/ugv/Desktop/OperationTouchdown/ugv_ws/build/depthai-ros
[3.517s] Level 1:colcon.colcon_core.environment:checking '/home/ugv/Desktop/OperationTouchdown/ugv_ws/install/depthai-ros' for CMake config files
[3.517s] Level 1:colcon.colcon_core.shell:create_environment_hook('depthai-ros', 'cmake_prefix_path')
[3.517s] INFO:colcon.colcon_core.shell:Creating environment hook '/home/ugv/Desktop/OperationTouchdown/ugv_ws/install/depthai-ros/share/depthai-ros/hook/cmake_prefix_path.ps1'
[3.518s] INFO:colcon.colcon_core.shell:Creating environment descriptor '/home/ugv/Desktop/OperationTouchdown/ugv_ws/install/depthai-ros/share/depthai-ros/hook/cmake_prefix_path.dsv'
[3.519s] INFO:colcon.colcon_core.shell:Creating environment hook '/home/ugv/Desktop/OperationTouchdown/ugv_ws/install/depthai-ros/share/depthai-ros/hook/cmake_prefix_path.sh'
[3.520s] Level 1:colcon.colcon_core.environment:checking '/home/ugv/Desktop/OperationTouchdown/ugv_ws/install/depthai-ros/bin'
[3.520s] Level 1:colcon.colcon_core.environment:checking '/home/ugv/Desktop/OperationTouchdown/ugv_ws/install/depthai-ros/lib/pkgconfig/depthai-ros.pc'
[3.521s] Level 1:colcon.colcon_core.environment:checking '/home/ugv/Desktop/OperationTouchdown/ugv_ws/install/depthai-ros/lib/python3.12/site-packages'
[3.521s] Level 1:colcon.colcon_core.environment:checking '/home/ugv/Desktop/OperationTouchdown/ugv_ws/install/depthai-ros/bin'
[3.522s] INFO:colcon.colcon_core.shell:Creating package script '/home/ugv/Desktop/OperationTouchdown/ugv_ws/install/depthai-ros/share/depthai-ros/package.ps1'
[3.523s] INFO:colcon.colcon_core.shell:Creating package descriptor '/home/ugv/Desktop/OperationTouchdown/ugv_ws/install/depthai-ros/share/depthai-ros/package.dsv'
[3.523s] INFO:colcon.colcon_core.shell:Creating package script '/home/ugv/Desktop/OperationTouchdown/ugv_ws/install/depthai-ros/share/depthai-ros/package.sh'
[3.524s] INFO:colcon.colcon_core.shell:Creating package script '/home/ugv/Desktop/OperationTouchdown/ugv_ws/install/depthai-ros/share/depthai-ros/package.bash'
[3.524s] INFO:colcon.colcon_core.shell:Creating package script '/home/ugv/Desktop/OperationTouchdown/ugv_ws/install/depthai-ros/share/depthai-ros/package.zsh'
[3.525s] Level 1:colcon.colcon_core.environment:create_file_with_runtime_dependencies(/home/ugv/Desktop/OperationTouchdown/ugv_ws/install/depthai-ros/share/colcon-core/packages/depthai-ros)
[3.528s] Level 1:colcon.colcon_core.environment:create_environment_scripts_only(depthai-ros)
[3.528s] Level 1:colcon.colcon_core.environment:checking '/home/ugv/Desktop/OperationTouchdown/ugv_ws/install/depthai-ros' for CMake module files
[3.529s] Level 1:colcon.colcon_core.environment:checking '/home/ugv/Desktop/OperationTouchdown/ugv_ws/install/depthai-ros' for CMake config files
[3.530s] Level 1:colcon.colcon_core.shell:create_environment_hook('depthai-ros', 'cmake_prefix_path')
[3.530s] INFO:colcon.colcon_core.shell:Creating environment hook '/home/ugv/Desktop/OperationTouchdown/ugv_ws/install/depthai-ros/share/depthai-ros/hook/cmake_prefix_path.ps1'
[3.531s] INFO:colcon.colcon_core.shell:Creating environment descriptor '/home/ugv/Desktop/OperationTouchdown/ugv_ws/install/depthai-ros/share/depthai-ros/hook/cmake_prefix_path.dsv'
[3.531s] INFO:colcon.colcon_core.shell:Creating environment hook '/home/ugv/Desktop/OperationTouchdown/ugv_ws/install/depthai-ros/share/depthai-ros/hook/cmake_prefix_path.sh'
[3.532s] Level 1:colcon.colcon_core.environment:checking '/home/ugv/Desktop/OperationTouchdown/ugv_ws/install/depthai-ros/bin'
[3.532s] Level 1:colcon.colcon_core.environment:checking '/home/ugv/Desktop/OperationTouchdown/ugv_ws/install/depthai-ros/lib/pkgconfig/depthai-ros.pc'
[3.533s] Level 1:colcon.colcon_core.environment:checking '/home/ugv/Desktop/OperationTouchdown/ugv_ws/install/depthai-ros/lib/python3.12/site-packages'
[3.533s] Level 1:colcon.colcon_core.environment:checking '/home/ugv/Desktop/OperationTouchdown/ugv_ws/install/depthai-ros/bin'
[3.534s] INFO:colcon.colcon_core.shell:Creating package script '/home/ugv/Desktop/OperationTouchdown/ugv_ws/install/depthai-ros/share/depthai-ros/package.ps1'
[3.535s] INFO:colcon.colcon_core.shell:Creating package descriptor '/home/ugv/Desktop/OperationTouchdown/ugv_ws/install/depthai-ros/share/depthai-ros/package.dsv'
[3.536s] INFO:colcon.colcon_core.shell:Creating package script '/home/ugv/Desktop/OperationTouchdown/ugv_ws/install/depthai-ros/share/depthai-ros/package.sh'
[3.536s] INFO:colcon.colcon_core.shell:Creating package script '/home/ugv/Desktop/OperationTouchdown/ugv_ws/install/depthai-ros/share/depthai-ros/package.bash'
[3.537s] INFO:colcon.colcon_core.shell:Creating package script '/home/ugv/Desktop/OperationTouchdown/ugv_ws/install/depthai-ros/share/depthai-ros/package.zsh'
[3.538s] Level 1:colcon.colcon_core.environment:create_file_with_runtime_dependencies(/home/ugv/Desktop/OperationTouchdown/ugv_ws/install/depthai-ros/share/colcon-core/packages/depthai-ros)
[3.617s] Level 1:colcon.colcon_core.shell:create_environment_hook('my_ugv_hardware', 'pythonpath_develop')
[3.617s] INFO:colcon.colcon_core.shell:Creating environment hook '/home/ugv/Desktop/OperationTouchdown/ugv_ws/build/my_ugv_hardware/share/my_ugv_hardware/hook/pythonpath_develop.ps1'
[3.618s] DEBUG:colcon.colcon_core.event_handler.log_command:Invoked command in '/home/ugv/Desktop/OperationTouchdown/ugv_ws/build/my_ugv_hardware' returned '0': PYTHONPATH=/home/ugv/Desktop/OperationTouchdown/ugv_ws/build/my_ugv_hardware/prefix_override:/usr/lib/python3/dist-packages/colcon_core/task/python/colcon_distutils_commands:/home/ugv/Desktop/OperationTouchdown/ugv_ws/install/my_ugv_hardware/lib/python3.12/site-packages:${PYTHONPATH} /usr/bin/python3 -W ignore:setup.py install is deprecated -W ignore:easy_install command is deprecated setup.py develop --editable --build-directory /home/ugv/Desktop/OperationTouchdown/ugv_ws/build/my_ugv_hardware/build --no-deps symlink_data
[3.618s] INFO:colcon.colcon_core.shell:Creating environment descriptor '/home/ugv/Desktop/OperationTouchdown/ugv_ws/build/my_ugv_hardware/share/my_ugv_hardware/hook/pythonpath_develop.dsv'
[3.619s] INFO:colcon.colcon_core.shell:Creating environment hook '/home/ugv/Desktop/OperationTouchdown/ugv_ws/build/my_ugv_hardware/share/my_ugv_hardware/hook/pythonpath_develop.sh'
[3.621s] Level 1:colcon.colcon_core.environment:checking '/home/ugv/Desktop/OperationTouchdown/ugv_ws/install/my_ugv_hardware' for CMake module files
[3.622s] Level 1:colcon.colcon_core.environment:checking '/home/ugv/Desktop/OperationTouchdown/ugv_ws/install/my_ugv_hardware' for CMake config files
[3.623s] Level 1:colcon.colcon_core.environment:checking '/home/ugv/Desktop/OperationTouchdown/ugv_ws/install/my_ugv_hardware/lib'
[3.623s] Level 1:colcon.colcon_core.environment:checking '/home/ugv/Desktop/OperationTouchdown/ugv_ws/install/my_ugv_hardware/bin'
[3.623s] Level 1:colcon.colcon_core.shell:create_environment_hook('my_ugv_hardware', 'path')
[3.623s] INFO:colcon.colcon_core.shell:Creating environment hook '/home/ugv/Desktop/OperationTouchdown/ugv_ws/install/my_ugv_hardware/share/my_ugv_hardware/hook/path.ps1'
[3.624s] INFO:colcon.colcon_core.shell:Creating environment descriptor '/home/ugv/Desktop/OperationTouchdown/ugv_ws/install/my_ugv_hardware/share/my_ugv_hardware/hook/path.dsv'
[3.624s] INFO:colcon.colcon_core.shell:Creating environment hook '/home/ugv/Desktop/OperationTouchdown/ugv_ws/install/my_ugv_hardware/share/my_ugv_hardware/hook/path.sh'
[3.625s] Level 1:colcon.colcon_core.environment:checking '/home/ugv/Desktop/OperationTouchdown/ugv_ws/install/my_ugv_hardware/lib/pkgconfig/my_ugv_hardware.pc'
[3.625s] Level 1:colcon.colcon_core.environment:checking '/home/ugv/Desktop/OperationTouchdown/ugv_ws/install/my_ugv_hardware/lib/python3.12/site-packages'
[3.625s] Level 1:colcon.colcon_core.shell:create_environment_hook('my_ugv_hardware', 'pythonpath')
[3.626s] INFO:colcon.colcon_core.shell:Creating environment hook '/home/ugv/Desktop/OperationTouchdown/ugv_ws/install/my_ugv_hardware/share/my_ugv_hardware/hook/pythonpath.ps1'
[3.626s] INFO:colcon.colcon_core.shell:Creating environment descriptor '/home/ugv/Desktop/OperationTouchdown/ugv_ws/install/my_ugv_hardware/share/my_ugv_hardware/hook/pythonpath.dsv'
[3.627s] INFO:colcon.colcon_core.shell:Creating environment hook '/home/ugv/Desktop/OperationTouchdown/ugv_ws/install/my_ugv_hardware/share/my_ugv_hardware/hook/pythonpath.sh'
[3.628s] Level 1:colcon.colcon_core.environment:checking '/home/ugv/Desktop/OperationTouchdown/ugv_ws/install/my_ugv_hardware/bin'
[3.628s] Level 1:colcon.colcon_core.shell:create_environment_hook('my_ugv_hardware', 'pythonscriptspath')
[3.629s] INFO:colcon.colcon_core.shell:Creating environment hook '/home/ugv/Desktop/OperationTouchdown/ugv_ws/install/my_ugv_hardware/share/my_ugv_hardware/hook/pythonscriptspath.ps1'
[3.629s] INFO:colcon.colcon_core.shell:Creating environment descriptor '/home/ugv/Desktop/OperationTouchdown/ugv_ws/install/my_ugv_hardware/share/my_ugv_hardware/hook/pythonscriptspath.dsv'
[3.630s] INFO:colcon.colcon_core.shell:Creating environment hook '/home/ugv/Desktop/OperationTouchdown/ugv_ws/install/my_ugv_hardware/share/my_ugv_hardware/hook/pythonscriptspath.sh'
[3.630s] Level 1:colcon.colcon_core.environment:create_environment_scripts_only(my_ugv_hardware)
[3.631s] INFO:colcon.colcon_core.shell:Creating package script '/home/ugv/Desktop/OperationTouchdown/ugv_ws/install/my_ugv_hardware/share/my_ugv_hardware/package.ps1'
[3.632s] INFO:colcon.colcon_core.shell:Creating package descriptor '/home/ugv/Desktop/OperationTouchdown/ugv_ws/install/my_ugv_hardware/share/my_ugv_hardware/package.dsv'
[3.633s] INFO:colcon.colcon_core.shell:Creating package script '/home/ugv/Desktop/OperationTouchdown/ugv_ws/install/my_ugv_hardware/share/my_ugv_hardware/package.sh'
[3.633s] INFO:colcon.colcon_core.shell:Creating package script '/home/ugv/Desktop/OperationTouchdown/ugv_ws/install/my_ugv_hardware/share/my_ugv_hardware/package.bash'
[3.634s] INFO:colcon.colcon_core.shell:Creating package script '/home/ugv/Desktop/OperationTouchdown/ugv_ws/install/my_ugv_hardware/share/my_ugv_hardware/package.zsh'
[3.635s] Level 1:colcon.colcon_core.environment:create_file_with_runtime_dependencies(/home/ugv/Desktop/OperationTouchdown/ugv_ws/install/my_ugv_hardware/share/colcon-core/packages/my_ugv_hardware)
[3.635s] INFO:colcon.colcon_ros.task.ament_cmake.build:Building ROS package in '/home/ugv/Desktop/OperationTouchdown/ugv_ws/src/my_ugv_bringup' with build type 'ament_cmake'
[3.636s] INFO:colcon.colcon_cmake.task.cmake.build:Building CMake package in '/home/ugv/Desktop/OperationTouchdown/ugv_ws/src/my_ugv_bringup'
[3.636s] INFO:colcon.colcon_core.shell:Skip shell extension 'powershell' for command environment: Not usable outside of PowerShell
[3.636s] DEBUG:colcon.colcon_core.shell:Skip shell extension 'dsv' for command environment
[3.672s] DEBUG:colcon.colcon_core.event_handler.log_command:Invoking command in '/home/ugv/Desktop/OperationTouchdown/ugv_ws/build/my_ugv_bringup': AMENT_PREFIX_PATH=/home/ugv/Desktop/OperationTouchdown/ugv_ws/install/depthai_ros_driver:/home/ugv/Desktop/OperationTouchdown/ugv_ws/install/depthai_examples:/home/ugv/Desktop/OperationTouchdown/ugv_ws/install/depthai_bridge:/home/ugv/Desktop/OperationTouchdown/ugv_ws/install/rplidar_ros:/home/ugv/Desktop/OperationTouchdown/ugv_ws/install/roboteq_ros2_driver:/home/ugv/Desktop/OperationTouchdown/ugv_ws/install/my_ugv_hardware:/home/ugv/Desktop/OperationTouchdown/ugv_ws/install/my_ugv_description:/home/ugv/Desktop/OperationTouchdown/ugv_ws/install/dual_laser_merger:/home/ugv/Desktop/OperationTouchdown/ugv_ws/install/depthai_ros_msgs:/home/ugv/Desktop/OperationTouchdown/ugv_ws/install/depthai_descriptions:${AMENT_PREFIX_PATH} CMAKE_PREFIX_PATH=/home/ugv/Desktop/OperationTouchdown/ugv_ws/install/depthai_ros_driver:/home/ugv/Desktop/OperationTouchdown/ugv_ws/install/depthai_examples:/home/ugv/Desktop/OperationTouchdown/ugv_ws/install/depthai_bridge:/home/ugv/Desktop/OperationTouchdown/ugv_ws/install/rplidar_ros:/home/ugv/Desktop/OperationTouchdown/ugv_ws/install/roboteq_ros2_driver:/home/ugv/Desktop/OperationTouchdown/ugv_ws/install/my_ugv_description:/home/ugv/Desktop/OperationTouchdown/ugv_ws/install/dual_laser_merger:/home/ugv/Desktop/OperationTouchdown/ugv_ws/install/depthai_ros_msgs:/home/ugv/Desktop/OperationTouchdown/ugv_ws/install/depthai_descriptions:/opt/ros/jazzy/opt/gz_sim_vendor:/opt/ros/jazzy/opt/gz_sensors_vendor:/opt/ros/jazzy/opt/gz_physics_vendor:/opt/ros/jazzy/opt/sdformat_vendor:/opt/ros/jazzy/opt/gz_gui_vendor:/opt/ros/jazzy/opt/gz_transport_vendor:/opt/ros/jazzy/opt/gz_rendering_vendor:/opt/ros/jazzy/opt/gz_plugin_vendor:/opt/ros/jazzy/opt/gz_fuel_tools_vendor:/opt/ros/jazzy/opt/gz_msgs_vendor:/opt/ros/jazzy/opt/gz_common_vendor:/opt/ros/jazzy/opt/gz_math_vendor:/opt/ros/jazzy/opt/gz_utils_vendor:/opt/ros/jazzy/opt/gz_tools_vendor:/opt/ros/jazzy/opt/gz_ogre_next_vendor:/opt/ros/jazzy/opt/gz_dartsim_vendor:/opt/ros/jazzy/opt/gz_cmake_vendor:/opt/ros/jazzy GAZEBO_MODEL_PATH=/home/ugv/Desktop/OperationTouchdown/ugv_ws/install/depthai_descriptions:${GAZEBO_MODEL_PATH} GAZEBO_RESOURCE_PATH=/home/ugv/Desktop/OperationTouchdown/ugv_ws/install/depthai_descriptions:${GAZEBO_RESOURCE_PATH} IGN_GAZEBO_MODEL_PATH=/home/ugv/Desktop/OperationTouchdown/ugv_ws/install/depthai_descriptions:${IGN_GAZEBO_MODEL_PATH} IGN_GAZEBO_RESOURCE_PATH=/home/ugv/Desktop/OperationTouchdown/ugv_ws/install/depthai_descriptions:${IGN_GAZEBO_RESOURCE_PATH} LD_LIBRARY_PATH=/home/ugv/Desktop/OperationTouchdown/ugv_ws/install/depthai_ros_driver/lib:/home/ugv/Desktop/OperationTouchdown/ugv_ws/install/depthai_bridge/lib:/home/ugv/Desktop/OperationTouchdown/ugv_ws/install/dual_laser_merger/lib:/home/ugv/Desktop/OperationTouchdown/ugv_ws/install/depthai_ros_msgs/lib:${LD_LIBRARY_PATH} PATH=/home/ugv/Desktop/OperationTouchdown/ugv_ws/install/my_ugv_hardware/bin:${PATH} PYTHONPATH=/home/ugv/Desktop/OperationTouchdown/ugv_ws/install/depthai_ros_driver/lib/python3.12/site-packages:/home/ugv/Desktop/OperationTouchdown/ugv_ws/build/my_ugv_hardware:/home/ugv/Desktop/OperationTouchdown/ugv_ws/install/my_ugv_hardware/lib/python3.12/site-packages:/home/ugv/Desktop/OperationTouchdown/ugv_ws/install/depthai_ros_msgs/lib/python3.12/site-packages:${PYTHONPATH} /usr/bin/cmake --build /home/ugv/Desktop/OperationTouchdown/ugv_ws/build/my_ugv_bringup -- -j4 -l4
[4.273s] DEBUG:colcon.colcon_core.event_handler.log_command:Invoked command in '/home/ugv/Desktop/OperationTouchdown/ugv_ws/build/my_ugv_bringup' returned '0': AMENT_PREFIX_PATH=/home/ugv/Desktop/OperationTouchdown/ugv_ws/install/depthai_ros_driver:/home/ugv/Desktop/OperationTouchdown/ugv_ws/install/depthai_examples:/home/ugv/Desktop/OperationTouchdown/ugv_ws/install/depthai_bridge:/home/ugv/Desktop/OperationTouchdown/ugv_ws/install/rplidar_ros:/home/ugv/Desktop/OperationTouchdown/ugv_ws/install/roboteq_ros2_driver:/home/ugv/Desktop/OperationTouchdown/ugv_ws/install/my_ugv_hardware:/home/ugv/Desktop/OperationTouchdown/ugv_ws/install/my_ugv_description:/home/ugv/Desktop/OperationTouchdown/ugv_ws/install/dual_laser_merger:/home/ugv/Desktop/OperationTouchdown/ugv_ws/install/depthai_ros_msgs:/home/ugv/Desktop/OperationTouchdown/ugv_ws/install/depthai_descriptions:${AMENT_PREFIX_PATH} CMAKE_PREFIX_PATH=/home/ugv/Desktop/OperationTouchdown/ugv_ws/install/depthai_ros_driver:/home/ugv/Desktop/OperationTouchdown/ugv_ws/install/depthai_examples:/home/ugv/Desktop/OperationTouchdown/ugv_ws/install/depthai_bridge:/home/ugv/Desktop/OperationTouchdown/ugv_ws/install/rplidar_ros:/home/ugv/Desktop/OperationTouchdown/ugv_ws/install/roboteq_ros2_driver:/home/ugv/Desktop/OperationTouchdown/ugv_ws/install/my_ugv_description:/home/ugv/Desktop/OperationTouchdown/ugv_ws/install/dual_laser_merger:/home/ugv/Desktop/OperationTouchdown/ugv_ws/install/depthai_ros_msgs:/home/ugv/Desktop/OperationTouchdown/ugv_ws/install/depthai_descriptions:/opt/ros/jazzy/opt/gz_sim_vendor:/opt/ros/jazzy/opt/gz_sensors_vendor:/opt/ros/jazzy/opt/gz_physics_vendor:/opt/ros/jazzy/opt/sdformat_vendor:/opt/ros/jazzy/opt/gz_gui_vendor:/opt/ros/jazzy/opt/gz_transport_vendor:/opt/ros/jazzy/opt/gz_rendering_vendor:/opt/ros/jazzy/opt/gz_plugin_vendor:/opt/ros/jazzy/opt/gz_fuel_tools_vendor:/opt/ros/jazzy/opt/gz_msgs_vendor:/opt/ros/jazzy/opt/gz_common_vendor:/opt/ros/jazzy/opt/gz_math_vendor:/opt/ros/jazzy/opt/gz_utils_vendor:/opt/ros/jazzy/opt/gz_tools_vendor:/opt/ros/jazzy/opt/gz_ogre_next_vendor:/opt/ros/jazzy/opt/gz_dartsim_vendor:/opt/ros/jazzy/opt/gz_cmake_vendor:/opt/ros/jazzy GAZEBO_MODEL_PATH=/home/ugv/Desktop/OperationTouchdown/ugv_ws/install/depthai_descriptions:${GAZEBO_MODEL_PATH} GAZEBO_RESOURCE_PATH=/home/ugv/Desktop/OperationTouchdown/ugv_ws/install/depthai_descriptions:${GAZEBO_RESOURCE_PATH} IGN_GAZEBO_MODEL_PATH=/home/ugv/Desktop/OperationTouchdown/ugv_ws/install/depthai_descriptions:${IGN_GAZEBO_MODEL_PATH} IGN_GAZEBO_RESOURCE_PATH=/home/ugv/Desktop/OperationTouchdown/ugv_ws/install/depthai_descriptions:${IGN_GAZEBO_RESOURCE_PATH} LD_LIBRARY_PATH=/home/ugv/Desktop/OperationTouchdown/ugv_ws/install/depthai_ros_driver/lib:/home/ugv/Desktop/OperationTouchdown/ugv_ws/install/depthai_bridge/lib:/home/ugv/Desktop/OperationTouchdown/ugv_ws/install/dual_laser_merger/lib:/home/ugv/Desktop/OperationTouchdown/ugv_ws/install/depthai_ros_msgs/lib:${LD_LIBRARY_PATH} PATH=/home/ugv/Desktop/OperationTouchdown/ugv_ws/install/my_ugv_hardware/bin:${PATH} PYTHONPATH=/home/ugv/Desktop/OperationTouchdown/ugv_ws/install/depthai_ros_driver/lib/python3.12/site-packages:/home/ugv/Desktop/OperationTouchdown/ugv_ws/build/my_ugv_hardware:/home/ugv/Desktop/OperationTouchdown/ugv_ws/install/my_ugv_hardware/lib/python3.12/site-packages:/home/ugv/Desktop/OperationTouchdown/ugv_ws/install/depthai_ros_msgs/lib/python3.12/site-packages:${PYTHONPATH} /usr/bin/cmake --build /home/ugv/Desktop/OperationTouchdown/ugv_ws/build/my_ugv_bringup -- -j4 -l4
[4.275s] DEBUG:colcon.colcon_core.event_handler.log_command:Invoking command in '/home/ugv/Desktop/OperationTouchdown/ugv_ws/build/my_ugv_bringup': AMENT_PREFIX_PATH=/home/ugv/Desktop/OperationTouchdown/ugv_ws/install/depthai_ros_driver:/home/ugv/Desktop/OperationTouchdown/ugv_ws/install/depthai_examples:/home/ugv/Desktop/OperationTouchdown/ugv_ws/install/depthai_bridge:/home/ugv/Desktop/OperationTouchdown/ugv_ws/install/rplidar_ros:/home/ugv/Desktop/OperationTouchdown/ugv_ws/install/roboteq_ros2_driver:/home/ugv/Desktop/OperationTouchdown/ugv_ws/install/my_ugv_hardware:/home/ugv/Desktop/OperationTouchdown/ugv_ws/install/my_ugv_description:/home/ugv/Desktop/OperationTouchdown/ugv_ws/install/dual_laser_merger:/home/ugv/Desktop/OperationTouchdown/ugv_ws/install/depthai_ros_msgs:/home/ugv/Desktop/OperationTouchdown/ugv_ws/install/depthai_descriptions:${AMENT_PREFIX_PATH} CMAKE_PREFIX_PATH=/home/ugv/Desktop/OperationTouchdown/ugv_ws/install/depthai_ros_driver:/home/ugv/Desktop/OperationTouchdown/ugv_ws/install/depthai_examples:/home/ugv/Desktop/OperationTouchdown/ugv_ws/install/depthai_bridge:/home/ugv/Desktop/OperationTouchdown/ugv_ws/install/rplidar_ros:/home/ugv/Desktop/OperationTouchdown/ugv_ws/install/roboteq_ros2_driver:/home/ugv/Desktop/OperationTouchdown/ugv_ws/install/my_ugv_description:/home/ugv/Desktop/OperationTouchdown/ugv_ws/install/dual_laser_merger:/home/ugv/Desktop/OperationTouchdown/ugv_ws/install/depthai_ros_msgs:/home/ugv/Desktop/OperationTouchdown/ugv_ws/install/depthai_descriptions:/opt/ros/jazzy/opt/gz_sim_vendor:/opt/ros/jazzy/opt/gz_sensors_vendor:/opt/ros/jazzy/opt/gz_physics_vendor:/opt/ros/jazzy/opt/sdformat_vendor:/opt/ros/jazzy/opt/gz_gui_vendor:/opt/ros/jazzy/opt/gz_transport_vendor:/opt/ros/jazzy/opt/gz_rendering_vendor:/opt/ros/jazzy/opt/gz_plugin_vendor:/opt/ros/jazzy/opt/gz_fuel_tools_vendor:/opt/ros/jazzy/opt/gz_msgs_vendor:/opt/ros/jazzy/opt/gz_common_vendor:/opt/ros/jazzy/opt/gz_math_vendor:/opt/ros/jazzy/opt/gz_utils_vendor:/opt/ros/jazzy/opt/gz_tools_vendor:/opt/ros/jazzy/opt/gz_ogre_next_vendor:/opt/ros/jazzy/opt/gz_dartsim_vendor:/opt/ros/jazzy/opt/gz_cmake_vendor:/opt/ros/jazzy GAZEBO_MODEL_PATH=/home/ugv/Desktop/OperationTouchdown/ugv_ws/install/depthai_descriptions:${GAZEBO_MODEL_PATH} GAZEBO_RESOURCE_PATH=/home/ugv/Desktop/OperationTouchdown/ugv_ws/install/depthai_descriptions:${GAZEBO_RESOURCE_PATH} IGN_GAZEBO_MODEL_PATH=/home/ugv/Desktop/OperationTouchdown/ugv_ws/install/depthai_descriptions:${IGN_GAZEBO_MODEL_PATH} IGN_GAZEBO_RESOURCE_PATH=/home/ugv/Desktop/OperationTouchdown/ugv_ws/install/depthai_descriptions:${IGN_GAZEBO_RESOURCE_PATH} LD_LIBRARY_PATH=/home/ugv/Desktop/OperationTouchdown/ugv_ws/install/depthai_ros_driver/lib:/home/ugv/Desktop/OperationTouchdown/ugv_ws/install/depthai_bridge/lib:/home/ugv/Desktop/OperationTouchdown/ugv_ws/install/dual_laser_merger/lib:/home/ugv/Desktop/OperationTouchdown/ugv_ws/install/depthai_ros_msgs/lib:${LD_LIBRARY_PATH} PATH=/home/ugv/Desktop/OperationTouchdown/ugv_ws/install/my_ugv_hardware/bin:${PATH} PYTHONPATH=/home/ugv/Desktop/OperationTouchdown/ugv_ws/install/depthai_ros_driver/lib/python3.12/site-packages:/home/ugv/Desktop/OperationTouchdown/ugv_ws/build/my_ugv_hardware:/home/ugv/Desktop/OperationTouchdown/ugv_ws/install/my_ugv_hardware/lib/python3.12/site-packages:/home/ugv/Desktop/OperationTouchdown/ugv_ws/install/depthai_ros_msgs/lib/python3.12/site-packages:${PYTHONPATH} /usr/bin/cmake --install /home/ugv/Desktop/OperationTouchdown/ugv_ws/build/my_ugv_bringup
[4.322s] Level 1:colcon.colcon_core.environment:create_environment_scripts_only(my_ugv_bringup)
[4.322s] Level 1:colcon.colcon_core.environment:checking '/home/ugv/Desktop/OperationTouchdown/ugv_ws/install/my_ugv_bringup' for CMake module files
[4.323s] DEBUG:colcon.colcon_core.event_handler.log_command:Invoked command in '/home/ugv/Desktop/OperationTouchdown/ugv_ws/build/my_ugv_bringup' returned '0': AMENT_PREFIX_PATH=/home/ugv/Desktop/OperationTouchdown/ugv_ws/install/depthai_ros_driver:/home/ugv/Desktop/OperationTouchdown/ugv_ws/install/depthai_examples:/home/ugv/Desktop/OperationTouchdown/ugv_ws/install/depthai_bridge:/home/ugv/Desktop/OperationTouchdown/ugv_ws/install/rplidar_ros:/home/ugv/Desktop/OperationTouchdown/ugv_ws/install/roboteq_ros2_driver:/home/ugv/Desktop/OperationTouchdown/ugv_ws/install/my_ugv_hardware:/home/ugv/Desktop/OperationTouchdown/ugv_ws/install/my_ugv_description:/home/ugv/Desktop/OperationTouchdown/ugv_ws/install/dual_laser_merger:/home/ugv/Desktop/OperationTouchdown/ugv_ws/install/depthai_ros_msgs:/home/ugv/Desktop/OperationTouchdown/ugv_ws/install/depthai_descriptions:${AMENT_PREFIX_PATH} CMAKE_PREFIX_PATH=/home/ugv/Desktop/OperationTouchdown/ugv_ws/install/depthai_ros_driver:/home/ugv/Desktop/OperationTouchdown/ugv_ws/install/depthai_examples:/home/ugv/Desktop/OperationTouchdown/ugv_ws/install/depthai_bridge:/home/ugv/Desktop/OperationTouchdown/ugv_ws/install/rplidar_ros:/home/ugv/Desktop/OperationTouchdown/ugv_ws/install/roboteq_ros2_driver:/home/ugv/Desktop/OperationTouchdown/ugv_ws/install/my_ugv_description:/home/ugv/Desktop/OperationTouchdown/ugv_ws/install/dual_laser_merger:/home/ugv/Desktop/OperationTouchdown/ugv_ws/install/depthai_ros_msgs:/home/ugv/Desktop/OperationTouchdown/ugv_ws/install/depthai_descriptions:/opt/ros/jazzy/opt/gz_sim_vendor:/opt/ros/jazzy/opt/gz_sensors_vendor:/opt/ros/jazzy/opt/gz_physics_vendor:/opt/ros/jazzy/opt/sdformat_vendor:/opt/ros/jazzy/opt/gz_gui_vendor:/opt/ros/jazzy/opt/gz_transport_vendor:/opt/ros/jazzy/opt/gz_rendering_vendor:/opt/ros/jazzy/opt/gz_plugin_vendor:/opt/ros/jazzy/opt/gz_fuel_tools_vendor:/opt/ros/jazzy/opt/gz_msgs_vendor:/opt/ros/jazzy/opt/gz_common_vendor:/opt/ros/jazzy/opt/gz_math_vendor:/opt/ros/jazzy/opt/gz_utils_vendor:/opt/ros/jazzy/opt/gz_tools_vendor:/opt/ros/jazzy/opt/gz_ogre_next_vendor:/opt/ros/jazzy/opt/gz_dartsim_vendor:/opt/ros/jazzy/opt/gz_cmake_vendor:/opt/ros/jazzy GAZEBO_MODEL_PATH=/home/ugv/Desktop/OperationTouchdown/ugv_ws/install/depthai_descriptions:${GAZEBO_MODEL_PATH} GAZEBO_RESOURCE_PATH=/home/ugv/Desktop/OperationTouchdown/ugv_ws/install/depthai_descriptions:${GAZEBO_RESOURCE_PATH} IGN_GAZEBO_MODEL_PATH=/home/ugv/Desktop/OperationTouchdown/ugv_ws/install/depthai_descriptions:${IGN_GAZEBO_MODEL_PATH} IGN_GAZEBO_RESOURCE_PATH=/home/ugv/Desktop/OperationTouchdown/ugv_ws/install/depthai_descriptions:${IGN_GAZEBO_RESOURCE_PATH} LD_LIBRARY_PATH=/home/ugv/Desktop/OperationTouchdown/ugv_ws/install/depthai_ros_driver/lib:/home/ugv/Desktop/OperationTouchdown/ugv_ws/install/depthai_bridge/lib:/home/ugv/Desktop/OperationTouchdown/ugv_ws/install/dual_laser_merger/lib:/home/ugv/Desktop/OperationTouchdown/ugv_ws/install/depthai_ros_msgs/lib:${LD_LIBRARY_PATH} PATH=/home/ugv/Desktop/OperationTouchdown/ugv_ws/install/my_ugv_hardware/bin:${PATH} PYTHONPATH=/home/ugv/Desktop/OperationTouchdown/ugv_ws/install/depthai_ros_driver/lib/python3.12/site-packages:/home/ugv/Desktop/OperationTouchdown/ugv_ws/build/my_ugv_hardware:/home/ugv/Desktop/OperationTouchdown/ugv_ws/install/my_ugv_hardware/lib/python3.12/site-packages:/home/ugv/Desktop/OperationTouchdown/ugv_ws/install/depthai_ros_msgs/lib/python3.12/site-packages:${PYTHONPATH} /usr/bin/cmake --install /home/ugv/Desktop/OperationTouchdown/ugv_ws/build/my_ugv_bringup
[4.323s] Level 1:colcon.colcon_core.environment:checking '/home/ugv/Desktop/OperationTouchdown/ugv_ws/install/my_ugv_bringup' for CMake config files
[4.324s] Level 1:colcon.colcon_core.shell:create_environment_hook('my_ugv_bringup', 'cmake_prefix_path')
[4.324s] INFO:colcon.colcon_core.shell:Creating environment hook '/home/ugv/Desktop/OperationTouchdown/ugv_ws/install/my_ugv_bringup/share/my_ugv_bringup/hook/cmake_prefix_path.ps1'
[4.325s] INFO:colcon.colcon_core.shell:Creating environment descriptor '/home/ugv/Desktop/OperationTouchdown/ugv_ws/install/my_ugv_bringup/share/my_ugv_bringup/hook/cmake_prefix_path.dsv'
[4.325s] INFO:colcon.colcon_core.shell:Creating environment hook '/home/ugv/Desktop/OperationTouchdown/ugv_ws/install/my_ugv_bringup/share/my_ugv_bringup/hook/cmake_prefix_path.sh'
[4.326s] Level 1:colcon.colcon_core.environment:checking '/home/ugv/Desktop/OperationTouchdown/ugv_ws/install/my_ugv_bringup/lib'
[4.326s] Level 1:colcon.colcon_core.environment:checking '/home/ugv/Desktop/OperationTouchdown/ugv_ws/install/my_ugv_bringup/bin'
[4.327s] Level 1:colcon.colcon_core.environment:checking '/home/ugv/Desktop/OperationTouchdown/ugv_ws/install/my_ugv_bringup/lib/pkgconfig/my_ugv_bringup.pc'
[4.327s] Level 1:colcon.colcon_core.environment:checking '/home/ugv/Desktop/OperationTouchdown/ugv_ws/install/my_ugv_bringup/lib/python3.12/site-packages'
[4.327s] Level 1:colcon.colcon_core.environment:checking '/home/ugv/Desktop/OperationTouchdown/ugv_ws/install/my_ugv_bringup/bin'
[4.328s] INFO:colcon.colcon_core.shell:Creating package script '/home/ugv/Desktop/OperationTouchdown/ugv_ws/install/my_ugv_bringup/share/my_ugv_bringup/package.ps1'
[4.329s] INFO:colcon.colcon_core.shell:Creating package descriptor '/home/ugv/Desktop/OperationTouchdown/ugv_ws/install/my_ugv_bringup/share/my_ugv_bringup/package.dsv'
[4.329s] INFO:colcon.colcon_core.shell:Creating package script '/home/ugv/Desktop/OperationTouchdown/ugv_ws/install/my_ugv_bringup/share/my_ugv_bringup/package.sh'
[4.330s] INFO:colcon.colcon_core.shell:Creating package script '/home/ugv/Desktop/OperationTouchdown/ugv_ws/install/my_ugv_bringup/share/my_ugv_bringup/package.bash'
[4.330s] INFO:colcon.colcon_core.shell:Creating package script '/home/ugv/Desktop/OperationTouchdown/ugv_ws/install/my_ugv_bringup/share/my_ugv_bringup/package.zsh'
[4.331s] Level 1:colcon.colcon_core.environment:create_file_with_runtime_dependencies(/home/ugv/Desktop/OperationTouchdown/ugv_ws/install/my_ugv_bringup/share/colcon-core/packages/my_ugv_bringup)
[4.332s] Level 1:colcon.colcon_core.environment:create_environment_scripts_only(my_ugv_bringup)
[4.332s] Level 1:colcon.colcon_core.environment:checking '/home/ugv/Desktop/OperationTouchdown/ugv_ws/install/my_ugv_bringup' for CMake module files
[4.333s] Level 1:colcon.colcon_core.environment:checking '/home/ugv/Desktop/OperationTouchdown/ugv_ws/install/my_ugv_bringup' for CMake config files
[4.334s] Level 1:colcon.colcon_core.shell:create_environment_hook('my_ugv_bringup', 'cmake_prefix_path')
[4.334s] INFO:colcon.colcon_core.shell:Creating environment hook '/home/ugv/Desktop/OperationTouchdown/ugv_ws/install/my_ugv_bringup/share/my_ugv_bringup/hook/cmake_prefix_path.ps1'
[4.335s] INFO:colcon.colcon_core.shell:Creating environment descriptor '/home/ugv/Desktop/OperationTouchdown/ugv_ws/install/my_ugv_bringup/share/my_ugv_bringup/hook/cmake_prefix_path.dsv'
[4.335s] INFO:colcon.colcon_core.shell:Creating environment hook '/home/ugv/Desktop/OperationTouchdown/ugv_ws/install/my_ugv_bringup/share/my_ugv_bringup/hook/cmake_prefix_path.sh'
[4.336s] Level 1:colcon.colcon_core.environment:checking '/home/ugv/Desktop/OperationTouchdown/ugv_ws/install/my_ugv_bringup/lib'
[4.336s] Level 1:colcon.colcon_core.environment:checking '/home/ugv/Desktop/OperationTouchdown/ugv_ws/install/my_ugv_bringup/bin'
[4.337s] Level 1:colcon.colcon_core.environment:checking '/home/ugv/Desktop/OperationTouchdown/ugv_ws/install/my_ugv_bringup/lib/pkgconfig/my_ugv_bringup.pc'
[4.337s] Level 1:colcon.colcon_core.environment:checking '/home/ugv/Desktop/OperationTouchdown/ugv_ws/install/my_ugv_bringup/lib/python3.12/site-packages'
[4.337s] Level 1:colcon.colcon_core.environment:checking '/home/ugv/Desktop/OperationTouchdown/ugv_ws/install/my_ugv_bringup/bin'
[4.338s] INFO:colcon.colcon_core.shell:Creating package script '/home/ugv/Desktop/OperationTouchdown/ugv_ws/install/my_ugv_bringup/share/my_ugv_bringup/package.ps1'
[4.339s] INFO:colcon.colcon_core.shell:Creating package descriptor '/home/ugv/Desktop/OperationTouchdown/ugv_ws/install/my_ugv_bringup/share/my_ugv_bringup/package.dsv'
[4.339s] INFO:colcon.colcon_core.shell:Creating package script '/home/ugv/Desktop/OperationTouchdown/ugv_ws/install/my_ugv_bringup/share/my_ugv_bringup/package.sh'
[4.340s] INFO:colcon.colcon_core.shell:Creating package script '/home/ugv/Desktop/OperationTouchdown/ugv_ws/install/my_ugv_bringup/share/my_ugv_bringup/package.bash'
[4.341s] INFO:colcon.colcon_core.shell:Creating package script '/home/ugv/Desktop/OperationTouchdown/ugv_ws/install/my_ugv_bringup/share/my_ugv_bringup/package.zsh'
[4.341s] Level 1:colcon.colcon_core.environment:create_file_with_runtime_dependencies(/home/ugv/Desktop/OperationTouchdown/ugv_ws/install/my_ugv_bringup/share/colcon-core/packages/my_ugv_bringup)
[4.342s] DEBUG:colcon.colcon_parallel_executor.executor.parallel:closing loop
[4.343s] DEBUG:colcon.colcon_parallel_executor.executor.parallel:loop closed
[4.343s] DEBUG:colcon.colcon_parallel_executor.executor.parallel:run_until_complete finished with '0'
[4.343s] DEBUG:colcon.colcon_core.event_reactor:joining thread
[4.343s] DEBUG:colcon.colcon_core.event_reactor:joined thread
[4.344s] INFO:colcon.colcon_core.shell:Creating prefix script '/home/ugv/Desktop/OperationTouchdown/ugv_ws/install/local_setup.ps1'
[4.345s] INFO:colcon.colcon_core.shell:Creating prefix util module '/home/ugv/Desktop/OperationTouchdown/ugv_ws/install/_local_setup_util_ps1.py'
[4.346s] INFO:colcon.colcon_core.shell:Creating prefix chain script '/home/ugv/Desktop/OperationTouchdown/ugv_ws/install/setup.ps1'
[4.347s] INFO:colcon.colcon_core.shell:Creating prefix script '/home/ugv/Desktop/OperationTouchdown/ugv_ws/install/local_setup.sh'
[4.348s] INFO:colcon.colcon_core.shell:Creating prefix util module '/home/ugv/Desktop/OperationTouchdown/ugv_ws/install/_local_setup_util_sh.py'
[4.349s] INFO:colcon.colcon_core.shell:Creating prefix chain script '/home/ugv/Desktop/OperationTouchdown/ugv_ws/install/setup.sh'
[4.350s] INFO:colcon.colcon_core.shell:Creating prefix script '/home/ugv/Desktop/OperationTouchdown/ugv_ws/install/local_setup.bash'
[4.351s] INFO:colcon.colcon_core.shell:Creating prefix chain script '/home/ugv/Desktop/OperationTouchdown/ugv_ws/install/setup.bash'
[4.352s] INFO:colcon.colcon_core.shell:Creating prefix script '/home/ugv/Desktop/OperationTouchdown/ugv_ws/install/local_setup.zsh'
[4.352s] INFO:colcon.colcon_core.shell:Creating prefix chain script '/home/ugv/Desktop/OperationTouchdown/ugv_ws/install/setup.zsh'
