[0.152s] DEBUG:colcon:Command line arguments: ['/usr/bin/colcon', 'build', '--symlink-install']
[0.153s] DEBUG:colcon:Parsed command line arguments: Namespace(log_base=None, log_level=None, verb_name='build', build_base='build', install_base='install', merge_install=False, symlink_install=True, test_result_base=None, continue_on_error=False, executor='parallel', parallel_workers=4, event_handlers=None, ignore_user_meta=False, metas=['./colcon.meta'], base_paths=['.'], packages_ignore=None, packages_ignore_regex=None, paths=None, packages_up_to=None, packages_up_to_regex=None, packages_above=None, packages_above_and_dependencies=None, packages_above_depth=None, packages_select_by_dep=None, packages_skip_by_dep=None, packages_skip_up_to=None, packages_select_build_failed=False, packages_skip_build_finished=False, packages_select_test_failures=False, packages_skip_test_passed=False, packages_select=None, packages_skip=None, packages_select_regex=None, packages_skip_regex=None, packages_start=None, packages_end=None, allow_overriding=[], cmake_args=None, cmake_target=None, cmake_target_skip_unavailable=False, cmake_clean_cache=False, cmake_clean_first=False, cmake_force_configure=False, ament_cmake_args=None, catkin_cmake_args=None, catkin_skip_building_tests=False, mixin_files=None, mixin=None, verb_parser=<colcon_mixin.mixin.mixin_argument.MixinArgumentDecorator object at 0xffffac121100>, verb_extension=<colcon_core.verb.build.BuildVerb object at 0xffffac2e4e60>, main=<bound method BuildVerb.main of <colcon_core.verb.build.BuildVerb object at 0xffffac2e4e60>>, mixin_verb=('build',))
[0.209s] Level 1:colcon.colcon_core.package_discovery:discover_packages(colcon_meta) check parameters
[0.209s] Level 1:colcon.colcon_core.package_discovery:discover_packages(recursive) check parameters
[0.209s] Level 1:colcon.colcon_core.package_discovery:discover_packages(ignore) check parameters
[0.209s] Level 1:colcon.colcon_core.package_discovery:discover_packages(path) check parameters
[0.209s] Level 1:colcon.colcon_core.package_discovery:discover_packages(colcon_meta) discover
[0.209s] Level 1:colcon.colcon_core.package_discovery:discover_packages(recursive) discover
[0.209s] INFO:colcon.colcon_core.package_discovery:Crawling recursively for packages in '/home/ground/ugv_repo/OperationTouchdown/ugv_ws'
[0.210s] Level 1:colcon.colcon_core.package_identification:_identify(.) by extensions ['ignore', 'ignore_ament_install']
[0.210s] Level 1:colcon.colcon_core.package_identification:_identify(.) by extension 'ignore'
[0.210s] Level 1:colcon.colcon_core.package_identification:_identify(.) by extension 'ignore_ament_install'
[0.210s] Level 1:colcon.colcon_core.package_identification:_identify(.) by extensions ['colcon_pkg']
[0.210s] Level 1:colcon.colcon_core.package_identification:_identify(.) by extension 'colcon_pkg'
[0.210s] Level 1:colcon.colcon_core.package_identification:_identify(.) by extensions ['colcon_meta']
[0.210s] Level 1:colcon.colcon_core.package_identification:_identify(.) by extension 'colcon_meta'
[0.210s] Level 1:colcon.colcon_core.package_identification:_identify(.) by extensions ['ros']
[0.210s] Level 1:colcon.colcon_core.package_identification:_identify(.) by extension 'ros'
[0.249s] Level 1:colcon.colcon_core.package_identification:_identify(.) by extensions ['cmake', 'python']
[0.249s] Level 1:colcon.colcon_core.package_identification:_identify(.) by extension 'cmake'
[0.249s] Level 1:colcon.colcon_core.package_identification:_identify(.) by extension 'python'
[0.249s] Level 1:colcon.colcon_core.package_identification:_identify(.) by extensions ['python_setup_py']
[0.249s] Level 1:colcon.colcon_core.package_identification:_identify(.) by extension 'python_setup_py'
[0.250s] Level 1:colcon.colcon_core.package_identification:_identify(build) by extensions ['ignore', 'ignore_ament_install']
[0.250s] Level 1:colcon.colcon_core.package_identification:_identify(build) by extension 'ignore'
[0.250s] Level 1:colcon.colcon_core.package_identification:_identify(build) ignored
[0.250s] Level 1:colcon.colcon_core.package_identification:_identify(install) by extensions ['ignore', 'ignore_ament_install']
[0.250s] Level 1:colcon.colcon_core.package_identification:_identify(install) by extension 'ignore'
[0.250s] Level 1:colcon.colcon_core.package_identification:_identify(install) ignored
[0.250s] Level 1:colcon.colcon_core.package_identification:_identify(isaac _communication) by extensions ['ignore', 'ignore_ament_install']
[0.251s] Level 1:colcon.colcon_core.package_identification:_identify(isaac _communication) by extension 'ignore'
[0.251s] Level 1:colcon.colcon_core.package_identification:_identify(isaac _communication) by extension 'ignore_ament_install'
[0.251s] Level 1:colcon.colcon_core.package_identification:_identify(isaac _communication) by extensions ['colcon_pkg']
[0.251s] Level 1:colcon.colcon_core.package_identification:_identify(isaac _communication) by extension 'colcon_pkg'
[0.251s] Level 1:colcon.colcon_core.package_identification:_identify(isaac _communication) by extensions ['colcon_meta']
[0.251s] Level 1:colcon.colcon_core.package_identification:_identify(isaac _communication) by extension 'colcon_meta'
[0.251s] Level 1:colcon.colcon_core.package_identification:_identify(isaac _communication) by extensions ['ros']
[0.251s] Level 1:colcon.colcon_core.package_identification:_identify(isaac _communication) by extension 'ros'
[0.251s] Level 1:colcon.colcon_core.package_identification:_identify(isaac _communication) by extensions ['cmake', 'python']
[0.251s] Level 1:colcon.colcon_core.package_identification:_identify(isaac _communication) by extension 'cmake'
[0.251s] Level 1:colcon.colcon_core.package_identification:_identify(isaac _communication) by extension 'python'
[0.251s] Level 1:colcon.colcon_core.package_identification:_identify(isaac _communication) by extensions ['python_setup_py']
[0.251s] Level 1:colcon.colcon_core.package_identification:_identify(isaac _communication) by extension 'python_setup_py'
[0.251s] Level 1:colcon.colcon_core.package_identification:_identify(log) by extensions ['ignore', 'ignore_ament_install']
[0.251s] Level 1:colcon.colcon_core.package_identification:_identify(log) by extension 'ignore'
[0.252s] Level 1:colcon.colcon_core.package_identification:_identify(log) ignored
[0.252s] Level 1:colcon.colcon_core.package_identification:_identify(src) by extensions ['ignore', 'ignore_ament_install']
[0.252s] Level 1:colcon.colcon_core.package_identification:_identify(src) by extension 'ignore'
[0.252s] Level 1:colcon.colcon_core.package_identification:_identify(src) by extension 'ignore_ament_install'
[0.252s] Level 1:colcon.colcon_core.package_identification:_identify(src) by extensions ['colcon_pkg']
[0.252s] Level 1:colcon.colcon_core.package_identification:_identify(src) by extension 'colcon_pkg'
[0.252s] Level 1:colcon.colcon_core.package_identification:_identify(src) by extensions ['colcon_meta']
[0.252s] Level 1:colcon.colcon_core.package_identification:_identify(src) by extension 'colcon_meta'
[0.252s] Level 1:colcon.colcon_core.package_identification:_identify(src) by extensions ['ros']
[0.252s] Level 1:colcon.colcon_core.package_identification:_identify(src) by extension 'ros'
[0.252s] Level 1:colcon.colcon_core.package_identification:_identify(src) by extensions ['cmake', 'python']
[0.252s] Level 1:colcon.colcon_core.package_identification:_identify(src) by extension 'cmake'
[0.252s] Level 1:colcon.colcon_core.package_identification:_identify(src) by extension 'python'
[0.252s] Level 1:colcon.colcon_core.package_identification:_identify(src) by extensions ['python_setup_py']
[0.252s] Level 1:colcon.colcon_core.package_identification:_identify(src) by extension 'python_setup_py'
[0.252s] Level 1:colcon.colcon_core.package_identification:_identify(src/build) by extensions ['ignore', 'ignore_ament_install']
[0.253s] Level 1:colcon.colcon_core.package_identification:_identify(src/build) by extension 'ignore'
[0.253s] Level 1:colcon.colcon_core.package_identification:_identify(src/build) ignored
[0.253s] Level 1:colcon.colcon_core.package_identification:_identify(src/depthai-ros) by extensions ['ignore', 'ignore_ament_install']
[0.253s] Level 1:colcon.colcon_core.package_identification:_identify(src/depthai-ros) by extension 'ignore'
[0.253s] Level 1:colcon.colcon_core.package_identification:_identify(src/depthai-ros) by extension 'ignore_ament_install'
[0.253s] Level 1:colcon.colcon_core.package_identification:_identify(src/depthai-ros) by extensions ['colcon_pkg']
[0.253s] Level 1:colcon.colcon_core.package_identification:_identify(src/depthai-ros) by extension 'colcon_pkg'
[0.253s] Level 1:colcon.colcon_core.package_identification:_identify(src/depthai-ros) by extensions ['colcon_meta']
[0.253s] Level 1:colcon.colcon_core.package_identification:_identify(src/depthai-ros) by extension 'colcon_meta'
[0.253s] Level 1:colcon.colcon_core.package_identification:_identify(src/depthai-ros) by extensions ['ros']
[0.253s] Level 1:colcon.colcon_core.package_identification:_identify(src/depthai-ros) by extension 'ros'
[0.253s] Level 1:colcon.colcon_core.package_identification:_identify(src/depthai-ros) by extensions ['cmake', 'python']
[0.253s] Level 1:colcon.colcon_core.package_identification:_identify(src/depthai-ros) by extension 'cmake'
[0.253s] Level 1:colcon.colcon_core.package_identification:_identify(src/depthai-ros) by extension 'python'
[0.253s] Level 1:colcon.colcon_core.package_identification:_identify(src/depthai-ros) by extensions ['python_setup_py']
[0.253s] Level 1:colcon.colcon_core.package_identification:_identify(src/depthai-ros) by extension 'python_setup_py'
[0.254s] Level 1:colcon.colcon_core.package_identification:_identify(src/depthai-ros/depthai-ros) by extensions ['ignore', 'ignore_ament_install']
[0.254s] Level 1:colcon.colcon_core.package_identification:_identify(src/depthai-ros/depthai-ros) by extension 'ignore'
[0.254s] Level 1:colcon.colcon_core.package_identification:_identify(src/depthai-ros/depthai-ros) by extension 'ignore_ament_install'
[0.254s] Level 1:colcon.colcon_core.package_identification:_identify(src/depthai-ros/depthai-ros) by extensions ['colcon_pkg']
[0.254s] Level 1:colcon.colcon_core.package_identification:_identify(src/depthai-ros/depthai-ros) by extension 'colcon_pkg'
[0.254s] Level 1:colcon.colcon_core.package_identification:_identify(src/depthai-ros/depthai-ros) by extensions ['colcon_meta']
[0.254s] Level 1:colcon.colcon_core.package_identification:_identify(src/depthai-ros/depthai-ros) by extension 'colcon_meta'
[0.254s] Level 1:colcon.colcon_core.package_identification:_identify(src/depthai-ros/depthai-ros) by extensions ['ros']
[0.254s] Level 1:colcon.colcon_core.package_identification:_identify(src/depthai-ros/depthai-ros) by extension 'ros'
[0.257s] DEBUG:colcon.colcon_core.package_identification:Package 'src/depthai-ros/depthai-ros' with type 'ros.ament_cmake' and name 'depthai-ros'
[0.257s] Level 1:colcon.colcon_core.package_identification:_identify(src/depthai-ros/depthai_bridge) by extensions ['ignore', 'ignore_ament_install']
[0.257s] Level 1:colcon.colcon_core.package_identification:_identify(src/depthai-ros/depthai_bridge) by extension 'ignore'
[0.258s] Level 1:colcon.colcon_core.package_identification:_identify(src/depthai-ros/depthai_bridge) by extension 'ignore_ament_install'
[0.258s] Level 1:colcon.colcon_core.package_identification:_identify(src/depthai-ros/depthai_bridge) by extensions ['colcon_pkg']
[0.258s] Level 1:colcon.colcon_core.package_identification:_identify(src/depthai-ros/depthai_bridge) by extension 'colcon_pkg'
[0.258s] Level 1:colcon.colcon_core.package_identification:_identify(src/depthai-ros/depthai_bridge) by extensions ['colcon_meta']
[0.258s] Level 1:colcon.colcon_core.package_identification:_identify(src/depthai-ros/depthai_bridge) by extension 'colcon_meta'
[0.258s] Level 1:colcon.colcon_core.package_identification:_identify(src/depthai-ros/depthai_bridge) by extensions ['ros']
[0.258s] Level 1:colcon.colcon_core.package_identification:_identify(src/depthai-ros/depthai_bridge) by extension 'ros'
[0.260s] DEBUG:colcon.colcon_core.package_identification:Package 'src/depthai-ros/depthai_bridge' with type 'ros.ament_cmake' and name 'depthai_bridge'
[0.260s] Level 1:colcon.colcon_core.package_identification:_identify(src/depthai-ros/depthai_descriptions) by extensions ['ignore', 'ignore_ament_install']
[0.260s] Level 1:colcon.colcon_core.package_identification:_identify(src/depthai-ros/depthai_descriptions) by extension 'ignore'
[0.260s] Level 1:colcon.colcon_core.package_identification:_identify(src/depthai-ros/depthai_descriptions) by extension 'ignore_ament_install'
[0.260s] Level 1:colcon.colcon_core.package_identification:_identify(src/depthai-ros/depthai_descriptions) by extensions ['colcon_pkg']
[0.260s] Level 1:colcon.colcon_core.package_identification:_identify(src/depthai-ros/depthai_descriptions) by extension 'colcon_pkg'
[0.260s] Level 1:colcon.colcon_core.package_identification:_identify(src/depthai-ros/depthai_descriptions) by extensions ['colcon_meta']
[0.260s] Level 1:colcon.colcon_core.package_identification:_identify(src/depthai-ros/depthai_descriptions) by extension 'colcon_meta'
[0.260s] Level 1:colcon.colcon_core.package_identification:_identify(src/depthai-ros/depthai_descriptions) by extensions ['ros']
[0.260s] Level 1:colcon.colcon_core.package_identification:_identify(src/depthai-ros/depthai_descriptions) by extension 'ros'
[0.261s] DEBUG:colcon.colcon_core.package_identification:Package 'src/depthai-ros/depthai_descriptions' with type 'ros.ament_cmake' and name 'depthai_descriptions'
[0.261s] Level 1:colcon.colcon_core.package_identification:_identify(src/depthai-ros/depthai_examples) by extensions ['ignore', 'ignore_ament_install']
[0.261s] Level 1:colcon.colcon_core.package_identification:_identify(src/depthai-ros/depthai_examples) by extension 'ignore'
[0.261s] Level 1:colcon.colcon_core.package_identification:_identify(src/depthai-ros/depthai_examples) by extension 'ignore_ament_install'
[0.261s] Level 1:colcon.colcon_core.package_identification:_identify(src/depthai-ros/depthai_examples) by extensions ['colcon_pkg']
[0.261s] Level 1:colcon.colcon_core.package_identification:_identify(src/depthai-ros/depthai_examples) by extension 'colcon_pkg'
[0.261s] Level 1:colcon.colcon_core.package_identification:_identify(src/depthai-ros/depthai_examples) by extensions ['colcon_meta']
[0.261s] Level 1:colcon.colcon_core.package_identification:_identify(src/depthai-ros/depthai_examples) by extension 'colcon_meta'
[0.261s] Level 1:colcon.colcon_core.package_identification:_identify(src/depthai-ros/depthai_examples) by extensions ['ros']
[0.261s] Level 1:colcon.colcon_core.package_identification:_identify(src/depthai-ros/depthai_examples) by extension 'ros'
[0.263s] DEBUG:colcon.colcon_core.package_identification:Package 'src/depthai-ros/depthai_examples' with type 'ros.ament_cmake' and name 'depthai_examples'
[0.263s] Level 1:colcon.colcon_core.package_identification:_identify(src/depthai-ros/depthai_filters) by extensions ['ignore', 'ignore_ament_install']
[0.263s] Level 1:colcon.colcon_core.package_identification:_identify(src/depthai-ros/depthai_filters) by extension 'ignore'
[0.264s] Level 1:colcon.colcon_core.package_identification:_identify(src/depthai-ros/depthai_filters) by extension 'ignore_ament_install'
[0.264s] Level 1:colcon.colcon_core.package_identification:_identify(src/depthai-ros/depthai_filters) by extensions ['colcon_pkg']
[0.264s] Level 1:colcon.colcon_core.package_identification:_identify(src/depthai-ros/depthai_filters) by extension 'colcon_pkg'
[0.264s] Level 1:colcon.colcon_core.package_identification:_identify(src/depthai-ros/depthai_filters) by extensions ['colcon_meta']
[0.264s] Level 1:colcon.colcon_core.package_identification:_identify(src/depthai-ros/depthai_filters) by extension 'colcon_meta'
[0.264s] Level 1:colcon.colcon_core.package_identification:_identify(src/depthai-ros/depthai_filters) by extensions ['ros']
[0.264s] Level 1:colcon.colcon_core.package_identification:_identify(src/depthai-ros/depthai_filters) by extension 'ros'
[0.265s] DEBUG:colcon.colcon_core.package_identification:Package 'src/depthai-ros/depthai_filters' with type 'ros.ament_cmake' and name 'depthai_filters'
[0.265s] Level 1:colcon.colcon_core.package_identification:_identify(src/depthai-ros/depthai_ros_driver) by extensions ['ignore', 'ignore_ament_install']
[0.265s] Level 1:colcon.colcon_core.package_identification:_identify(src/depthai-ros/depthai_ros_driver) by extension 'ignore'
[0.265s] Level 1:colcon.colcon_core.package_identification:_identify(src/depthai-ros/depthai_ros_driver) by extension 'ignore_ament_install'
[0.265s] Level 1:colcon.colcon_core.package_identification:_identify(src/depthai-ros/depthai_ros_driver) by extensions ['colcon_pkg']
[0.265s] Level 1:colcon.colcon_core.package_identification:_identify(src/depthai-ros/depthai_ros_driver) by extension 'colcon_pkg'
[0.265s] Level 1:colcon.colcon_core.package_identification:_identify(src/depthai-ros/depthai_ros_driver) by extensions ['colcon_meta']
[0.265s] Level 1:colcon.colcon_core.package_identification:_identify(src/depthai-ros/depthai_ros_driver) by extension 'colcon_meta'
[0.266s] Level 1:colcon.colcon_core.package_identification:_identify(src/depthai-ros/depthai_ros_driver) by extensions ['ros']
[0.266s] Level 1:colcon.colcon_core.package_identification:_identify(src/depthai-ros/depthai_ros_driver) by extension 'ros'
[0.268s] DEBUG:colcon.colcon_core.package_identification:Package 'src/depthai-ros/depthai_ros_driver' with type 'ros.ament_cmake' and name 'depthai_ros_driver'
[0.268s] Level 1:colcon.colcon_core.package_identification:_identify(src/depthai-ros/depthai_ros_msgs) by extensions ['ignore', 'ignore_ament_install']
[0.268s] Level 1:colcon.colcon_core.package_identification:_identify(src/depthai-ros/depthai_ros_msgs) by extension 'ignore'
[0.268s] Level 1:colcon.colcon_core.package_identification:_identify(src/depthai-ros/depthai_ros_msgs) by extension 'ignore_ament_install'
[0.268s] Level 1:colcon.colcon_core.package_identification:_identify(src/depthai-ros/depthai_ros_msgs) by extensions ['colcon_pkg']
[0.268s] Level 1:colcon.colcon_core.package_identification:_identify(src/depthai-ros/depthai_ros_msgs) by extension 'colcon_pkg'
[0.268s] Level 1:colcon.colcon_core.package_identification:_identify(src/depthai-ros/depthai_ros_msgs) by extensions ['colcon_meta']
[0.268s] Level 1:colcon.colcon_core.package_identification:_identify(src/depthai-ros/depthai_ros_msgs) by extension 'colcon_meta'
[0.268s] Level 1:colcon.colcon_core.package_identification:_identify(src/depthai-ros/depthai_ros_msgs) by extensions ['ros']
[0.268s] Level 1:colcon.colcon_core.package_identification:_identify(src/depthai-ros/depthai_ros_msgs) by extension 'ros'
[0.269s] DEBUG:colcon.colcon_core.package_identification:Package 'src/depthai-ros/depthai_ros_msgs' with type 'ros.ament_cmake' and name 'depthai_ros_msgs'
[0.270s] Level 1:colcon.colcon_core.package_identification:_identify(src/install) by extensions ['ignore', 'ignore_ament_install']
[0.270s] Level 1:colcon.colcon_core.package_identification:_identify(src/install) by extension 'ignore'
[0.270s] Level 1:colcon.colcon_core.package_identification:_identify(src/install) ignored
[0.270s] Level 1:colcon.colcon_core.package_identification:_identify(src/log) by extensions ['ignore', 'ignore_ament_install']
[0.270s] Level 1:colcon.colcon_core.package_identification:_identify(src/log) by extension 'ignore'
[0.270s] Level 1:colcon.colcon_core.package_identification:_identify(src/log) ignored
[0.270s] Level 1:colcon.colcon_core.package_identification:_identify(src/my_ugv_bringup) by extensions ['ignore', 'ignore_ament_install']
[0.270s] Level 1:colcon.colcon_core.package_identification:_identify(src/my_ugv_bringup) by extension 'ignore'
[0.270s] Level 1:colcon.colcon_core.package_identification:_identify(src/my_ugv_bringup) by extension 'ignore_ament_install'
[0.270s] Level 1:colcon.colcon_core.package_identification:_identify(src/my_ugv_bringup) by extensions ['colcon_pkg']
[0.270s] Level 1:colcon.colcon_core.package_identification:_identify(src/my_ugv_bringup) by extension 'colcon_pkg'
[0.270s] Level 1:colcon.colcon_core.package_identification:_identify(src/my_ugv_bringup) by extensions ['colcon_meta']
[0.270s] Level 1:colcon.colcon_core.package_identification:_identify(src/my_ugv_bringup) by extension 'colcon_meta'
[0.270s] Level 1:colcon.colcon_core.package_identification:_identify(src/my_ugv_bringup) by extensions ['ros']
[0.270s] Level 1:colcon.colcon_core.package_identification:_identify(src/my_ugv_bringup) by extension 'ros'
[0.271s] DEBUG:colcon.colcon_core.package_identification:Package 'src/my_ugv_bringup' with type 'ros.ament_cmake' and name 'my_ugv_bringup'
[0.271s] Level 1:colcon.colcon_core.package_identification:_identify(src/my_ugv_description) by extensions ['ignore', 'ignore_ament_install']
[0.271s] Level 1:colcon.colcon_core.package_identification:_identify(src/my_ugv_description) by extension 'ignore'
[0.271s] Level 1:colcon.colcon_core.package_identification:_identify(src/my_ugv_description) by extension 'ignore_ament_install'
[0.271s] Level 1:colcon.colcon_core.package_identification:_identify(src/my_ugv_description) by extensions ['colcon_pkg']
[0.271s] Level 1:colcon.colcon_core.package_identification:_identify(src/my_ugv_description) by extension 'colcon_pkg'
[0.271s] Level 1:colcon.colcon_core.package_identification:_identify(src/my_ugv_description) by extensions ['colcon_meta']
[0.271s] Level 1:colcon.colcon_core.package_identification:_identify(src/my_ugv_description) by extension 'colcon_meta'
[0.271s] Level 1:colcon.colcon_core.package_identification:_identify(src/my_ugv_description) by extensions ['ros']
[0.271s] Level 1:colcon.colcon_core.package_identification:_identify(src/my_ugv_description) by extension 'ros'
[0.272s] DEBUG:colcon.colcon_core.package_identification:Package 'src/my_ugv_description' with type 'ros.ament_cmake' and name 'my_ugv_description'
[0.272s] Level 1:colcon.colcon_core.package_identification:_identify(src/my_ugv_hardware) by extensions ['ignore', 'ignore_ament_install']
[0.272s] Level 1:colcon.colcon_core.package_identification:_identify(src/my_ugv_hardware) by extension 'ignore'
[0.272s] Level 1:colcon.colcon_core.package_identification:_identify(src/my_ugv_hardware) by extension 'ignore_ament_install'
[0.272s] Level 1:colcon.colcon_core.package_identification:_identify(src/my_ugv_hardware) by extensions ['colcon_pkg']
[0.272s] Level 1:colcon.colcon_core.package_identification:_identify(src/my_ugv_hardware) by extension 'colcon_pkg'
[0.273s] Level 1:colcon.colcon_core.package_identification:_identify(src/my_ugv_hardware) by extensions ['colcon_meta']
[0.273s] Level 1:colcon.colcon_core.package_identification:_identify(src/my_ugv_hardware) by extension 'colcon_meta'
[0.273s] Level 1:colcon.colcon_core.package_identification:_identify(src/my_ugv_hardware) by extensions ['ros']
[0.273s] Level 1:colcon.colcon_core.package_identification:_identify(src/my_ugv_hardware) by extension 'ros'
[0.273s] DEBUG:colcon.colcon_core.package_identification:Package 'src/my_ugv_hardware' with type 'ros.ament_python' and name 'my_ugv_hardware'
[0.273s] Level 1:colcon.colcon_core.package_identification:_identify(src/my_ugv_vision) by extensions ['ignore', 'ignore_ament_install']
[0.273s] Level 1:colcon.colcon_core.package_identification:_identify(src/my_ugv_vision) by extension 'ignore'
[0.274s] Level 1:colcon.colcon_core.package_identification:_identify(src/my_ugv_vision) by extension 'ignore_ament_install'
[0.274s] Level 1:colcon.colcon_core.package_identification:_identify(src/my_ugv_vision) by extensions ['colcon_pkg']
[0.274s] Level 1:colcon.colcon_core.package_identification:_identify(src/my_ugv_vision) by extension 'colcon_pkg'
[0.274s] Level 1:colcon.colcon_core.package_identification:_identify(src/my_ugv_vision) by extensions ['colcon_meta']
[0.274s] Level 1:colcon.colcon_core.package_identification:_identify(src/my_ugv_vision) by extension 'colcon_meta'
[0.274s] Level 1:colcon.colcon_core.package_identification:_identify(src/my_ugv_vision) by extensions ['ros']
[0.274s] Level 1:colcon.colcon_core.package_identification:_identify(src/my_ugv_vision) by extension 'ros'
[0.275s] DEBUG:colcon.colcon_core.package_identification:Package 'src/my_ugv_vision' with type 'ros.ament_python' and name 'my_ugv_vision'
[0.275s] Level 1:colcon.colcon_core.package_identification:_identify(src/roboteq_ros2_driver) by extensions ['ignore', 'ignore_ament_install']
[0.275s] Level 1:colcon.colcon_core.package_identification:_identify(src/roboteq_ros2_driver) by extension 'ignore'
[0.275s] Level 1:colcon.colcon_core.package_identification:_identify(src/roboteq_ros2_driver) by extension 'ignore_ament_install'
[0.275s] Level 1:colcon.colcon_core.package_identification:_identify(src/roboteq_ros2_driver) by extensions ['colcon_pkg']
[0.275s] Level 1:colcon.colcon_core.package_identification:_identify(src/roboteq_ros2_driver) by extension 'colcon_pkg'
[0.275s] Level 1:colcon.colcon_core.package_identification:_identify(src/roboteq_ros2_driver) by extensions ['colcon_meta']
[0.275s] Level 1:colcon.colcon_core.package_identification:_identify(src/roboteq_ros2_driver) by extension 'colcon_meta'
[0.275s] Level 1:colcon.colcon_core.package_identification:_identify(src/roboteq_ros2_driver) by extensions ['ros']
[0.275s] Level 1:colcon.colcon_core.package_identification:_identify(src/roboteq_ros2_driver) by extension 'ros'
[0.276s] DEBUG:colcon.colcon_core.package_identification:Package 'src/roboteq_ros2_driver' with type 'ros.ament_cmake' and name 'roboteq_ros2_driver'
[0.276s] Level 1:colcon.colcon_core.package_identification:_identify(src/rplidar_ros) by extensions ['ignore', 'ignore_ament_install']
[0.276s] Level 1:colcon.colcon_core.package_identification:_identify(src/rplidar_ros) by extension 'ignore'
[0.276s] Level 1:colcon.colcon_core.package_identification:_identify(src/rplidar_ros) by extension 'ignore_ament_install'
[0.276s] Level 1:colcon.colcon_core.package_identification:_identify(src/rplidar_ros) by extensions ['colcon_pkg']
[0.276s] Level 1:colcon.colcon_core.package_identification:_identify(src/rplidar_ros) by extension 'colcon_pkg'
[0.276s] Level 1:colcon.colcon_core.package_identification:_identify(src/rplidar_ros) by extensions ['colcon_meta']
[0.276s] Level 1:colcon.colcon_core.package_identification:_identify(src/rplidar_ros) by extension 'colcon_meta'
[0.276s] Level 1:colcon.colcon_core.package_identification:_identify(src/rplidar_ros) by extensions ['ros']
[0.276s] Level 1:colcon.colcon_core.package_identification:_identify(src/rplidar_ros) by extension 'ros'
[0.277s] DEBUG:colcon.colcon_core.package_identification:Package 'src/rplidar_ros' with type 'ros.ament_cmake' and name 'rplidar_ros'
[0.277s] Level 1:colcon.colcon_core.package_discovery:discover_packages(recursive) using defaults
[0.277s] Level 1:colcon.colcon_core.package_discovery:discover_packages(ignore) discover
[0.277s] Level 1:colcon.colcon_core.package_discovery:discover_packages(ignore) using defaults
[0.277s] Level 1:colcon.colcon_core.package_discovery:discover_packages(path) discover
[0.277s] Level 1:colcon.colcon_core.package_discovery:discover_packages(path) using defaults
[0.307s] Level 1:colcon.colcon_core.package_discovery:discover_packages(prefix_path) check parameters
[0.307s] Level 1:colcon.colcon_core.package_discovery:discover_packages(prefix_path) discover
[0.310s] DEBUG:colcon.colcon_installed_package_information.package_discovery:Found 13 installed packages in /home/ground/ugv_repo/OperationTouchdown/ugv_ws/install
[0.313s] DEBUG:colcon.colcon_installed_package_information.package_discovery:Found 414 installed packages in /opt/ros/jazzy
[0.315s] Level 1:colcon.colcon_core.package_discovery:discover_packages(prefix_path) using defaults
[0.394s] Level 5:colcon.colcon_core.verb:set package 'depthai_descriptions' build argument 'cmake_args' from command line to 'None'
[0.394s] Level 5:colcon.colcon_core.verb:set package 'depthai_descriptions' build argument 'cmake_target' from command line to 'None'
[0.394s] Level 5:colcon.colcon_core.verb:set package 'depthai_descriptions' build argument 'cmake_target_skip_unavailable' from command line to 'False'
[0.394s] Level 5:colcon.colcon_core.verb:set package 'depthai_descriptions' build argument 'cmake_clean_cache' from command line to 'False'
[0.394s] Level 5:colcon.colcon_core.verb:set package 'depthai_descriptions' build argument 'cmake_clean_first' from command line to 'False'
[0.394s] Level 5:colcon.colcon_core.verb:set package 'depthai_descriptions' build argument 'cmake_force_configure' from command line to 'False'
[0.394s] Level 5:colcon.colcon_core.verb:set package 'depthai_descriptions' build argument 'ament_cmake_args' from command line to 'None'
[0.394s] Level 5:colcon.colcon_core.verb:set package 'depthai_descriptions' build argument 'catkin_cmake_args' from command line to 'None'
[0.394s] Level 5:colcon.colcon_core.verb:set package 'depthai_descriptions' build argument 'catkin_skip_building_tests' from command line to 'False'
[0.394s] DEBUG:colcon.colcon_core.verb:Building package 'depthai_descriptions' with the following arguments: {'ament_cmake_args': None, 'build_base': '/home/ground/ugv_repo/OperationTouchdown/ugv_ws/build/depthai_descriptions', 'catkin_cmake_args': None, 'catkin_skip_building_tests': False, 'cmake_args': None, 'cmake_clean_cache': False, 'cmake_clean_first': False, 'cmake_force_configure': False, 'cmake_target': None, 'cmake_target_skip_unavailable': False, 'install_base': '/home/ground/ugv_repo/OperationTouchdown/ugv_ws/install/depthai_descriptions', 'merge_install': False, 'path': '/home/ground/ugv_repo/OperationTouchdown/ugv_ws/src/depthai-ros/depthai_descriptions', 'symlink_install': True, 'test_result_base': None}
[0.395s] Level 5:colcon.colcon_core.verb:set package 'depthai_ros_msgs' build argument 'cmake_args' from command line to 'None'
[0.395s] Level 5:colcon.colcon_core.verb:set package 'depthai_ros_msgs' build argument 'cmake_target' from command line to 'None'
[0.395s] Level 5:colcon.colcon_core.verb:set package 'depthai_ros_msgs' build argument 'cmake_target_skip_unavailable' from command line to 'False'
[0.395s] Level 5:colcon.colcon_core.verb:set package 'depthai_ros_msgs' build argument 'cmake_clean_cache' from command line to 'False'
[0.395s] Level 5:colcon.colcon_core.verb:set package 'depthai_ros_msgs' build argument 'cmake_clean_first' from command line to 'False'
[0.395s] Level 5:colcon.colcon_core.verb:set package 'depthai_ros_msgs' build argument 'cmake_force_configure' from command line to 'False'
[0.395s] Level 5:colcon.colcon_core.verb:set package 'depthai_ros_msgs' build argument 'ament_cmake_args' from command line to 'None'
[0.395s] Level 5:colcon.colcon_core.verb:set package 'depthai_ros_msgs' build argument 'catkin_cmake_args' from command line to 'None'
[0.395s] Level 5:colcon.colcon_core.verb:set package 'depthai_ros_msgs' build argument 'catkin_skip_building_tests' from command line to 'False'
[0.395s] DEBUG:colcon.colcon_core.verb:Building package 'depthai_ros_msgs' with the following arguments: {'ament_cmake_args': None, 'build_base': '/home/ground/ugv_repo/OperationTouchdown/ugv_ws/build/depthai_ros_msgs', 'catkin_cmake_args': None, 'catkin_skip_building_tests': False, 'cmake_args': None, 'cmake_clean_cache': False, 'cmake_clean_first': False, 'cmake_force_configure': False, 'cmake_target': None, 'cmake_target_skip_unavailable': False, 'install_base': '/home/ground/ugv_repo/OperationTouchdown/ugv_ws/install/depthai_ros_msgs', 'merge_install': False, 'path': '/home/ground/ugv_repo/OperationTouchdown/ugv_ws/src/depthai-ros/depthai_ros_msgs', 'symlink_install': True, 'test_result_base': None}
[0.395s] Level 5:colcon.colcon_core.verb:set package 'my_ugv_description' build argument 'cmake_args' from command line to 'None'
[0.395s] Level 5:colcon.colcon_core.verb:set package 'my_ugv_description' build argument 'cmake_target' from command line to 'None'
[0.395s] Level 5:colcon.colcon_core.verb:set package 'my_ugv_description' build argument 'cmake_target_skip_unavailable' from command line to 'False'
[0.395s] Level 5:colcon.colcon_core.verb:set package 'my_ugv_description' build argument 'cmake_clean_cache' from command line to 'False'
[0.395s] Level 5:colcon.colcon_core.verb:set package 'my_ugv_description' build argument 'cmake_clean_first' from command line to 'False'
[0.395s] Level 5:colcon.colcon_core.verb:set package 'my_ugv_description' build argument 'cmake_force_configure' from command line to 'False'
[0.395s] Level 5:colcon.colcon_core.verb:set package 'my_ugv_description' build argument 'ament_cmake_args' from command line to 'None'
[0.395s] Level 5:colcon.colcon_core.verb:set package 'my_ugv_description' build argument 'catkin_cmake_args' from command line to 'None'
[0.395s] Level 5:colcon.colcon_core.verb:set package 'my_ugv_description' build argument 'catkin_skip_building_tests' from command line to 'False'
[0.395s] DEBUG:colcon.colcon_core.verb:Building package 'my_ugv_description' with the following arguments: {'ament_cmake_args': None, 'build_base': '/home/ground/ugv_repo/OperationTouchdown/ugv_ws/build/my_ugv_description', 'catkin_cmake_args': None, 'catkin_skip_building_tests': False, 'cmake_args': None, 'cmake_clean_cache': False, 'cmake_clean_first': False, 'cmake_force_configure': False, 'cmake_target': None, 'cmake_target_skip_unavailable': False, 'install_base': '/home/ground/ugv_repo/OperationTouchdown/ugv_ws/install/my_ugv_description', 'merge_install': False, 'path': '/home/ground/ugv_repo/OperationTouchdown/ugv_ws/src/my_ugv_description', 'symlink_install': True, 'test_result_base': None}
[0.396s] Level 5:colcon.colcon_core.verb:set package 'my_ugv_hardware' build argument 'cmake_args' from command line to 'None'
[0.396s] Level 5:colcon.colcon_core.verb:set package 'my_ugv_hardware' build argument 'cmake_target' from command line to 'None'
[0.396s] Level 5:colcon.colcon_core.verb:set package 'my_ugv_hardware' build argument 'cmake_target_skip_unavailable' from command line to 'False'
[0.396s] Level 5:colcon.colcon_core.verb:set package 'my_ugv_hardware' build argument 'cmake_clean_cache' from command line to 'False'
[0.396s] Level 5:colcon.colcon_core.verb:set package 'my_ugv_hardware' build argument 'cmake_clean_first' from command line to 'False'
[0.396s] Level 5:colcon.colcon_core.verb:set package 'my_ugv_hardware' build argument 'cmake_force_configure' from command line to 'False'
[0.396s] Level 5:colcon.colcon_core.verb:set package 'my_ugv_hardware' build argument 'ament_cmake_args' from command line to 'None'
[0.396s] Level 5:colcon.colcon_core.verb:set package 'my_ugv_hardware' build argument 'catkin_cmake_args' from command line to 'None'
[0.396s] Level 5:colcon.colcon_core.verb:set package 'my_ugv_hardware' build argument 'catkin_skip_building_tests' from command line to 'False'
[0.396s] DEBUG:colcon.colcon_core.verb:Building package 'my_ugv_hardware' with the following arguments: {'ament_cmake_args': None, 'build_base': '/home/ground/ugv_repo/OperationTouchdown/ugv_ws/build/my_ugv_hardware', 'catkin_cmake_args': None, 'catkin_skip_building_tests': False, 'cmake_args': None, 'cmake_clean_cache': False, 'cmake_clean_first': False, 'cmake_force_configure': False, 'cmake_target': None, 'cmake_target_skip_unavailable': False, 'install_base': '/home/ground/ugv_repo/OperationTouchdown/ugv_ws/install/my_ugv_hardware', 'merge_install': False, 'path': '/home/ground/ugv_repo/OperationTouchdown/ugv_ws/src/my_ugv_hardware', 'symlink_install': True, 'test_result_base': None}
[0.396s] Level 5:colcon.colcon_core.verb:set package 'my_ugv_vision' build argument 'cmake_args' from command line to 'None'
[0.396s] Level 5:colcon.colcon_core.verb:set package 'my_ugv_vision' build argument 'cmake_target' from command line to 'None'
[0.396s] Level 5:colcon.colcon_core.verb:set package 'my_ugv_vision' build argument 'cmake_target_skip_unavailable' from command line to 'False'
[0.396s] Level 5:colcon.colcon_core.verb:set package 'my_ugv_vision' build argument 'cmake_clean_cache' from command line to 'False'
[0.396s] Level 5:colcon.colcon_core.verb:set package 'my_ugv_vision' build argument 'cmake_clean_first' from command line to 'False'
[0.396s] Level 5:colcon.colcon_core.verb:set package 'my_ugv_vision' build argument 'cmake_force_configure' from command line to 'False'
[0.396s] Level 5:colcon.colcon_core.verb:set package 'my_ugv_vision' build argument 'ament_cmake_args' from command line to 'None'
[0.396s] Level 5:colcon.colcon_core.verb:set package 'my_ugv_vision' build argument 'catkin_cmake_args' from command line to 'None'
[0.397s] Level 5:colcon.colcon_core.verb:set package 'my_ugv_vision' build argument 'catkin_skip_building_tests' from command line to 'False'
[0.397s] DEBUG:colcon.colcon_core.verb:Building package 'my_ugv_vision' with the following arguments: {'ament_cmake_args': None, 'build_base': '/home/ground/ugv_repo/OperationTouchdown/ugv_ws/build/my_ugv_vision', 'catkin_cmake_args': None, 'catkin_skip_building_tests': False, 'cmake_args': None, 'cmake_clean_cache': False, 'cmake_clean_first': False, 'cmake_force_configure': False, 'cmake_target': None, 'cmake_target_skip_unavailable': False, 'install_base': '/home/ground/ugv_repo/OperationTouchdown/ugv_ws/install/my_ugv_vision', 'merge_install': False, 'path': '/home/ground/ugv_repo/OperationTouchdown/ugv_ws/src/my_ugv_vision', 'symlink_install': True, 'test_result_base': None}
[0.397s] Level 5:colcon.colcon_core.verb:set package 'roboteq_ros2_driver' build argument 'cmake_args' from command line to 'None'
[0.397s] Level 5:colcon.colcon_core.verb:set package 'roboteq_ros2_driver' build argument 'cmake_target' from command line to 'None'
[0.397s] Level 5:colcon.colcon_core.verb:set package 'roboteq_ros2_driver' build argument 'cmake_target_skip_unavailable' from command line to 'False'
[0.397s] Level 5:colcon.colcon_core.verb:set package 'roboteq_ros2_driver' build argument 'cmake_clean_cache' from command line to 'False'
[0.397s] Level 5:colcon.colcon_core.verb:set package 'roboteq_ros2_driver' build argument 'cmake_clean_first' from command line to 'False'
[0.397s] Level 5:colcon.colcon_core.verb:set package 'roboteq_ros2_driver' build argument 'cmake_force_configure' from command line to 'False'
[0.397s] Level 5:colcon.colcon_core.verb:set package 'roboteq_ros2_driver' build argument 'ament_cmake_args' from command line to 'None'
[0.397s] Level 5:colcon.colcon_core.verb:set package 'roboteq_ros2_driver' build argument 'catkin_cmake_args' from command line to 'None'
[0.397s] Level 5:colcon.colcon_core.verb:set package 'roboteq_ros2_driver' build argument 'catkin_skip_building_tests' from command line to 'False'
[0.397s] DEBUG:colcon.colcon_core.verb:Building package 'roboteq_ros2_driver' with the following arguments: {'ament_cmake_args': None, 'build_base': '/home/ground/ugv_repo/OperationTouchdown/ugv_ws/build/roboteq_ros2_driver', 'catkin_cmake_args': None, 'catkin_skip_building_tests': False, 'cmake_args': None, 'cmake_clean_cache': False, 'cmake_clean_first': False, 'cmake_force_configure': False, 'cmake_target': None, 'cmake_target_skip_unavailable': False, 'install_base': '/home/ground/ugv_repo/OperationTouchdown/ugv_ws/install/roboteq_ros2_driver', 'merge_install': False, 'path': '/home/ground/ugv_repo/OperationTouchdown/ugv_ws/src/roboteq_ros2_driver', 'symlink_install': True, 'test_result_base': None}
[0.397s] Level 5:colcon.colcon_core.verb:set package 'rplidar_ros' build argument 'cmake_args' from command line to 'None'
[0.397s] Level 5:colcon.colcon_core.verb:set package 'rplidar_ros' build argument 'cmake_target' from command line to 'None'
[0.397s] Level 5:colcon.colcon_core.verb:set package 'rplidar_ros' build argument 'cmake_target_skip_unavailable' from command line to 'False'
[0.397s] Level 5:colcon.colcon_core.verb:set package 'rplidar_ros' build argument 'cmake_clean_cache' from command line to 'False'
[0.398s] Level 5:colcon.colcon_core.verb:set package 'rplidar_ros' build argument 'cmake_clean_first' from command line to 'False'
[0.398s] Level 5:colcon.colcon_core.verb:set package 'rplidar_ros' build argument 'cmake_force_configure' from command line to 'False'
[0.398s] Level 5:colcon.colcon_core.verb:set package 'rplidar_ros' build argument 'ament_cmake_args' from command line to 'None'
[0.398s] Level 5:colcon.colcon_core.verb:set package 'rplidar_ros' build argument 'catkin_cmake_args' from command line to 'None'
[0.398s] Level 5:colcon.colcon_core.verb:set package 'rplidar_ros' build argument 'catkin_skip_building_tests' from command line to 'False'
[0.398s] DEBUG:colcon.colcon_core.verb:Building package 'rplidar_ros' with the following arguments: {'ament_cmake_args': None, 'build_base': '/home/ground/ugv_repo/OperationTouchdown/ugv_ws/build/rplidar_ros', 'catkin_cmake_args': None, 'catkin_skip_building_tests': False, 'cmake_args': None, 'cmake_clean_cache': False, 'cmake_clean_first': False, 'cmake_force_configure': False, 'cmake_target': None, 'cmake_target_skip_unavailable': False, 'install_base': '/home/ground/ugv_repo/OperationTouchdown/ugv_ws/install/rplidar_ros', 'merge_install': False, 'path': '/home/ground/ugv_repo/OperationTouchdown/ugv_ws/src/rplidar_ros', 'symlink_install': True, 'test_result_base': None}
[0.398s] Level 5:colcon.colcon_core.verb:set package 'depthai_bridge' build argument 'cmake_args' from command line to 'None'
[0.398s] Level 5:colcon.colcon_core.verb:set package 'depthai_bridge' build argument 'cmake_target' from command line to 'None'
[0.398s] Level 5:colcon.colcon_core.verb:set package 'depthai_bridge' build argument 'cmake_target_skip_unavailable' from command line to 'False'
[0.398s] Level 5:colcon.colcon_core.verb:set package 'depthai_bridge' build argument 'cmake_clean_cache' from command line to 'False'
[0.398s] Level 5:colcon.colcon_core.verb:set package 'depthai_bridge' build argument 'cmake_clean_first' from command line to 'False'
[0.398s] Level 5:colcon.colcon_core.verb:set package 'depthai_bridge' build argument 'cmake_force_configure' from command line to 'False'
[0.398s] Level 5:colcon.colcon_core.verb:set package 'depthai_bridge' build argument 'ament_cmake_args' from command line to 'None'
[0.398s] Level 5:colcon.colcon_core.verb:set package 'depthai_bridge' build argument 'catkin_cmake_args' from command line to 'None'
[0.398s] Level 5:colcon.colcon_core.verb:set package 'depthai_bridge' build argument 'catkin_skip_building_tests' from command line to 'False'
[0.398s] DEBUG:colcon.colcon_core.verb:Building package 'depthai_bridge' with the following arguments: {'ament_cmake_args': None, 'build_base': '/home/ground/ugv_repo/OperationTouchdown/ugv_ws/build/depthai_bridge', 'catkin_cmake_args': None, 'catkin_skip_building_tests': False, 'cmake_args': None, 'cmake_clean_cache': False, 'cmake_clean_first': False, 'cmake_force_configure': False, 'cmake_target': None, 'cmake_target_skip_unavailable': False, 'install_base': '/home/ground/ugv_repo/OperationTouchdown/ugv_ws/install/depthai_bridge', 'merge_install': False, 'path': '/home/ground/ugv_repo/OperationTouchdown/ugv_ws/src/depthai-ros/depthai_bridge', 'symlink_install': True, 'test_result_base': None}
[0.398s] Level 5:colcon.colcon_core.verb:set package 'depthai_filters' build argument 'cmake_args' from command line to 'None'
[0.399s] Level 5:colcon.colcon_core.verb:set package 'depthai_filters' build argument 'cmake_target' from command line to 'None'
[0.399s] Level 5:colcon.colcon_core.verb:set package 'depthai_filters' build argument 'cmake_target_skip_unavailable' from command line to 'False'
[0.399s] Level 5:colcon.colcon_core.verb:set package 'depthai_filters' build argument 'cmake_clean_cache' from command line to 'False'
[0.399s] Level 5:colcon.colcon_core.verb:set package 'depthai_filters' build argument 'cmake_clean_first' from command line to 'False'
[0.399s] Level 5:colcon.colcon_core.verb:set package 'depthai_filters' build argument 'cmake_force_configure' from command line to 'False'
[0.399s] Level 5:colcon.colcon_core.verb:set package 'depthai_filters' build argument 'ament_cmake_args' from command line to 'None'
[0.399s] Level 5:colcon.colcon_core.verb:set package 'depthai_filters' build argument 'catkin_cmake_args' from command line to 'None'
[0.399s] Level 5:colcon.colcon_core.verb:set package 'depthai_filters' build argument 'catkin_skip_building_tests' from command line to 'False'
[0.399s] DEBUG:colcon.colcon_core.verb:Building package 'depthai_filters' with the following arguments: {'ament_cmake_args': None, 'build_base': '/home/ground/ugv_repo/OperationTouchdown/ugv_ws/build/depthai_filters', 'catkin_cmake_args': None, 'catkin_skip_building_tests': False, 'cmake_args': None, 'cmake_clean_cache': False, 'cmake_clean_first': False, 'cmake_force_configure': False, 'cmake_target': None, 'cmake_target_skip_unavailable': False, 'install_base': '/home/ground/ugv_repo/OperationTouchdown/ugv_ws/install/depthai_filters', 'merge_install': False, 'path': '/home/ground/ugv_repo/OperationTouchdown/ugv_ws/src/depthai-ros/depthai_filters', 'symlink_install': True, 'test_result_base': None}
[0.399s] Level 5:colcon.colcon_core.verb:set package 'my_ugv_bringup' build argument 'cmake_args' from command line to 'None'
[0.399s] Level 5:colcon.colcon_core.verb:set package 'my_ugv_bringup' build argument 'cmake_target' from command line to 'None'
[0.399s] Level 5:colcon.colcon_core.verb:set package 'my_ugv_bringup' build argument 'cmake_target_skip_unavailable' from command line to 'False'
[0.399s] Level 5:colcon.colcon_core.verb:set package 'my_ugv_bringup' build argument 'cmake_clean_cache' from command line to 'False'
[0.399s] Level 5:colcon.colcon_core.verb:set package 'my_ugv_bringup' build argument 'cmake_clean_first' from command line to 'False'
[0.399s] Level 5:colcon.colcon_core.verb:set package 'my_ugv_bringup' build argument 'cmake_force_configure' from command line to 'False'
[0.399s] Level 5:colcon.colcon_core.verb:set package 'my_ugv_bringup' build argument 'ament_cmake_args' from command line to 'None'
[0.399s] Level 5:colcon.colcon_core.verb:set package 'my_ugv_bringup' build argument 'catkin_cmake_args' from command line to 'None'
[0.399s] Level 5:colcon.colcon_core.verb:set package 'my_ugv_bringup' build argument 'catkin_skip_building_tests' from command line to 'False'
[0.399s] DEBUG:colcon.colcon_core.verb:Building package 'my_ugv_bringup' with the following arguments: {'ament_cmake_args': None, 'build_base': '/home/ground/ugv_repo/OperationTouchdown/ugv_ws/build/my_ugv_bringup', 'catkin_cmake_args': None, 'catkin_skip_building_tests': False, 'cmake_args': None, 'cmake_clean_cache': False, 'cmake_clean_first': False, 'cmake_force_configure': False, 'cmake_target': None, 'cmake_target_skip_unavailable': False, 'install_base': '/home/ground/ugv_repo/OperationTouchdown/ugv_ws/install/my_ugv_bringup', 'merge_install': False, 'path': '/home/ground/ugv_repo/OperationTouchdown/ugv_ws/src/my_ugv_bringup', 'symlink_install': True, 'test_result_base': None}
[0.400s] Level 5:colcon.colcon_core.verb:set package 'depthai_examples' build argument 'cmake_args' from command line to 'None'
[0.400s] Level 5:colcon.colcon_core.verb:set package 'depthai_examples' build argument 'cmake_target' from command line to 'None'
[0.400s] Level 5:colcon.colcon_core.verb:set package 'depthai_examples' build argument 'cmake_target_skip_unavailable' from command line to 'False'
[0.400s] Level 5:colcon.colcon_core.verb:set package 'depthai_examples' build argument 'cmake_clean_cache' from command line to 'False'
[0.400s] Level 5:colcon.colcon_core.verb:set package 'depthai_examples' build argument 'cmake_clean_first' from command line to 'False'
[0.400s] Level 5:colcon.colcon_core.verb:set package 'depthai_examples' build argument 'cmake_force_configure' from command line to 'False'
[0.400s] Level 5:colcon.colcon_core.verb:set package 'depthai_examples' build argument 'ament_cmake_args' from command line to 'None'
[0.400s] Level 5:colcon.colcon_core.verb:set package 'depthai_examples' build argument 'catkin_cmake_args' from command line to 'None'
[0.400s] Level 5:colcon.colcon_core.verb:set package 'depthai_examples' build argument 'catkin_skip_building_tests' from command line to 'False'
[0.400s] DEBUG:colcon.colcon_core.verb:Building package 'depthai_examples' with the following arguments: {'ament_cmake_args': None, 'build_base': '/home/ground/ugv_repo/OperationTouchdown/ugv_ws/build/depthai_examples', 'catkin_cmake_args': None, 'catkin_skip_building_tests': False, 'cmake_args': None, 'cmake_clean_cache': False, 'cmake_clean_first': False, 'cmake_force_configure': False, 'cmake_target': None, 'cmake_target_skip_unavailable': False, 'install_base': '/home/ground/ugv_repo/OperationTouchdown/ugv_ws/install/depthai_examples', 'merge_install': False, 'path': '/home/ground/ugv_repo/OperationTouchdown/ugv_ws/src/depthai-ros/depthai_examples', 'symlink_install': True, 'test_result_base': None}
[0.400s] Level 5:colcon.colcon_core.verb:set package 'depthai_ros_driver' build argument 'cmake_args' from command line to 'None'
[0.400s] Level 5:colcon.colcon_core.verb:set package 'depthai_ros_driver' build argument 'cmake_target' from command line to 'None'
[0.400s] Level 5:colcon.colcon_core.verb:set package 'depthai_ros_driver' build argument 'cmake_target_skip_unavailable' from command line to 'False'
[0.400s] Level 5:colcon.colcon_core.verb:set package 'depthai_ros_driver' build argument 'cmake_clean_cache' from command line to 'False'
[0.400s] Level 5:colcon.colcon_core.verb:set package 'depthai_ros_driver' build argument 'cmake_clean_first' from command line to 'False'
[0.400s] Level 5:colcon.colcon_core.verb:set package 'depthai_ros_driver' build argument 'cmake_force_configure' from command line to 'False'
[0.400s] Level 5:colcon.colcon_core.verb:set package 'depthai_ros_driver' build argument 'ament_cmake_args' from command line to 'None'
[0.400s] Level 5:colcon.colcon_core.verb:set package 'depthai_ros_driver' build argument 'catkin_cmake_args' from command line to 'None'
[0.400s] Level 5:colcon.colcon_core.verb:set package 'depthai_ros_driver' build argument 'catkin_skip_building_tests' from command line to 'False'
[0.400s] DEBUG:colcon.colcon_core.verb:Building package 'depthai_ros_driver' with the following arguments: {'ament_cmake_args': None, 'build_base': '/home/ground/ugv_repo/OperationTouchdown/ugv_ws/build/depthai_ros_driver', 'catkin_cmake_args': None, 'catkin_skip_building_tests': False, 'cmake_args': None, 'cmake_clean_cache': False, 'cmake_clean_first': False, 'cmake_force_configure': False, 'cmake_target': None, 'cmake_target_skip_unavailable': False, 'install_base': '/home/ground/ugv_repo/OperationTouchdown/ugv_ws/install/depthai_ros_driver', 'merge_install': False, 'path': '/home/ground/ugv_repo/OperationTouchdown/ugv_ws/src/depthai-ros/depthai_ros_driver', 'symlink_install': True, 'test_result_base': None}
[0.401s] Level 5:colcon.colcon_core.verb:set package 'depthai-ros' build argument 'cmake_args' from command line to 'None'
[0.401s] Level 5:colcon.colcon_core.verb:set package 'depthai-ros' build argument 'cmake_target' from command line to 'None'
[0.401s] Level 5:colcon.colcon_core.verb:set package 'depthai-ros' build argument 'cmake_target_skip_unavailable' from command line to 'False'
[0.401s] Level 5:colcon.colcon_core.verb:set package 'depthai-ros' build argument 'cmake_clean_cache' from command line to 'False'
[0.401s] Level 5:colcon.colcon_core.verb:set package 'depthai-ros' build argument 'cmake_clean_first' from command line to 'False'
[0.401s] Level 5:colcon.colcon_core.verb:set package 'depthai-ros' build argument 'cmake_force_configure' from command line to 'False'
[0.401s] Level 5:colcon.colcon_core.verb:set package 'depthai-ros' build argument 'ament_cmake_args' from command line to 'None'
[0.401s] Level 5:colcon.colcon_core.verb:set package 'depthai-ros' build argument 'catkin_cmake_args' from command line to 'None'
[0.401s] Level 5:colcon.colcon_core.verb:set package 'depthai-ros' build argument 'catkin_skip_building_tests' from command line to 'False'
[0.401s] DEBUG:colcon.colcon_core.verb:Building package 'depthai-ros' with the following arguments: {'ament_cmake_args': None, 'build_base': '/home/ground/ugv_repo/OperationTouchdown/ugv_ws/build/depthai-ros', 'catkin_cmake_args': None, 'catkin_skip_building_tests': False, 'cmake_args': None, 'cmake_clean_cache': False, 'cmake_clean_first': False, 'cmake_force_configure': False, 'cmake_target': None, 'cmake_target_skip_unavailable': False, 'install_base': '/home/ground/ugv_repo/OperationTouchdown/ugv_ws/install/depthai-ros', 'merge_install': False, 'path': '/home/ground/ugv_repo/OperationTouchdown/ugv_ws/src/depthai-ros/depthai-ros', 'symlink_install': True, 'test_result_base': None}
[0.401s] INFO:colcon.colcon_core.executor:Executing jobs using 'parallel' executor
[0.402s] DEBUG:colcon.colcon_parallel_executor.executor.parallel:run_until_complete
[0.403s] INFO:colcon.colcon_ros.task.ament_cmake.build:Building ROS package in '/home/ground/ugv_repo/OperationTouchdown/ugv_ws/src/depthai-ros/depthai_ros_msgs' with build type 'ament_cmake'
[0.403s] INFO:colcon.colcon_cmake.task.cmake.build:Building CMake package in '/home/ground/ugv_repo/OperationTouchdown/ugv_ws/src/depthai-ros/depthai_ros_msgs'
[0.406s] INFO:colcon.colcon_core.plugin_system:Skipping extension 'colcon_core.shell.bat': Not used on non-Windows systems
[0.406s] INFO:colcon.colcon_core.shell:Skip shell extension 'powershell' for command environment: Not usable outside of PowerShell
[0.406s] DEBUG:colcon.colcon_core.shell:Skip shell extension 'dsv' for command environment
[0.413s] INFO:colcon.colcon_ros.task.ament_cmake.build:Building ROS package in '/home/ground/ugv_repo/OperationTouchdown/ugv_ws/src/depthai-ros/depthai_descriptions' with build type 'ament_cmake'
[0.442s] INFO:colcon.colcon_cmake.task.cmake.build:Building CMake package in '/home/ground/ugv_repo/OperationTouchdown/ugv_ws/src/depthai-ros/depthai_descriptions'
[0.443s] INFO:colcon.colcon_core.shell:Skip shell extension 'powershell' for command environment: Not usable outside of PowerShell
[0.443s] DEBUG:colcon.colcon_core.shell:Skip shell extension 'dsv' for command environment
[0.450s] INFO:colcon.colcon_ros.task.ament_cmake.build:Building ROS package in '/home/ground/ugv_repo/OperationTouchdown/ugv_ws/src/my_ugv_description' with build type 'ament_cmake'
[0.450s] INFO:colcon.colcon_cmake.task.cmake.build:Building CMake package in '/home/ground/ugv_repo/OperationTouchdown/ugv_ws/src/my_ugv_description'
[0.450s] INFO:colcon.colcon_core.shell:Skip shell extension 'powershell' for command environment: Not usable outside of PowerShell
[0.450s] DEBUG:colcon.colcon_core.shell:Skip shell extension 'dsv' for command environment
[0.457s] INFO:colcon.colcon_ros.task.ament_python.build:Building ROS package in '/home/ground/ugv_repo/OperationTouchdown/ugv_ws/src/my_ugv_hardware' with build type 'ament_python'
[0.458s] Level 1:colcon.colcon_core.shell:create_environment_hook('my_ugv_hardware', 'ament_prefix_path')
[0.458s] INFO:colcon.colcon_core.shell:Creating environment hook '/home/ground/ugv_repo/OperationTouchdown/ugv_ws/install/my_ugv_hardware/share/my_ugv_hardware/hook/ament_prefix_path.ps1'
[0.460s] INFO:colcon.colcon_core.shell:Creating environment descriptor '/home/ground/ugv_repo/OperationTouchdown/ugv_ws/install/my_ugv_hardware/share/my_ugv_hardware/hook/ament_prefix_path.dsv'
[0.461s] INFO:colcon.colcon_core.shell:Creating environment hook '/home/ground/ugv_repo/OperationTouchdown/ugv_ws/install/my_ugv_hardware/share/my_ugv_hardware/hook/ament_prefix_path.sh'
[0.463s] INFO:colcon.colcon_core.shell:Skip shell extension 'powershell' for command environment: Not usable outside of PowerShell
[0.463s] DEBUG:colcon.colcon_core.shell:Skip shell extension 'dsv' for command environment
[0.479s] DEBUG:colcon.colcon_core.event_handler.log_command:Invoking command in '/home/ground/ugv_repo/OperationTouchdown/ugv_ws/build/depthai_ros_msgs': CMAKE_PREFIX_PATH=${CMAKE_PREFIX_PATH}:/home/ground/ugv_repo/OperationTouchdown/ugv_ws/install/my_ugv_vision:/home/ground/ugv_repo/OperationTouchdown/ugv_ws/install/my_ugv_hardware:/opt/ros/jazzy DEBUGINFOD_URLS=https://debuginfod.ubuntu.com /usr/bin/cmake --build /home/ground/ugv_repo/OperationTouchdown/ugv_ws/build/depthai_ros_msgs -- -j4 -l4
[0.484s] DEBUG:colcon.colcon_core.event_handler.log_command:Invoking command in '/home/ground/ugv_repo/OperationTouchdown/ugv_ws/build/depthai_descriptions': CMAKE_PREFIX_PATH=${CMAKE_PREFIX_PATH}:/home/ground/ugv_repo/OperationTouchdown/ugv_ws/install/my_ugv_vision:/home/ground/ugv_repo/OperationTouchdown/ugv_ws/install/my_ugv_hardware:/opt/ros/jazzy DEBUGINFOD_URLS=https://debuginfod.ubuntu.com /usr/bin/cmake --build /home/ground/ugv_repo/OperationTouchdown/ugv_ws/build/depthai_descriptions -- -j4 -l4
[0.490s] DEBUG:colcon.colcon_core.event_handler.log_command:Invoking command in '/home/ground/ugv_repo/OperationTouchdown/ugv_ws/build/my_ugv_description': CMAKE_PREFIX_PATH=${CMAKE_PREFIX_PATH}:/home/ground/ugv_repo/OperationTouchdown/ugv_ws/install/my_ugv_vision:/home/ground/ugv_repo/OperationTouchdown/ugv_ws/install/my_ugv_hardware:/opt/ros/jazzy DEBUGINFOD_URLS=https://debuginfod.ubuntu.com /usr/bin/cmake --build /home/ground/ugv_repo/OperationTouchdown/ugv_ws/build/my_ugv_description -- -j4 -l4
[1.080s] INFO:colcon.colcon_core.task.python.build:Building Python package in '/home/ground/ugv_repo/OperationTouchdown/ugv_ws/src/my_ugv_hardware'
[1.080s] INFO:colcon.colcon_core.shell:Skip shell extension 'powershell' for command environment: Not usable outside of PowerShell
[1.080s] DEBUG:colcon.colcon_core.shell:Skip shell extension 'dsv' for command environment
[1.092s] DEBUG:colcon.colcon_core.event_handler.log_command:Invoked command in '/home/ground/ugv_repo/OperationTouchdown/ugv_ws/build/depthai_descriptions' returned '0': CMAKE_PREFIX_PATH=${CMAKE_PREFIX_PATH}:/home/ground/ugv_repo/OperationTouchdown/ugv_ws/install/my_ugv_vision:/home/ground/ugv_repo/OperationTouchdown/ugv_ws/install/my_ugv_hardware:/opt/ros/jazzy DEBUGINFOD_URLS=https://debuginfod.ubuntu.com /usr/bin/cmake --build /home/ground/ugv_repo/OperationTouchdown/ugv_ws/build/depthai_descriptions -- -j4 -l4
[1.118s] DEBUG:colcon.colcon_core.event_handler.log_command:Invoking command in '/home/ground/ugv_repo/OperationTouchdown/ugv_ws/build/depthai_descriptions': CMAKE_PREFIX_PATH=${CMAKE_PREFIX_PATH}:/home/ground/ugv_repo/OperationTouchdown/ugv_ws/install/my_ugv_vision:/home/ground/ugv_repo/OperationTouchdown/ugv_ws/install/my_ugv_hardware:/opt/ros/jazzy DEBUGINFOD_URLS=https://debuginfod.ubuntu.com /usr/bin/cmake --install /home/ground/ugv_repo/OperationTouchdown/ugv_ws/build/depthai_descriptions
[1.123s] DEBUG:colcon.colcon_core.event_handler.log_command:Invoked command in '/home/ground/ugv_repo/OperationTouchdown/ugv_ws/build/my_ugv_description' returned '0': CMAKE_PREFIX_PATH=${CMAKE_PREFIX_PATH}:/home/ground/ugv_repo/OperationTouchdown/ugv_ws/install/my_ugv_vision:/home/ground/ugv_repo/OperationTouchdown/ugv_ws/install/my_ugv_hardware:/opt/ros/jazzy DEBUGINFOD_URLS=https://debuginfod.ubuntu.com /usr/bin/cmake --build /home/ground/ugv_repo/OperationTouchdown/ugv_ws/build/my_ugv_description -- -j4 -l4
[1.125s] DEBUG:colcon.colcon_core.event_handler.log_command:Invoking command in '/home/ground/ugv_repo/OperationTouchdown/ugv_ws/build/my_ugv_description': CMAKE_PREFIX_PATH=${CMAKE_PREFIX_PATH}:/home/ground/ugv_repo/OperationTouchdown/ugv_ws/install/my_ugv_vision:/home/ground/ugv_repo/OperationTouchdown/ugv_ws/install/my_ugv_hardware:/opt/ros/jazzy DEBUGINFOD_URLS=https://debuginfod.ubuntu.com /usr/bin/cmake --install /home/ground/ugv_repo/OperationTouchdown/ugv_ws/build/my_ugv_description
[1.234s] Level 1:colcon.colcon_core.environment:create_environment_scripts_only(my_ugv_description)
[1.238s] DEBUG:colcon.colcon_core.event_handler.log_command:Invoked command in '/home/ground/ugv_repo/OperationTouchdown/ugv_ws/build/my_ugv_description' returned '0': CMAKE_PREFIX_PATH=${CMAKE_PREFIX_PATH}:/home/ground/ugv_repo/OperationTouchdown/ugv_ws/install/my_ugv_vision:/home/ground/ugv_repo/OperationTouchdown/ugv_ws/install/my_ugv_hardware:/opt/ros/jazzy DEBUGINFOD_URLS=https://debuginfod.ubuntu.com /usr/bin/cmake --install /home/ground/ugv_repo/OperationTouchdown/ugv_ws/build/my_ugv_description
[1.241s] Level 1:colcon.colcon_core.environment:checking '/home/ground/ugv_repo/OperationTouchdown/ugv_ws/install/my_ugv_description' for CMake module files
[1.242s] Level 1:colcon.colcon_core.environment:checking '/home/ground/ugv_repo/OperationTouchdown/ugv_ws/install/my_ugv_description' for CMake config files
[1.243s] Level 1:colcon.colcon_core.shell:create_environment_hook('my_ugv_description', 'cmake_prefix_path')
[1.244s] INFO:colcon.colcon_core.shell:Creating environment hook '/home/ground/ugv_repo/OperationTouchdown/ugv_ws/install/my_ugv_description/share/my_ugv_description/hook/cmake_prefix_path.ps1'
[1.245s] INFO:colcon.colcon_core.shell:Creating environment descriptor '/home/ground/ugv_repo/OperationTouchdown/ugv_ws/install/my_ugv_description/share/my_ugv_description/hook/cmake_prefix_path.dsv'
[1.247s] INFO:colcon.colcon_core.shell:Creating environment hook '/home/ground/ugv_repo/OperationTouchdown/ugv_ws/install/my_ugv_description/share/my_ugv_description/hook/cmake_prefix_path.sh'
[1.252s] Level 1:colcon.colcon_core.environment:checking '/home/ground/ugv_repo/OperationTouchdown/ugv_ws/install/my_ugv_description/bin'
[1.252s] Level 1:colcon.colcon_core.environment:checking '/home/ground/ugv_repo/OperationTouchdown/ugv_ws/install/my_ugv_description/lib/pkgconfig/my_ugv_description.pc'
[1.253s] Level 1:colcon.colcon_core.environment:checking '/home/ground/ugv_repo/OperationTouchdown/ugv_ws/install/my_ugv_description/lib/python3.12/site-packages'
[1.253s] Level 1:colcon.colcon_core.environment:checking '/home/ground/ugv_repo/OperationTouchdown/ugv_ws/install/my_ugv_description/bin'
[1.254s] INFO:colcon.colcon_core.shell:Creating package script '/home/ground/ugv_repo/OperationTouchdown/ugv_ws/install/my_ugv_description/share/my_ugv_description/package.ps1'
[1.257s] INFO:colcon.colcon_core.shell:Creating package descriptor '/home/ground/ugv_repo/OperationTouchdown/ugv_ws/install/my_ugv_description/share/my_ugv_description/package.dsv'
[1.258s] INFO:colcon.colcon_core.shell:Creating package script '/home/ground/ugv_repo/OperationTouchdown/ugv_ws/install/my_ugv_description/share/my_ugv_description/package.sh'
[1.260s] INFO:colcon.colcon_core.shell:Creating package script '/home/ground/ugv_repo/OperationTouchdown/ugv_ws/install/my_ugv_description/share/my_ugv_description/package.bash'
[1.262s] INFO:colcon.colcon_core.shell:Creating package script '/home/ground/ugv_repo/OperationTouchdown/ugv_ws/install/my_ugv_description/share/my_ugv_description/package.zsh'
[1.264s] Level 1:colcon.colcon_core.environment:create_file_with_runtime_dependencies(/home/ground/ugv_repo/OperationTouchdown/ugv_ws/install/my_ugv_description/share/colcon-core/packages/my_ugv_description)
[1.265s] Level 1:colcon.colcon_core.environment:create_environment_scripts_only(my_ugv_description)
[1.266s] Level 1:colcon.colcon_core.environment:checking '/home/ground/ugv_repo/OperationTouchdown/ugv_ws/install/my_ugv_description' for CMake module files
[1.268s] Level 1:colcon.colcon_core.environment:checking '/home/ground/ugv_repo/OperationTouchdown/ugv_ws/install/my_ugv_description' for CMake config files
[1.269s] Level 1:colcon.colcon_core.shell:create_environment_hook('my_ugv_description', 'cmake_prefix_path')
[1.270s] INFO:colcon.colcon_core.shell:Creating environment hook '/home/ground/ugv_repo/OperationTouchdown/ugv_ws/install/my_ugv_description/share/my_ugv_description/hook/cmake_prefix_path.ps1'
[1.271s] INFO:colcon.colcon_core.shell:Creating environment descriptor '/home/ground/ugv_repo/OperationTouchdown/ugv_ws/install/my_ugv_description/share/my_ugv_description/hook/cmake_prefix_path.dsv'
[1.273s] INFO:colcon.colcon_core.shell:Creating environment hook '/home/ground/ugv_repo/OperationTouchdown/ugv_ws/install/my_ugv_description/share/my_ugv_description/hook/cmake_prefix_path.sh'
[1.275s] Level 1:colcon.colcon_core.environment:checking '/home/ground/ugv_repo/OperationTouchdown/ugv_ws/install/my_ugv_description/bin'
[1.275s] Level 1:colcon.colcon_core.environment:checking '/home/ground/ugv_repo/OperationTouchdown/ugv_ws/install/my_ugv_description/lib/pkgconfig/my_ugv_description.pc'
[1.276s] Level 1:colcon.colcon_core.environment:checking '/home/ground/ugv_repo/OperationTouchdown/ugv_ws/install/my_ugv_description/lib/python3.12/site-packages'
[1.277s] Level 1:colcon.colcon_core.environment:checking '/home/ground/ugv_repo/OperationTouchdown/ugv_ws/install/my_ugv_description/bin'
[1.277s] INFO:colcon.colcon_core.shell:Creating package script '/home/ground/ugv_repo/OperationTouchdown/ugv_ws/install/my_ugv_description/share/my_ugv_description/package.ps1'
[1.279s] INFO:colcon.colcon_core.shell:Creating package descriptor '/home/ground/ugv_repo/OperationTouchdown/ugv_ws/install/my_ugv_description/share/my_ugv_description/package.dsv'
[1.281s] INFO:colcon.colcon_core.shell:Creating package script '/home/ground/ugv_repo/OperationTouchdown/ugv_ws/install/my_ugv_description/share/my_ugv_description/package.sh'
[1.282s] INFO:colcon.colcon_core.shell:Creating package script '/home/ground/ugv_repo/OperationTouchdown/ugv_ws/install/my_ugv_description/share/my_ugv_description/package.bash'
[1.283s] INFO:colcon.colcon_core.shell:Creating package script '/home/ground/ugv_repo/OperationTouchdown/ugv_ws/install/my_ugv_description/share/my_ugv_description/package.zsh'
[1.287s] Level 1:colcon.colcon_core.environment:create_file_with_runtime_dependencies(/home/ground/ugv_repo/OperationTouchdown/ugv_ws/install/my_ugv_description/share/colcon-core/packages/my_ugv_description)
[1.289s] INFO:colcon.colcon_ros.task.ament_python.build:Building ROS package in '/home/ground/ugv_repo/OperationTouchdown/ugv_ws/src/my_ugv_vision' with build type 'ament_python'
[1.289s] Level 1:colcon.colcon_core.shell:create_environment_hook('my_ugv_vision', 'ament_prefix_path')
[1.289s] INFO:colcon.colcon_core.shell:Creating environment hook '/home/ground/ugv_repo/OperationTouchdown/ugv_ws/install/my_ugv_vision/share/my_ugv_vision/hook/ament_prefix_path.ps1'
[1.290s] INFO:colcon.colcon_core.shell:Creating environment descriptor '/home/ground/ugv_repo/OperationTouchdown/ugv_ws/install/my_ugv_vision/share/my_ugv_vision/hook/ament_prefix_path.dsv'
[1.293s] INFO:colcon.colcon_core.shell:Creating environment hook '/home/ground/ugv_repo/OperationTouchdown/ugv_ws/install/my_ugv_vision/share/my_ugv_vision/hook/ament_prefix_path.sh'
[1.294s] INFO:colcon.colcon_core.shell:Skip shell extension 'powershell' for command environment: Not usable outside of PowerShell
[1.294s] DEBUG:colcon.colcon_core.shell:Skip shell extension 'dsv' for command environment
[1.311s] Level 1:colcon.colcon_core.environment:create_environment_scripts_only(depthai_descriptions)
[1.312s] Level 1:colcon.colcon_core.environment:checking '/home/ground/ugv_repo/OperationTouchdown/ugv_ws/install/depthai_descriptions' for CMake module files
[1.312s] Level 1:colcon.colcon_core.environment:checking '/home/ground/ugv_repo/OperationTouchdown/ugv_ws/install/depthai_descriptions' for CMake config files
[1.313s] DEBUG:colcon.colcon_core.event_handler.log_command:Invoked command in '/home/ground/ugv_repo/OperationTouchdown/ugv_ws/build/depthai_descriptions' returned '0': CMAKE_PREFIX_PATH=${CMAKE_PREFIX_PATH}:/home/ground/ugv_repo/OperationTouchdown/ugv_ws/install/my_ugv_vision:/home/ground/ugv_repo/OperationTouchdown/ugv_ws/install/my_ugv_hardware:/opt/ros/jazzy DEBUGINFOD_URLS=https://debuginfod.ubuntu.com /usr/bin/cmake --install /home/ground/ugv_repo/OperationTouchdown/ugv_ws/build/depthai_descriptions
[1.314s] Level 1:colcon.colcon_core.shell:create_environment_hook('depthai_descriptions', 'cmake_prefix_path')
[1.316s] INFO:colcon.colcon_core.shell:Creating environment hook '/home/ground/ugv_repo/OperationTouchdown/ugv_ws/install/depthai_descriptions/share/depthai_descriptions/hook/cmake_prefix_path.ps1'
[1.319s] INFO:colcon.colcon_core.shell:Creating environment descriptor '/home/ground/ugv_repo/OperationTouchdown/ugv_ws/install/depthai_descriptions/share/depthai_descriptions/hook/cmake_prefix_path.dsv'
[1.320s] INFO:colcon.colcon_core.shell:Creating environment hook '/home/ground/ugv_repo/OperationTouchdown/ugv_ws/install/depthai_descriptions/share/depthai_descriptions/hook/cmake_prefix_path.sh'
[1.323s] Level 1:colcon.colcon_core.environment:checking '/home/ground/ugv_repo/OperationTouchdown/ugv_ws/install/depthai_descriptions/bin'
[1.323s] Level 1:colcon.colcon_core.environment:checking '/home/ground/ugv_repo/OperationTouchdown/ugv_ws/install/depthai_descriptions/lib/pkgconfig/depthai_descriptions.pc'
[1.324s] Level 1:colcon.colcon_core.environment:checking '/home/ground/ugv_repo/OperationTouchdown/ugv_ws/install/depthai_descriptions/lib/python3.12/site-packages'
[1.324s] Level 1:colcon.colcon_core.environment:checking '/home/ground/ugv_repo/OperationTouchdown/ugv_ws/install/depthai_descriptions/bin'
[1.325s] INFO:colcon.colcon_core.shell:Creating package script '/home/ground/ugv_repo/OperationTouchdown/ugv_ws/install/depthai_descriptions/share/depthai_descriptions/package.ps1'
[1.326s] INFO:colcon.colcon_core.shell:Creating package descriptor '/home/ground/ugv_repo/OperationTouchdown/ugv_ws/install/depthai_descriptions/share/depthai_descriptions/package.dsv'
[1.326s] INFO:colcon.colcon_core.shell:Creating package script '/home/ground/ugv_repo/OperationTouchdown/ugv_ws/install/depthai_descriptions/share/depthai_descriptions/package.sh'
[1.327s] INFO:colcon.colcon_core.shell:Creating package script '/home/ground/ugv_repo/OperationTouchdown/ugv_ws/install/depthai_descriptions/share/depthai_descriptions/package.bash'
[1.328s] INFO:colcon.colcon_core.shell:Creating package script '/home/ground/ugv_repo/OperationTouchdown/ugv_ws/install/depthai_descriptions/share/depthai_descriptions/package.zsh'
[1.329s] Level 1:colcon.colcon_core.environment:create_file_with_runtime_dependencies(/home/ground/ugv_repo/OperationTouchdown/ugv_ws/install/depthai_descriptions/share/colcon-core/packages/depthai_descriptions)
[1.330s] Level 1:colcon.colcon_core.environment:create_environment_scripts_only(depthai_descriptions)
[1.330s] Level 1:colcon.colcon_core.environment:checking '/home/ground/ugv_repo/OperationTouchdown/ugv_ws/install/depthai_descriptions' for CMake module files
[1.331s] Level 1:colcon.colcon_core.environment:checking '/home/ground/ugv_repo/OperationTouchdown/ugv_ws/install/depthai_descriptions' for CMake config files
[1.332s] Level 1:colcon.colcon_core.shell:create_environment_hook('depthai_descriptions', 'cmake_prefix_path')
[1.333s] INFO:colcon.colcon_core.shell:Creating environment hook '/home/ground/ugv_repo/OperationTouchdown/ugv_ws/install/depthai_descriptions/share/depthai_descriptions/hook/cmake_prefix_path.ps1'
[1.334s] INFO:colcon.colcon_core.shell:Creating environment descriptor '/home/ground/ugv_repo/OperationTouchdown/ugv_ws/install/depthai_descriptions/share/depthai_descriptions/hook/cmake_prefix_path.dsv'
[1.334s] INFO:colcon.colcon_core.shell:Creating environment hook '/home/ground/ugv_repo/OperationTouchdown/ugv_ws/install/depthai_descriptions/share/depthai_descriptions/hook/cmake_prefix_path.sh'
[1.335s] Level 1:colcon.colcon_core.environment:checking '/home/ground/ugv_repo/OperationTouchdown/ugv_ws/install/depthai_descriptions/bin'
[1.335s] Level 1:colcon.colcon_core.environment:checking '/home/ground/ugv_repo/OperationTouchdown/ugv_ws/install/depthai_descriptions/lib/pkgconfig/depthai_descriptions.pc'
[1.336s] Level 1:colcon.colcon_core.environment:checking '/home/ground/ugv_repo/OperationTouchdown/ugv_ws/install/depthai_descriptions/lib/python3.12/site-packages'
[1.336s] Level 1:colcon.colcon_core.environment:checking '/home/ground/ugv_repo/OperationTouchdown/ugv_ws/install/depthai_descriptions/bin'
[1.337s] INFO:colcon.colcon_core.shell:Creating package script '/home/ground/ugv_repo/OperationTouchdown/ugv_ws/install/depthai_descriptions/share/depthai_descriptions/package.ps1'
[1.338s] INFO:colcon.colcon_core.shell:Creating package descriptor '/home/ground/ugv_repo/OperationTouchdown/ugv_ws/install/depthai_descriptions/share/depthai_descriptions/package.dsv'
[1.338s] INFO:colcon.colcon_core.shell:Creating package script '/home/ground/ugv_repo/OperationTouchdown/ugv_ws/install/depthai_descriptions/share/depthai_descriptions/package.sh'
[1.339s] INFO:colcon.colcon_core.shell:Creating package script '/home/ground/ugv_repo/OperationTouchdown/ugv_ws/install/depthai_descriptions/share/depthai_descriptions/package.bash'
[1.340s] INFO:colcon.colcon_core.shell:Creating package script '/home/ground/ugv_repo/OperationTouchdown/ugv_ws/install/depthai_descriptions/share/depthai_descriptions/package.zsh'
[1.341s] Level 1:colcon.colcon_core.environment:create_file_with_runtime_dependencies(/home/ground/ugv_repo/OperationTouchdown/ugv_ws/install/depthai_descriptions/share/colcon-core/packages/depthai_descriptions)
[1.342s] INFO:colcon.colcon_ros.task.ament_cmake.build:Building ROS package in '/home/ground/ugv_repo/OperationTouchdown/ugv_ws/src/roboteq_ros2_driver' with build type 'ament_cmake'
[1.342s] INFO:colcon.colcon_cmake.task.cmake.build:Building CMake package in '/home/ground/ugv_repo/OperationTouchdown/ugv_ws/src/roboteq_ros2_driver'
[1.343s] INFO:colcon.colcon_core.shell:Skip shell extension 'powershell' for command environment: Not usable outside of PowerShell
[1.343s] DEBUG:colcon.colcon_core.shell:Skip shell extension 'dsv' for command environment
[1.768s] INFO:colcon.colcon_core.task.python.build:Building Python package in '/home/ground/ugv_repo/OperationTouchdown/ugv_ws/src/my_ugv_vision'
[1.769s] INFO:colcon.colcon_core.shell:Skip shell extension 'powershell' for command environment: Not usable outside of PowerShell
[1.769s] DEBUG:colcon.colcon_core.shell:Skip shell extension 'dsv' for command environment
[1.782s] DEBUG:colcon.colcon_core.event_handler.log_command:Invoking command in '/home/ground/ugv_repo/OperationTouchdown/ugv_ws/build/roboteq_ros2_driver': CMAKE_PREFIX_PATH=${CMAKE_PREFIX_PATH}:/home/ground/ugv_repo/OperationTouchdown/ugv_ws/install/my_ugv_vision:/home/ground/ugv_repo/OperationTouchdown/ugv_ws/install/my_ugv_hardware:/opt/ros/jazzy DEBUGINFOD_URLS=https://debuginfod.ubuntu.com /usr/bin/cmake --build /home/ground/ugv_repo/OperationTouchdown/ugv_ws/build/roboteq_ros2_driver -- -j4 -l4
[1.784s] DEBUG:colcon.colcon_core.event_handler.log_command:Invoked command in '/home/ground/ugv_repo/OperationTouchdown/ugv_ws/build/depthai_ros_msgs' returned '0': CMAKE_PREFIX_PATH=${CMAKE_PREFIX_PATH}:/home/ground/ugv_repo/OperationTouchdown/ugv_ws/install/my_ugv_vision:/home/ground/ugv_repo/OperationTouchdown/ugv_ws/install/my_ugv_hardware:/opt/ros/jazzy DEBUGINFOD_URLS=https://debuginfod.ubuntu.com /usr/bin/cmake --build /home/ground/ugv_repo/OperationTouchdown/ugv_ws/build/depthai_ros_msgs -- -j4 -l4
[1.785s] DEBUG:colcon.colcon_core.event_handler.log_command:Invoking command in '/home/ground/ugv_repo/OperationTouchdown/ugv_ws/build/depthai_ros_msgs': CMAKE_PREFIX_PATH=${CMAKE_PREFIX_PATH}:/home/ground/ugv_repo/OperationTouchdown/ugv_ws/install/my_ugv_vision:/home/ground/ugv_repo/OperationTouchdown/ugv_ws/install/my_ugv_hardware:/opt/ros/jazzy DEBUGINFOD_URLS=https://debuginfod.ubuntu.com /usr/bin/cmake --install /home/ground/ugv_repo/OperationTouchdown/ugv_ws/build/depthai_ros_msgs
[1.962s] DEBUG:colcon.colcon_core.event_handler.log_command:Invoked command in '/home/ground/ugv_repo/OperationTouchdown/ugv_ws/build/roboteq_ros2_driver' returned '0': CMAKE_PREFIX_PATH=${CMAKE_PREFIX_PATH}:/home/ground/ugv_repo/OperationTouchdown/ugv_ws/install/my_ugv_vision:/home/ground/ugv_repo/OperationTouchdown/ugv_ws/install/my_ugv_hardware:/opt/ros/jazzy DEBUGINFOD_URLS=https://debuginfod.ubuntu.com /usr/bin/cmake --build /home/ground/ugv_repo/OperationTouchdown/ugv_ws/build/roboteq_ros2_driver -- -j4 -l4
[1.962s] DEBUG:colcon.colcon_core.event_handler.log_command:Invoking command in '/home/ground/ugv_repo/OperationTouchdown/ugv_ws/build/roboteq_ros2_driver': CMAKE_PREFIX_PATH=${CMAKE_PREFIX_PATH}:/home/ground/ugv_repo/OperationTouchdown/ugv_ws/install/my_ugv_vision:/home/ground/ugv_repo/OperationTouchdown/ugv_ws/install/my_ugv_hardware:/opt/ros/jazzy DEBUGINFOD_URLS=https://debuginfod.ubuntu.com /usr/bin/cmake --install /home/ground/ugv_repo/OperationTouchdown/ugv_ws/build/roboteq_ros2_driver
[2.024s] Level 1:colcon.colcon_core.environment:create_environment_scripts_only(roboteq_ros2_driver)
[2.024s] Level 1:colcon.colcon_core.environment:checking '/home/ground/ugv_repo/OperationTouchdown/ugv_ws/install/roboteq_ros2_driver' for CMake module files
[2.030s] Level 1:colcon.colcon_core.environment:checking '/home/ground/ugv_repo/OperationTouchdown/ugv_ws/install/roboteq_ros2_driver' for CMake config files
[2.029s] DEBUG:colcon.colcon_core.event_handler.log_command:Invoked command in '/home/ground/ugv_repo/OperationTouchdown/ugv_ws/build/roboteq_ros2_driver' returned '0': CMAKE_PREFIX_PATH=${CMAKE_PREFIX_PATH}:/home/ground/ugv_repo/OperationTouchdown/ugv_ws/install/my_ugv_vision:/home/ground/ugv_repo/OperationTouchdown/ugv_ws/install/my_ugv_hardware:/opt/ros/jazzy DEBUGINFOD_URLS=https://debuginfod.ubuntu.com /usr/bin/cmake --install /home/ground/ugv_repo/OperationTouchdown/ugv_ws/build/roboteq_ros2_driver
[2.031s] Level 1:colcon.colcon_core.shell:create_environment_hook('roboteq_ros2_driver', 'cmake_prefix_path')
[2.032s] INFO:colcon.colcon_core.shell:Creating environment hook '/home/ground/ugv_repo/OperationTouchdown/ugv_ws/install/roboteq_ros2_driver/share/roboteq_ros2_driver/hook/cmake_prefix_path.ps1'
[2.033s] INFO:colcon.colcon_core.shell:Creating environment descriptor '/home/ground/ugv_repo/OperationTouchdown/ugv_ws/install/roboteq_ros2_driver/share/roboteq_ros2_driver/hook/cmake_prefix_path.dsv'
[2.034s] INFO:colcon.colcon_core.shell:Creating environment hook '/home/ground/ugv_repo/OperationTouchdown/ugv_ws/install/roboteq_ros2_driver/share/roboteq_ros2_driver/hook/cmake_prefix_path.sh'
[2.036s] Level 1:colcon.colcon_core.environment:checking '/home/ground/ugv_repo/OperationTouchdown/ugv_ws/install/roboteq_ros2_driver/lib'
[2.036s] Level 1:colcon.colcon_core.environment:checking '/home/ground/ugv_repo/OperationTouchdown/ugv_ws/install/roboteq_ros2_driver/bin'
[2.037s] Level 1:colcon.colcon_core.environment:checking '/home/ground/ugv_repo/OperationTouchdown/ugv_ws/install/roboteq_ros2_driver/lib/pkgconfig/roboteq_ros2_driver.pc'
[2.038s] Level 1:colcon.colcon_core.environment:checking '/home/ground/ugv_repo/OperationTouchdown/ugv_ws/install/roboteq_ros2_driver/lib/python3.12/site-packages'
[2.039s] Level 1:colcon.colcon_core.environment:checking '/home/ground/ugv_repo/OperationTouchdown/ugv_ws/install/roboteq_ros2_driver/bin'
[2.039s] INFO:colcon.colcon_core.shell:Creating package script '/home/ground/ugv_repo/OperationTouchdown/ugv_ws/install/roboteq_ros2_driver/share/roboteq_ros2_driver/package.ps1'
[2.040s] INFO:colcon.colcon_core.shell:Creating package descriptor '/home/ground/ugv_repo/OperationTouchdown/ugv_ws/install/roboteq_ros2_driver/share/roboteq_ros2_driver/package.dsv'
[2.041s] INFO:colcon.colcon_core.shell:Creating package script '/home/ground/ugv_repo/OperationTouchdown/ugv_ws/install/roboteq_ros2_driver/share/roboteq_ros2_driver/package.sh'
[2.042s] INFO:colcon.colcon_core.shell:Creating package script '/home/ground/ugv_repo/OperationTouchdown/ugv_ws/install/roboteq_ros2_driver/share/roboteq_ros2_driver/package.bash'
[2.043s] INFO:colcon.colcon_core.shell:Creating package script '/home/ground/ugv_repo/OperationTouchdown/ugv_ws/install/roboteq_ros2_driver/share/roboteq_ros2_driver/package.zsh'
[2.044s] Level 1:colcon.colcon_core.environment:create_file_with_runtime_dependencies(/home/ground/ugv_repo/OperationTouchdown/ugv_ws/install/roboteq_ros2_driver/share/colcon-core/packages/roboteq_ros2_driver)
[2.046s] Level 1:colcon.colcon_core.environment:create_environment_scripts_only(roboteq_ros2_driver)
[2.046s] Level 1:colcon.colcon_core.environment:checking '/home/ground/ugv_repo/OperationTouchdown/ugv_ws/install/roboteq_ros2_driver' for CMake module files
[2.047s] Level 1:colcon.colcon_core.environment:checking '/home/ground/ugv_repo/OperationTouchdown/ugv_ws/install/roboteq_ros2_driver' for CMake config files
[2.048s] Level 1:colcon.colcon_core.shell:create_environment_hook('roboteq_ros2_driver', 'cmake_prefix_path')
[2.049s] INFO:colcon.colcon_core.shell:Creating environment hook '/home/ground/ugv_repo/OperationTouchdown/ugv_ws/install/roboteq_ros2_driver/share/roboteq_ros2_driver/hook/cmake_prefix_path.ps1'
[2.051s] INFO:colcon.colcon_core.shell:Creating environment descriptor '/home/ground/ugv_repo/OperationTouchdown/ugv_ws/install/roboteq_ros2_driver/share/roboteq_ros2_driver/hook/cmake_prefix_path.dsv'
[2.052s] INFO:colcon.colcon_core.shell:Creating environment hook '/home/ground/ugv_repo/OperationTouchdown/ugv_ws/install/roboteq_ros2_driver/share/roboteq_ros2_driver/hook/cmake_prefix_path.sh'
[2.054s] Level 1:colcon.colcon_core.environment:checking '/home/ground/ugv_repo/OperationTouchdown/ugv_ws/install/roboteq_ros2_driver/lib'
[2.055s] Level 1:colcon.colcon_core.environment:checking '/home/ground/ugv_repo/OperationTouchdown/ugv_ws/install/roboteq_ros2_driver/bin'
[2.056s] Level 1:colcon.colcon_core.environment:checking '/home/ground/ugv_repo/OperationTouchdown/ugv_ws/install/roboteq_ros2_driver/lib/pkgconfig/roboteq_ros2_driver.pc'
[2.057s] Level 1:colcon.colcon_core.environment:checking '/home/ground/ugv_repo/OperationTouchdown/ugv_ws/install/roboteq_ros2_driver/lib/python3.12/site-packages'
[2.058s] Level 1:colcon.colcon_core.environment:checking '/home/ground/ugv_repo/OperationTouchdown/ugv_ws/install/roboteq_ros2_driver/bin'
[2.058s] INFO:colcon.colcon_core.shell:Creating package script '/home/ground/ugv_repo/OperationTouchdown/ugv_ws/install/roboteq_ros2_driver/share/roboteq_ros2_driver/package.ps1'
[2.060s] INFO:colcon.colcon_core.shell:Creating package descriptor '/home/ground/ugv_repo/OperationTouchdown/ugv_ws/install/roboteq_ros2_driver/share/roboteq_ros2_driver/package.dsv'
[2.061s] INFO:colcon.colcon_core.shell:Creating package script '/home/ground/ugv_repo/OperationTouchdown/ugv_ws/install/roboteq_ros2_driver/share/roboteq_ros2_driver/package.sh'
[2.063s] INFO:colcon.colcon_core.shell:Creating package script '/home/ground/ugv_repo/OperationTouchdown/ugv_ws/install/roboteq_ros2_driver/share/roboteq_ros2_driver/package.bash'
[2.066s] INFO:colcon.colcon_core.shell:Creating package script '/home/ground/ugv_repo/OperationTouchdown/ugv_ws/install/roboteq_ros2_driver/share/roboteq_ros2_driver/package.zsh'
[2.067s] Level 1:colcon.colcon_core.environment:create_file_with_runtime_dependencies(/home/ground/ugv_repo/OperationTouchdown/ugv_ws/install/roboteq_ros2_driver/share/colcon-core/packages/roboteq_ros2_driver)
[2.068s] INFO:colcon.colcon_ros.task.ament_cmake.build:Building ROS package in '/home/ground/ugv_repo/OperationTouchdown/ugv_ws/src/rplidar_ros' with build type 'ament_cmake'
[2.069s] INFO:colcon.colcon_cmake.task.cmake.build:Building CMake package in '/home/ground/ugv_repo/OperationTouchdown/ugv_ws/src/rplidar_ros'
[2.071s] INFO:colcon.colcon_core.shell:Skip shell extension 'powershell' for command environment: Not usable outside of PowerShell
[2.071s] DEBUG:colcon.colcon_core.shell:Skip shell extension 'dsv' for command environment
[2.092s] DEBUG:colcon.colcon_core.event_handler.log_command:Invoking command in '/home/ground/ugv_repo/OperationTouchdown/ugv_ws/build/rplidar_ros': CMAKE_PREFIX_PATH=${CMAKE_PREFIX_PATH}:/home/ground/ugv_repo/OperationTouchdown/ugv_ws/install/my_ugv_vision:/home/ground/ugv_repo/OperationTouchdown/ugv_ws/install/my_ugv_hardware:/opt/ros/jazzy DEBUGINFOD_URLS=https://debuginfod.ubuntu.com /usr/bin/cmake --build /home/ground/ugv_repo/OperationTouchdown/ugv_ws/build/rplidar_ros -- -j4 -l4
[2.169s] Level 1:colcon.colcon_core.environment:create_environment_scripts_only(depthai_ros_msgs)
[2.170s] Level 1:colcon.colcon_core.environment:checking '/home/ground/ugv_repo/OperationTouchdown/ugv_ws/install/depthai_ros_msgs' for CMake module files
[2.171s] Level 1:colcon.colcon_core.environment:checking '/home/ground/ugv_repo/OperationTouchdown/ugv_ws/install/depthai_ros_msgs' for CMake config files
[2.173s] DEBUG:colcon.colcon_core.event_handler.log_command:Invoked command in '/home/ground/ugv_repo/OperationTouchdown/ugv_ws/build/depthai_ros_msgs' returned '0': CMAKE_PREFIX_PATH=${CMAKE_PREFIX_PATH}:/home/ground/ugv_repo/OperationTouchdown/ugv_ws/install/my_ugv_vision:/home/ground/ugv_repo/OperationTouchdown/ugv_ws/install/my_ugv_hardware:/opt/ros/jazzy DEBUGINFOD_URLS=https://debuginfod.ubuntu.com /usr/bin/cmake --install /home/ground/ugv_repo/OperationTouchdown/ugv_ws/build/depthai_ros_msgs
[2.174s] Level 1:colcon.colcon_core.shell:create_environment_hook('depthai_ros_msgs', 'cmake_prefix_path')
[2.175s] INFO:colcon.colcon_core.shell:Creating environment hook '/home/ground/ugv_repo/OperationTouchdown/ugv_ws/install/depthai_ros_msgs/share/depthai_ros_msgs/hook/cmake_prefix_path.ps1'
[2.177s] INFO:colcon.colcon_core.shell:Creating environment descriptor '/home/ground/ugv_repo/OperationTouchdown/ugv_ws/install/depthai_ros_msgs/share/depthai_ros_msgs/hook/cmake_prefix_path.dsv'
[2.178s] INFO:colcon.colcon_core.shell:Creating environment hook '/home/ground/ugv_repo/OperationTouchdown/ugv_ws/install/depthai_ros_msgs/share/depthai_ros_msgs/hook/cmake_prefix_path.sh'
[2.180s] Level 1:colcon.colcon_core.environment:checking '/home/ground/ugv_repo/OperationTouchdown/ugv_ws/install/depthai_ros_msgs/lib'
[2.181s] Level 1:colcon.colcon_core.shell:create_environment_hook('depthai_ros_msgs', 'ld_library_path_lib')
[2.181s] INFO:colcon.colcon_core.shell:Creating environment hook '/home/ground/ugv_repo/OperationTouchdown/ugv_ws/install/depthai_ros_msgs/share/depthai_ros_msgs/hook/ld_library_path_lib.ps1'
[2.183s] INFO:colcon.colcon_core.shell:Creating environment descriptor '/home/ground/ugv_repo/OperationTouchdown/ugv_ws/install/depthai_ros_msgs/share/depthai_ros_msgs/hook/ld_library_path_lib.dsv'
[2.185s] INFO:colcon.colcon_core.shell:Creating environment hook '/home/ground/ugv_repo/OperationTouchdown/ugv_ws/install/depthai_ros_msgs/share/depthai_ros_msgs/hook/ld_library_path_lib.sh'
[2.187s] Level 1:colcon.colcon_core.environment:checking '/home/ground/ugv_repo/OperationTouchdown/ugv_ws/install/depthai_ros_msgs/bin'
[2.187s] Level 1:colcon.colcon_core.environment:checking '/home/ground/ugv_repo/OperationTouchdown/ugv_ws/install/depthai_ros_msgs/lib/pkgconfig/depthai_ros_msgs.pc'
[2.187s] Level 1:colcon.colcon_core.environment:checking '/home/ground/ugv_repo/OperationTouchdown/ugv_ws/install/depthai_ros_msgs/lib/python3.12/site-packages'
[2.188s] Level 1:colcon.colcon_core.shell:create_environment_hook('depthai_ros_msgs', 'pythonpath')
[2.188s] INFO:colcon.colcon_core.shell:Creating environment hook '/home/ground/ugv_repo/OperationTouchdown/ugv_ws/install/depthai_ros_msgs/share/depthai_ros_msgs/hook/pythonpath.ps1'
[2.190s] INFO:colcon.colcon_core.shell:Creating environment descriptor '/home/ground/ugv_repo/OperationTouchdown/ugv_ws/install/depthai_ros_msgs/share/depthai_ros_msgs/hook/pythonpath.dsv'
[2.191s] INFO:colcon.colcon_core.shell:Creating environment hook '/home/ground/ugv_repo/OperationTouchdown/ugv_ws/install/depthai_ros_msgs/share/depthai_ros_msgs/hook/pythonpath.sh'
[2.193s] Level 1:colcon.colcon_core.environment:checking '/home/ground/ugv_repo/OperationTouchdown/ugv_ws/install/depthai_ros_msgs/bin'
[2.194s] INFO:colcon.colcon_core.shell:Creating package script '/home/ground/ugv_repo/OperationTouchdown/ugv_ws/install/depthai_ros_msgs/share/depthai_ros_msgs/package.ps1'
[2.195s] INFO:colcon.colcon_core.shell:Creating package descriptor '/home/ground/ugv_repo/OperationTouchdown/ugv_ws/install/depthai_ros_msgs/share/depthai_ros_msgs/package.dsv'
[2.197s] INFO:colcon.colcon_core.shell:Creating package script '/home/ground/ugv_repo/OperationTouchdown/ugv_ws/install/depthai_ros_msgs/share/depthai_ros_msgs/package.sh'
[2.198s] INFO:colcon.colcon_core.shell:Creating package script '/home/ground/ugv_repo/OperationTouchdown/ugv_ws/install/depthai_ros_msgs/share/depthai_ros_msgs/package.bash'
[2.200s] INFO:colcon.colcon_core.shell:Creating package script '/home/ground/ugv_repo/OperationTouchdown/ugv_ws/install/depthai_ros_msgs/share/depthai_ros_msgs/package.zsh'
[2.201s] Level 1:colcon.colcon_core.environment:create_file_with_runtime_dependencies(/home/ground/ugv_repo/OperationTouchdown/ugv_ws/install/depthai_ros_msgs/share/colcon-core/packages/depthai_ros_msgs)
[2.204s] Level 1:colcon.colcon_core.environment:create_environment_scripts_only(depthai_ros_msgs)
[2.205s] Level 1:colcon.colcon_core.environment:checking '/home/ground/ugv_repo/OperationTouchdown/ugv_ws/install/depthai_ros_msgs' for CMake module files
[2.208s] Level 1:colcon.colcon_core.environment:checking '/home/ground/ugv_repo/OperationTouchdown/ugv_ws/install/depthai_ros_msgs' for CMake config files
[2.212s] Level 1:colcon.colcon_core.shell:create_environment_hook('depthai_ros_msgs', 'cmake_prefix_path')
[2.213s] INFO:colcon.colcon_core.shell:Creating environment hook '/home/ground/ugv_repo/OperationTouchdown/ugv_ws/install/depthai_ros_msgs/share/depthai_ros_msgs/hook/cmake_prefix_path.ps1'
[2.214s] INFO:colcon.colcon_core.shell:Creating environment descriptor '/home/ground/ugv_repo/OperationTouchdown/ugv_ws/install/depthai_ros_msgs/share/depthai_ros_msgs/hook/cmake_prefix_path.dsv'
[2.217s] INFO:colcon.colcon_core.shell:Creating environment hook '/home/ground/ugv_repo/OperationTouchdown/ugv_ws/install/depthai_ros_msgs/share/depthai_ros_msgs/hook/cmake_prefix_path.sh'
[2.223s] Level 1:colcon.colcon_core.environment:checking '/home/ground/ugv_repo/OperationTouchdown/ugv_ws/install/depthai_ros_msgs/lib'
[2.223s] Level 1:colcon.colcon_core.shell:create_environment_hook('depthai_ros_msgs', 'ld_library_path_lib')
[2.224s] INFO:colcon.colcon_core.shell:Creating environment hook '/home/ground/ugv_repo/OperationTouchdown/ugv_ws/install/depthai_ros_msgs/share/depthai_ros_msgs/hook/ld_library_path_lib.ps1'
[2.228s] INFO:colcon.colcon_core.shell:Creating environment descriptor '/home/ground/ugv_repo/OperationTouchdown/ugv_ws/install/depthai_ros_msgs/share/depthai_ros_msgs/hook/ld_library_path_lib.dsv'
[2.234s] INFO:colcon.colcon_core.shell:Creating environment hook '/home/ground/ugv_repo/OperationTouchdown/ugv_ws/install/depthai_ros_msgs/share/depthai_ros_msgs/hook/ld_library_path_lib.sh'
[2.238s] Level 1:colcon.colcon_core.environment:checking '/home/ground/ugv_repo/OperationTouchdown/ugv_ws/install/depthai_ros_msgs/bin'
[2.238s] Level 1:colcon.colcon_core.environment:checking '/home/ground/ugv_repo/OperationTouchdown/ugv_ws/install/depthai_ros_msgs/lib/pkgconfig/depthai_ros_msgs.pc'
[2.239s] Level 1:colcon.colcon_core.environment:checking '/home/ground/ugv_repo/OperationTouchdown/ugv_ws/install/depthai_ros_msgs/lib/python3.12/site-packages'
[2.239s] Level 1:colcon.colcon_core.shell:create_environment_hook('depthai_ros_msgs', 'pythonpath')
[2.240s] INFO:colcon.colcon_core.shell:Creating environment hook '/home/ground/ugv_repo/OperationTouchdown/ugv_ws/install/depthai_ros_msgs/share/depthai_ros_msgs/hook/pythonpath.ps1'
[2.241s] INFO:colcon.colcon_core.shell:Creating environment descriptor '/home/ground/ugv_repo/OperationTouchdown/ugv_ws/install/depthai_ros_msgs/share/depthai_ros_msgs/hook/pythonpath.dsv'
[2.245s] INFO:colcon.colcon_core.shell:Creating environment hook '/home/ground/ugv_repo/OperationTouchdown/ugv_ws/install/depthai_ros_msgs/share/depthai_ros_msgs/hook/pythonpath.sh'
[2.251s] Level 1:colcon.colcon_core.environment:checking '/home/ground/ugv_repo/OperationTouchdown/ugv_ws/install/depthai_ros_msgs/bin'
[2.252s] INFO:colcon.colcon_core.shell:Creating package script '/home/ground/ugv_repo/OperationTouchdown/ugv_ws/install/depthai_ros_msgs/share/depthai_ros_msgs/package.ps1'
[2.253s] INFO:colcon.colcon_core.shell:Creating package descriptor '/home/ground/ugv_repo/OperationTouchdown/ugv_ws/install/depthai_ros_msgs/share/depthai_ros_msgs/package.dsv'
[2.257s] INFO:colcon.colcon_core.shell:Creating package script '/home/ground/ugv_repo/OperationTouchdown/ugv_ws/install/depthai_ros_msgs/share/depthai_ros_msgs/package.sh'
[2.258s] INFO:colcon.colcon_core.shell:Creating package script '/home/ground/ugv_repo/OperationTouchdown/ugv_ws/install/depthai_ros_msgs/share/depthai_ros_msgs/package.bash'
[2.263s] INFO:colcon.colcon_core.shell:Creating package script '/home/ground/ugv_repo/OperationTouchdown/ugv_ws/install/depthai_ros_msgs/share/depthai_ros_msgs/package.zsh'
[2.264s] Level 1:colcon.colcon_core.environment:create_file_with_runtime_dependencies(/home/ground/ugv_repo/OperationTouchdown/ugv_ws/install/depthai_ros_msgs/share/colcon-core/packages/depthai_ros_msgs)
[2.266s] INFO:colcon.colcon_ros.task.ament_cmake.build:Building ROS package in '/home/ground/ugv_repo/OperationTouchdown/ugv_ws/src/depthai-ros/depthai_bridge' with build type 'ament_cmake'
[2.269s] INFO:colcon.colcon_cmake.task.cmake.build:Building CMake package in '/home/ground/ugv_repo/OperationTouchdown/ugv_ws/src/depthai-ros/depthai_bridge'
[2.269s] INFO:colcon.colcon_core.shell:Skip shell extension 'powershell' for command environment: Not usable outside of PowerShell
[2.269s] DEBUG:colcon.colcon_core.shell:Skip shell extension 'dsv' for command environment
[2.317s] DEBUG:colcon.colcon_core.event_handler.log_command:Invoking command in '/home/ground/ugv_repo/OperationTouchdown/ugv_ws/build/depthai_bridge': CMAKE_PREFIX_PATH=/home/ground/ugv_repo/OperationTouchdown/ugv_ws/install/depthai_ros_msgs:/home/ground/ugv_repo/OperationTouchdown/ugv_ws/install/rplidar_ros:/home/ground/ugv_repo/OperationTouchdown/ugv_ws/install/roboteq_ros2_driver:/home/ground/ugv_repo/OperationTouchdown/ugv_ws/install/my_ugv_bringup:/home/ground/ugv_repo/OperationTouchdown/ugv_ws/install/my_ugv_description:/home/ground/ugv_repo/OperationTouchdown/ugv_ws/install/depthai-ros:/home/ground/ugv_repo/OperationTouchdown/ugv_ws/install/depthai_ros_driver:/home/ground/ugv_repo/OperationTouchdown/ugv_ws/install/depthai_filters:/home/ground/ugv_repo/OperationTouchdown/ugv_ws/install/depthai_examples:/home/ground/ugv_repo/OperationTouchdown/ugv_ws/install/depthai_bridge:/home/ground/ugv_repo/OperationTouchdown/ugv_ws/install/depthai_descriptions:/opt/ros/jazzy/opt/gz_sim_vendor:/opt/ros/jazzy/opt/gz_sensors_vendor:/opt/ros/jazzy/opt/gz_physics_vendor:/opt/ros/jazzy/opt/sdformat_vendor:/opt/ros/jazzy/opt/gz_gui_vendor:/opt/ros/jazzy/opt/gz_transport_vendor:/opt/ros/jazzy/opt/gz_rendering_vendor:/opt/ros/jazzy/opt/gz_plugin_vendor:/opt/ros/jazzy/opt/gz_fuel_tools_vendor:/opt/ros/jazzy/opt/gz_msgs_vendor:/opt/ros/jazzy/opt/gz_common_vendor:/opt/ros/jazzy/opt/gz_math_vendor:/opt/ros/jazzy/opt/gz_utils_vendor:/opt/ros/jazzy/opt/gz_tools_vendor:/opt/ros/jazzy/opt/gz_ogre_next_vendor:/opt/ros/jazzy/opt/gz_dartsim_vendor:/opt/ros/jazzy/opt/gz_cmake_vendor:/home/ground/ugv_repo/OperationTouchdown/ugv_ws/install/my_ugv_vision:/home/ground/ugv_repo/OperationTouchdown/ugv_ws/install/my_ugv_hardware:/opt/ros/jazzy DEBUGINFOD_URLS=https://debuginfod.ubuntu.com LD_LIBRARY_PATH=/home/ground/ugv_repo/OperationTouchdown/ugv_ws/install/depthai_ros_msgs/lib:/home/ground/ugv_repo/OperationTouchdown/ugv_ws/install/depthai_ros_driver/lib:/home/ground/ugv_repo/OperationTouchdown/ugv_ws/install/depthai_filters/lib:/home/ground/ugv_repo/OperationTouchdown/ugv_ws/install/depthai_bridge/lib:/opt/ros/jazzy/opt/gz_sim_vendor/lib:/opt/ros/jazzy/opt/gz_sensors_vendor/lib:/opt/ros/jazzy/opt/gz_physics_vendor/lib:/opt/ros/jazzy/opt/sdformat_vendor/lib:/opt/ros/jazzy/opt/rviz_ogre_vendor/lib:/opt/ros/jazzy/lib/aarch64-linux-gnu:/opt/ros/jazzy/opt/gz_gui_vendor/lib:/opt/ros/jazzy/opt/gz_transport_vendor/lib:/opt/ros/jazzy/opt/gz_rendering_vendor/lib:/opt/ros/jazzy/opt/gz_plugin_vendor/lib:/opt/ros/jazzy/opt/gz_fuel_tools_vendor/lib:/opt/ros/jazzy/opt/gz_msgs_vendor/lib:/opt/ros/jazzy/opt/gz_common_vendor/lib:/opt/ros/jazzy/opt/gz_math_vendor/lib:/opt/ros/jazzy/opt/gz_utils_vendor/lib:/opt/ros/jazzy/opt/gz_tools_vendor/lib:/opt/ros/jazzy/opt/gz_ogre_next_vendor/lib:/opt/ros/jazzy/opt/gz_dartsim_vendor/lib:/opt/ros/jazzy/opt/gz_cmake_vendor/lib:/opt/ros/jazzy/lib PYTHONPATH=/home/ground/ugv_repo/OperationTouchdown/ugv_ws/install/depthai_ros_msgs/lib/python3.12/site-packages:/home/ground/ugv_repo/OperationTouchdown/ugv_ws/build/my_ugv_vision:/home/ground/ugv_repo/OperationTouchdown/ugv_ws/install/my_ugv_vision/lib/python3.12/site-packages:/home/ground/ugv_repo/OperationTouchdown/ugv_ws/build/my_ugv_hardware:/home/ground/ugv_repo/OperationTouchdown/ugv_ws/install/my_ugv_hardware/lib/python3.12/site-packages:/home/ground/ugv_repo/OperationTouchdown/ugv_ws/install/depthai_ros_driver/lib/python3.12/site-packages:/opt/ros/jazzy/lib/python3.12/site-packages /usr/bin/cmake --build /home/ground/ugv_repo/OperationTouchdown/ugv_ws/build/depthai_bridge -- -j4 -l4
[2.371s] DEBUG:colcon.colcon_core.event_handler.log_command:Invoked command in '/home/ground/ugv_repo/OperationTouchdown/ugv_ws/build/rplidar_ros' returned '0': CMAKE_PREFIX_PATH=${CMAKE_PREFIX_PATH}:/home/ground/ugv_repo/OperationTouchdown/ugv_ws/install/my_ugv_vision:/home/ground/ugv_repo/OperationTouchdown/ugv_ws/install/my_ugv_hardware:/opt/ros/jazzy DEBUGINFOD_URLS=https://debuginfod.ubuntu.com /usr/bin/cmake --build /home/ground/ugv_repo/OperationTouchdown/ugv_ws/build/rplidar_ros -- -j4 -l4
[2.375s] DEBUG:colcon.colcon_core.event_handler.log_command:Invoking command in '/home/ground/ugv_repo/OperationTouchdown/ugv_ws/build/rplidar_ros': CMAKE_PREFIX_PATH=${CMAKE_PREFIX_PATH}:/home/ground/ugv_repo/OperationTouchdown/ugv_ws/install/my_ugv_vision:/home/ground/ugv_repo/OperationTouchdown/ugv_ws/install/my_ugv_hardware:/opt/ros/jazzy DEBUGINFOD_URLS=https://debuginfod.ubuntu.com /usr/bin/cmake --install /home/ground/ugv_repo/OperationTouchdown/ugv_ws/build/rplidar_ros
[2.548s] Level 1:colcon.colcon_core.environment:create_environment_scripts_only(rplidar_ros)
[2.549s] Level 1:colcon.colcon_core.environment:checking '/home/ground/ugv_repo/OperationTouchdown/ugv_ws/install/rplidar_ros' for CMake module files
[2.550s] Level 1:colcon.colcon_core.environment:checking '/home/ground/ugv_repo/OperationTouchdown/ugv_ws/install/rplidar_ros' for CMake config files
[2.551s] DEBUG:colcon.colcon_core.event_handler.log_command:Invoked command in '/home/ground/ugv_repo/OperationTouchdown/ugv_ws/build/rplidar_ros' returned '0': CMAKE_PREFIX_PATH=${CMAKE_PREFIX_PATH}:/home/ground/ugv_repo/OperationTouchdown/ugv_ws/install/my_ugv_vision:/home/ground/ugv_repo/OperationTouchdown/ugv_ws/install/my_ugv_hardware:/opt/ros/jazzy DEBUGINFOD_URLS=https://debuginfod.ubuntu.com /usr/bin/cmake --install /home/ground/ugv_repo/OperationTouchdown/ugv_ws/build/rplidar_ros
[2.555s] Level 1:colcon.colcon_core.shell:create_environment_hook('rplidar_ros', 'cmake_prefix_path')
[2.556s] INFO:colcon.colcon_core.shell:Creating environment hook '/home/ground/ugv_repo/OperationTouchdown/ugv_ws/install/rplidar_ros/share/rplidar_ros/hook/cmake_prefix_path.ps1'
[2.559s] INFO:colcon.colcon_core.shell:Creating environment descriptor '/home/ground/ugv_repo/OperationTouchdown/ugv_ws/install/rplidar_ros/share/rplidar_ros/hook/cmake_prefix_path.dsv'
[2.561s] INFO:colcon.colcon_core.shell:Creating environment hook '/home/ground/ugv_repo/OperationTouchdown/ugv_ws/install/rplidar_ros/share/rplidar_ros/hook/cmake_prefix_path.sh'
[2.562s] Level 1:colcon.colcon_core.environment:checking '/home/ground/ugv_repo/OperationTouchdown/ugv_ws/install/rplidar_ros/lib'
[2.563s] Level 1:colcon.colcon_core.environment:checking '/home/ground/ugv_repo/OperationTouchdown/ugv_ws/install/rplidar_ros/bin'
[2.563s] Level 1:colcon.colcon_core.environment:checking '/home/ground/ugv_repo/OperationTouchdown/ugv_ws/install/rplidar_ros/lib/pkgconfig/rplidar_ros.pc'
[2.564s] Level 1:colcon.colcon_core.environment:checking '/home/ground/ugv_repo/OperationTouchdown/ugv_ws/install/rplidar_ros/lib/python3.12/site-packages'
[2.565s] Level 1:colcon.colcon_core.environment:checking '/home/ground/ugv_repo/OperationTouchdown/ugv_ws/install/rplidar_ros/bin'
[2.565s] INFO:colcon.colcon_core.shell:Creating package script '/home/ground/ugv_repo/OperationTouchdown/ugv_ws/install/rplidar_ros/share/rplidar_ros/package.ps1'
[2.566s] INFO:colcon.colcon_core.shell:Creating package descriptor '/home/ground/ugv_repo/OperationTouchdown/ugv_ws/install/rplidar_ros/share/rplidar_ros/package.dsv'
[2.568s] INFO:colcon.colcon_core.shell:Creating package script '/home/ground/ugv_repo/OperationTouchdown/ugv_ws/install/rplidar_ros/share/rplidar_ros/package.sh'
[2.570s] INFO:colcon.colcon_core.shell:Creating package script '/home/ground/ugv_repo/OperationTouchdown/ugv_ws/install/rplidar_ros/share/rplidar_ros/package.bash'
[2.572s] INFO:colcon.colcon_core.shell:Creating package script '/home/ground/ugv_repo/OperationTouchdown/ugv_ws/install/rplidar_ros/share/rplidar_ros/package.zsh'
[2.574s] Level 1:colcon.colcon_core.environment:create_file_with_runtime_dependencies(/home/ground/ugv_repo/OperationTouchdown/ugv_ws/install/rplidar_ros/share/colcon-core/packages/rplidar_ros)
[2.576s] Level 1:colcon.colcon_core.environment:create_environment_scripts_only(rplidar_ros)
[2.577s] Level 1:colcon.colcon_core.environment:checking '/home/ground/ugv_repo/OperationTouchdown/ugv_ws/install/rplidar_ros' for CMake module files
[2.578s] Level 1:colcon.colcon_core.environment:checking '/home/ground/ugv_repo/OperationTouchdown/ugv_ws/install/rplidar_ros' for CMake config files
[2.582s] Level 1:colcon.colcon_core.shell:create_environment_hook('rplidar_ros', 'cmake_prefix_path')
[2.582s] INFO:colcon.colcon_core.shell:Creating environment hook '/home/ground/ugv_repo/OperationTouchdown/ugv_ws/install/rplidar_ros/share/rplidar_ros/hook/cmake_prefix_path.ps1'
[2.583s] INFO:colcon.colcon_core.shell:Creating environment descriptor '/home/ground/ugv_repo/OperationTouchdown/ugv_ws/install/rplidar_ros/share/rplidar_ros/hook/cmake_prefix_path.dsv'
[2.584s] INFO:colcon.colcon_core.shell:Creating environment hook '/home/ground/ugv_repo/OperationTouchdown/ugv_ws/install/rplidar_ros/share/rplidar_ros/hook/cmake_prefix_path.sh'
[2.585s] Level 1:colcon.colcon_core.environment:checking '/home/ground/ugv_repo/OperationTouchdown/ugv_ws/install/rplidar_ros/lib'
[2.585s] Level 1:colcon.colcon_core.environment:checking '/home/ground/ugv_repo/OperationTouchdown/ugv_ws/install/rplidar_ros/bin'
[2.585s] Level 1:colcon.colcon_core.environment:checking '/home/ground/ugv_repo/OperationTouchdown/ugv_ws/install/rplidar_ros/lib/pkgconfig/rplidar_ros.pc'
[2.585s] Level 1:colcon.colcon_core.environment:checking '/home/ground/ugv_repo/OperationTouchdown/ugv_ws/install/rplidar_ros/lib/python3.12/site-packages'
[2.586s] Level 1:colcon.colcon_core.environment:checking '/home/ground/ugv_repo/OperationTouchdown/ugv_ws/install/rplidar_ros/bin'
[2.586s] INFO:colcon.colcon_core.shell:Creating package script '/home/ground/ugv_repo/OperationTouchdown/ugv_ws/install/rplidar_ros/share/rplidar_ros/package.ps1'
[2.587s] INFO:colcon.colcon_core.shell:Creating package descriptor '/home/ground/ugv_repo/OperationTouchdown/ugv_ws/install/rplidar_ros/share/rplidar_ros/package.dsv'
[2.588s] INFO:colcon.colcon_core.shell:Creating package script '/home/ground/ugv_repo/OperationTouchdown/ugv_ws/install/rplidar_ros/share/rplidar_ros/package.sh'
[2.589s] INFO:colcon.colcon_core.shell:Creating package script '/home/ground/ugv_repo/OperationTouchdown/ugv_ws/install/rplidar_ros/share/rplidar_ros/package.bash'
[2.589s] INFO:colcon.colcon_core.shell:Creating package script '/home/ground/ugv_repo/OperationTouchdown/ugv_ws/install/rplidar_ros/share/rplidar_ros/package.zsh'
[2.590s] Level 1:colcon.colcon_core.environment:create_file_with_runtime_dependencies(/home/ground/ugv_repo/OperationTouchdown/ugv_ws/install/rplidar_ros/share/colcon-core/packages/rplidar_ros)
[2.591s] INFO:colcon.colcon_ros.task.ament_cmake.build:Building ROS package in '/home/ground/ugv_repo/OperationTouchdown/ugv_ws/src/depthai-ros/depthai_filters' with build type 'ament_cmake'
[2.592s] INFO:colcon.colcon_cmake.task.cmake.build:Building CMake package in '/home/ground/ugv_repo/OperationTouchdown/ugv_ws/src/depthai-ros/depthai_filters'
[2.592s] INFO:colcon.colcon_core.shell:Skip shell extension 'powershell' for command environment: Not usable outside of PowerShell
[2.592s] DEBUG:colcon.colcon_core.shell:Skip shell extension 'dsv' for command environment
[2.611s] DEBUG:colcon.colcon_core.event_handler.log_command:Invoking command in '/home/ground/ugv_repo/OperationTouchdown/ugv_ws/build/my_ugv_hardware': DEBUGINFOD_URLS=https://debuginfod.ubuntu.com PYTHONPATH=/home/ground/ugv_repo/OperationTouchdown/ugv_ws/build/my_ugv_hardware/prefix_override:/usr/lib/python3/dist-packages/colcon_core/task/python/colcon_distutils_commands:/home/ground/ugv_repo/OperationTouchdown/ugv_ws/install/my_ugv_hardware/lib/python3.12/site-packages:${PYTHONPATH} /usr/bin/python3 -W ignore:setup.py install is deprecated -W ignore:easy_install command is deprecated setup.py develop --editable --build-directory /home/ground/ugv_repo/OperationTouchdown/ugv_ws/build/my_ugv_hardware/build --no-deps symlink_data
[2.613s] DEBUG:colcon.colcon_core.event_handler.log_command:Invoked command in '/home/ground/ugv_repo/OperationTouchdown/ugv_ws/build/depthai_bridge' returned '0': CMAKE_PREFIX_PATH=/home/ground/ugv_repo/OperationTouchdown/ugv_ws/install/depthai_ros_msgs:/home/ground/ugv_repo/OperationTouchdown/ugv_ws/install/rplidar_ros:/home/ground/ugv_repo/OperationTouchdown/ugv_ws/install/roboteq_ros2_driver:/home/ground/ugv_repo/OperationTouchdown/ugv_ws/install/my_ugv_bringup:/home/ground/ugv_repo/OperationTouchdown/ugv_ws/install/my_ugv_description:/home/ground/ugv_repo/OperationTouchdown/ugv_ws/install/depthai-ros:/home/ground/ugv_repo/OperationTouchdown/ugv_ws/install/depthai_ros_driver:/home/ground/ugv_repo/OperationTouchdown/ugv_ws/install/depthai_filters:/home/ground/ugv_repo/OperationTouchdown/ugv_ws/install/depthai_examples:/home/ground/ugv_repo/OperationTouchdown/ugv_ws/install/depthai_bridge:/home/ground/ugv_repo/OperationTouchdown/ugv_ws/install/depthai_descriptions:/opt/ros/jazzy/opt/gz_sim_vendor:/opt/ros/jazzy/opt/gz_sensors_vendor:/opt/ros/jazzy/opt/gz_physics_vendor:/opt/ros/jazzy/opt/sdformat_vendor:/opt/ros/jazzy/opt/gz_gui_vendor:/opt/ros/jazzy/opt/gz_transport_vendor:/opt/ros/jazzy/opt/gz_rendering_vendor:/opt/ros/jazzy/opt/gz_plugin_vendor:/opt/ros/jazzy/opt/gz_fuel_tools_vendor:/opt/ros/jazzy/opt/gz_msgs_vendor:/opt/ros/jazzy/opt/gz_common_vendor:/opt/ros/jazzy/opt/gz_math_vendor:/opt/ros/jazzy/opt/gz_utils_vendor:/opt/ros/jazzy/opt/gz_tools_vendor:/opt/ros/jazzy/opt/gz_ogre_next_vendor:/opt/ros/jazzy/opt/gz_dartsim_vendor:/opt/ros/jazzy/opt/gz_cmake_vendor:/home/ground/ugv_repo/OperationTouchdown/ugv_ws/install/my_ugv_vision:/home/ground/ugv_repo/OperationTouchdown/ugv_ws/install/my_ugv_hardware:/opt/ros/jazzy DEBUGINFOD_URLS=https://debuginfod.ubuntu.com LD_LIBRARY_PATH=/home/ground/ugv_repo/OperationTouchdown/ugv_ws/install/depthai_ros_msgs/lib:/home/ground/ugv_repo/OperationTouchdown/ugv_ws/install/depthai_ros_driver/lib:/home/ground/ugv_repo/OperationTouchdown/ugv_ws/install/depthai_filters/lib:/home/ground/ugv_repo/OperationTouchdown/ugv_ws/install/depthai_bridge/lib:/opt/ros/jazzy/opt/gz_sim_vendor/lib:/opt/ros/jazzy/opt/gz_sensors_vendor/lib:/opt/ros/jazzy/opt/gz_physics_vendor/lib:/opt/ros/jazzy/opt/sdformat_vendor/lib:/opt/ros/jazzy/opt/rviz_ogre_vendor/lib:/opt/ros/jazzy/lib/aarch64-linux-gnu:/opt/ros/jazzy/opt/gz_gui_vendor/lib:/opt/ros/jazzy/opt/gz_transport_vendor/lib:/opt/ros/jazzy/opt/gz_rendering_vendor/lib:/opt/ros/jazzy/opt/gz_plugin_vendor/lib:/opt/ros/jazzy/opt/gz_fuel_tools_vendor/lib:/opt/ros/jazzy/opt/gz_msgs_vendor/lib:/opt/ros/jazzy/opt/gz_common_vendor/lib:/opt/ros/jazzy/opt/gz_math_vendor/lib:/opt/ros/jazzy/opt/gz_utils_vendor/lib:/opt/ros/jazzy/opt/gz_tools_vendor/lib:/opt/ros/jazzy/opt/gz_ogre_next_vendor/lib:/opt/ros/jazzy/opt/gz_dartsim_vendor/lib:/opt/ros/jazzy/opt/gz_cmake_vendor/lib:/opt/ros/jazzy/lib PYTHONPATH=/home/ground/ugv_repo/OperationTouchdown/ugv_ws/install/depthai_ros_msgs/lib/python3.12/site-packages:/home/ground/ugv_repo/OperationTouchdown/ugv_ws/build/my_ugv_vision:/home/ground/ugv_repo/OperationTouchdown/ugv_ws/install/my_ugv_vision/lib/python3.12/site-packages:/home/ground/ugv_repo/OperationTouchdown/ugv_ws/build/my_ugv_hardware:/home/ground/ugv_repo/OperationTouchdown/ugv_ws/install/my_ugv_hardware/lib/python3.12/site-packages:/home/ground/ugv_repo/OperationTouchdown/ugv_ws/install/depthai_ros_driver/lib/python3.12/site-packages:/opt/ros/jazzy/lib/python3.12/site-packages /usr/bin/cmake --build /home/ground/ugv_repo/OperationTouchdown/ugv_ws/build/depthai_bridge -- -j4 -l4
[2.616s] DEBUG:colcon.colcon_core.event_handler.log_command:Invoking command in '/home/ground/ugv_repo/OperationTouchdown/ugv_ws/build/depthai_bridge': CMAKE_PREFIX_PATH=/home/ground/ugv_repo/OperationTouchdown/ugv_ws/install/depthai_ros_msgs:/home/ground/ugv_repo/OperationTouchdown/ugv_ws/install/rplidar_ros:/home/ground/ugv_repo/OperationTouchdown/ugv_ws/install/roboteq_ros2_driver:/home/ground/ugv_repo/OperationTouchdown/ugv_ws/install/my_ugv_bringup:/home/ground/ugv_repo/OperationTouchdown/ugv_ws/install/my_ugv_description:/home/ground/ugv_repo/OperationTouchdown/ugv_ws/install/depthai-ros:/home/ground/ugv_repo/OperationTouchdown/ugv_ws/install/depthai_ros_driver:/home/ground/ugv_repo/OperationTouchdown/ugv_ws/install/depthai_filters:/home/ground/ugv_repo/OperationTouchdown/ugv_ws/install/depthai_examples:/home/ground/ugv_repo/OperationTouchdown/ugv_ws/install/depthai_bridge:/home/ground/ugv_repo/OperationTouchdown/ugv_ws/install/depthai_descriptions:/opt/ros/jazzy/opt/gz_sim_vendor:/opt/ros/jazzy/opt/gz_sensors_vendor:/opt/ros/jazzy/opt/gz_physics_vendor:/opt/ros/jazzy/opt/sdformat_vendor:/opt/ros/jazzy/opt/gz_gui_vendor:/opt/ros/jazzy/opt/gz_transport_vendor:/opt/ros/jazzy/opt/gz_rendering_vendor:/opt/ros/jazzy/opt/gz_plugin_vendor:/opt/ros/jazzy/opt/gz_fuel_tools_vendor:/opt/ros/jazzy/opt/gz_msgs_vendor:/opt/ros/jazzy/opt/gz_common_vendor:/opt/ros/jazzy/opt/gz_math_vendor:/opt/ros/jazzy/opt/gz_utils_vendor:/opt/ros/jazzy/opt/gz_tools_vendor:/opt/ros/jazzy/opt/gz_ogre_next_vendor:/opt/ros/jazzy/opt/gz_dartsim_vendor:/opt/ros/jazzy/opt/gz_cmake_vendor:/home/ground/ugv_repo/OperationTouchdown/ugv_ws/install/my_ugv_vision:/home/ground/ugv_repo/OperationTouchdown/ugv_ws/install/my_ugv_hardware:/opt/ros/jazzy DEBUGINFOD_URLS=https://debuginfod.ubuntu.com LD_LIBRARY_PATH=/home/ground/ugv_repo/OperationTouchdown/ugv_ws/install/depthai_ros_msgs/lib:/home/ground/ugv_repo/OperationTouchdown/ugv_ws/install/depthai_ros_driver/lib:/home/ground/ugv_repo/OperationTouchdown/ugv_ws/install/depthai_filters/lib:/home/ground/ugv_repo/OperationTouchdown/ugv_ws/install/depthai_bridge/lib:/opt/ros/jazzy/opt/gz_sim_vendor/lib:/opt/ros/jazzy/opt/gz_sensors_vendor/lib:/opt/ros/jazzy/opt/gz_physics_vendor/lib:/opt/ros/jazzy/opt/sdformat_vendor/lib:/opt/ros/jazzy/opt/rviz_ogre_vendor/lib:/opt/ros/jazzy/lib/aarch64-linux-gnu:/opt/ros/jazzy/opt/gz_gui_vendor/lib:/opt/ros/jazzy/opt/gz_transport_vendor/lib:/opt/ros/jazzy/opt/gz_rendering_vendor/lib:/opt/ros/jazzy/opt/gz_plugin_vendor/lib:/opt/ros/jazzy/opt/gz_fuel_tools_vendor/lib:/opt/ros/jazzy/opt/gz_msgs_vendor/lib:/opt/ros/jazzy/opt/gz_common_vendor/lib:/opt/ros/jazzy/opt/gz_math_vendor/lib:/opt/ros/jazzy/opt/gz_utils_vendor/lib:/opt/ros/jazzy/opt/gz_tools_vendor/lib:/opt/ros/jazzy/opt/gz_ogre_next_vendor/lib:/opt/ros/jazzy/opt/gz_dartsim_vendor/lib:/opt/ros/jazzy/opt/gz_cmake_vendor/lib:/opt/ros/jazzy/lib PYTHONPATH=/home/ground/ugv_repo/OperationTouchdown/ugv_ws/install/depthai_ros_msgs/lib/python3.12/site-packages:/home/ground/ugv_repo/OperationTouchdown/ugv_ws/build/my_ugv_vision:/home/ground/ugv_repo/OperationTouchdown/ugv_ws/install/my_ugv_vision/lib/python3.12/site-packages:/home/ground/ugv_repo/OperationTouchdown/ugv_ws/build/my_ugv_hardware:/home/ground/ugv_repo/OperationTouchdown/ugv_ws/install/my_ugv_hardware/lib/python3.12/site-packages:/home/ground/ugv_repo/OperationTouchdown/ugv_ws/install/depthai_ros_driver/lib/python3.12/site-packages:/opt/ros/jazzy/lib/python3.12/site-packages /usr/bin/cmake --install /home/ground/ugv_repo/OperationTouchdown/ugv_ws/build/depthai_bridge
[2.627s] DEBUG:colcon.colcon_core.event_handler.log_command:Invoking command in '/home/ground/ugv_repo/OperationTouchdown/ugv_ws/build/depthai_filters': CMAKE_PREFIX_PATH=/home/ground/ugv_repo/OperationTouchdown/ugv_ws/install/depthai_ros_msgs:/home/ground/ugv_repo/OperationTouchdown/ugv_ws/install/rplidar_ros:/home/ground/ugv_repo/OperationTouchdown/ugv_ws/install/roboteq_ros2_driver:/home/ground/ugv_repo/OperationTouchdown/ugv_ws/install/my_ugv_bringup:/home/ground/ugv_repo/OperationTouchdown/ugv_ws/install/my_ugv_description:/home/ground/ugv_repo/OperationTouchdown/ugv_ws/install/depthai-ros:/home/ground/ugv_repo/OperationTouchdown/ugv_ws/install/depthai_ros_driver:/home/ground/ugv_repo/OperationTouchdown/ugv_ws/install/depthai_filters:/home/ground/ugv_repo/OperationTouchdown/ugv_ws/install/depthai_examples:/home/ground/ugv_repo/OperationTouchdown/ugv_ws/install/depthai_bridge:/home/ground/ugv_repo/OperationTouchdown/ugv_ws/install/depthai_descriptions:/opt/ros/jazzy/opt/gz_sim_vendor:/opt/ros/jazzy/opt/gz_sensors_vendor:/opt/ros/jazzy/opt/gz_physics_vendor:/opt/ros/jazzy/opt/sdformat_vendor:/opt/ros/jazzy/opt/gz_gui_vendor:/opt/ros/jazzy/opt/gz_transport_vendor:/opt/ros/jazzy/opt/gz_rendering_vendor:/opt/ros/jazzy/opt/gz_plugin_vendor:/opt/ros/jazzy/opt/gz_fuel_tools_vendor:/opt/ros/jazzy/opt/gz_msgs_vendor:/opt/ros/jazzy/opt/gz_common_vendor:/opt/ros/jazzy/opt/gz_math_vendor:/opt/ros/jazzy/opt/gz_utils_vendor:/opt/ros/jazzy/opt/gz_tools_vendor:/opt/ros/jazzy/opt/gz_ogre_next_vendor:/opt/ros/jazzy/opt/gz_dartsim_vendor:/opt/ros/jazzy/opt/gz_cmake_vendor:/home/ground/ugv_repo/OperationTouchdown/ugv_ws/install/my_ugv_vision:/home/ground/ugv_repo/OperationTouchdown/ugv_ws/install/my_ugv_hardware:/opt/ros/jazzy DEBUGINFOD_URLS=https://debuginfod.ubuntu.com LD_LIBRARY_PATH=/home/ground/ugv_repo/OperationTouchdown/ugv_ws/install/depthai_ros_msgs/lib:/home/ground/ugv_repo/OperationTouchdown/ugv_ws/install/depthai_ros_driver/lib:/home/ground/ugv_repo/OperationTouchdown/ugv_ws/install/depthai_filters/lib:/home/ground/ugv_repo/OperationTouchdown/ugv_ws/install/depthai_bridge/lib:/opt/ros/jazzy/opt/gz_sim_vendor/lib:/opt/ros/jazzy/opt/gz_sensors_vendor/lib:/opt/ros/jazzy/opt/gz_physics_vendor/lib:/opt/ros/jazzy/opt/sdformat_vendor/lib:/opt/ros/jazzy/opt/rviz_ogre_vendor/lib:/opt/ros/jazzy/lib/aarch64-linux-gnu:/opt/ros/jazzy/opt/gz_gui_vendor/lib:/opt/ros/jazzy/opt/gz_transport_vendor/lib:/opt/ros/jazzy/opt/gz_rendering_vendor/lib:/opt/ros/jazzy/opt/gz_plugin_vendor/lib:/opt/ros/jazzy/opt/gz_fuel_tools_vendor/lib:/opt/ros/jazzy/opt/gz_msgs_vendor/lib:/opt/ros/jazzy/opt/gz_common_vendor/lib:/opt/ros/jazzy/opt/gz_math_vendor/lib:/opt/ros/jazzy/opt/gz_utils_vendor/lib:/opt/ros/jazzy/opt/gz_tools_vendor/lib:/opt/ros/jazzy/opt/gz_ogre_next_vendor/lib:/opt/ros/jazzy/opt/gz_dartsim_vendor/lib:/opt/ros/jazzy/opt/gz_cmake_vendor/lib:/opt/ros/jazzy/lib PYTHONPATH=/home/ground/ugv_repo/OperationTouchdown/ugv_ws/install/depthai_ros_msgs/lib/python3.12/site-packages:/home/ground/ugv_repo/OperationTouchdown/ugv_ws/build/my_ugv_vision:/home/ground/ugv_repo/OperationTouchdown/ugv_ws/install/my_ugv_vision/lib/python3.12/site-packages:/home/ground/ugv_repo/OperationTouchdown/ugv_ws/build/my_ugv_hardware:/home/ground/ugv_repo/OperationTouchdown/ugv_ws/install/my_ugv_hardware/lib/python3.12/site-packages:/home/ground/ugv_repo/OperationTouchdown/ugv_ws/install/depthai_ros_driver/lib/python3.12/site-packages:/opt/ros/jazzy/lib/python3.12/site-packages /usr/bin/cmake --build /home/ground/ugv_repo/OperationTouchdown/ugv_ws/build/depthai_filters -- -j4 -l4
[2.687s] Level 1:colcon.colcon_core.environment:create_environment_scripts_only(depthai_bridge)
[2.688s] Level 1:colcon.colcon_core.environment:checking '/home/ground/ugv_repo/OperationTouchdown/ugv_ws/install/depthai_bridge' for CMake module files
[2.689s] Level 1:colcon.colcon_core.environment:checking '/home/ground/ugv_repo/OperationTouchdown/ugv_ws/install/depthai_bridge' for CMake config files
[2.689s] Level 1:colcon.colcon_core.shell:create_environment_hook('depthai_bridge', 'cmake_prefix_path')
[2.693s] INFO:colcon.colcon_core.shell:Creating environment hook '/home/ground/ugv_repo/OperationTouchdown/ugv_ws/install/depthai_bridge/share/depthai_bridge/hook/cmake_prefix_path.ps1'
[2.693s] DEBUG:colcon.colcon_core.event_handler.log_command:Invoked command in '/home/ground/ugv_repo/OperationTouchdown/ugv_ws/build/depthai_bridge' returned '0': CMAKE_PREFIX_PATH=/home/ground/ugv_repo/OperationTouchdown/ugv_ws/install/depthai_ros_msgs:/home/ground/ugv_repo/OperationTouchdown/ugv_ws/install/rplidar_ros:/home/ground/ugv_repo/OperationTouchdown/ugv_ws/install/roboteq_ros2_driver:/home/ground/ugv_repo/OperationTouchdown/ugv_ws/install/my_ugv_bringup:/home/ground/ugv_repo/OperationTouchdown/ugv_ws/install/my_ugv_description:/home/ground/ugv_repo/OperationTouchdown/ugv_ws/install/depthai-ros:/home/ground/ugv_repo/OperationTouchdown/ugv_ws/install/depthai_ros_driver:/home/ground/ugv_repo/OperationTouchdown/ugv_ws/install/depthai_filters:/home/ground/ugv_repo/OperationTouchdown/ugv_ws/install/depthai_examples:/home/ground/ugv_repo/OperationTouchdown/ugv_ws/install/depthai_bridge:/home/ground/ugv_repo/OperationTouchdown/ugv_ws/install/depthai_descriptions:/opt/ros/jazzy/opt/gz_sim_vendor:/opt/ros/jazzy/opt/gz_sensors_vendor:/opt/ros/jazzy/opt/gz_physics_vendor:/opt/ros/jazzy/opt/sdformat_vendor:/opt/ros/jazzy/opt/gz_gui_vendor:/opt/ros/jazzy/opt/gz_transport_vendor:/opt/ros/jazzy/opt/gz_rendering_vendor:/opt/ros/jazzy/opt/gz_plugin_vendor:/opt/ros/jazzy/opt/gz_fuel_tools_vendor:/opt/ros/jazzy/opt/gz_msgs_vendor:/opt/ros/jazzy/opt/gz_common_vendor:/opt/ros/jazzy/opt/gz_math_vendor:/opt/ros/jazzy/opt/gz_utils_vendor:/opt/ros/jazzy/opt/gz_tools_vendor:/opt/ros/jazzy/opt/gz_ogre_next_vendor:/opt/ros/jazzy/opt/gz_dartsim_vendor:/opt/ros/jazzy/opt/gz_cmake_vendor:/home/ground/ugv_repo/OperationTouchdown/ugv_ws/install/my_ugv_vision:/home/ground/ugv_repo/OperationTouchdown/ugv_ws/install/my_ugv_hardware:/opt/ros/jazzy DEBUGINFOD_URLS=https://debuginfod.ubuntu.com LD_LIBRARY_PATH=/home/ground/ugv_repo/OperationTouchdown/ugv_ws/install/depthai_ros_msgs/lib:/home/ground/ugv_repo/OperationTouchdown/ugv_ws/install/depthai_ros_driver/lib:/home/ground/ugv_repo/OperationTouchdown/ugv_ws/install/depthai_filters/lib:/home/ground/ugv_repo/OperationTouchdown/ugv_ws/install/depthai_bridge/lib:/opt/ros/jazzy/opt/gz_sim_vendor/lib:/opt/ros/jazzy/opt/gz_sensors_vendor/lib:/opt/ros/jazzy/opt/gz_physics_vendor/lib:/opt/ros/jazzy/opt/sdformat_vendor/lib:/opt/ros/jazzy/opt/rviz_ogre_vendor/lib:/opt/ros/jazzy/lib/aarch64-linux-gnu:/opt/ros/jazzy/opt/gz_gui_vendor/lib:/opt/ros/jazzy/opt/gz_transport_vendor/lib:/opt/ros/jazzy/opt/gz_rendering_vendor/lib:/opt/ros/jazzy/opt/gz_plugin_vendor/lib:/opt/ros/jazzy/opt/gz_fuel_tools_vendor/lib:/opt/ros/jazzy/opt/gz_msgs_vendor/lib:/opt/ros/jazzy/opt/gz_common_vendor/lib:/opt/ros/jazzy/opt/gz_math_vendor/lib:/opt/ros/jazzy/opt/gz_utils_vendor/lib:/opt/ros/jazzy/opt/gz_tools_vendor/lib:/opt/ros/jazzy/opt/gz_ogre_next_vendor/lib:/opt/ros/jazzy/opt/gz_dartsim_vendor/lib:/opt/ros/jazzy/opt/gz_cmake_vendor/lib:/opt/ros/jazzy/lib PYTHONPATH=/home/ground/ugv_repo/OperationTouchdown/ugv_ws/install/depthai_ros_msgs/lib/python3.12/site-packages:/home/ground/ugv_repo/OperationTouchdown/ugv_ws/build/my_ugv_vision:/home/ground/ugv_repo/OperationTouchdown/ugv_ws/install/my_ugv_vision/lib/python3.12/site-packages:/home/ground/ugv_repo/OperationTouchdown/ugv_ws/build/my_ugv_hardware:/home/ground/ugv_repo/OperationTouchdown/ugv_ws/install/my_ugv_hardware/lib/python3.12/site-packages:/home/ground/ugv_repo/OperationTouchdown/ugv_ws/install/depthai_ros_driver/lib/python3.12/site-packages:/opt/ros/jazzy/lib/python3.12/site-packages /usr/bin/cmake --install /home/ground/ugv_repo/OperationTouchdown/ugv_ws/build/depthai_bridge
[2.695s] INFO:colcon.colcon_core.shell:Creating environment descriptor '/home/ground/ugv_repo/OperationTouchdown/ugv_ws/install/depthai_bridge/share/depthai_bridge/hook/cmake_prefix_path.dsv'
[2.696s] INFO:colcon.colcon_core.shell:Creating environment hook '/home/ground/ugv_repo/OperationTouchdown/ugv_ws/install/depthai_bridge/share/depthai_bridge/hook/cmake_prefix_path.sh'
[2.700s] Level 1:colcon.colcon_core.environment:checking '/home/ground/ugv_repo/OperationTouchdown/ugv_ws/install/depthai_bridge/lib'
[2.700s] Level 1:colcon.colcon_core.shell:create_environment_hook('depthai_bridge', 'ld_library_path_lib')
[2.701s] INFO:colcon.colcon_core.shell:Creating environment hook '/home/ground/ugv_repo/OperationTouchdown/ugv_ws/install/depthai_bridge/share/depthai_bridge/hook/ld_library_path_lib.ps1'
[2.703s] INFO:colcon.colcon_core.shell:Creating environment descriptor '/home/ground/ugv_repo/OperationTouchdown/ugv_ws/install/depthai_bridge/share/depthai_bridge/hook/ld_library_path_lib.dsv'
[2.704s] INFO:colcon.colcon_core.shell:Creating environment hook '/home/ground/ugv_repo/OperationTouchdown/ugv_ws/install/depthai_bridge/share/depthai_bridge/hook/ld_library_path_lib.sh'
[2.706s] Level 1:colcon.colcon_core.environment:checking '/home/ground/ugv_repo/OperationTouchdown/ugv_ws/install/depthai_bridge/bin'
[2.706s] Level 1:colcon.colcon_core.environment:checking '/home/ground/ugv_repo/OperationTouchdown/ugv_ws/install/depthai_bridge/lib/pkgconfig/depthai_bridge.pc'
[2.707s] Level 1:colcon.colcon_core.environment:checking '/home/ground/ugv_repo/OperationTouchdown/ugv_ws/install/depthai_bridge/lib/python3.12/site-packages'
[2.708s] Level 1:colcon.colcon_core.environment:checking '/home/ground/ugv_repo/OperationTouchdown/ugv_ws/install/depthai_bridge/bin'
[2.709s] INFO:colcon.colcon_core.shell:Creating package script '/home/ground/ugv_repo/OperationTouchdown/ugv_ws/install/depthai_bridge/share/depthai_bridge/package.ps1'
[2.710s] INFO:colcon.colcon_core.shell:Creating package descriptor '/home/ground/ugv_repo/OperationTouchdown/ugv_ws/install/depthai_bridge/share/depthai_bridge/package.dsv'
[2.712s] INFO:colcon.colcon_core.shell:Creating package script '/home/ground/ugv_repo/OperationTouchdown/ugv_ws/install/depthai_bridge/share/depthai_bridge/package.sh'
[2.713s] INFO:colcon.colcon_core.shell:Creating package script '/home/ground/ugv_repo/OperationTouchdown/ugv_ws/install/depthai_bridge/share/depthai_bridge/package.bash'
[2.714s] INFO:colcon.colcon_core.shell:Creating package script '/home/ground/ugv_repo/OperationTouchdown/ugv_ws/install/depthai_bridge/share/depthai_bridge/package.zsh'
[2.716s] Level 1:colcon.colcon_core.environment:create_file_with_runtime_dependencies(/home/ground/ugv_repo/OperationTouchdown/ugv_ws/install/depthai_bridge/share/colcon-core/packages/depthai_bridge)
[2.718s] Level 1:colcon.colcon_core.environment:create_environment_scripts_only(depthai_bridge)
[2.718s] Level 1:colcon.colcon_core.environment:checking '/home/ground/ugv_repo/OperationTouchdown/ugv_ws/install/depthai_bridge' for CMake module files
[2.721s] Level 1:colcon.colcon_core.environment:checking '/home/ground/ugv_repo/OperationTouchdown/ugv_ws/install/depthai_bridge' for CMake config files
[2.721s] Level 1:colcon.colcon_core.shell:create_environment_hook('depthai_bridge', 'cmake_prefix_path')
[2.722s] INFO:colcon.colcon_core.shell:Creating environment hook '/home/ground/ugv_repo/OperationTouchdown/ugv_ws/install/depthai_bridge/share/depthai_bridge/hook/cmake_prefix_path.ps1'
[2.724s] INFO:colcon.colcon_core.shell:Creating environment descriptor '/home/ground/ugv_repo/OperationTouchdown/ugv_ws/install/depthai_bridge/share/depthai_bridge/hook/cmake_prefix_path.dsv'
[2.726s] INFO:colcon.colcon_core.shell:Creating environment hook '/home/ground/ugv_repo/OperationTouchdown/ugv_ws/install/depthai_bridge/share/depthai_bridge/hook/cmake_prefix_path.sh'
[2.728s] Level 1:colcon.colcon_core.environment:checking '/home/ground/ugv_repo/OperationTouchdown/ugv_ws/install/depthai_bridge/lib'
[2.729s] Level 1:colcon.colcon_core.shell:create_environment_hook('depthai_bridge', 'ld_library_path_lib')
[2.730s] INFO:colcon.colcon_core.shell:Creating environment hook '/home/ground/ugv_repo/OperationTouchdown/ugv_ws/install/depthai_bridge/share/depthai_bridge/hook/ld_library_path_lib.ps1'
[2.733s] INFO:colcon.colcon_core.shell:Creating environment descriptor '/home/ground/ugv_repo/OperationTouchdown/ugv_ws/install/depthai_bridge/share/depthai_bridge/hook/ld_library_path_lib.dsv'
[2.736s] INFO:colcon.colcon_core.shell:Creating environment hook '/home/ground/ugv_repo/OperationTouchdown/ugv_ws/install/depthai_bridge/share/depthai_bridge/hook/ld_library_path_lib.sh'
[2.737s] Level 1:colcon.colcon_core.environment:checking '/home/ground/ugv_repo/OperationTouchdown/ugv_ws/install/depthai_bridge/bin'
[2.737s] Level 1:colcon.colcon_core.environment:checking '/home/ground/ugv_repo/OperationTouchdown/ugv_ws/install/depthai_bridge/lib/pkgconfig/depthai_bridge.pc'
[2.738s] Level 1:colcon.colcon_core.environment:checking '/home/ground/ugv_repo/OperationTouchdown/ugv_ws/install/depthai_bridge/lib/python3.12/site-packages'
[2.738s] Level 1:colcon.colcon_core.environment:checking '/home/ground/ugv_repo/OperationTouchdown/ugv_ws/install/depthai_bridge/bin'
[2.739s] INFO:colcon.colcon_core.shell:Creating package script '/home/ground/ugv_repo/OperationTouchdown/ugv_ws/install/depthai_bridge/share/depthai_bridge/package.ps1'
[2.741s] INFO:colcon.colcon_core.shell:Creating package descriptor '/home/ground/ugv_repo/OperationTouchdown/ugv_ws/install/depthai_bridge/share/depthai_bridge/package.dsv'
[2.743s] INFO:colcon.colcon_core.shell:Creating package script '/home/ground/ugv_repo/OperationTouchdown/ugv_ws/install/depthai_bridge/share/depthai_bridge/package.sh'
[2.745s] INFO:colcon.colcon_core.shell:Creating package script '/home/ground/ugv_repo/OperationTouchdown/ugv_ws/install/depthai_bridge/share/depthai_bridge/package.bash'
[2.747s] INFO:colcon.colcon_core.shell:Creating package script '/home/ground/ugv_repo/OperationTouchdown/ugv_ws/install/depthai_bridge/share/depthai_bridge/package.zsh'
[2.748s] Level 1:colcon.colcon_core.environment:create_file_with_runtime_dependencies(/home/ground/ugv_repo/OperationTouchdown/ugv_ws/install/depthai_bridge/share/colcon-core/packages/depthai_bridge)
[2.749s] INFO:colcon.colcon_ros.task.ament_cmake.build:Building ROS package in '/home/ground/ugv_repo/OperationTouchdown/ugv_ws/src/depthai-ros/depthai_examples' with build type 'ament_cmake'
[2.750s] INFO:colcon.colcon_cmake.task.cmake.build:Building CMake package in '/home/ground/ugv_repo/OperationTouchdown/ugv_ws/src/depthai-ros/depthai_examples'
[2.750s] INFO:colcon.colcon_core.shell:Skip shell extension 'powershell' for command environment: Not usable outside of PowerShell
[2.751s] DEBUG:colcon.colcon_core.shell:Skip shell extension 'dsv' for command environment
[2.789s] DEBUG:colcon.colcon_core.event_handler.log_command:Invoking command in '/home/ground/ugv_repo/OperationTouchdown/ugv_ws/build/depthai_examples': CMAKE_PREFIX_PATH=/home/ground/ugv_repo/OperationTouchdown/ugv_ws/install/depthai_bridge:/home/ground/ugv_repo/OperationTouchdown/ugv_ws/install/depthai_ros_msgs:/home/ground/ugv_repo/OperationTouchdown/ugv_ws/install/depthai_descriptions:/home/ground/ugv_repo/OperationTouchdown/ugv_ws/install/rplidar_ros:/home/ground/ugv_repo/OperationTouchdown/ugv_ws/install/roboteq_ros2_driver:/home/ground/ugv_repo/OperationTouchdown/ugv_ws/install/my_ugv_bringup:/home/ground/ugv_repo/OperationTouchdown/ugv_ws/install/my_ugv_description:/home/ground/ugv_repo/OperationTouchdown/ugv_ws/install/depthai-ros:/home/ground/ugv_repo/OperationTouchdown/ugv_ws/install/depthai_ros_driver:/home/ground/ugv_repo/OperationTouchdown/ugv_ws/install/depthai_filters:/home/ground/ugv_repo/OperationTouchdown/ugv_ws/install/depthai_examples:/opt/ros/jazzy/opt/gz_sim_vendor:/opt/ros/jazzy/opt/gz_sensors_vendor:/opt/ros/jazzy/opt/gz_physics_vendor:/opt/ros/jazzy/opt/sdformat_vendor:/opt/ros/jazzy/opt/gz_gui_vendor:/opt/ros/jazzy/opt/gz_transport_vendor:/opt/ros/jazzy/opt/gz_rendering_vendor:/opt/ros/jazzy/opt/gz_plugin_vendor:/opt/ros/jazzy/opt/gz_fuel_tools_vendor:/opt/ros/jazzy/opt/gz_msgs_vendor:/opt/ros/jazzy/opt/gz_common_vendor:/opt/ros/jazzy/opt/gz_math_vendor:/opt/ros/jazzy/opt/gz_utils_vendor:/opt/ros/jazzy/opt/gz_tools_vendor:/opt/ros/jazzy/opt/gz_ogre_next_vendor:/opt/ros/jazzy/opt/gz_dartsim_vendor:/opt/ros/jazzy/opt/gz_cmake_vendor:/home/ground/ugv_repo/OperationTouchdown/ugv_ws/install/my_ugv_vision:/home/ground/ugv_repo/OperationTouchdown/ugv_ws/install/my_ugv_hardware:/opt/ros/jazzy DEBUGINFOD_URLS=https://debuginfod.ubuntu.com GAZEBO_MODEL_PATH=/home/ground/ugv_repo/OperationTouchdown/ugv_ws/install/depthai_descriptions:${GAZEBO_MODEL_PATH} GAZEBO_RESOURCE_PATH=/home/ground/ugv_repo/OperationTouchdown/ugv_ws/install/depthai_descriptions:${GAZEBO_RESOURCE_PATH} IGN_GAZEBO_MODEL_PATH=/home/ground/ugv_repo/OperationTouchdown/ugv_ws/install/depthai_descriptions:${IGN_GAZEBO_MODEL_PATH} IGN_GAZEBO_RESOURCE_PATH=/home/ground/ugv_repo/OperationTouchdown/ugv_ws/install/depthai_descriptions:${IGN_GAZEBO_RESOURCE_PATH} LD_LIBRARY_PATH=/home/ground/ugv_repo/OperationTouchdown/ugv_ws/install/depthai_bridge/lib:/home/ground/ugv_repo/OperationTouchdown/ugv_ws/install/depthai_ros_msgs/lib:/home/ground/ugv_repo/OperationTouchdown/ugv_ws/install/depthai_ros_driver/lib:/home/ground/ugv_repo/OperationTouchdown/ugv_ws/install/depthai_filters/lib:/opt/ros/jazzy/opt/gz_sim_vendor/lib:/opt/ros/jazzy/opt/gz_sensors_vendor/lib:/opt/ros/jazzy/opt/gz_physics_vendor/lib:/opt/ros/jazzy/opt/sdformat_vendor/lib:/opt/ros/jazzy/opt/rviz_ogre_vendor/lib:/opt/ros/jazzy/lib/aarch64-linux-gnu:/opt/ros/jazzy/opt/gz_gui_vendor/lib:/opt/ros/jazzy/opt/gz_transport_vendor/lib:/opt/ros/jazzy/opt/gz_rendering_vendor/lib:/opt/ros/jazzy/opt/gz_plugin_vendor/lib:/opt/ros/jazzy/opt/gz_fuel_tools_vendor/lib:/opt/ros/jazzy/opt/gz_msgs_vendor/lib:/opt/ros/jazzy/opt/gz_common_vendor/lib:/opt/ros/jazzy/opt/gz_math_vendor/lib:/opt/ros/jazzy/opt/gz_utils_vendor/lib:/opt/ros/jazzy/opt/gz_tools_vendor/lib:/opt/ros/jazzy/opt/gz_ogre_next_vendor/lib:/opt/ros/jazzy/opt/gz_dartsim_vendor/lib:/opt/ros/jazzy/opt/gz_cmake_vendor/lib:/opt/ros/jazzy/lib PYTHONPATH=/home/ground/ugv_repo/OperationTouchdown/ugv_ws/install/depthai_ros_msgs/lib/python3.12/site-packages:/home/ground/ugv_repo/OperationTouchdown/ugv_ws/build/my_ugv_vision:/home/ground/ugv_repo/OperationTouchdown/ugv_ws/install/my_ugv_vision/lib/python3.12/site-packages:/home/ground/ugv_repo/OperationTouchdown/ugv_ws/build/my_ugv_hardware:/home/ground/ugv_repo/OperationTouchdown/ugv_ws/install/my_ugv_hardware/lib/python3.12/site-packages:/home/ground/ugv_repo/OperationTouchdown/ugv_ws/install/depthai_ros_driver/lib/python3.12/site-packages:/opt/ros/jazzy/lib/python3.12/site-packages /usr/bin/cmake --build /home/ground/ugv_repo/OperationTouchdown/ugv_ws/build/depthai_examples -- -j4 -l4
[2.864s] DEBUG:colcon.colcon_core.event_handler.log_command:Invoked command in '/home/ground/ugv_repo/OperationTouchdown/ugv_ws/build/depthai_filters' returned '0': CMAKE_PREFIX_PATH=/home/ground/ugv_repo/OperationTouchdown/ugv_ws/install/depthai_ros_msgs:/home/ground/ugv_repo/OperationTouchdown/ugv_ws/install/rplidar_ros:/home/ground/ugv_repo/OperationTouchdown/ugv_ws/install/roboteq_ros2_driver:/home/ground/ugv_repo/OperationTouchdown/ugv_ws/install/my_ugv_bringup:/home/ground/ugv_repo/OperationTouchdown/ugv_ws/install/my_ugv_description:/home/ground/ugv_repo/OperationTouchdown/ugv_ws/install/depthai-ros:/home/ground/ugv_repo/OperationTouchdown/ugv_ws/install/depthai_ros_driver:/home/ground/ugv_repo/OperationTouchdown/ugv_ws/install/depthai_filters:/home/ground/ugv_repo/OperationTouchdown/ugv_ws/install/depthai_examples:/home/ground/ugv_repo/OperationTouchdown/ugv_ws/install/depthai_bridge:/home/ground/ugv_repo/OperationTouchdown/ugv_ws/install/depthai_descriptions:/opt/ros/jazzy/opt/gz_sim_vendor:/opt/ros/jazzy/opt/gz_sensors_vendor:/opt/ros/jazzy/opt/gz_physics_vendor:/opt/ros/jazzy/opt/sdformat_vendor:/opt/ros/jazzy/opt/gz_gui_vendor:/opt/ros/jazzy/opt/gz_transport_vendor:/opt/ros/jazzy/opt/gz_rendering_vendor:/opt/ros/jazzy/opt/gz_plugin_vendor:/opt/ros/jazzy/opt/gz_fuel_tools_vendor:/opt/ros/jazzy/opt/gz_msgs_vendor:/opt/ros/jazzy/opt/gz_common_vendor:/opt/ros/jazzy/opt/gz_math_vendor:/opt/ros/jazzy/opt/gz_utils_vendor:/opt/ros/jazzy/opt/gz_tools_vendor:/opt/ros/jazzy/opt/gz_ogre_next_vendor:/opt/ros/jazzy/opt/gz_dartsim_vendor:/opt/ros/jazzy/opt/gz_cmake_vendor:/home/ground/ugv_repo/OperationTouchdown/ugv_ws/install/my_ugv_vision:/home/ground/ugv_repo/OperationTouchdown/ugv_ws/install/my_ugv_hardware:/opt/ros/jazzy DEBUGINFOD_URLS=https://debuginfod.ubuntu.com LD_LIBRARY_PATH=/home/ground/ugv_repo/OperationTouchdown/ugv_ws/install/depthai_ros_msgs/lib:/home/ground/ugv_repo/OperationTouchdown/ugv_ws/install/depthai_ros_driver/lib:/home/ground/ugv_repo/OperationTouchdown/ugv_ws/install/depthai_filters/lib:/home/ground/ugv_repo/OperationTouchdown/ugv_ws/install/depthai_bridge/lib:/opt/ros/jazzy/opt/gz_sim_vendor/lib:/opt/ros/jazzy/opt/gz_sensors_vendor/lib:/opt/ros/jazzy/opt/gz_physics_vendor/lib:/opt/ros/jazzy/opt/sdformat_vendor/lib:/opt/ros/jazzy/opt/rviz_ogre_vendor/lib:/opt/ros/jazzy/lib/aarch64-linux-gnu:/opt/ros/jazzy/opt/gz_gui_vendor/lib:/opt/ros/jazzy/opt/gz_transport_vendor/lib:/opt/ros/jazzy/opt/gz_rendering_vendor/lib:/opt/ros/jazzy/opt/gz_plugin_vendor/lib:/opt/ros/jazzy/opt/gz_fuel_tools_vendor/lib:/opt/ros/jazzy/opt/gz_msgs_vendor/lib:/opt/ros/jazzy/opt/gz_common_vendor/lib:/opt/ros/jazzy/opt/gz_math_vendor/lib:/opt/ros/jazzy/opt/gz_utils_vendor/lib:/opt/ros/jazzy/opt/gz_tools_vendor/lib:/opt/ros/jazzy/opt/gz_ogre_next_vendor/lib:/opt/ros/jazzy/opt/gz_dartsim_vendor/lib:/opt/ros/jazzy/opt/gz_cmake_vendor/lib:/opt/ros/jazzy/lib PYTHONPATH=/home/ground/ugv_repo/OperationTouchdown/ugv_ws/install/depthai_ros_msgs/lib/python3.12/site-packages:/home/ground/ugv_repo/OperationTouchdown/ugv_ws/build/my_ugv_vision:/home/ground/ugv_repo/OperationTouchdown/ugv_ws/install/my_ugv_vision/lib/python3.12/site-packages:/home/ground/ugv_repo/OperationTouchdown/ugv_ws/build/my_ugv_hardware:/home/ground/ugv_repo/OperationTouchdown/ugv_ws/install/my_ugv_hardware/lib/python3.12/site-packages:/home/ground/ugv_repo/OperationTouchdown/ugv_ws/install/depthai_ros_driver/lib/python3.12/site-packages:/opt/ros/jazzy/lib/python3.12/site-packages /usr/bin/cmake --build /home/ground/ugv_repo/OperationTouchdown/ugv_ws/build/depthai_filters -- -j4 -l4
[2.867s] DEBUG:colcon.colcon_core.event_handler.log_command:Invoking command in '/home/ground/ugv_repo/OperationTouchdown/ugv_ws/build/depthai_filters': CMAKE_PREFIX_PATH=/home/ground/ugv_repo/OperationTouchdown/ugv_ws/install/depthai_ros_msgs:/home/ground/ugv_repo/OperationTouchdown/ugv_ws/install/rplidar_ros:/home/ground/ugv_repo/OperationTouchdown/ugv_ws/install/roboteq_ros2_driver:/home/ground/ugv_repo/OperationTouchdown/ugv_ws/install/my_ugv_bringup:/home/ground/ugv_repo/OperationTouchdown/ugv_ws/install/my_ugv_description:/home/ground/ugv_repo/OperationTouchdown/ugv_ws/install/depthai-ros:/home/ground/ugv_repo/OperationTouchdown/ugv_ws/install/depthai_ros_driver:/home/ground/ugv_repo/OperationTouchdown/ugv_ws/install/depthai_filters:/home/ground/ugv_repo/OperationTouchdown/ugv_ws/install/depthai_examples:/home/ground/ugv_repo/OperationTouchdown/ugv_ws/install/depthai_bridge:/home/ground/ugv_repo/OperationTouchdown/ugv_ws/install/depthai_descriptions:/opt/ros/jazzy/opt/gz_sim_vendor:/opt/ros/jazzy/opt/gz_sensors_vendor:/opt/ros/jazzy/opt/gz_physics_vendor:/opt/ros/jazzy/opt/sdformat_vendor:/opt/ros/jazzy/opt/gz_gui_vendor:/opt/ros/jazzy/opt/gz_transport_vendor:/opt/ros/jazzy/opt/gz_rendering_vendor:/opt/ros/jazzy/opt/gz_plugin_vendor:/opt/ros/jazzy/opt/gz_fuel_tools_vendor:/opt/ros/jazzy/opt/gz_msgs_vendor:/opt/ros/jazzy/opt/gz_common_vendor:/opt/ros/jazzy/opt/gz_math_vendor:/opt/ros/jazzy/opt/gz_utils_vendor:/opt/ros/jazzy/opt/gz_tools_vendor:/opt/ros/jazzy/opt/gz_ogre_next_vendor:/opt/ros/jazzy/opt/gz_dartsim_vendor:/opt/ros/jazzy/opt/gz_cmake_vendor:/home/ground/ugv_repo/OperationTouchdown/ugv_ws/install/my_ugv_vision:/home/ground/ugv_repo/OperationTouchdown/ugv_ws/install/my_ugv_hardware:/opt/ros/jazzy DEBUGINFOD_URLS=https://debuginfod.ubuntu.com LD_LIBRARY_PATH=/home/ground/ugv_repo/OperationTouchdown/ugv_ws/install/depthai_ros_msgs/lib:/home/ground/ugv_repo/OperationTouchdown/ugv_ws/install/depthai_ros_driver/lib:/home/ground/ugv_repo/OperationTouchdown/ugv_ws/install/depthai_filters/lib:/home/ground/ugv_repo/OperationTouchdown/ugv_ws/install/depthai_bridge/lib:/opt/ros/jazzy/opt/gz_sim_vendor/lib:/opt/ros/jazzy/opt/gz_sensors_vendor/lib:/opt/ros/jazzy/opt/gz_physics_vendor/lib:/opt/ros/jazzy/opt/sdformat_vendor/lib:/opt/ros/jazzy/opt/rviz_ogre_vendor/lib:/opt/ros/jazzy/lib/aarch64-linux-gnu:/opt/ros/jazzy/opt/gz_gui_vendor/lib:/opt/ros/jazzy/opt/gz_transport_vendor/lib:/opt/ros/jazzy/opt/gz_rendering_vendor/lib:/opt/ros/jazzy/opt/gz_plugin_vendor/lib:/opt/ros/jazzy/opt/gz_fuel_tools_vendor/lib:/opt/ros/jazzy/opt/gz_msgs_vendor/lib:/opt/ros/jazzy/opt/gz_common_vendor/lib:/opt/ros/jazzy/opt/gz_math_vendor/lib:/opt/ros/jazzy/opt/gz_utils_vendor/lib:/opt/ros/jazzy/opt/gz_tools_vendor/lib:/opt/ros/jazzy/opt/gz_ogre_next_vendor/lib:/opt/ros/jazzy/opt/gz_dartsim_vendor/lib:/opt/ros/jazzy/opt/gz_cmake_vendor/lib:/opt/ros/jazzy/lib PYTHONPATH=/home/ground/ugv_repo/OperationTouchdown/ugv_ws/install/depthai_ros_msgs/lib/python3.12/site-packages:/home/ground/ugv_repo/OperationTouchdown/ugv_ws/build/my_ugv_vision:/home/ground/ugv_repo/OperationTouchdown/ugv_ws/install/my_ugv_vision/lib/python3.12/site-packages:/home/ground/ugv_repo/OperationTouchdown/ugv_ws/build/my_ugv_hardware:/home/ground/ugv_repo/OperationTouchdown/ugv_ws/install/my_ugv_hardware/lib/python3.12/site-packages:/home/ground/ugv_repo/OperationTouchdown/ugv_ws/install/depthai_ros_driver/lib/python3.12/site-packages:/opt/ros/jazzy/lib/python3.12/site-packages /usr/bin/cmake --install /home/ground/ugv_repo/OperationTouchdown/ugv_ws/build/depthai_filters
[2.985s] Level 1:colcon.colcon_core.environment:create_environment_scripts_only(depthai_filters)
[2.986s] Level 1:colcon.colcon_core.environment:checking '/home/ground/ugv_repo/OperationTouchdown/ugv_ws/install/depthai_filters' for CMake module files
[2.987s] Level 1:colcon.colcon_core.environment:checking '/home/ground/ugv_repo/OperationTouchdown/ugv_ws/install/depthai_filters' for CMake config files
[2.990s] Level 1:colcon.colcon_core.shell:create_environment_hook('depthai_filters', 'cmake_prefix_path')
[2.991s] DEBUG:colcon.colcon_core.event_handler.log_command:Invoked command in '/home/ground/ugv_repo/OperationTouchdown/ugv_ws/build/depthai_filters' returned '0': CMAKE_PREFIX_PATH=/home/ground/ugv_repo/OperationTouchdown/ugv_ws/install/depthai_ros_msgs:/home/ground/ugv_repo/OperationTouchdown/ugv_ws/install/rplidar_ros:/home/ground/ugv_repo/OperationTouchdown/ugv_ws/install/roboteq_ros2_driver:/home/ground/ugv_repo/OperationTouchdown/ugv_ws/install/my_ugv_bringup:/home/ground/ugv_repo/OperationTouchdown/ugv_ws/install/my_ugv_description:/home/ground/ugv_repo/OperationTouchdown/ugv_ws/install/depthai-ros:/home/ground/ugv_repo/OperationTouchdown/ugv_ws/install/depthai_ros_driver:/home/ground/ugv_repo/OperationTouchdown/ugv_ws/install/depthai_filters:/home/ground/ugv_repo/OperationTouchdown/ugv_ws/install/depthai_examples:/home/ground/ugv_repo/OperationTouchdown/ugv_ws/install/depthai_bridge:/home/ground/ugv_repo/OperationTouchdown/ugv_ws/install/depthai_descriptions:/opt/ros/jazzy/opt/gz_sim_vendor:/opt/ros/jazzy/opt/gz_sensors_vendor:/opt/ros/jazzy/opt/gz_physics_vendor:/opt/ros/jazzy/opt/sdformat_vendor:/opt/ros/jazzy/opt/gz_gui_vendor:/opt/ros/jazzy/opt/gz_transport_vendor:/opt/ros/jazzy/opt/gz_rendering_vendor:/opt/ros/jazzy/opt/gz_plugin_vendor:/opt/ros/jazzy/opt/gz_fuel_tools_vendor:/opt/ros/jazzy/opt/gz_msgs_vendor:/opt/ros/jazzy/opt/gz_common_vendor:/opt/ros/jazzy/opt/gz_math_vendor:/opt/ros/jazzy/opt/gz_utils_vendor:/opt/ros/jazzy/opt/gz_tools_vendor:/opt/ros/jazzy/opt/gz_ogre_next_vendor:/opt/ros/jazzy/opt/gz_dartsim_vendor:/opt/ros/jazzy/opt/gz_cmake_vendor:/home/ground/ugv_repo/OperationTouchdown/ugv_ws/install/my_ugv_vision:/home/ground/ugv_repo/OperationTouchdown/ugv_ws/install/my_ugv_hardware:/opt/ros/jazzy DEBUGINFOD_URLS=https://debuginfod.ubuntu.com LD_LIBRARY_PATH=/home/ground/ugv_repo/OperationTouchdown/ugv_ws/install/depthai_ros_msgs/lib:/home/ground/ugv_repo/OperationTouchdown/ugv_ws/install/depthai_ros_driver/lib:/home/ground/ugv_repo/OperationTouchdown/ugv_ws/install/depthai_filters/lib:/home/ground/ugv_repo/OperationTouchdown/ugv_ws/install/depthai_bridge/lib:/opt/ros/jazzy/opt/gz_sim_vendor/lib:/opt/ros/jazzy/opt/gz_sensors_vendor/lib:/opt/ros/jazzy/opt/gz_physics_vendor/lib:/opt/ros/jazzy/opt/sdformat_vendor/lib:/opt/ros/jazzy/opt/rviz_ogre_vendor/lib:/opt/ros/jazzy/lib/aarch64-linux-gnu:/opt/ros/jazzy/opt/gz_gui_vendor/lib:/opt/ros/jazzy/opt/gz_transport_vendor/lib:/opt/ros/jazzy/opt/gz_rendering_vendor/lib:/opt/ros/jazzy/opt/gz_plugin_vendor/lib:/opt/ros/jazzy/opt/gz_fuel_tools_vendor/lib:/opt/ros/jazzy/opt/gz_msgs_vendor/lib:/opt/ros/jazzy/opt/gz_common_vendor/lib:/opt/ros/jazzy/opt/gz_math_vendor/lib:/opt/ros/jazzy/opt/gz_utils_vendor/lib:/opt/ros/jazzy/opt/gz_tools_vendor/lib:/opt/ros/jazzy/opt/gz_ogre_next_vendor/lib:/opt/ros/jazzy/opt/gz_dartsim_vendor/lib:/opt/ros/jazzy/opt/gz_cmake_vendor/lib:/opt/ros/jazzy/lib PYTHONPATH=/home/ground/ugv_repo/OperationTouchdown/ugv_ws/install/depthai_ros_msgs/lib/python3.12/site-packages:/home/ground/ugv_repo/OperationTouchdown/ugv_ws/build/my_ugv_vision:/home/ground/ugv_repo/OperationTouchdown/ugv_ws/install/my_ugv_vision/lib/python3.12/site-packages:/home/ground/ugv_repo/OperationTouchdown/ugv_ws/build/my_ugv_hardware:/home/ground/ugv_repo/OperationTouchdown/ugv_ws/install/my_ugv_hardware/lib/python3.12/site-packages:/home/ground/ugv_repo/OperationTouchdown/ugv_ws/install/depthai_ros_driver/lib/python3.12/site-packages:/opt/ros/jazzy/lib/python3.12/site-packages /usr/bin/cmake --install /home/ground/ugv_repo/OperationTouchdown/ugv_ws/build/depthai_filters
[2.992s] INFO:colcon.colcon_core.shell:Creating environment hook '/home/ground/ugv_repo/OperationTouchdown/ugv_ws/install/depthai_filters/share/depthai_filters/hook/cmake_prefix_path.ps1'
[2.995s] INFO:colcon.colcon_core.shell:Creating environment descriptor '/home/ground/ugv_repo/OperationTouchdown/ugv_ws/install/depthai_filters/share/depthai_filters/hook/cmake_prefix_path.dsv'
[2.995s] INFO:colcon.colcon_core.shell:Creating environment hook '/home/ground/ugv_repo/OperationTouchdown/ugv_ws/install/depthai_filters/share/depthai_filters/hook/cmake_prefix_path.sh'
[2.998s] Level 1:colcon.colcon_core.environment:checking '/home/ground/ugv_repo/OperationTouchdown/ugv_ws/install/depthai_filters/lib'
[2.998s] Level 1:colcon.colcon_core.shell:create_environment_hook('depthai_filters', 'ld_library_path_lib')
[2.999s] INFO:colcon.colcon_core.shell:Creating environment hook '/home/ground/ugv_repo/OperationTouchdown/ugv_ws/install/depthai_filters/share/depthai_filters/hook/ld_library_path_lib.ps1'
[3.001s] INFO:colcon.colcon_core.shell:Creating environment descriptor '/home/ground/ugv_repo/OperationTouchdown/ugv_ws/install/depthai_filters/share/depthai_filters/hook/ld_library_path_lib.dsv'
[3.002s] INFO:colcon.colcon_core.shell:Creating environment hook '/home/ground/ugv_repo/OperationTouchdown/ugv_ws/install/depthai_filters/share/depthai_filters/hook/ld_library_path_lib.sh'
[3.002s] Level 1:colcon.colcon_core.environment:checking '/home/ground/ugv_repo/OperationTouchdown/ugv_ws/install/depthai_filters/bin'
[3.004s] Level 1:colcon.colcon_core.environment:checking '/home/ground/ugv_repo/OperationTouchdown/ugv_ws/install/depthai_filters/lib/pkgconfig/depthai_filters.pc'
[3.004s] Level 1:colcon.colcon_core.environment:checking '/home/ground/ugv_repo/OperationTouchdown/ugv_ws/install/depthai_filters/lib/python3.12/site-packages'
[3.005s] Level 1:colcon.colcon_core.environment:checking '/home/ground/ugv_repo/OperationTouchdown/ugv_ws/install/depthai_filters/bin'
[3.005s] INFO:colcon.colcon_core.shell:Creating package script '/home/ground/ugv_repo/OperationTouchdown/ugv_ws/install/depthai_filters/share/depthai_filters/package.ps1'
[3.006s] INFO:colcon.colcon_core.shell:Creating package descriptor '/home/ground/ugv_repo/OperationTouchdown/ugv_ws/install/depthai_filters/share/depthai_filters/package.dsv'
[3.010s] INFO:colcon.colcon_core.shell:Creating package script '/home/ground/ugv_repo/OperationTouchdown/ugv_ws/install/depthai_filters/share/depthai_filters/package.sh'
[3.011s] INFO:colcon.colcon_core.shell:Creating package script '/home/ground/ugv_repo/OperationTouchdown/ugv_ws/install/depthai_filters/share/depthai_filters/package.bash'
[3.014s] INFO:colcon.colcon_core.shell:Creating package script '/home/ground/ugv_repo/OperationTouchdown/ugv_ws/install/depthai_filters/share/depthai_filters/package.zsh'
[3.015s] Level 1:colcon.colcon_core.environment:create_file_with_runtime_dependencies(/home/ground/ugv_repo/OperationTouchdown/ugv_ws/install/depthai_filters/share/colcon-core/packages/depthai_filters)
[3.020s] Level 1:colcon.colcon_core.environment:create_environment_scripts_only(depthai_filters)
[3.020s] Level 1:colcon.colcon_core.environment:checking '/home/ground/ugv_repo/OperationTouchdown/ugv_ws/install/depthai_filters' for CMake module files
[3.022s] Level 1:colcon.colcon_core.environment:checking '/home/ground/ugv_repo/OperationTouchdown/ugv_ws/install/depthai_filters' for CMake config files
[3.024s] Level 1:colcon.colcon_core.shell:create_environment_hook('depthai_filters', 'cmake_prefix_path')
[3.025s] INFO:colcon.colcon_core.shell:Creating environment hook '/home/ground/ugv_repo/OperationTouchdown/ugv_ws/install/depthai_filters/share/depthai_filters/hook/cmake_prefix_path.ps1'
[3.027s] INFO:colcon.colcon_core.shell:Creating environment descriptor '/home/ground/ugv_repo/OperationTouchdown/ugv_ws/install/depthai_filters/share/depthai_filters/hook/cmake_prefix_path.dsv'
[3.029s] INFO:colcon.colcon_core.shell:Creating environment hook '/home/ground/ugv_repo/OperationTouchdown/ugv_ws/install/depthai_filters/share/depthai_filters/hook/cmake_prefix_path.sh'
[3.031s] Level 1:colcon.colcon_core.environment:checking '/home/ground/ugv_repo/OperationTouchdown/ugv_ws/install/depthai_filters/lib'
[3.032s] Level 1:colcon.colcon_core.shell:create_environment_hook('depthai_filters', 'ld_library_path_lib')
[3.033s] INFO:colcon.colcon_core.shell:Creating environment hook '/home/ground/ugv_repo/OperationTouchdown/ugv_ws/install/depthai_filters/share/depthai_filters/hook/ld_library_path_lib.ps1'
[3.035s] INFO:colcon.colcon_core.shell:Creating environment descriptor '/home/ground/ugv_repo/OperationTouchdown/ugv_ws/install/depthai_filters/share/depthai_filters/hook/ld_library_path_lib.dsv'
[3.036s] INFO:colcon.colcon_core.shell:Creating environment hook '/home/ground/ugv_repo/OperationTouchdown/ugv_ws/install/depthai_filters/share/depthai_filters/hook/ld_library_path_lib.sh'
[3.036s] Level 1:colcon.colcon_core.environment:checking '/home/ground/ugv_repo/OperationTouchdown/ugv_ws/install/depthai_filters/bin'
[3.036s] Level 1:colcon.colcon_core.environment:checking '/home/ground/ugv_repo/OperationTouchdown/ugv_ws/install/depthai_filters/lib/pkgconfig/depthai_filters.pc'
[3.037s] Level 1:colcon.colcon_core.environment:checking '/home/ground/ugv_repo/OperationTouchdown/ugv_ws/install/depthai_filters/lib/python3.12/site-packages'
[3.037s] Level 1:colcon.colcon_core.environment:checking '/home/ground/ugv_repo/OperationTouchdown/ugv_ws/install/depthai_filters/bin'
[3.039s] INFO:colcon.colcon_core.shell:Creating package script '/home/ground/ugv_repo/OperationTouchdown/ugv_ws/install/depthai_filters/share/depthai_filters/package.ps1'
[3.041s] INFO:colcon.colcon_core.shell:Creating package descriptor '/home/ground/ugv_repo/OperationTouchdown/ugv_ws/install/depthai_filters/share/depthai_filters/package.dsv'
[3.042s] INFO:colcon.colcon_core.shell:Creating package script '/home/ground/ugv_repo/OperationTouchdown/ugv_ws/install/depthai_filters/share/depthai_filters/package.sh'
[3.044s] INFO:colcon.colcon_core.shell:Creating package script '/home/ground/ugv_repo/OperationTouchdown/ugv_ws/install/depthai_filters/share/depthai_filters/package.bash'
[3.046s] INFO:colcon.colcon_core.shell:Creating package script '/home/ground/ugv_repo/OperationTouchdown/ugv_ws/install/depthai_filters/share/depthai_filters/package.zsh'
[3.048s] Level 1:colcon.colcon_core.environment:create_file_with_runtime_dependencies(/home/ground/ugv_repo/OperationTouchdown/ugv_ws/install/depthai_filters/share/colcon-core/packages/depthai_filters)
[3.280s] DEBUG:colcon.colcon_core.event_handler.log_command:Invoked command in '/home/ground/ugv_repo/OperationTouchdown/ugv_ws/build/depthai_examples' returned '0': CMAKE_PREFIX_PATH=/home/ground/ugv_repo/OperationTouchdown/ugv_ws/install/depthai_bridge:/home/ground/ugv_repo/OperationTouchdown/ugv_ws/install/depthai_ros_msgs:/home/ground/ugv_repo/OperationTouchdown/ugv_ws/install/depthai_descriptions:/home/ground/ugv_repo/OperationTouchdown/ugv_ws/install/rplidar_ros:/home/ground/ugv_repo/OperationTouchdown/ugv_ws/install/roboteq_ros2_driver:/home/ground/ugv_repo/OperationTouchdown/ugv_ws/install/my_ugv_bringup:/home/ground/ugv_repo/OperationTouchdown/ugv_ws/install/my_ugv_description:/home/ground/ugv_repo/OperationTouchdown/ugv_ws/install/depthai-ros:/home/ground/ugv_repo/OperationTouchdown/ugv_ws/install/depthai_ros_driver:/home/ground/ugv_repo/OperationTouchdown/ugv_ws/install/depthai_filters:/home/ground/ugv_repo/OperationTouchdown/ugv_ws/install/depthai_examples:/opt/ros/jazzy/opt/gz_sim_vendor:/opt/ros/jazzy/opt/gz_sensors_vendor:/opt/ros/jazzy/opt/gz_physics_vendor:/opt/ros/jazzy/opt/sdformat_vendor:/opt/ros/jazzy/opt/gz_gui_vendor:/opt/ros/jazzy/opt/gz_transport_vendor:/opt/ros/jazzy/opt/gz_rendering_vendor:/opt/ros/jazzy/opt/gz_plugin_vendor:/opt/ros/jazzy/opt/gz_fuel_tools_vendor:/opt/ros/jazzy/opt/gz_msgs_vendor:/opt/ros/jazzy/opt/gz_common_vendor:/opt/ros/jazzy/opt/gz_math_vendor:/opt/ros/jazzy/opt/gz_utils_vendor:/opt/ros/jazzy/opt/gz_tools_vendor:/opt/ros/jazzy/opt/gz_ogre_next_vendor:/opt/ros/jazzy/opt/gz_dartsim_vendor:/opt/ros/jazzy/opt/gz_cmake_vendor:/home/ground/ugv_repo/OperationTouchdown/ugv_ws/install/my_ugv_vision:/home/ground/ugv_repo/OperationTouchdown/ugv_ws/install/my_ugv_hardware:/opt/ros/jazzy DEBUGINFOD_URLS=https://debuginfod.ubuntu.com GAZEBO_MODEL_PATH=/home/ground/ugv_repo/OperationTouchdown/ugv_ws/install/depthai_descriptions:${GAZEBO_MODEL_PATH} GAZEBO_RESOURCE_PATH=/home/ground/ugv_repo/OperationTouchdown/ugv_ws/install/depthai_descriptions:${GAZEBO_RESOURCE_PATH} IGN_GAZEBO_MODEL_PATH=/home/ground/ugv_repo/OperationTouchdown/ugv_ws/install/depthai_descriptions:${IGN_GAZEBO_MODEL_PATH} IGN_GAZEBO_RESOURCE_PATH=/home/ground/ugv_repo/OperationTouchdown/ugv_ws/install/depthai_descriptions:${IGN_GAZEBO_RESOURCE_PATH} LD_LIBRARY_PATH=/home/ground/ugv_repo/OperationTouchdown/ugv_ws/install/depthai_bridge/lib:/home/ground/ugv_repo/OperationTouchdown/ugv_ws/install/depthai_ros_msgs/lib:/home/ground/ugv_repo/OperationTouchdown/ugv_ws/install/depthai_ros_driver/lib:/home/ground/ugv_repo/OperationTouchdown/ugv_ws/install/depthai_filters/lib:/opt/ros/jazzy/opt/gz_sim_vendor/lib:/opt/ros/jazzy/opt/gz_sensors_vendor/lib:/opt/ros/jazzy/opt/gz_physics_vendor/lib:/opt/ros/jazzy/opt/sdformat_vendor/lib:/opt/ros/jazzy/opt/rviz_ogre_vendor/lib:/opt/ros/jazzy/lib/aarch64-linux-gnu:/opt/ros/jazzy/opt/gz_gui_vendor/lib:/opt/ros/jazzy/opt/gz_transport_vendor/lib:/opt/ros/jazzy/opt/gz_rendering_vendor/lib:/opt/ros/jazzy/opt/gz_plugin_vendor/lib:/opt/ros/jazzy/opt/gz_fuel_tools_vendor/lib:/opt/ros/jazzy/opt/gz_msgs_vendor/lib:/opt/ros/jazzy/opt/gz_common_vendor/lib:/opt/ros/jazzy/opt/gz_math_vendor/lib:/opt/ros/jazzy/opt/gz_utils_vendor/lib:/opt/ros/jazzy/opt/gz_tools_vendor/lib:/opt/ros/jazzy/opt/gz_ogre_next_vendor/lib:/opt/ros/jazzy/opt/gz_dartsim_vendor/lib:/opt/ros/jazzy/opt/gz_cmake_vendor/lib:/opt/ros/jazzy/lib PYTHONPATH=/home/ground/ugv_repo/OperationTouchdown/ugv_ws/install/depthai_ros_msgs/lib/python3.12/site-packages:/home/ground/ugv_repo/OperationTouchdown/ugv_ws/build/my_ugv_vision:/home/ground/ugv_repo/OperationTouchdown/ugv_ws/install/my_ugv_vision/lib/python3.12/site-packages:/home/ground/ugv_repo/OperationTouchdown/ugv_ws/build/my_ugv_hardware:/home/ground/ugv_repo/OperationTouchdown/ugv_ws/install/my_ugv_hardware/lib/python3.12/site-packages:/home/ground/ugv_repo/OperationTouchdown/ugv_ws/install/depthai_ros_driver/lib/python3.12/site-packages:/opt/ros/jazzy/lib/python3.12/site-packages /usr/bin/cmake --build /home/ground/ugv_repo/OperationTouchdown/ugv_ws/build/depthai_examples -- -j4 -l4
[3.280s] DEBUG:colcon.colcon_core.event_handler.log_command:Invoking command in '/home/ground/ugv_repo/OperationTouchdown/ugv_ws/build/depthai_examples': CMAKE_PREFIX_PATH=/home/ground/ugv_repo/OperationTouchdown/ugv_ws/install/depthai_bridge:/home/ground/ugv_repo/OperationTouchdown/ugv_ws/install/depthai_ros_msgs:/home/ground/ugv_repo/OperationTouchdown/ugv_ws/install/depthai_descriptions:/home/ground/ugv_repo/OperationTouchdown/ugv_ws/install/rplidar_ros:/home/ground/ugv_repo/OperationTouchdown/ugv_ws/install/roboteq_ros2_driver:/home/ground/ugv_repo/OperationTouchdown/ugv_ws/install/my_ugv_bringup:/home/ground/ugv_repo/OperationTouchdown/ugv_ws/install/my_ugv_description:/home/ground/ugv_repo/OperationTouchdown/ugv_ws/install/depthai-ros:/home/ground/ugv_repo/OperationTouchdown/ugv_ws/install/depthai_ros_driver:/home/ground/ugv_repo/OperationTouchdown/ugv_ws/install/depthai_filters:/home/ground/ugv_repo/OperationTouchdown/ugv_ws/install/depthai_examples:/opt/ros/jazzy/opt/gz_sim_vendor:/opt/ros/jazzy/opt/gz_sensors_vendor:/opt/ros/jazzy/opt/gz_physics_vendor:/opt/ros/jazzy/opt/sdformat_vendor:/opt/ros/jazzy/opt/gz_gui_vendor:/opt/ros/jazzy/opt/gz_transport_vendor:/opt/ros/jazzy/opt/gz_rendering_vendor:/opt/ros/jazzy/opt/gz_plugin_vendor:/opt/ros/jazzy/opt/gz_fuel_tools_vendor:/opt/ros/jazzy/opt/gz_msgs_vendor:/opt/ros/jazzy/opt/gz_common_vendor:/opt/ros/jazzy/opt/gz_math_vendor:/opt/ros/jazzy/opt/gz_utils_vendor:/opt/ros/jazzy/opt/gz_tools_vendor:/opt/ros/jazzy/opt/gz_ogre_next_vendor:/opt/ros/jazzy/opt/gz_dartsim_vendor:/opt/ros/jazzy/opt/gz_cmake_vendor:/home/ground/ugv_repo/OperationTouchdown/ugv_ws/install/my_ugv_vision:/home/ground/ugv_repo/OperationTouchdown/ugv_ws/install/my_ugv_hardware:/opt/ros/jazzy DEBUGINFOD_URLS=https://debuginfod.ubuntu.com GAZEBO_MODEL_PATH=/home/ground/ugv_repo/OperationTouchdown/ugv_ws/install/depthai_descriptions:${GAZEBO_MODEL_PATH} GAZEBO_RESOURCE_PATH=/home/ground/ugv_repo/OperationTouchdown/ugv_ws/install/depthai_descriptions:${GAZEBO_RESOURCE_PATH} IGN_GAZEBO_MODEL_PATH=/home/ground/ugv_repo/OperationTouchdown/ugv_ws/install/depthai_descriptions:${IGN_GAZEBO_MODEL_PATH} IGN_GAZEBO_RESOURCE_PATH=/home/ground/ugv_repo/OperationTouchdown/ugv_ws/install/depthai_descriptions:${IGN_GAZEBO_RESOURCE_PATH} LD_LIBRARY_PATH=/home/ground/ugv_repo/OperationTouchdown/ugv_ws/install/depthai_bridge/lib:/home/ground/ugv_repo/OperationTouchdown/ugv_ws/install/depthai_ros_msgs/lib:/home/ground/ugv_repo/OperationTouchdown/ugv_ws/install/depthai_ros_driver/lib:/home/ground/ugv_repo/OperationTouchdown/ugv_ws/install/depthai_filters/lib:/opt/ros/jazzy/opt/gz_sim_vendor/lib:/opt/ros/jazzy/opt/gz_sensors_vendor/lib:/opt/ros/jazzy/opt/gz_physics_vendor/lib:/opt/ros/jazzy/opt/sdformat_vendor/lib:/opt/ros/jazzy/opt/rviz_ogre_vendor/lib:/opt/ros/jazzy/lib/aarch64-linux-gnu:/opt/ros/jazzy/opt/gz_gui_vendor/lib:/opt/ros/jazzy/opt/gz_transport_vendor/lib:/opt/ros/jazzy/opt/gz_rendering_vendor/lib:/opt/ros/jazzy/opt/gz_plugin_vendor/lib:/opt/ros/jazzy/opt/gz_fuel_tools_vendor/lib:/opt/ros/jazzy/opt/gz_msgs_vendor/lib:/opt/ros/jazzy/opt/gz_common_vendor/lib:/opt/ros/jazzy/opt/gz_math_vendor/lib:/opt/ros/jazzy/opt/gz_utils_vendor/lib:/opt/ros/jazzy/opt/gz_tools_vendor/lib:/opt/ros/jazzy/opt/gz_ogre_next_vendor/lib:/opt/ros/jazzy/opt/gz_dartsim_vendor/lib:/opt/ros/jazzy/opt/gz_cmake_vendor/lib:/opt/ros/jazzy/lib PYTHONPATH=/home/ground/ugv_repo/OperationTouchdown/ugv_ws/install/depthai_ros_msgs/lib/python3.12/site-packages:/home/ground/ugv_repo/OperationTouchdown/ugv_ws/build/my_ugv_vision:/home/ground/ugv_repo/OperationTouchdown/ugv_ws/install/my_ugv_vision/lib/python3.12/site-packages:/home/ground/ugv_repo/OperationTouchdown/ugv_ws/build/my_ugv_hardware:/home/ground/ugv_repo/OperationTouchdown/ugv_ws/install/my_ugv_hardware/lib/python3.12/site-packages:/home/ground/ugv_repo/OperationTouchdown/ugv_ws/install/depthai_ros_driver/lib/python3.12/site-packages:/opt/ros/jazzy/lib/python3.12/site-packages /usr/bin/cmake --install /home/ground/ugv_repo/OperationTouchdown/ugv_ws/build/depthai_examples
[3.363s] Level 1:colcon.colcon_core.environment:create_environment_scripts_only(depthai_examples)
[3.364s] Level 1:colcon.colcon_core.environment:checking '/home/ground/ugv_repo/OperationTouchdown/ugv_ws/install/depthai_examples' for CMake module files
[3.365s] DEBUG:colcon.colcon_core.event_handler.log_command:Invoked command in '/home/ground/ugv_repo/OperationTouchdown/ugv_ws/build/depthai_examples' returned '0': CMAKE_PREFIX_PATH=/home/ground/ugv_repo/OperationTouchdown/ugv_ws/install/depthai_bridge:/home/ground/ugv_repo/OperationTouchdown/ugv_ws/install/depthai_ros_msgs:/home/ground/ugv_repo/OperationTouchdown/ugv_ws/install/depthai_descriptions:/home/ground/ugv_repo/OperationTouchdown/ugv_ws/install/rplidar_ros:/home/ground/ugv_repo/OperationTouchdown/ugv_ws/install/roboteq_ros2_driver:/home/ground/ugv_repo/OperationTouchdown/ugv_ws/install/my_ugv_bringup:/home/ground/ugv_repo/OperationTouchdown/ugv_ws/install/my_ugv_description:/home/ground/ugv_repo/OperationTouchdown/ugv_ws/install/depthai-ros:/home/ground/ugv_repo/OperationTouchdown/ugv_ws/install/depthai_ros_driver:/home/ground/ugv_repo/OperationTouchdown/ugv_ws/install/depthai_filters:/home/ground/ugv_repo/OperationTouchdown/ugv_ws/install/depthai_examples:/opt/ros/jazzy/opt/gz_sim_vendor:/opt/ros/jazzy/opt/gz_sensors_vendor:/opt/ros/jazzy/opt/gz_physics_vendor:/opt/ros/jazzy/opt/sdformat_vendor:/opt/ros/jazzy/opt/gz_gui_vendor:/opt/ros/jazzy/opt/gz_transport_vendor:/opt/ros/jazzy/opt/gz_rendering_vendor:/opt/ros/jazzy/opt/gz_plugin_vendor:/opt/ros/jazzy/opt/gz_fuel_tools_vendor:/opt/ros/jazzy/opt/gz_msgs_vendor:/opt/ros/jazzy/opt/gz_common_vendor:/opt/ros/jazzy/opt/gz_math_vendor:/opt/ros/jazzy/opt/gz_utils_vendor:/opt/ros/jazzy/opt/gz_tools_vendor:/opt/ros/jazzy/opt/gz_ogre_next_vendor:/opt/ros/jazzy/opt/gz_dartsim_vendor:/opt/ros/jazzy/opt/gz_cmake_vendor:/home/ground/ugv_repo/OperationTouchdown/ugv_ws/install/my_ugv_vision:/home/ground/ugv_repo/OperationTouchdown/ugv_ws/install/my_ugv_hardware:/opt/ros/jazzy DEBUGINFOD_URLS=https://debuginfod.ubuntu.com GAZEBO_MODEL_PATH=/home/ground/ugv_repo/OperationTouchdown/ugv_ws/install/depthai_descriptions:${GAZEBO_MODEL_PATH} GAZEBO_RESOURCE_PATH=/home/ground/ugv_repo/OperationTouchdown/ugv_ws/install/depthai_descriptions:${GAZEBO_RESOURCE_PATH} IGN_GAZEBO_MODEL_PATH=/home/ground/ugv_repo/OperationTouchdown/ugv_ws/install/depthai_descriptions:${IGN_GAZEBO_MODEL_PATH} IGN_GAZEBO_RESOURCE_PATH=/home/ground/ugv_repo/OperationTouchdown/ugv_ws/install/depthai_descriptions:${IGN_GAZEBO_RESOURCE_PATH} LD_LIBRARY_PATH=/home/ground/ugv_repo/OperationTouchdown/ugv_ws/install/depthai_bridge/lib:/home/ground/ugv_repo/OperationTouchdown/ugv_ws/install/depthai_ros_msgs/lib:/home/ground/ugv_repo/OperationTouchdown/ugv_ws/install/depthai_ros_driver/lib:/home/ground/ugv_repo/OperationTouchdown/ugv_ws/install/depthai_filters/lib:/opt/ros/jazzy/opt/gz_sim_vendor/lib:/opt/ros/jazzy/opt/gz_sensors_vendor/lib:/opt/ros/jazzy/opt/gz_physics_vendor/lib:/opt/ros/jazzy/opt/sdformat_vendor/lib:/opt/ros/jazzy/opt/rviz_ogre_vendor/lib:/opt/ros/jazzy/lib/aarch64-linux-gnu:/opt/ros/jazzy/opt/gz_gui_vendor/lib:/opt/ros/jazzy/opt/gz_transport_vendor/lib:/opt/ros/jazzy/opt/gz_rendering_vendor/lib:/opt/ros/jazzy/opt/gz_plugin_vendor/lib:/opt/ros/jazzy/opt/gz_fuel_tools_vendor/lib:/opt/ros/jazzy/opt/gz_msgs_vendor/lib:/opt/ros/jazzy/opt/gz_common_vendor/lib:/opt/ros/jazzy/opt/gz_math_vendor/lib:/opt/ros/jazzy/opt/gz_utils_vendor/lib:/opt/ros/jazzy/opt/gz_tools_vendor/lib:/opt/ros/jazzy/opt/gz_ogre_next_vendor/lib:/opt/ros/jazzy/opt/gz_dartsim_vendor/lib:/opt/ros/jazzy/opt/gz_cmake_vendor/lib:/opt/ros/jazzy/lib PYTHONPATH=/home/ground/ugv_repo/OperationTouchdown/ugv_ws/install/depthai_ros_msgs/lib/python3.12/site-packages:/home/ground/ugv_repo/OperationTouchdown/ugv_ws/build/my_ugv_vision:/home/ground/ugv_repo/OperationTouchdown/ugv_ws/install/my_ugv_vision/lib/python3.12/site-packages:/home/ground/ugv_repo/OperationTouchdown/ugv_ws/build/my_ugv_hardware:/home/ground/ugv_repo/OperationTouchdown/ugv_ws/install/my_ugv_hardware/lib/python3.12/site-packages:/home/ground/ugv_repo/OperationTouchdown/ugv_ws/install/depthai_ros_driver/lib/python3.12/site-packages:/opt/ros/jazzy/lib/python3.12/site-packages /usr/bin/cmake --install /home/ground/ugv_repo/OperationTouchdown/ugv_ws/build/depthai_examples
[3.366s] Level 1:colcon.colcon_core.environment:checking '/home/ground/ugv_repo/OperationTouchdown/ugv_ws/install/depthai_examples' for CMake config files
[3.367s] Level 1:colcon.colcon_core.shell:create_environment_hook('depthai_examples', 'cmake_prefix_path')
[3.368s] INFO:colcon.colcon_core.shell:Creating environment hook '/home/ground/ugv_repo/OperationTouchdown/ugv_ws/install/depthai_examples/share/depthai_examples/hook/cmake_prefix_path.ps1'
[3.369s] INFO:colcon.colcon_core.shell:Creating environment descriptor '/home/ground/ugv_repo/OperationTouchdown/ugv_ws/install/depthai_examples/share/depthai_examples/hook/cmake_prefix_path.dsv'
[3.371s] INFO:colcon.colcon_core.shell:Creating environment hook '/home/ground/ugv_repo/OperationTouchdown/ugv_ws/install/depthai_examples/share/depthai_examples/hook/cmake_prefix_path.sh'
[3.372s] Level 1:colcon.colcon_core.environment:checking '/home/ground/ugv_repo/OperationTouchdown/ugv_ws/install/depthai_examples/lib'
[3.373s] Level 1:colcon.colcon_core.environment:checking '/home/ground/ugv_repo/OperationTouchdown/ugv_ws/install/depthai_examples/bin'
[3.373s] Level 1:colcon.colcon_core.environment:checking '/home/ground/ugv_repo/OperationTouchdown/ugv_ws/install/depthai_examples/lib/pkgconfig/depthai_examples.pc'
[3.373s] Level 1:colcon.colcon_core.environment:checking '/home/ground/ugv_repo/OperationTouchdown/ugv_ws/install/depthai_examples/lib/python3.12/site-packages'
[3.374s] Level 1:colcon.colcon_core.environment:checking '/home/ground/ugv_repo/OperationTouchdown/ugv_ws/install/depthai_examples/bin'
[3.374s] INFO:colcon.colcon_core.shell:Creating package script '/home/ground/ugv_repo/OperationTouchdown/ugv_ws/install/depthai_examples/share/depthai_examples/package.ps1'
[3.376s] INFO:colcon.colcon_core.shell:Creating package descriptor '/home/ground/ugv_repo/OperationTouchdown/ugv_ws/install/depthai_examples/share/depthai_examples/package.dsv'
[3.376s] INFO:colcon.colcon_core.shell:Creating package script '/home/ground/ugv_repo/OperationTouchdown/ugv_ws/install/depthai_examples/share/depthai_examples/package.sh'
[3.377s] INFO:colcon.colcon_core.shell:Creating package script '/home/ground/ugv_repo/OperationTouchdown/ugv_ws/install/depthai_examples/share/depthai_examples/package.bash'
[3.378s] INFO:colcon.colcon_core.shell:Creating package script '/home/ground/ugv_repo/OperationTouchdown/ugv_ws/install/depthai_examples/share/depthai_examples/package.zsh'
[3.379s] Level 1:colcon.colcon_core.environment:create_file_with_runtime_dependencies(/home/ground/ugv_repo/OperationTouchdown/ugv_ws/install/depthai_examples/share/colcon-core/packages/depthai_examples)
[3.380s] Level 1:colcon.colcon_core.environment:create_environment_scripts_only(depthai_examples)
[3.381s] Level 1:colcon.colcon_core.environment:checking '/home/ground/ugv_repo/OperationTouchdown/ugv_ws/install/depthai_examples' for CMake module files
[3.382s] Level 1:colcon.colcon_core.environment:checking '/home/ground/ugv_repo/OperationTouchdown/ugv_ws/install/depthai_examples' for CMake config files
[3.383s] Level 1:colcon.colcon_core.shell:create_environment_hook('depthai_examples', 'cmake_prefix_path')
[3.383s] INFO:colcon.colcon_core.shell:Creating environment hook '/home/ground/ugv_repo/OperationTouchdown/ugv_ws/install/depthai_examples/share/depthai_examples/hook/cmake_prefix_path.ps1'
[3.384s] INFO:colcon.colcon_core.shell:Creating environment descriptor '/home/ground/ugv_repo/OperationTouchdown/ugv_ws/install/depthai_examples/share/depthai_examples/hook/cmake_prefix_path.dsv'
[3.385s] INFO:colcon.colcon_core.shell:Creating environment hook '/home/ground/ugv_repo/OperationTouchdown/ugv_ws/install/depthai_examples/share/depthai_examples/hook/cmake_prefix_path.sh'
[3.386s] Level 1:colcon.colcon_core.environment:checking '/home/ground/ugv_repo/OperationTouchdown/ugv_ws/install/depthai_examples/lib'
[3.387s] Level 1:colcon.colcon_core.environment:checking '/home/ground/ugv_repo/OperationTouchdown/ugv_ws/install/depthai_examples/bin'
[3.387s] Level 1:colcon.colcon_core.environment:checking '/home/ground/ugv_repo/OperationTouchdown/ugv_ws/install/depthai_examples/lib/pkgconfig/depthai_examples.pc'
[3.387s] Level 1:colcon.colcon_core.environment:checking '/home/ground/ugv_repo/OperationTouchdown/ugv_ws/install/depthai_examples/lib/python3.12/site-packages'
[3.388s] Level 1:colcon.colcon_core.environment:checking '/home/ground/ugv_repo/OperationTouchdown/ugv_ws/install/depthai_examples/bin'
[3.389s] INFO:colcon.colcon_core.shell:Creating package script '/home/ground/ugv_repo/OperationTouchdown/ugv_ws/install/depthai_examples/share/depthai_examples/package.ps1'
[3.390s] INFO:colcon.colcon_core.shell:Creating package descriptor '/home/ground/ugv_repo/OperationTouchdown/ugv_ws/install/depthai_examples/share/depthai_examples/package.dsv'
[3.391s] INFO:colcon.colcon_core.shell:Creating package script '/home/ground/ugv_repo/OperationTouchdown/ugv_ws/install/depthai_examples/share/depthai_examples/package.sh'
[3.392s] INFO:colcon.colcon_core.shell:Creating package script '/home/ground/ugv_repo/OperationTouchdown/ugv_ws/install/depthai_examples/share/depthai_examples/package.bash'
[3.393s] INFO:colcon.colcon_core.shell:Creating package script '/home/ground/ugv_repo/OperationTouchdown/ugv_ws/install/depthai_examples/share/depthai_examples/package.zsh'
[3.394s] Level 1:colcon.colcon_core.environment:create_file_with_runtime_dependencies(/home/ground/ugv_repo/OperationTouchdown/ugv_ws/install/depthai_examples/share/colcon-core/packages/depthai_examples)
[3.395s] INFO:colcon.colcon_ros.task.ament_cmake.build:Building ROS package in '/home/ground/ugv_repo/OperationTouchdown/ugv_ws/src/depthai-ros/depthai_ros_driver' with build type 'ament_cmake'
[3.395s] INFO:colcon.colcon_cmake.task.cmake.build:Building CMake package in '/home/ground/ugv_repo/OperationTouchdown/ugv_ws/src/depthai-ros/depthai_ros_driver'
[3.395s] INFO:colcon.colcon_core.shell:Skip shell extension 'powershell' for command environment: Not usable outside of PowerShell
[3.396s] DEBUG:colcon.colcon_core.shell:Skip shell extension 'dsv' for command environment
[3.416s] DEBUG:colcon.colcon_core.event_handler.log_command:Invoking command in '/home/ground/ugv_repo/OperationTouchdown/ugv_ws/build/my_ugv_vision': DEBUGINFOD_URLS=https://debuginfod.ubuntu.com PYTHONPATH=/home/ground/ugv_repo/OperationTouchdown/ugv_ws/build/my_ugv_vision/prefix_override:/usr/lib/python3/dist-packages/colcon_core/task/python/colcon_distutils_commands:/home/ground/ugv_repo/OperationTouchdown/ugv_ws/install/my_ugv_vision/lib/python3.12/site-packages:${PYTHONPATH} /usr/bin/python3 -W ignore:setup.py install is deprecated -W ignore:easy_install command is deprecated setup.py develop --editable --build-directory /home/ground/ugv_repo/OperationTouchdown/ugv_ws/build/my_ugv_vision/build --no-deps symlink_data
[3.443s] DEBUG:colcon.colcon_core.event_handler.log_command:Invoking command in '/home/ground/ugv_repo/OperationTouchdown/ugv_ws/build/depthai_ros_driver': CMAKE_PREFIX_PATH=/home/ground/ugv_repo/OperationTouchdown/ugv_ws/install/depthai_examples:/home/ground/ugv_repo/OperationTouchdown/ugv_ws/install/depthai_bridge:/home/ground/ugv_repo/OperationTouchdown/ugv_ws/install/depthai_ros_msgs:/home/ground/ugv_repo/OperationTouchdown/ugv_ws/install/depthai_descriptions:/home/ground/ugv_repo/OperationTouchdown/ugv_ws/install/rplidar_ros:/home/ground/ugv_repo/OperationTouchdown/ugv_ws/install/roboteq_ros2_driver:/home/ground/ugv_repo/OperationTouchdown/ugv_ws/install/my_ugv_bringup:/home/ground/ugv_repo/OperationTouchdown/ugv_ws/install/my_ugv_description:/home/ground/ugv_repo/OperationTouchdown/ugv_ws/install/depthai-ros:/home/ground/ugv_repo/OperationTouchdown/ugv_ws/install/depthai_ros_driver:/home/ground/ugv_repo/OperationTouchdown/ugv_ws/install/depthai_filters:/opt/ros/jazzy/opt/gz_sim_vendor:/opt/ros/jazzy/opt/gz_sensors_vendor:/opt/ros/jazzy/opt/gz_physics_vendor:/opt/ros/jazzy/opt/sdformat_vendor:/opt/ros/jazzy/opt/gz_gui_vendor:/opt/ros/jazzy/opt/gz_transport_vendor:/opt/ros/jazzy/opt/gz_rendering_vendor:/opt/ros/jazzy/opt/gz_plugin_vendor:/opt/ros/jazzy/opt/gz_fuel_tools_vendor:/opt/ros/jazzy/opt/gz_msgs_vendor:/opt/ros/jazzy/opt/gz_common_vendor:/opt/ros/jazzy/opt/gz_math_vendor:/opt/ros/jazzy/opt/gz_utils_vendor:/opt/ros/jazzy/opt/gz_tools_vendor:/opt/ros/jazzy/opt/gz_ogre_next_vendor:/opt/ros/jazzy/opt/gz_dartsim_vendor:/opt/ros/jazzy/opt/gz_cmake_vendor:/home/ground/ugv_repo/OperationTouchdown/ugv_ws/install/my_ugv_vision:/home/ground/ugv_repo/OperationTouchdown/ugv_ws/install/my_ugv_hardware:/opt/ros/jazzy DEBUGINFOD_URLS=https://debuginfod.ubuntu.com GAZEBO_MODEL_PATH=/home/ground/ugv_repo/OperationTouchdown/ugv_ws/install/depthai_descriptions:${GAZEBO_MODEL_PATH} GAZEBO_RESOURCE_PATH=/home/ground/ugv_repo/OperationTouchdown/ugv_ws/install/depthai_descriptions:${GAZEBO_RESOURCE_PATH} IGN_GAZEBO_MODEL_PATH=/home/ground/ugv_repo/OperationTouchdown/ugv_ws/install/depthai_descriptions:${IGN_GAZEBO_MODEL_PATH} IGN_GAZEBO_RESOURCE_PATH=/home/ground/ugv_repo/OperationTouchdown/ugv_ws/install/depthai_descriptions:${IGN_GAZEBO_RESOURCE_PATH} LD_LIBRARY_PATH=/home/ground/ugv_repo/OperationTouchdown/ugv_ws/install/depthai_bridge/lib:/home/ground/ugv_repo/OperationTouchdown/ugv_ws/install/depthai_ros_msgs/lib:/home/ground/ugv_repo/OperationTouchdown/ugv_ws/install/depthai_ros_driver/lib:/home/ground/ugv_repo/OperationTouchdown/ugv_ws/install/depthai_filters/lib:/opt/ros/jazzy/opt/gz_sim_vendor/lib:/opt/ros/jazzy/opt/gz_sensors_vendor/lib:/opt/ros/jazzy/opt/gz_physics_vendor/lib:/opt/ros/jazzy/opt/sdformat_vendor/lib:/opt/ros/jazzy/opt/rviz_ogre_vendor/lib:/opt/ros/jazzy/lib/aarch64-linux-gnu:/opt/ros/jazzy/opt/gz_gui_vendor/lib:/opt/ros/jazzy/opt/gz_transport_vendor/lib:/opt/ros/jazzy/opt/gz_rendering_vendor/lib:/opt/ros/jazzy/opt/gz_plugin_vendor/lib:/opt/ros/jazzy/opt/gz_fuel_tools_vendor/lib:/opt/ros/jazzy/opt/gz_msgs_vendor/lib:/opt/ros/jazzy/opt/gz_common_vendor/lib:/opt/ros/jazzy/opt/gz_math_vendor/lib:/opt/ros/jazzy/opt/gz_utils_vendor/lib:/opt/ros/jazzy/opt/gz_tools_vendor/lib:/opt/ros/jazzy/opt/gz_ogre_next_vendor/lib:/opt/ros/jazzy/opt/gz_dartsim_vendor/lib:/opt/ros/jazzy/opt/gz_cmake_vendor/lib:/opt/ros/jazzy/lib PYTHONPATH=/home/ground/ugv_repo/OperationTouchdown/ugv_ws/install/depthai_ros_msgs/lib/python3.12/site-packages:/home/ground/ugv_repo/OperationTouchdown/ugv_ws/build/my_ugv_vision:/home/ground/ugv_repo/OperationTouchdown/ugv_ws/install/my_ugv_vision/lib/python3.12/site-packages:/home/ground/ugv_repo/OperationTouchdown/ugv_ws/build/my_ugv_hardware:/home/ground/ugv_repo/OperationTouchdown/ugv_ws/install/my_ugv_hardware/lib/python3.12/site-packages:/home/ground/ugv_repo/OperationTouchdown/ugv_ws/install/depthai_ros_driver/lib/python3.12/site-packages:/opt/ros/jazzy/lib/python3.12/site-packages /usr/bin/cmake --build /home/ground/ugv_repo/OperationTouchdown/ugv_ws/build/depthai_ros_driver -- -j4 -l4
[4.223s] Level 1:colcon.colcon_core.shell:create_environment_hook('my_ugv_hardware', 'pythonpath_develop')
[4.224s] INFO:colcon.colcon_core.shell:Creating environment hook '/home/ground/ugv_repo/OperationTouchdown/ugv_ws/build/my_ugv_hardware/share/my_ugv_hardware/hook/pythonpath_develop.ps1'
[4.224s] INFO:colcon.colcon_core.shell:Creating environment descriptor '/home/ground/ugv_repo/OperationTouchdown/ugv_ws/build/my_ugv_hardware/share/my_ugv_hardware/hook/pythonpath_develop.dsv'
[4.226s] DEBUG:colcon.colcon_core.event_handler.log_command:Invoked command in '/home/ground/ugv_repo/OperationTouchdown/ugv_ws/build/my_ugv_hardware' returned '0': DEBUGINFOD_URLS=https://debuginfod.ubuntu.com PYTHONPATH=/home/ground/ugv_repo/OperationTouchdown/ugv_ws/build/my_ugv_hardware/prefix_override:/usr/lib/python3/dist-packages/colcon_core/task/python/colcon_distutils_commands:/home/ground/ugv_repo/OperationTouchdown/ugv_ws/install/my_ugv_hardware/lib/python3.12/site-packages:${PYTHONPATH} /usr/bin/python3 -W ignore:setup.py install is deprecated -W ignore:easy_install command is deprecated setup.py develop --editable --build-directory /home/ground/ugv_repo/OperationTouchdown/ugv_ws/build/my_ugv_hardware/build --no-deps symlink_data
[4.228s] INFO:colcon.colcon_core.shell:Creating environment hook '/home/ground/ugv_repo/OperationTouchdown/ugv_ws/build/my_ugv_hardware/share/my_ugv_hardware/hook/pythonpath_develop.sh'
[4.229s] Level 1:colcon.colcon_core.environment:checking '/home/ground/ugv_repo/OperationTouchdown/ugv_ws/install/my_ugv_hardware' for CMake module files
[4.231s] Level 1:colcon.colcon_core.environment:checking '/home/ground/ugv_repo/OperationTouchdown/ugv_ws/install/my_ugv_hardware' for CMake config files
[4.232s] Level 1:colcon.colcon_core.environment:checking '/home/ground/ugv_repo/OperationTouchdown/ugv_ws/install/my_ugv_hardware/lib'
[4.233s] Level 1:colcon.colcon_core.environment:checking '/home/ground/ugv_repo/OperationTouchdown/ugv_ws/install/my_ugv_hardware/bin'
[4.233s] Level 1:colcon.colcon_core.environment:checking '/home/ground/ugv_repo/OperationTouchdown/ugv_ws/install/my_ugv_hardware/lib/pkgconfig/my_ugv_hardware.pc'
[4.234s] Level 1:colcon.colcon_core.environment:checking '/home/ground/ugv_repo/OperationTouchdown/ugv_ws/install/my_ugv_hardware/lib/python3.12/site-packages'
[4.234s] Level 1:colcon.colcon_core.shell:create_environment_hook('my_ugv_hardware', 'pythonpath')
[4.235s] INFO:colcon.colcon_core.shell:Creating environment hook '/home/ground/ugv_repo/OperationTouchdown/ugv_ws/install/my_ugv_hardware/share/my_ugv_hardware/hook/pythonpath.ps1'
[4.237s] INFO:colcon.colcon_core.shell:Creating environment descriptor '/home/ground/ugv_repo/OperationTouchdown/ugv_ws/install/my_ugv_hardware/share/my_ugv_hardware/hook/pythonpath.dsv'
[4.238s] INFO:colcon.colcon_core.shell:Creating environment hook '/home/ground/ugv_repo/OperationTouchdown/ugv_ws/install/my_ugv_hardware/share/my_ugv_hardware/hook/pythonpath.sh'
[4.240s] Level 1:colcon.colcon_core.environment:checking '/home/ground/ugv_repo/OperationTouchdown/ugv_ws/install/my_ugv_hardware/bin'
[4.240s] Level 1:colcon.colcon_core.environment:create_environment_scripts_only(my_ugv_hardware)
[4.241s] INFO:colcon.colcon_core.shell:Creating package script '/home/ground/ugv_repo/OperationTouchdown/ugv_ws/install/my_ugv_hardware/share/my_ugv_hardware/package.ps1'
[4.243s] INFO:colcon.colcon_core.shell:Creating package descriptor '/home/ground/ugv_repo/OperationTouchdown/ugv_ws/install/my_ugv_hardware/share/my_ugv_hardware/package.dsv'
[4.244s] INFO:colcon.colcon_core.shell:Creating package script '/home/ground/ugv_repo/OperationTouchdown/ugv_ws/install/my_ugv_hardware/share/my_ugv_hardware/package.sh'
[4.245s] INFO:colcon.colcon_core.shell:Creating package script '/home/ground/ugv_repo/OperationTouchdown/ugv_ws/install/my_ugv_hardware/share/my_ugv_hardware/package.bash'
[4.246s] INFO:colcon.colcon_core.shell:Creating package script '/home/ground/ugv_repo/OperationTouchdown/ugv_ws/install/my_ugv_hardware/share/my_ugv_hardware/package.zsh'
[4.247s] Level 1:colcon.colcon_core.environment:create_file_with_runtime_dependencies(/home/ground/ugv_repo/OperationTouchdown/ugv_ws/install/my_ugv_hardware/share/colcon-core/packages/my_ugv_hardware)
[4.248s] INFO:colcon.colcon_ros.task.ament_cmake.build:Building ROS package in '/home/ground/ugv_repo/OperationTouchdown/ugv_ws/src/my_ugv_bringup' with build type 'ament_cmake'
[4.249s] INFO:colcon.colcon_cmake.task.cmake.build:Building CMake package in '/home/ground/ugv_repo/OperationTouchdown/ugv_ws/src/my_ugv_bringup'
[4.249s] INFO:colcon.colcon_core.shell:Skip shell extension 'powershell' for command environment: Not usable outside of PowerShell
[4.250s] DEBUG:colcon.colcon_core.shell:Skip shell extension 'dsv' for command environment
[4.272s] DEBUG:colcon.colcon_core.event_handler.log_command:Invoking command in '/home/ground/ugv_repo/OperationTouchdown/ugv_ws/build/my_ugv_bringup': AMENT_PREFIX_PATH=/home/ground/ugv_repo/OperationTouchdown/ugv_ws/install/my_ugv_hardware:/home/ground/ugv_repo/OperationTouchdown/ugv_ws/install/rplidar_ros:/home/ground/ugv_repo/OperationTouchdown/ugv_ws/install/roboteq_ros2_driver:/home/ground/ugv_repo/OperationTouchdown/ugv_ws/install/my_ugv_vision:/home/ground/ugv_repo/OperationTouchdown/ugv_ws/install/my_ugv_bringup:/home/ground/ugv_repo/OperationTouchdown/ugv_ws/install/my_ugv_description:/home/ground/ugv_repo/OperationTouchdown/ugv_ws/install/depthai-ros:/home/ground/ugv_repo/OperationTouchdown/ugv_ws/install/depthai_ros_driver:/home/ground/ugv_repo/OperationTouchdown/ugv_ws/install/depthai_filters:/home/ground/ugv_repo/OperationTouchdown/ugv_ws/install/depthai_examples:/home/ground/ugv_repo/OperationTouchdown/ugv_ws/install/depthai_bridge:/home/ground/ugv_repo/OperationTouchdown/ugv_ws/install/depthai_ros_msgs:/home/ground/ugv_repo/OperationTouchdown/ugv_ws/install/depthai_descriptions:/opt/ros/jazzy CMAKE_PREFIX_PATH=/home/ground/ugv_repo/OperationTouchdown/ugv_ws/install/my_ugv_description:/home/ground/ugv_repo/OperationTouchdown/ugv_ws/install/rplidar_ros:/home/ground/ugv_repo/OperationTouchdown/ugv_ws/install/roboteq_ros2_driver:/home/ground/ugv_repo/OperationTouchdown/ugv_ws/install/my_ugv_bringup:/home/ground/ugv_repo/OperationTouchdown/ugv_ws/install/depthai-ros:/home/ground/ugv_repo/OperationTouchdown/ugv_ws/install/depthai_ros_driver:/home/ground/ugv_repo/OperationTouchdown/ugv_ws/install/depthai_filters:/home/ground/ugv_repo/OperationTouchdown/ugv_ws/install/depthai_examples:/home/ground/ugv_repo/OperationTouchdown/ugv_ws/install/depthai_bridge:/home/ground/ugv_repo/OperationTouchdown/ugv_ws/install/depthai_ros_msgs:/home/ground/ugv_repo/OperationTouchdown/ugv_ws/install/depthai_descriptions:/opt/ros/jazzy/opt/gz_sim_vendor:/opt/ros/jazzy/opt/gz_sensors_vendor:/opt/ros/jazzy/opt/gz_physics_vendor:/opt/ros/jazzy/opt/sdformat_vendor:/opt/ros/jazzy/opt/gz_gui_vendor:/opt/ros/jazzy/opt/gz_transport_vendor:/opt/ros/jazzy/opt/gz_rendering_vendor:/opt/ros/jazzy/opt/gz_plugin_vendor:/opt/ros/jazzy/opt/gz_fuel_tools_vendor:/opt/ros/jazzy/opt/gz_msgs_vendor:/opt/ros/jazzy/opt/gz_common_vendor:/opt/ros/jazzy/opt/gz_math_vendor:/opt/ros/jazzy/opt/gz_utils_vendor:/opt/ros/jazzy/opt/gz_tools_vendor:/opt/ros/jazzy/opt/gz_ogre_next_vendor:/opt/ros/jazzy/opt/gz_dartsim_vendor:/opt/ros/jazzy/opt/gz_cmake_vendor:/home/ground/ugv_repo/OperationTouchdown/ugv_ws/install/my_ugv_vision:/home/ground/ugv_repo/OperationTouchdown/ugv_ws/install/my_ugv_hardware:/opt/ros/jazzy DEBUGINFOD_URLS=https://debuginfod.ubuntu.com PYTHONPATH=/home/ground/ugv_repo/OperationTouchdown/ugv_ws/build/my_ugv_hardware:/home/ground/ugv_repo/OperationTouchdown/ugv_ws/install/my_ugv_hardware/lib/python3.12/site-packages:/home/ground/ugv_repo/OperationTouchdown/ugv_ws/build/my_ugv_vision:/home/ground/ugv_repo/OperationTouchdown/ugv_ws/install/my_ugv_vision/lib/python3.12/site-packages:/home/ground/ugv_repo/OperationTouchdown/ugv_ws/install/depthai_ros_driver/lib/python3.12/site-packages:/home/ground/ugv_repo/OperationTouchdown/ugv_ws/install/depthai_ros_msgs/lib/python3.12/site-packages:/opt/ros/jazzy/lib/python3.12/site-packages /usr/bin/cmake --build /home/ground/ugv_repo/OperationTouchdown/ugv_ws/build/my_ugv_bringup -- -j4 -l4
[4.295s] DEBUG:colcon.colcon_core.event_handler.log_command:Invoked command in '/home/ground/ugv_repo/OperationTouchdown/ugv_ws/build/depthai_ros_driver' returned '0': CMAKE_PREFIX_PATH=/home/ground/ugv_repo/OperationTouchdown/ugv_ws/install/depthai_examples:/home/ground/ugv_repo/OperationTouchdown/ugv_ws/install/depthai_bridge:/home/ground/ugv_repo/OperationTouchdown/ugv_ws/install/depthai_ros_msgs:/home/ground/ugv_repo/OperationTouchdown/ugv_ws/install/depthai_descriptions:/home/ground/ugv_repo/OperationTouchdown/ugv_ws/install/rplidar_ros:/home/ground/ugv_repo/OperationTouchdown/ugv_ws/install/roboteq_ros2_driver:/home/ground/ugv_repo/OperationTouchdown/ugv_ws/install/my_ugv_bringup:/home/ground/ugv_repo/OperationTouchdown/ugv_ws/install/my_ugv_description:/home/ground/ugv_repo/OperationTouchdown/ugv_ws/install/depthai-ros:/home/ground/ugv_repo/OperationTouchdown/ugv_ws/install/depthai_ros_driver:/home/ground/ugv_repo/OperationTouchdown/ugv_ws/install/depthai_filters:/opt/ros/jazzy/opt/gz_sim_vendor:/opt/ros/jazzy/opt/gz_sensors_vendor:/opt/ros/jazzy/opt/gz_physics_vendor:/opt/ros/jazzy/opt/sdformat_vendor:/opt/ros/jazzy/opt/gz_gui_vendor:/opt/ros/jazzy/opt/gz_transport_vendor:/opt/ros/jazzy/opt/gz_rendering_vendor:/opt/ros/jazzy/opt/gz_plugin_vendor:/opt/ros/jazzy/opt/gz_fuel_tools_vendor:/opt/ros/jazzy/opt/gz_msgs_vendor:/opt/ros/jazzy/opt/gz_common_vendor:/opt/ros/jazzy/opt/gz_math_vendor:/opt/ros/jazzy/opt/gz_utils_vendor:/opt/ros/jazzy/opt/gz_tools_vendor:/opt/ros/jazzy/opt/gz_ogre_next_vendor:/opt/ros/jazzy/opt/gz_dartsim_vendor:/opt/ros/jazzy/opt/gz_cmake_vendor:/home/ground/ugv_repo/OperationTouchdown/ugv_ws/install/my_ugv_vision:/home/ground/ugv_repo/OperationTouchdown/ugv_ws/install/my_ugv_hardware:/opt/ros/jazzy DEBUGINFOD_URLS=https://debuginfod.ubuntu.com GAZEBO_MODEL_PATH=/home/ground/ugv_repo/OperationTouchdown/ugv_ws/install/depthai_descriptions:${GAZEBO_MODEL_PATH} GAZEBO_RESOURCE_PATH=/home/ground/ugv_repo/OperationTouchdown/ugv_ws/install/depthai_descriptions:${GAZEBO_RESOURCE_PATH} IGN_GAZEBO_MODEL_PATH=/home/ground/ugv_repo/OperationTouchdown/ugv_ws/install/depthai_descriptions:${IGN_GAZEBO_MODEL_PATH} IGN_GAZEBO_RESOURCE_PATH=/home/ground/ugv_repo/OperationTouchdown/ugv_ws/install/depthai_descriptions:${IGN_GAZEBO_RESOURCE_PATH} LD_LIBRARY_PATH=/home/ground/ugv_repo/OperationTouchdown/ugv_ws/install/depthai_bridge/lib:/home/ground/ugv_repo/OperationTouchdown/ugv_ws/install/depthai_ros_msgs/lib:/home/ground/ugv_repo/OperationTouchdown/ugv_ws/install/depthai_ros_driver/lib:/home/ground/ugv_repo/OperationTouchdown/ugv_ws/install/depthai_filters/lib:/opt/ros/jazzy/opt/gz_sim_vendor/lib:/opt/ros/jazzy/opt/gz_sensors_vendor/lib:/opt/ros/jazzy/opt/gz_physics_vendor/lib:/opt/ros/jazzy/opt/sdformat_vendor/lib:/opt/ros/jazzy/opt/rviz_ogre_vendor/lib:/opt/ros/jazzy/lib/aarch64-linux-gnu:/opt/ros/jazzy/opt/gz_gui_vendor/lib:/opt/ros/jazzy/opt/gz_transport_vendor/lib:/opt/ros/jazzy/opt/gz_rendering_vendor/lib:/opt/ros/jazzy/opt/gz_plugin_vendor/lib:/opt/ros/jazzy/opt/gz_fuel_tools_vendor/lib:/opt/ros/jazzy/opt/gz_msgs_vendor/lib:/opt/ros/jazzy/opt/gz_common_vendor/lib:/opt/ros/jazzy/opt/gz_math_vendor/lib:/opt/ros/jazzy/opt/gz_utils_vendor/lib:/opt/ros/jazzy/opt/gz_tools_vendor/lib:/opt/ros/jazzy/opt/gz_ogre_next_vendor/lib:/opt/ros/jazzy/opt/gz_dartsim_vendor/lib:/opt/ros/jazzy/opt/gz_cmake_vendor/lib:/opt/ros/jazzy/lib PYTHONPATH=/home/ground/ugv_repo/OperationTouchdown/ugv_ws/install/depthai_ros_msgs/lib/python3.12/site-packages:/home/ground/ugv_repo/OperationTouchdown/ugv_ws/build/my_ugv_vision:/home/ground/ugv_repo/OperationTouchdown/ugv_ws/install/my_ugv_vision/lib/python3.12/site-packages:/home/ground/ugv_repo/OperationTouchdown/ugv_ws/build/my_ugv_hardware:/home/ground/ugv_repo/OperationTouchdown/ugv_ws/install/my_ugv_hardware/lib/python3.12/site-packages:/home/ground/ugv_repo/OperationTouchdown/ugv_ws/install/depthai_ros_driver/lib/python3.12/site-packages:/opt/ros/jazzy/lib/python3.12/site-packages /usr/bin/cmake --build /home/ground/ugv_repo/OperationTouchdown/ugv_ws/build/depthai_ros_driver -- -j4 -l4
[4.299s] DEBUG:colcon.colcon_core.event_handler.log_command:Invoking command in '/home/ground/ugv_repo/OperationTouchdown/ugv_ws/build/depthai_ros_driver': CMAKE_PREFIX_PATH=/home/ground/ugv_repo/OperationTouchdown/ugv_ws/install/depthai_examples:/home/ground/ugv_repo/OperationTouchdown/ugv_ws/install/depthai_bridge:/home/ground/ugv_repo/OperationTouchdown/ugv_ws/install/depthai_ros_msgs:/home/ground/ugv_repo/OperationTouchdown/ugv_ws/install/depthai_descriptions:/home/ground/ugv_repo/OperationTouchdown/ugv_ws/install/rplidar_ros:/home/ground/ugv_repo/OperationTouchdown/ugv_ws/install/roboteq_ros2_driver:/home/ground/ugv_repo/OperationTouchdown/ugv_ws/install/my_ugv_bringup:/home/ground/ugv_repo/OperationTouchdown/ugv_ws/install/my_ugv_description:/home/ground/ugv_repo/OperationTouchdown/ugv_ws/install/depthai-ros:/home/ground/ugv_repo/OperationTouchdown/ugv_ws/install/depthai_ros_driver:/home/ground/ugv_repo/OperationTouchdown/ugv_ws/install/depthai_filters:/opt/ros/jazzy/opt/gz_sim_vendor:/opt/ros/jazzy/opt/gz_sensors_vendor:/opt/ros/jazzy/opt/gz_physics_vendor:/opt/ros/jazzy/opt/sdformat_vendor:/opt/ros/jazzy/opt/gz_gui_vendor:/opt/ros/jazzy/opt/gz_transport_vendor:/opt/ros/jazzy/opt/gz_rendering_vendor:/opt/ros/jazzy/opt/gz_plugin_vendor:/opt/ros/jazzy/opt/gz_fuel_tools_vendor:/opt/ros/jazzy/opt/gz_msgs_vendor:/opt/ros/jazzy/opt/gz_common_vendor:/opt/ros/jazzy/opt/gz_math_vendor:/opt/ros/jazzy/opt/gz_utils_vendor:/opt/ros/jazzy/opt/gz_tools_vendor:/opt/ros/jazzy/opt/gz_ogre_next_vendor:/opt/ros/jazzy/opt/gz_dartsim_vendor:/opt/ros/jazzy/opt/gz_cmake_vendor:/home/ground/ugv_repo/OperationTouchdown/ugv_ws/install/my_ugv_vision:/home/ground/ugv_repo/OperationTouchdown/ugv_ws/install/my_ugv_hardware:/opt/ros/jazzy DEBUGINFOD_URLS=https://debuginfod.ubuntu.com GAZEBO_MODEL_PATH=/home/ground/ugv_repo/OperationTouchdown/ugv_ws/install/depthai_descriptions:${GAZEBO_MODEL_PATH} GAZEBO_RESOURCE_PATH=/home/ground/ugv_repo/OperationTouchdown/ugv_ws/install/depthai_descriptions:${GAZEBO_RESOURCE_PATH} IGN_GAZEBO_MODEL_PATH=/home/ground/ugv_repo/OperationTouchdown/ugv_ws/install/depthai_descriptions:${IGN_GAZEBO_MODEL_PATH} IGN_GAZEBO_RESOURCE_PATH=/home/ground/ugv_repo/OperationTouchdown/ugv_ws/install/depthai_descriptions:${IGN_GAZEBO_RESOURCE_PATH} LD_LIBRARY_PATH=/home/ground/ugv_repo/OperationTouchdown/ugv_ws/install/depthai_bridge/lib:/home/ground/ugv_repo/OperationTouchdown/ugv_ws/install/depthai_ros_msgs/lib:/home/ground/ugv_repo/OperationTouchdown/ugv_ws/install/depthai_ros_driver/lib:/home/ground/ugv_repo/OperationTouchdown/ugv_ws/install/depthai_filters/lib:/opt/ros/jazzy/opt/gz_sim_vendor/lib:/opt/ros/jazzy/opt/gz_sensors_vendor/lib:/opt/ros/jazzy/opt/gz_physics_vendor/lib:/opt/ros/jazzy/opt/sdformat_vendor/lib:/opt/ros/jazzy/opt/rviz_ogre_vendor/lib:/opt/ros/jazzy/lib/aarch64-linux-gnu:/opt/ros/jazzy/opt/gz_gui_vendor/lib:/opt/ros/jazzy/opt/gz_transport_vendor/lib:/opt/ros/jazzy/opt/gz_rendering_vendor/lib:/opt/ros/jazzy/opt/gz_plugin_vendor/lib:/opt/ros/jazzy/opt/gz_fuel_tools_vendor/lib:/opt/ros/jazzy/opt/gz_msgs_vendor/lib:/opt/ros/jazzy/opt/gz_common_vendor/lib:/opt/ros/jazzy/opt/gz_math_vendor/lib:/opt/ros/jazzy/opt/gz_utils_vendor/lib:/opt/ros/jazzy/opt/gz_tools_vendor/lib:/opt/ros/jazzy/opt/gz_ogre_next_vendor/lib:/opt/ros/jazzy/opt/gz_dartsim_vendor/lib:/opt/ros/jazzy/opt/gz_cmake_vendor/lib:/opt/ros/jazzy/lib PYTHONPATH=/home/ground/ugv_repo/OperationTouchdown/ugv_ws/install/depthai_ros_msgs/lib/python3.12/site-packages:/home/ground/ugv_repo/OperationTouchdown/ugv_ws/build/my_ugv_vision:/home/ground/ugv_repo/OperationTouchdown/ugv_ws/install/my_ugv_vision/lib/python3.12/site-packages:/home/ground/ugv_repo/OperationTouchdown/ugv_ws/build/my_ugv_hardware:/home/ground/ugv_repo/OperationTouchdown/ugv_ws/install/my_ugv_hardware/lib/python3.12/site-packages:/home/ground/ugv_repo/OperationTouchdown/ugv_ws/install/depthai_ros_driver/lib/python3.12/site-packages:/opt/ros/jazzy/lib/python3.12/site-packages /usr/bin/cmake --install /home/ground/ugv_repo/OperationTouchdown/ugv_ws/build/depthai_ros_driver
[4.395s] DEBUG:colcon.colcon_core.event_handler.log_command:Invoked command in '/home/ground/ugv_repo/OperationTouchdown/ugv_ws/build/my_ugv_bringup' returned '0': AMENT_PREFIX_PATH=/home/ground/ugv_repo/OperationTouchdown/ugv_ws/install/my_ugv_hardware:/home/ground/ugv_repo/OperationTouchdown/ugv_ws/install/rplidar_ros:/home/ground/ugv_repo/OperationTouchdown/ugv_ws/install/roboteq_ros2_driver:/home/ground/ugv_repo/OperationTouchdown/ugv_ws/install/my_ugv_vision:/home/ground/ugv_repo/OperationTouchdown/ugv_ws/install/my_ugv_bringup:/home/ground/ugv_repo/OperationTouchdown/ugv_ws/install/my_ugv_description:/home/ground/ugv_repo/OperationTouchdown/ugv_ws/install/depthai-ros:/home/ground/ugv_repo/OperationTouchdown/ugv_ws/install/depthai_ros_driver:/home/ground/ugv_repo/OperationTouchdown/ugv_ws/install/depthai_filters:/home/ground/ugv_repo/OperationTouchdown/ugv_ws/install/depthai_examples:/home/ground/ugv_repo/OperationTouchdown/ugv_ws/install/depthai_bridge:/home/ground/ugv_repo/OperationTouchdown/ugv_ws/install/depthai_ros_msgs:/home/ground/ugv_repo/OperationTouchdown/ugv_ws/install/depthai_descriptions:/opt/ros/jazzy CMAKE_PREFIX_PATH=/home/ground/ugv_repo/OperationTouchdown/ugv_ws/install/my_ugv_description:/home/ground/ugv_repo/OperationTouchdown/ugv_ws/install/rplidar_ros:/home/ground/ugv_repo/OperationTouchdown/ugv_ws/install/roboteq_ros2_driver:/home/ground/ugv_repo/OperationTouchdown/ugv_ws/install/my_ugv_bringup:/home/ground/ugv_repo/OperationTouchdown/ugv_ws/install/depthai-ros:/home/ground/ugv_repo/OperationTouchdown/ugv_ws/install/depthai_ros_driver:/home/ground/ugv_repo/OperationTouchdown/ugv_ws/install/depthai_filters:/home/ground/ugv_repo/OperationTouchdown/ugv_ws/install/depthai_examples:/home/ground/ugv_repo/OperationTouchdown/ugv_ws/install/depthai_bridge:/home/ground/ugv_repo/OperationTouchdown/ugv_ws/install/depthai_ros_msgs:/home/ground/ugv_repo/OperationTouchdown/ugv_ws/install/depthai_descriptions:/opt/ros/jazzy/opt/gz_sim_vendor:/opt/ros/jazzy/opt/gz_sensors_vendor:/opt/ros/jazzy/opt/gz_physics_vendor:/opt/ros/jazzy/opt/sdformat_vendor:/opt/ros/jazzy/opt/gz_gui_vendor:/opt/ros/jazzy/opt/gz_transport_vendor:/opt/ros/jazzy/opt/gz_rendering_vendor:/opt/ros/jazzy/opt/gz_plugin_vendor:/opt/ros/jazzy/opt/gz_fuel_tools_vendor:/opt/ros/jazzy/opt/gz_msgs_vendor:/opt/ros/jazzy/opt/gz_common_vendor:/opt/ros/jazzy/opt/gz_math_vendor:/opt/ros/jazzy/opt/gz_utils_vendor:/opt/ros/jazzy/opt/gz_tools_vendor:/opt/ros/jazzy/opt/gz_ogre_next_vendor:/opt/ros/jazzy/opt/gz_dartsim_vendor:/opt/ros/jazzy/opt/gz_cmake_vendor:/home/ground/ugv_repo/OperationTouchdown/ugv_ws/install/my_ugv_vision:/home/ground/ugv_repo/OperationTouchdown/ugv_ws/install/my_ugv_hardware:/opt/ros/jazzy DEBUGINFOD_URLS=https://debuginfod.ubuntu.com PYTHONPATH=/home/ground/ugv_repo/OperationTouchdown/ugv_ws/build/my_ugv_hardware:/home/ground/ugv_repo/OperationTouchdown/ugv_ws/install/my_ugv_hardware/lib/python3.12/site-packages:/home/ground/ugv_repo/OperationTouchdown/ugv_ws/build/my_ugv_vision:/home/ground/ugv_repo/OperationTouchdown/ugv_ws/install/my_ugv_vision/lib/python3.12/site-packages:/home/ground/ugv_repo/OperationTouchdown/ugv_ws/install/depthai_ros_driver/lib/python3.12/site-packages:/home/ground/ugv_repo/OperationTouchdown/ugv_ws/install/depthai_ros_msgs/lib/python3.12/site-packages:/opt/ros/jazzy/lib/python3.12/site-packages /usr/bin/cmake --build /home/ground/ugv_repo/OperationTouchdown/ugv_ws/build/my_ugv_bringup -- -j4 -l4
[4.396s] DEBUG:colcon.colcon_core.event_handler.log_command:Invoking command in '/home/ground/ugv_repo/OperationTouchdown/ugv_ws/build/my_ugv_bringup': AMENT_PREFIX_PATH=/home/ground/ugv_repo/OperationTouchdown/ugv_ws/install/my_ugv_hardware:/home/ground/ugv_repo/OperationTouchdown/ugv_ws/install/rplidar_ros:/home/ground/ugv_repo/OperationTouchdown/ugv_ws/install/roboteq_ros2_driver:/home/ground/ugv_repo/OperationTouchdown/ugv_ws/install/my_ugv_vision:/home/ground/ugv_repo/OperationTouchdown/ugv_ws/install/my_ugv_bringup:/home/ground/ugv_repo/OperationTouchdown/ugv_ws/install/my_ugv_description:/home/ground/ugv_repo/OperationTouchdown/ugv_ws/install/depthai-ros:/home/ground/ugv_repo/OperationTouchdown/ugv_ws/install/depthai_ros_driver:/home/ground/ugv_repo/OperationTouchdown/ugv_ws/install/depthai_filters:/home/ground/ugv_repo/OperationTouchdown/ugv_ws/install/depthai_examples:/home/ground/ugv_repo/OperationTouchdown/ugv_ws/install/depthai_bridge:/home/ground/ugv_repo/OperationTouchdown/ugv_ws/install/depthai_ros_msgs:/home/ground/ugv_repo/OperationTouchdown/ugv_ws/install/depthai_descriptions:/opt/ros/jazzy CMAKE_PREFIX_PATH=/home/ground/ugv_repo/OperationTouchdown/ugv_ws/install/my_ugv_description:/home/ground/ugv_repo/OperationTouchdown/ugv_ws/install/rplidar_ros:/home/ground/ugv_repo/OperationTouchdown/ugv_ws/install/roboteq_ros2_driver:/home/ground/ugv_repo/OperationTouchdown/ugv_ws/install/my_ugv_bringup:/home/ground/ugv_repo/OperationTouchdown/ugv_ws/install/depthai-ros:/home/ground/ugv_repo/OperationTouchdown/ugv_ws/install/depthai_ros_driver:/home/ground/ugv_repo/OperationTouchdown/ugv_ws/install/depthai_filters:/home/ground/ugv_repo/OperationTouchdown/ugv_ws/install/depthai_examples:/home/ground/ugv_repo/OperationTouchdown/ugv_ws/install/depthai_bridge:/home/ground/ugv_repo/OperationTouchdown/ugv_ws/install/depthai_ros_msgs:/home/ground/ugv_repo/OperationTouchdown/ugv_ws/install/depthai_descriptions:/opt/ros/jazzy/opt/gz_sim_vendor:/opt/ros/jazzy/opt/gz_sensors_vendor:/opt/ros/jazzy/opt/gz_physics_vendor:/opt/ros/jazzy/opt/sdformat_vendor:/opt/ros/jazzy/opt/gz_gui_vendor:/opt/ros/jazzy/opt/gz_transport_vendor:/opt/ros/jazzy/opt/gz_rendering_vendor:/opt/ros/jazzy/opt/gz_plugin_vendor:/opt/ros/jazzy/opt/gz_fuel_tools_vendor:/opt/ros/jazzy/opt/gz_msgs_vendor:/opt/ros/jazzy/opt/gz_common_vendor:/opt/ros/jazzy/opt/gz_math_vendor:/opt/ros/jazzy/opt/gz_utils_vendor:/opt/ros/jazzy/opt/gz_tools_vendor:/opt/ros/jazzy/opt/gz_ogre_next_vendor:/opt/ros/jazzy/opt/gz_dartsim_vendor:/opt/ros/jazzy/opt/gz_cmake_vendor:/home/ground/ugv_repo/OperationTouchdown/ugv_ws/install/my_ugv_vision:/home/ground/ugv_repo/OperationTouchdown/ugv_ws/install/my_ugv_hardware:/opt/ros/jazzy DEBUGINFOD_URLS=https://debuginfod.ubuntu.com PYTHONPATH=/home/ground/ugv_repo/OperationTouchdown/ugv_ws/build/my_ugv_hardware:/home/ground/ugv_repo/OperationTouchdown/ugv_ws/install/my_ugv_hardware/lib/python3.12/site-packages:/home/ground/ugv_repo/OperationTouchdown/ugv_ws/build/my_ugv_vision:/home/ground/ugv_repo/OperationTouchdown/ugv_ws/install/my_ugv_vision/lib/python3.12/site-packages:/home/ground/ugv_repo/OperationTouchdown/ugv_ws/install/depthai_ros_driver/lib/python3.12/site-packages:/home/ground/ugv_repo/OperationTouchdown/ugv_ws/install/depthai_ros_msgs/lib/python3.12/site-packages:/opt/ros/jazzy/lib/python3.12/site-packages /usr/bin/cmake --install /home/ground/ugv_repo/OperationTouchdown/ugv_ws/build/my_ugv_bringup
[4.478s] Level 1:colcon.colcon_core.environment:create_environment_scripts_only(depthai_ros_driver)
[4.478s] Level 1:colcon.colcon_core.environment:checking '/home/ground/ugv_repo/OperationTouchdown/ugv_ws/install/depthai_ros_driver' for CMake module files
[4.480s] Level 1:colcon.colcon_core.environment:checking '/home/ground/ugv_repo/OperationTouchdown/ugv_ws/install/depthai_ros_driver' for CMake config files
[4.481s] DEBUG:colcon.colcon_core.event_handler.log_command:Invoked command in '/home/ground/ugv_repo/OperationTouchdown/ugv_ws/build/depthai_ros_driver' returned '0': CMAKE_PREFIX_PATH=/home/ground/ugv_repo/OperationTouchdown/ugv_ws/install/depthai_examples:/home/ground/ugv_repo/OperationTouchdown/ugv_ws/install/depthai_bridge:/home/ground/ugv_repo/OperationTouchdown/ugv_ws/install/depthai_ros_msgs:/home/ground/ugv_repo/OperationTouchdown/ugv_ws/install/depthai_descriptions:/home/ground/ugv_repo/OperationTouchdown/ugv_ws/install/rplidar_ros:/home/ground/ugv_repo/OperationTouchdown/ugv_ws/install/roboteq_ros2_driver:/home/ground/ugv_repo/OperationTouchdown/ugv_ws/install/my_ugv_bringup:/home/ground/ugv_repo/OperationTouchdown/ugv_ws/install/my_ugv_description:/home/ground/ugv_repo/OperationTouchdown/ugv_ws/install/depthai-ros:/home/ground/ugv_repo/OperationTouchdown/ugv_ws/install/depthai_ros_driver:/home/ground/ugv_repo/OperationTouchdown/ugv_ws/install/depthai_filters:/opt/ros/jazzy/opt/gz_sim_vendor:/opt/ros/jazzy/opt/gz_sensors_vendor:/opt/ros/jazzy/opt/gz_physics_vendor:/opt/ros/jazzy/opt/sdformat_vendor:/opt/ros/jazzy/opt/gz_gui_vendor:/opt/ros/jazzy/opt/gz_transport_vendor:/opt/ros/jazzy/opt/gz_rendering_vendor:/opt/ros/jazzy/opt/gz_plugin_vendor:/opt/ros/jazzy/opt/gz_fuel_tools_vendor:/opt/ros/jazzy/opt/gz_msgs_vendor:/opt/ros/jazzy/opt/gz_common_vendor:/opt/ros/jazzy/opt/gz_math_vendor:/opt/ros/jazzy/opt/gz_utils_vendor:/opt/ros/jazzy/opt/gz_tools_vendor:/opt/ros/jazzy/opt/gz_ogre_next_vendor:/opt/ros/jazzy/opt/gz_dartsim_vendor:/opt/ros/jazzy/opt/gz_cmake_vendor:/home/ground/ugv_repo/OperationTouchdown/ugv_ws/install/my_ugv_vision:/home/ground/ugv_repo/OperationTouchdown/ugv_ws/install/my_ugv_hardware:/opt/ros/jazzy DEBUGINFOD_URLS=https://debuginfod.ubuntu.com GAZEBO_MODEL_PATH=/home/ground/ugv_repo/OperationTouchdown/ugv_ws/install/depthai_descriptions:${GAZEBO_MODEL_PATH} GAZEBO_RESOURCE_PATH=/home/ground/ugv_repo/OperationTouchdown/ugv_ws/install/depthai_descriptions:${GAZEBO_RESOURCE_PATH} IGN_GAZEBO_MODEL_PATH=/home/ground/ugv_repo/OperationTouchdown/ugv_ws/install/depthai_descriptions:${IGN_GAZEBO_MODEL_PATH} IGN_GAZEBO_RESOURCE_PATH=/home/ground/ugv_repo/OperationTouchdown/ugv_ws/install/depthai_descriptions:${IGN_GAZEBO_RESOURCE_PATH} LD_LIBRARY_PATH=/home/ground/ugv_repo/OperationTouchdown/ugv_ws/install/depthai_bridge/lib:/home/ground/ugv_repo/OperationTouchdown/ugv_ws/install/depthai_ros_msgs/lib:/home/ground/ugv_repo/OperationTouchdown/ugv_ws/install/depthai_ros_driver/lib:/home/ground/ugv_repo/OperationTouchdown/ugv_ws/install/depthai_filters/lib:/opt/ros/jazzy/opt/gz_sim_vendor/lib:/opt/ros/jazzy/opt/gz_sensors_vendor/lib:/opt/ros/jazzy/opt/gz_physics_vendor/lib:/opt/ros/jazzy/opt/sdformat_vendor/lib:/opt/ros/jazzy/opt/rviz_ogre_vendor/lib:/opt/ros/jazzy/lib/aarch64-linux-gnu:/opt/ros/jazzy/opt/gz_gui_vendor/lib:/opt/ros/jazzy/opt/gz_transport_vendor/lib:/opt/ros/jazzy/opt/gz_rendering_vendor/lib:/opt/ros/jazzy/opt/gz_plugin_vendor/lib:/opt/ros/jazzy/opt/gz_fuel_tools_vendor/lib:/opt/ros/jazzy/opt/gz_msgs_vendor/lib:/opt/ros/jazzy/opt/gz_common_vendor/lib:/opt/ros/jazzy/opt/gz_math_vendor/lib:/opt/ros/jazzy/opt/gz_utils_vendor/lib:/opt/ros/jazzy/opt/gz_tools_vendor/lib:/opt/ros/jazzy/opt/gz_ogre_next_vendor/lib:/opt/ros/jazzy/opt/gz_dartsim_vendor/lib:/opt/ros/jazzy/opt/gz_cmake_vendor/lib:/opt/ros/jazzy/lib PYTHONPATH=/home/ground/ugv_repo/OperationTouchdown/ugv_ws/install/depthai_ros_msgs/lib/python3.12/site-packages:/home/ground/ugv_repo/OperationTouchdown/ugv_ws/build/my_ugv_vision:/home/ground/ugv_repo/OperationTouchdown/ugv_ws/install/my_ugv_vision/lib/python3.12/site-packages:/home/ground/ugv_repo/OperationTouchdown/ugv_ws/build/my_ugv_hardware:/home/ground/ugv_repo/OperationTouchdown/ugv_ws/install/my_ugv_hardware/lib/python3.12/site-packages:/home/ground/ugv_repo/OperationTouchdown/ugv_ws/install/depthai_ros_driver/lib/python3.12/site-packages:/opt/ros/jazzy/lib/python3.12/site-packages /usr/bin/cmake --install /home/ground/ugv_repo/OperationTouchdown/ugv_ws/build/depthai_ros_driver
[4.482s] Level 1:colcon.colcon_core.shell:create_environment_hook('depthai_ros_driver', 'cmake_prefix_path')
[4.483s] INFO:colcon.colcon_core.shell:Creating environment hook '/home/ground/ugv_repo/OperationTouchdown/ugv_ws/install/depthai_ros_driver/share/depthai_ros_driver/hook/cmake_prefix_path.ps1'
[4.485s] INFO:colcon.colcon_core.shell:Creating environment descriptor '/home/ground/ugv_repo/OperationTouchdown/ugv_ws/install/depthai_ros_driver/share/depthai_ros_driver/hook/cmake_prefix_path.dsv'
[4.486s] INFO:colcon.colcon_core.shell:Creating environment hook '/home/ground/ugv_repo/OperationTouchdown/ugv_ws/install/depthai_ros_driver/share/depthai_ros_driver/hook/cmake_prefix_path.sh'
[4.487s] Level 1:colcon.colcon_core.environment:checking '/home/ground/ugv_repo/OperationTouchdown/ugv_ws/install/depthai_ros_driver/lib'
[4.488s] Level 1:colcon.colcon_core.shell:create_environment_hook('depthai_ros_driver', 'ld_library_path_lib')
[4.488s] INFO:colcon.colcon_core.shell:Creating environment hook '/home/ground/ugv_repo/OperationTouchdown/ugv_ws/install/depthai_ros_driver/share/depthai_ros_driver/hook/ld_library_path_lib.ps1'
[4.489s] INFO:colcon.colcon_core.shell:Creating environment descriptor '/home/ground/ugv_repo/OperationTouchdown/ugv_ws/install/depthai_ros_driver/share/depthai_ros_driver/hook/ld_library_path_lib.dsv'
[4.491s] INFO:colcon.colcon_core.shell:Creating environment hook '/home/ground/ugv_repo/OperationTouchdown/ugv_ws/install/depthai_ros_driver/share/depthai_ros_driver/hook/ld_library_path_lib.sh'
[4.492s] Level 1:colcon.colcon_core.environment:checking '/home/ground/ugv_repo/OperationTouchdown/ugv_ws/install/depthai_ros_driver/bin'
[4.492s] Level 1:colcon.colcon_core.environment:checking '/home/ground/ugv_repo/OperationTouchdown/ugv_ws/install/depthai_ros_driver/lib/pkgconfig/depthai_ros_driver.pc'
[4.492s] Level 1:colcon.colcon_core.environment:checking '/home/ground/ugv_repo/OperationTouchdown/ugv_ws/install/depthai_ros_driver/lib/python3.12/site-packages'
[4.492s] Level 1:colcon.colcon_core.shell:create_environment_hook('depthai_ros_driver', 'pythonpath')
[4.493s] INFO:colcon.colcon_core.shell:Creating environment hook '/home/ground/ugv_repo/OperationTouchdown/ugv_ws/install/depthai_ros_driver/share/depthai_ros_driver/hook/pythonpath.ps1'
[4.495s] INFO:colcon.colcon_core.shell:Creating environment descriptor '/home/ground/ugv_repo/OperationTouchdown/ugv_ws/install/depthai_ros_driver/share/depthai_ros_driver/hook/pythonpath.dsv'
[4.496s] INFO:colcon.colcon_core.shell:Creating environment hook '/home/ground/ugv_repo/OperationTouchdown/ugv_ws/install/depthai_ros_driver/share/depthai_ros_driver/hook/pythonpath.sh'
[4.499s] Level 1:colcon.colcon_core.environment:checking '/home/ground/ugv_repo/OperationTouchdown/ugv_ws/install/depthai_ros_driver/bin'
[4.499s] INFO:colcon.colcon_core.shell:Creating package script '/home/ground/ugv_repo/OperationTouchdown/ugv_ws/install/depthai_ros_driver/share/depthai_ros_driver/package.ps1'
[4.500s] INFO:colcon.colcon_core.shell:Creating package descriptor '/home/ground/ugv_repo/OperationTouchdown/ugv_ws/install/depthai_ros_driver/share/depthai_ros_driver/package.dsv'
[4.501s] INFO:colcon.colcon_core.shell:Creating package script '/home/ground/ugv_repo/OperationTouchdown/ugv_ws/install/depthai_ros_driver/share/depthai_ros_driver/package.sh'
[4.501s] INFO:colcon.colcon_core.shell:Creating package script '/home/ground/ugv_repo/OperationTouchdown/ugv_ws/install/depthai_ros_driver/share/depthai_ros_driver/package.bash'
[4.502s] INFO:colcon.colcon_core.shell:Creating package script '/home/ground/ugv_repo/OperationTouchdown/ugv_ws/install/depthai_ros_driver/share/depthai_ros_driver/package.zsh'
[4.503s] Level 1:colcon.colcon_core.environment:create_file_with_runtime_dependencies(/home/ground/ugv_repo/OperationTouchdown/ugv_ws/install/depthai_ros_driver/share/colcon-core/packages/depthai_ros_driver)
[4.504s] Level 1:colcon.colcon_core.environment:create_environment_scripts_only(depthai_ros_driver)
[4.504s] Level 1:colcon.colcon_core.environment:checking '/home/ground/ugv_repo/OperationTouchdown/ugv_ws/install/depthai_ros_driver' for CMake module files
[4.505s] Level 1:colcon.colcon_core.environment:checking '/home/ground/ugv_repo/OperationTouchdown/ugv_ws/install/depthai_ros_driver' for CMake config files
[4.506s] Level 1:colcon.colcon_core.shell:create_environment_hook('depthai_ros_driver', 'cmake_prefix_path')
[4.506s] INFO:colcon.colcon_core.shell:Creating environment hook '/home/ground/ugv_repo/OperationTouchdown/ugv_ws/install/depthai_ros_driver/share/depthai_ros_driver/hook/cmake_prefix_path.ps1'
[4.507s] INFO:colcon.colcon_core.shell:Creating environment descriptor '/home/ground/ugv_repo/OperationTouchdown/ugv_ws/install/depthai_ros_driver/share/depthai_ros_driver/hook/cmake_prefix_path.dsv'
[4.507s] INFO:colcon.colcon_core.shell:Creating environment hook '/home/ground/ugv_repo/OperationTouchdown/ugv_ws/install/depthai_ros_driver/share/depthai_ros_driver/hook/cmake_prefix_path.sh'
[4.508s] Level 1:colcon.colcon_core.environment:checking '/home/ground/ugv_repo/OperationTouchdown/ugv_ws/install/depthai_ros_driver/lib'
[4.508s] Level 1:colcon.colcon_core.shell:create_environment_hook('depthai_ros_driver', 'ld_library_path_lib')
[4.509s] INFO:colcon.colcon_core.shell:Creating environment hook '/home/ground/ugv_repo/OperationTouchdown/ugv_ws/install/depthai_ros_driver/share/depthai_ros_driver/hook/ld_library_path_lib.ps1'
[4.510s] INFO:colcon.colcon_core.shell:Creating environment descriptor '/home/ground/ugv_repo/OperationTouchdown/ugv_ws/install/depthai_ros_driver/share/depthai_ros_driver/hook/ld_library_path_lib.dsv'
[4.510s] INFO:colcon.colcon_core.shell:Creating environment hook '/home/ground/ugv_repo/OperationTouchdown/ugv_ws/install/depthai_ros_driver/share/depthai_ros_driver/hook/ld_library_path_lib.sh'
[4.511s] Level 1:colcon.colcon_core.environment:checking '/home/ground/ugv_repo/OperationTouchdown/ugv_ws/install/depthai_ros_driver/bin'
[4.511s] Level 1:colcon.colcon_core.environment:checking '/home/ground/ugv_repo/OperationTouchdown/ugv_ws/install/depthai_ros_driver/lib/pkgconfig/depthai_ros_driver.pc'
[4.511s] Level 1:colcon.colcon_core.environment:checking '/home/ground/ugv_repo/OperationTouchdown/ugv_ws/install/depthai_ros_driver/lib/python3.12/site-packages'
[4.512s] Level 1:colcon.colcon_core.shell:create_environment_hook('depthai_ros_driver', 'pythonpath')
[4.512s] INFO:colcon.colcon_core.shell:Creating environment hook '/home/ground/ugv_repo/OperationTouchdown/ugv_ws/install/depthai_ros_driver/share/depthai_ros_driver/hook/pythonpath.ps1'
[4.513s] INFO:colcon.colcon_core.shell:Creating environment descriptor '/home/ground/ugv_repo/OperationTouchdown/ugv_ws/install/depthai_ros_driver/share/depthai_ros_driver/hook/pythonpath.dsv'
[4.514s] INFO:colcon.colcon_core.shell:Creating environment hook '/home/ground/ugv_repo/OperationTouchdown/ugv_ws/install/depthai_ros_driver/share/depthai_ros_driver/hook/pythonpath.sh'
[4.515s] Level 1:colcon.colcon_core.environment:checking '/home/ground/ugv_repo/OperationTouchdown/ugv_ws/install/depthai_ros_driver/bin'
[4.515s] INFO:colcon.colcon_core.shell:Creating package script '/home/ground/ugv_repo/OperationTouchdown/ugv_ws/install/depthai_ros_driver/share/depthai_ros_driver/package.ps1'
[4.516s] INFO:colcon.colcon_core.shell:Creating package descriptor '/home/ground/ugv_repo/OperationTouchdown/ugv_ws/install/depthai_ros_driver/share/depthai_ros_driver/package.dsv'
[4.517s] INFO:colcon.colcon_core.shell:Creating package script '/home/ground/ugv_repo/OperationTouchdown/ugv_ws/install/depthai_ros_driver/share/depthai_ros_driver/package.sh'
[4.518s] INFO:colcon.colcon_core.shell:Creating package script '/home/ground/ugv_repo/OperationTouchdown/ugv_ws/install/depthai_ros_driver/share/depthai_ros_driver/package.bash'
[4.518s] INFO:colcon.colcon_core.shell:Creating package script '/home/ground/ugv_repo/OperationTouchdown/ugv_ws/install/depthai_ros_driver/share/depthai_ros_driver/package.zsh'
[4.519s] Level 1:colcon.colcon_core.environment:create_file_with_runtime_dependencies(/home/ground/ugv_repo/OperationTouchdown/ugv_ws/install/depthai_ros_driver/share/colcon-core/packages/depthai_ros_driver)
[4.520s] INFO:colcon.colcon_ros.task.ament_cmake.build:Building ROS package in '/home/ground/ugv_repo/OperationTouchdown/ugv_ws/src/depthai-ros/depthai-ros' with build type 'ament_cmake'
[4.520s] INFO:colcon.colcon_cmake.task.cmake.build:Building CMake package in '/home/ground/ugv_repo/OperationTouchdown/ugv_ws/src/depthai-ros/depthai-ros'
[4.521s] INFO:colcon.colcon_core.shell:Skip shell extension 'powershell' for command environment: Not usable outside of PowerShell
[4.521s] DEBUG:colcon.colcon_core.shell:Skip shell extension 'dsv' for command environment
[4.530s] Level 1:colcon.colcon_core.environment:create_environment_scripts_only(my_ugv_bringup)
[4.531s] Level 1:colcon.colcon_core.environment:checking '/home/ground/ugv_repo/OperationTouchdown/ugv_ws/install/my_ugv_bringup' for CMake module files
[4.532s] Level 1:colcon.colcon_core.environment:checking '/home/ground/ugv_repo/OperationTouchdown/ugv_ws/install/my_ugv_bringup' for CMake config files
[4.533s] DEBUG:colcon.colcon_core.event_handler.log_command:Invoked command in '/home/ground/ugv_repo/OperationTouchdown/ugv_ws/build/my_ugv_bringup' returned '0': AMENT_PREFIX_PATH=/home/ground/ugv_repo/OperationTouchdown/ugv_ws/install/my_ugv_hardware:/home/ground/ugv_repo/OperationTouchdown/ugv_ws/install/rplidar_ros:/home/ground/ugv_repo/OperationTouchdown/ugv_ws/install/roboteq_ros2_driver:/home/ground/ugv_repo/OperationTouchdown/ugv_ws/install/my_ugv_vision:/home/ground/ugv_repo/OperationTouchdown/ugv_ws/install/my_ugv_bringup:/home/ground/ugv_repo/OperationTouchdown/ugv_ws/install/my_ugv_description:/home/ground/ugv_repo/OperationTouchdown/ugv_ws/install/depthai-ros:/home/ground/ugv_repo/OperationTouchdown/ugv_ws/install/depthai_ros_driver:/home/ground/ugv_repo/OperationTouchdown/ugv_ws/install/depthai_filters:/home/ground/ugv_repo/OperationTouchdown/ugv_ws/install/depthai_examples:/home/ground/ugv_repo/OperationTouchdown/ugv_ws/install/depthai_bridge:/home/ground/ugv_repo/OperationTouchdown/ugv_ws/install/depthai_ros_msgs:/home/ground/ugv_repo/OperationTouchdown/ugv_ws/install/depthai_descriptions:/opt/ros/jazzy CMAKE_PREFIX_PATH=/home/ground/ugv_repo/OperationTouchdown/ugv_ws/install/my_ugv_description:/home/ground/ugv_repo/OperationTouchdown/ugv_ws/install/rplidar_ros:/home/ground/ugv_repo/OperationTouchdown/ugv_ws/install/roboteq_ros2_driver:/home/ground/ugv_repo/OperationTouchdown/ugv_ws/install/my_ugv_bringup:/home/ground/ugv_repo/OperationTouchdown/ugv_ws/install/depthai-ros:/home/ground/ugv_repo/OperationTouchdown/ugv_ws/install/depthai_ros_driver:/home/ground/ugv_repo/OperationTouchdown/ugv_ws/install/depthai_filters:/home/ground/ugv_repo/OperationTouchdown/ugv_ws/install/depthai_examples:/home/ground/ugv_repo/OperationTouchdown/ugv_ws/install/depthai_bridge:/home/ground/ugv_repo/OperationTouchdown/ugv_ws/install/depthai_ros_msgs:/home/ground/ugv_repo/OperationTouchdown/ugv_ws/install/depthai_descriptions:/opt/ros/jazzy/opt/gz_sim_vendor:/opt/ros/jazzy/opt/gz_sensors_vendor:/opt/ros/jazzy/opt/gz_physics_vendor:/opt/ros/jazzy/opt/sdformat_vendor:/opt/ros/jazzy/opt/gz_gui_vendor:/opt/ros/jazzy/opt/gz_transport_vendor:/opt/ros/jazzy/opt/gz_rendering_vendor:/opt/ros/jazzy/opt/gz_plugin_vendor:/opt/ros/jazzy/opt/gz_fuel_tools_vendor:/opt/ros/jazzy/opt/gz_msgs_vendor:/opt/ros/jazzy/opt/gz_common_vendor:/opt/ros/jazzy/opt/gz_math_vendor:/opt/ros/jazzy/opt/gz_utils_vendor:/opt/ros/jazzy/opt/gz_tools_vendor:/opt/ros/jazzy/opt/gz_ogre_next_vendor:/opt/ros/jazzy/opt/gz_dartsim_vendor:/opt/ros/jazzy/opt/gz_cmake_vendor:/home/ground/ugv_repo/OperationTouchdown/ugv_ws/install/my_ugv_vision:/home/ground/ugv_repo/OperationTouchdown/ugv_ws/install/my_ugv_hardware:/opt/ros/jazzy DEBUGINFOD_URLS=https://debuginfod.ubuntu.com PYTHONPATH=/home/ground/ugv_repo/OperationTouchdown/ugv_ws/build/my_ugv_hardware:/home/ground/ugv_repo/OperationTouchdown/ugv_ws/install/my_ugv_hardware/lib/python3.12/site-packages:/home/ground/ugv_repo/OperationTouchdown/ugv_ws/build/my_ugv_vision:/home/ground/ugv_repo/OperationTouchdown/ugv_ws/install/my_ugv_vision/lib/python3.12/site-packages:/home/ground/ugv_repo/OperationTouchdown/ugv_ws/install/depthai_ros_driver/lib/python3.12/site-packages:/home/ground/ugv_repo/OperationTouchdown/ugv_ws/install/depthai_ros_msgs/lib/python3.12/site-packages:/opt/ros/jazzy/lib/python3.12/site-packages /usr/bin/cmake --install /home/ground/ugv_repo/OperationTouchdown/ugv_ws/build/my_ugv_bringup
[4.534s] Level 1:colcon.colcon_core.shell:create_environment_hook('my_ugv_bringup', 'cmake_prefix_path')
[4.535s] INFO:colcon.colcon_core.shell:Creating environment hook '/home/ground/ugv_repo/OperationTouchdown/ugv_ws/install/my_ugv_bringup/share/my_ugv_bringup/hook/cmake_prefix_path.ps1'
[4.536s] INFO:colcon.colcon_core.shell:Creating environment descriptor '/home/ground/ugv_repo/OperationTouchdown/ugv_ws/install/my_ugv_bringup/share/my_ugv_bringup/hook/cmake_prefix_path.dsv'
[4.537s] INFO:colcon.colcon_core.shell:Creating environment hook '/home/ground/ugv_repo/OperationTouchdown/ugv_ws/install/my_ugv_bringup/share/my_ugv_bringup/hook/cmake_prefix_path.sh'
[4.538s] Level 1:colcon.colcon_core.environment:checking '/home/ground/ugv_repo/OperationTouchdown/ugv_ws/install/my_ugv_bringup/bin'
[4.538s] Level 1:colcon.colcon_core.environment:checking '/home/ground/ugv_repo/OperationTouchdown/ugv_ws/install/my_ugv_bringup/lib/pkgconfig/my_ugv_bringup.pc'
[4.538s] Level 1:colcon.colcon_core.environment:checking '/home/ground/ugv_repo/OperationTouchdown/ugv_ws/install/my_ugv_bringup/lib/python3.12/site-packages'
[4.539s] Level 1:colcon.colcon_core.environment:checking '/home/ground/ugv_repo/OperationTouchdown/ugv_ws/install/my_ugv_bringup/bin'
[4.540s] INFO:colcon.colcon_core.shell:Creating package script '/home/ground/ugv_repo/OperationTouchdown/ugv_ws/install/my_ugv_bringup/share/my_ugv_bringup/package.ps1'
[4.540s] INFO:colcon.colcon_core.shell:Creating package descriptor '/home/ground/ugv_repo/OperationTouchdown/ugv_ws/install/my_ugv_bringup/share/my_ugv_bringup/package.dsv'
[4.542s] INFO:colcon.colcon_core.shell:Creating package script '/home/ground/ugv_repo/OperationTouchdown/ugv_ws/install/my_ugv_bringup/share/my_ugv_bringup/package.sh'
[4.542s] INFO:colcon.colcon_core.shell:Creating package script '/home/ground/ugv_repo/OperationTouchdown/ugv_ws/install/my_ugv_bringup/share/my_ugv_bringup/package.bash'
[4.543s] INFO:colcon.colcon_core.shell:Creating package script '/home/ground/ugv_repo/OperationTouchdown/ugv_ws/install/my_ugv_bringup/share/my_ugv_bringup/package.zsh'
[4.544s] Level 1:colcon.colcon_core.environment:create_file_with_runtime_dependencies(/home/ground/ugv_repo/OperationTouchdown/ugv_ws/install/my_ugv_bringup/share/colcon-core/packages/my_ugv_bringup)
[4.545s] Level 1:colcon.colcon_core.environment:create_environment_scripts_only(my_ugv_bringup)
[4.545s] Level 1:colcon.colcon_core.environment:checking '/home/ground/ugv_repo/OperationTouchdown/ugv_ws/install/my_ugv_bringup' for CMake module files
[4.546s] Level 1:colcon.colcon_core.environment:checking '/home/ground/ugv_repo/OperationTouchdown/ugv_ws/install/my_ugv_bringup' for CMake config files
[4.548s] Level 1:colcon.colcon_core.shell:create_environment_hook('my_ugv_bringup', 'cmake_prefix_path')
[4.548s] INFO:colcon.colcon_core.shell:Creating environment hook '/home/ground/ugv_repo/OperationTouchdown/ugv_ws/install/my_ugv_bringup/share/my_ugv_bringup/hook/cmake_prefix_path.ps1'
[4.549s] INFO:colcon.colcon_core.shell:Creating environment descriptor '/home/ground/ugv_repo/OperationTouchdown/ugv_ws/install/my_ugv_bringup/share/my_ugv_bringup/hook/cmake_prefix_path.dsv'
[4.550s] INFO:colcon.colcon_core.shell:Creating environment hook '/home/ground/ugv_repo/OperationTouchdown/ugv_ws/install/my_ugv_bringup/share/my_ugv_bringup/hook/cmake_prefix_path.sh'
[4.552s] Level 1:colcon.colcon_core.environment:checking '/home/ground/ugv_repo/OperationTouchdown/ugv_ws/install/my_ugv_bringup/bin'
[4.552s] Level 1:colcon.colcon_core.environment:checking '/home/ground/ugv_repo/OperationTouchdown/ugv_ws/install/my_ugv_bringup/lib/pkgconfig/my_ugv_bringup.pc'
[4.553s] Level 1:colcon.colcon_core.environment:checking '/home/ground/ugv_repo/OperationTouchdown/ugv_ws/install/my_ugv_bringup/lib/python3.12/site-packages'
[4.553s] Level 1:colcon.colcon_core.environment:checking '/home/ground/ugv_repo/OperationTouchdown/ugv_ws/install/my_ugv_bringup/bin'
[4.554s] INFO:colcon.colcon_core.shell:Creating package script '/home/ground/ugv_repo/OperationTouchdown/ugv_ws/install/my_ugv_bringup/share/my_ugv_bringup/package.ps1'
[4.556s] INFO:colcon.colcon_core.shell:Creating package descriptor '/home/ground/ugv_repo/OperationTouchdown/ugv_ws/install/my_ugv_bringup/share/my_ugv_bringup/package.dsv'
[4.557s] INFO:colcon.colcon_core.shell:Creating package script '/home/ground/ugv_repo/OperationTouchdown/ugv_ws/install/my_ugv_bringup/share/my_ugv_bringup/package.sh'
[4.557s] INFO:colcon.colcon_core.shell:Creating package script '/home/ground/ugv_repo/OperationTouchdown/ugv_ws/install/my_ugv_bringup/share/my_ugv_bringup/package.bash'
[4.558s] INFO:colcon.colcon_core.shell:Creating package script '/home/ground/ugv_repo/OperationTouchdown/ugv_ws/install/my_ugv_bringup/share/my_ugv_bringup/package.zsh'
[4.559s] Level 1:colcon.colcon_core.environment:create_file_with_runtime_dependencies(/home/ground/ugv_repo/OperationTouchdown/ugv_ws/install/my_ugv_bringup/share/colcon-core/packages/my_ugv_bringup)
[4.565s] DEBUG:colcon.colcon_core.event_handler.log_command:Invoking command in '/home/ground/ugv_repo/OperationTouchdown/ugv_ws/build/depthai-ros': CMAKE_PREFIX_PATH=/home/ground/ugv_repo/OperationTouchdown/ugv_ws/install/depthai_ros_driver:/home/ground/ugv_repo/OperationTouchdown/ugv_ws/install/depthai_examples:/home/ground/ugv_repo/OperationTouchdown/ugv_ws/install/depthai_filters:/home/ground/ugv_repo/OperationTouchdown/ugv_ws/install/depthai_bridge:/home/ground/ugv_repo/OperationTouchdown/ugv_ws/install/depthai_ros_msgs:/home/ground/ugv_repo/OperationTouchdown/ugv_ws/install/depthai_descriptions:/home/ground/ugv_repo/OperationTouchdown/ugv_ws/install/rplidar_ros:/home/ground/ugv_repo/OperationTouchdown/ugv_ws/install/roboteq_ros2_driver:/home/ground/ugv_repo/OperationTouchdown/ugv_ws/install/my_ugv_bringup:/home/ground/ugv_repo/OperationTouchdown/ugv_ws/install/my_ugv_description:/home/ground/ugv_repo/OperationTouchdown/ugv_ws/install/depthai-ros:/opt/ros/jazzy/opt/gz_sim_vendor:/opt/ros/jazzy/opt/gz_sensors_vendor:/opt/ros/jazzy/opt/gz_physics_vendor:/opt/ros/jazzy/opt/sdformat_vendor:/opt/ros/jazzy/opt/gz_gui_vendor:/opt/ros/jazzy/opt/gz_transport_vendor:/opt/ros/jazzy/opt/gz_rendering_vendor:/opt/ros/jazzy/opt/gz_plugin_vendor:/opt/ros/jazzy/opt/gz_fuel_tools_vendor:/opt/ros/jazzy/opt/gz_msgs_vendor:/opt/ros/jazzy/opt/gz_common_vendor:/opt/ros/jazzy/opt/gz_math_vendor:/opt/ros/jazzy/opt/gz_utils_vendor:/opt/ros/jazzy/opt/gz_tools_vendor:/opt/ros/jazzy/opt/gz_ogre_next_vendor:/opt/ros/jazzy/opt/gz_dartsim_vendor:/opt/ros/jazzy/opt/gz_cmake_vendor:/home/ground/ugv_repo/OperationTouchdown/ugv_ws/install/my_ugv_vision:/home/ground/ugv_repo/OperationTouchdown/ugv_ws/install/my_ugv_hardware:/opt/ros/jazzy DEBUGINFOD_URLS=https://debuginfod.ubuntu.com GAZEBO_MODEL_PATH=/home/ground/ugv_repo/OperationTouchdown/ugv_ws/install/depthai_descriptions:${GAZEBO_MODEL_PATH} GAZEBO_RESOURCE_PATH=/home/ground/ugv_repo/OperationTouchdown/ugv_ws/install/depthai_descriptions:${GAZEBO_RESOURCE_PATH} IGN_GAZEBO_MODEL_PATH=/home/ground/ugv_repo/OperationTouchdown/ugv_ws/install/depthai_descriptions:${IGN_GAZEBO_MODEL_PATH} IGN_GAZEBO_RESOURCE_PATH=/home/ground/ugv_repo/OperationTouchdown/ugv_ws/install/depthai_descriptions:${IGN_GAZEBO_RESOURCE_PATH} PYTHONPATH=/home/ground/ugv_repo/OperationTouchdown/ugv_ws/install/depthai_ros_driver/lib/python3.12/site-packages:/home/ground/ugv_repo/OperationTouchdown/ugv_ws/install/depthai_ros_msgs/lib/python3.12/site-packages:/home/ground/ugv_repo/OperationTouchdown/ugv_ws/build/my_ugv_vision:/home/ground/ugv_repo/OperationTouchdown/ugv_ws/install/my_ugv_vision/lib/python3.12/site-packages:/home/ground/ugv_repo/OperationTouchdown/ugv_ws/build/my_ugv_hardware:/home/ground/ugv_repo/OperationTouchdown/ugv_ws/install/my_ugv_hardware/lib/python3.12/site-packages:/opt/ros/jazzy/lib/python3.12/site-packages /usr/bin/cmake --build /home/ground/ugv_repo/OperationTouchdown/ugv_ws/build/depthai-ros -- -j4 -l4
[4.654s] DEBUG:colcon.colcon_core.event_handler.log_command:Invoked command in '/home/ground/ugv_repo/OperationTouchdown/ugv_ws/build/depthai-ros' returned '0': CMAKE_PREFIX_PATH=/home/ground/ugv_repo/OperationTouchdown/ugv_ws/install/depthai_ros_driver:/home/ground/ugv_repo/OperationTouchdown/ugv_ws/install/depthai_examples:/home/ground/ugv_repo/OperationTouchdown/ugv_ws/install/depthai_filters:/home/ground/ugv_repo/OperationTouchdown/ugv_ws/install/depthai_bridge:/home/ground/ugv_repo/OperationTouchdown/ugv_ws/install/depthai_ros_msgs:/home/ground/ugv_repo/OperationTouchdown/ugv_ws/install/depthai_descriptions:/home/ground/ugv_repo/OperationTouchdown/ugv_ws/install/rplidar_ros:/home/ground/ugv_repo/OperationTouchdown/ugv_ws/install/roboteq_ros2_driver:/home/ground/ugv_repo/OperationTouchdown/ugv_ws/install/my_ugv_bringup:/home/ground/ugv_repo/OperationTouchdown/ugv_ws/install/my_ugv_description:/home/ground/ugv_repo/OperationTouchdown/ugv_ws/install/depthai-ros:/opt/ros/jazzy/opt/gz_sim_vendor:/opt/ros/jazzy/opt/gz_sensors_vendor:/opt/ros/jazzy/opt/gz_physics_vendor:/opt/ros/jazzy/opt/sdformat_vendor:/opt/ros/jazzy/opt/gz_gui_vendor:/opt/ros/jazzy/opt/gz_transport_vendor:/opt/ros/jazzy/opt/gz_rendering_vendor:/opt/ros/jazzy/opt/gz_plugin_vendor:/opt/ros/jazzy/opt/gz_fuel_tools_vendor:/opt/ros/jazzy/opt/gz_msgs_vendor:/opt/ros/jazzy/opt/gz_common_vendor:/opt/ros/jazzy/opt/gz_math_vendor:/opt/ros/jazzy/opt/gz_utils_vendor:/opt/ros/jazzy/opt/gz_tools_vendor:/opt/ros/jazzy/opt/gz_ogre_next_vendor:/opt/ros/jazzy/opt/gz_dartsim_vendor:/opt/ros/jazzy/opt/gz_cmake_vendor:/home/ground/ugv_repo/OperationTouchdown/ugv_ws/install/my_ugv_vision:/home/ground/ugv_repo/OperationTouchdown/ugv_ws/install/my_ugv_hardware:/opt/ros/jazzy DEBUGINFOD_URLS=https://debuginfod.ubuntu.com GAZEBO_MODEL_PATH=/home/ground/ugv_repo/OperationTouchdown/ugv_ws/install/depthai_descriptions:${GAZEBO_MODEL_PATH} GAZEBO_RESOURCE_PATH=/home/ground/ugv_repo/OperationTouchdown/ugv_ws/install/depthai_descriptions:${GAZEBO_RESOURCE_PATH} IGN_GAZEBO_MODEL_PATH=/home/ground/ugv_repo/OperationTouchdown/ugv_ws/install/depthai_descriptions:${IGN_GAZEBO_MODEL_PATH} IGN_GAZEBO_RESOURCE_PATH=/home/ground/ugv_repo/OperationTouchdown/ugv_ws/install/depthai_descriptions:${IGN_GAZEBO_RESOURCE_PATH} PYTHONPATH=/home/ground/ugv_repo/OperationTouchdown/ugv_ws/install/depthai_ros_driver/lib/python3.12/site-packages:/home/ground/ugv_repo/OperationTouchdown/ugv_ws/install/depthai_ros_msgs/lib/python3.12/site-packages:/home/ground/ugv_repo/OperationTouchdown/ugv_ws/build/my_ugv_vision:/home/ground/ugv_repo/OperationTouchdown/ugv_ws/install/my_ugv_vision/lib/python3.12/site-packages:/home/ground/ugv_repo/OperationTouchdown/ugv_ws/build/my_ugv_hardware:/home/ground/ugv_repo/OperationTouchdown/ugv_ws/install/my_ugv_hardware/lib/python3.12/site-packages:/opt/ros/jazzy/lib/python3.12/site-packages /usr/bin/cmake --build /home/ground/ugv_repo/OperationTouchdown/ugv_ws/build/depthai-ros -- -j4 -l4
[4.655s] DEBUG:colcon.colcon_core.event_handler.log_command:Invoking command in '/home/ground/ugv_repo/OperationTouchdown/ugv_ws/build/depthai-ros': CMAKE_PREFIX_PATH=/home/ground/ugv_repo/OperationTouchdown/ugv_ws/install/depthai_ros_driver:/home/ground/ugv_repo/OperationTouchdown/ugv_ws/install/depthai_examples:/home/ground/ugv_repo/OperationTouchdown/ugv_ws/install/depthai_filters:/home/ground/ugv_repo/OperationTouchdown/ugv_ws/install/depthai_bridge:/home/ground/ugv_repo/OperationTouchdown/ugv_ws/install/depthai_ros_msgs:/home/ground/ugv_repo/OperationTouchdown/ugv_ws/install/depthai_descriptions:/home/ground/ugv_repo/OperationTouchdown/ugv_ws/install/rplidar_ros:/home/ground/ugv_repo/OperationTouchdown/ugv_ws/install/roboteq_ros2_driver:/home/ground/ugv_repo/OperationTouchdown/ugv_ws/install/my_ugv_bringup:/home/ground/ugv_repo/OperationTouchdown/ugv_ws/install/my_ugv_description:/home/ground/ugv_repo/OperationTouchdown/ugv_ws/install/depthai-ros:/opt/ros/jazzy/opt/gz_sim_vendor:/opt/ros/jazzy/opt/gz_sensors_vendor:/opt/ros/jazzy/opt/gz_physics_vendor:/opt/ros/jazzy/opt/sdformat_vendor:/opt/ros/jazzy/opt/gz_gui_vendor:/opt/ros/jazzy/opt/gz_transport_vendor:/opt/ros/jazzy/opt/gz_rendering_vendor:/opt/ros/jazzy/opt/gz_plugin_vendor:/opt/ros/jazzy/opt/gz_fuel_tools_vendor:/opt/ros/jazzy/opt/gz_msgs_vendor:/opt/ros/jazzy/opt/gz_common_vendor:/opt/ros/jazzy/opt/gz_math_vendor:/opt/ros/jazzy/opt/gz_utils_vendor:/opt/ros/jazzy/opt/gz_tools_vendor:/opt/ros/jazzy/opt/gz_ogre_next_vendor:/opt/ros/jazzy/opt/gz_dartsim_vendor:/opt/ros/jazzy/opt/gz_cmake_vendor:/home/ground/ugv_repo/OperationTouchdown/ugv_ws/install/my_ugv_vision:/home/ground/ugv_repo/OperationTouchdown/ugv_ws/install/my_ugv_hardware:/opt/ros/jazzy DEBUGINFOD_URLS=https://debuginfod.ubuntu.com GAZEBO_MODEL_PATH=/home/ground/ugv_repo/OperationTouchdown/ugv_ws/install/depthai_descriptions:${GAZEBO_MODEL_PATH} GAZEBO_RESOURCE_PATH=/home/ground/ugv_repo/OperationTouchdown/ugv_ws/install/depthai_descriptions:${GAZEBO_RESOURCE_PATH} IGN_GAZEBO_MODEL_PATH=/home/ground/ugv_repo/OperationTouchdown/ugv_ws/install/depthai_descriptions:${IGN_GAZEBO_MODEL_PATH} IGN_GAZEBO_RESOURCE_PATH=/home/ground/ugv_repo/OperationTouchdown/ugv_ws/install/depthai_descriptions:${IGN_GAZEBO_RESOURCE_PATH} PYTHONPATH=/home/ground/ugv_repo/OperationTouchdown/ugv_ws/install/depthai_ros_driver/lib/python3.12/site-packages:/home/ground/ugv_repo/OperationTouchdown/ugv_ws/install/depthai_ros_msgs/lib/python3.12/site-packages:/home/ground/ugv_repo/OperationTouchdown/ugv_ws/build/my_ugv_vision:/home/ground/ugv_repo/OperationTouchdown/ugv_ws/install/my_ugv_vision/lib/python3.12/site-packages:/home/ground/ugv_repo/OperationTouchdown/ugv_ws/build/my_ugv_hardware:/home/ground/ugv_repo/OperationTouchdown/ugv_ws/install/my_ugv_hardware/lib/python3.12/site-packages:/opt/ros/jazzy/lib/python3.12/site-packages /usr/bin/cmake --install /home/ground/ugv_repo/OperationTouchdown/ugv_ws/build/depthai-ros
[4.709s] Level 1:colcon.colcon_core.environment:create_environment_scripts_only(depthai-ros)
[4.709s] Level 1:colcon.colcon_core.environment:checking '/home/ground/ugv_repo/OperationTouchdown/ugv_ws/install/depthai-ros' for CMake module files
[4.710s] DEBUG:colcon.colcon_core.event_handler.log_command:Invoked command in '/home/ground/ugv_repo/OperationTouchdown/ugv_ws/build/depthai-ros' returned '0': CMAKE_PREFIX_PATH=/home/ground/ugv_repo/OperationTouchdown/ugv_ws/install/depthai_ros_driver:/home/ground/ugv_repo/OperationTouchdown/ugv_ws/install/depthai_examples:/home/ground/ugv_repo/OperationTouchdown/ugv_ws/install/depthai_filters:/home/ground/ugv_repo/OperationTouchdown/ugv_ws/install/depthai_bridge:/home/ground/ugv_repo/OperationTouchdown/ugv_ws/install/depthai_ros_msgs:/home/ground/ugv_repo/OperationTouchdown/ugv_ws/install/depthai_descriptions:/home/ground/ugv_repo/OperationTouchdown/ugv_ws/install/rplidar_ros:/home/ground/ugv_repo/OperationTouchdown/ugv_ws/install/roboteq_ros2_driver:/home/ground/ugv_repo/OperationTouchdown/ugv_ws/install/my_ugv_bringup:/home/ground/ugv_repo/OperationTouchdown/ugv_ws/install/my_ugv_description:/home/ground/ugv_repo/OperationTouchdown/ugv_ws/install/depthai-ros:/opt/ros/jazzy/opt/gz_sim_vendor:/opt/ros/jazzy/opt/gz_sensors_vendor:/opt/ros/jazzy/opt/gz_physics_vendor:/opt/ros/jazzy/opt/sdformat_vendor:/opt/ros/jazzy/opt/gz_gui_vendor:/opt/ros/jazzy/opt/gz_transport_vendor:/opt/ros/jazzy/opt/gz_rendering_vendor:/opt/ros/jazzy/opt/gz_plugin_vendor:/opt/ros/jazzy/opt/gz_fuel_tools_vendor:/opt/ros/jazzy/opt/gz_msgs_vendor:/opt/ros/jazzy/opt/gz_common_vendor:/opt/ros/jazzy/opt/gz_math_vendor:/opt/ros/jazzy/opt/gz_utils_vendor:/opt/ros/jazzy/opt/gz_tools_vendor:/opt/ros/jazzy/opt/gz_ogre_next_vendor:/opt/ros/jazzy/opt/gz_dartsim_vendor:/opt/ros/jazzy/opt/gz_cmake_vendor:/home/ground/ugv_repo/OperationTouchdown/ugv_ws/install/my_ugv_vision:/home/ground/ugv_repo/OperationTouchdown/ugv_ws/install/my_ugv_hardware:/opt/ros/jazzy DEBUGINFOD_URLS=https://debuginfod.ubuntu.com GAZEBO_MODEL_PATH=/home/ground/ugv_repo/OperationTouchdown/ugv_ws/install/depthai_descriptions:${GAZEBO_MODEL_PATH} GAZEBO_RESOURCE_PATH=/home/ground/ugv_repo/OperationTouchdown/ugv_ws/install/depthai_descriptions:${GAZEBO_RESOURCE_PATH} IGN_GAZEBO_MODEL_PATH=/home/ground/ugv_repo/OperationTouchdown/ugv_ws/install/depthai_descriptions:${IGN_GAZEBO_MODEL_PATH} IGN_GAZEBO_RESOURCE_PATH=/home/ground/ugv_repo/OperationTouchdown/ugv_ws/install/depthai_descriptions:${IGN_GAZEBO_RESOURCE_PATH} PYTHONPATH=/home/ground/ugv_repo/OperationTouchdown/ugv_ws/install/depthai_ros_driver/lib/python3.12/site-packages:/home/ground/ugv_repo/OperationTouchdown/ugv_ws/install/depthai_ros_msgs/lib/python3.12/site-packages:/home/ground/ugv_repo/OperationTouchdown/ugv_ws/build/my_ugv_vision:/home/ground/ugv_repo/OperationTouchdown/ugv_ws/install/my_ugv_vision/lib/python3.12/site-packages:/home/ground/ugv_repo/OperationTouchdown/ugv_ws/build/my_ugv_hardware:/home/ground/ugv_repo/OperationTouchdown/ugv_ws/install/my_ugv_hardware/lib/python3.12/site-packages:/opt/ros/jazzy/lib/python3.12/site-packages /usr/bin/cmake --install /home/ground/ugv_repo/OperationTouchdown/ugv_ws/build/depthai-ros
[4.711s] Level 1:colcon.colcon_core.environment:checking '/home/ground/ugv_repo/OperationTouchdown/ugv_ws/install/depthai-ros' for CMake config files
[4.711s] Level 1:colcon.colcon_core.shell:create_environment_hook('depthai-ros', 'cmake_prefix_path')
[4.712s] INFO:colcon.colcon_core.shell:Creating environment hook '/home/ground/ugv_repo/OperationTouchdown/ugv_ws/install/depthai-ros/share/depthai-ros/hook/cmake_prefix_path.ps1'
[4.712s] INFO:colcon.colcon_core.shell:Creating environment descriptor '/home/ground/ugv_repo/OperationTouchdown/ugv_ws/install/depthai-ros/share/depthai-ros/hook/cmake_prefix_path.dsv'
[4.713s] INFO:colcon.colcon_core.shell:Creating environment hook '/home/ground/ugv_repo/OperationTouchdown/ugv_ws/install/depthai-ros/share/depthai-ros/hook/cmake_prefix_path.sh'
[4.714s] Level 1:colcon.colcon_core.environment:checking '/home/ground/ugv_repo/OperationTouchdown/ugv_ws/install/depthai-ros/bin'
[4.715s] Level 1:colcon.colcon_core.environment:checking '/home/ground/ugv_repo/OperationTouchdown/ugv_ws/install/depthai-ros/lib/pkgconfig/depthai-ros.pc'
[4.715s] Level 1:colcon.colcon_core.environment:checking '/home/ground/ugv_repo/OperationTouchdown/ugv_ws/install/depthai-ros/lib/python3.12/site-packages'
[4.716s] Level 1:colcon.colcon_core.environment:checking '/home/ground/ugv_repo/OperationTouchdown/ugv_ws/install/depthai-ros/bin'
[4.716s] INFO:colcon.colcon_core.shell:Creating package script '/home/ground/ugv_repo/OperationTouchdown/ugv_ws/install/depthai-ros/share/depthai-ros/package.ps1'
[4.717s] INFO:colcon.colcon_core.shell:Creating package descriptor '/home/ground/ugv_repo/OperationTouchdown/ugv_ws/install/depthai-ros/share/depthai-ros/package.dsv'
[4.718s] INFO:colcon.colcon_core.shell:Creating package script '/home/ground/ugv_repo/OperationTouchdown/ugv_ws/install/depthai-ros/share/depthai-ros/package.sh'
[4.719s] INFO:colcon.colcon_core.shell:Creating package script '/home/ground/ugv_repo/OperationTouchdown/ugv_ws/install/depthai-ros/share/depthai-ros/package.bash'
[4.720s] INFO:colcon.colcon_core.shell:Creating package script '/home/ground/ugv_repo/OperationTouchdown/ugv_ws/install/depthai-ros/share/depthai-ros/package.zsh'
[4.721s] Level 1:colcon.colcon_core.environment:create_file_with_runtime_dependencies(/home/ground/ugv_repo/OperationTouchdown/ugv_ws/install/depthai-ros/share/colcon-core/packages/depthai-ros)
[4.722s] Level 1:colcon.colcon_core.environment:create_environment_scripts_only(depthai-ros)
[4.722s] Level 1:colcon.colcon_core.environment:checking '/home/ground/ugv_repo/OperationTouchdown/ugv_ws/install/depthai-ros' for CMake module files
[4.723s] Level 1:colcon.colcon_core.environment:checking '/home/ground/ugv_repo/OperationTouchdown/ugv_ws/install/depthai-ros' for CMake config files
[4.723s] Level 1:colcon.colcon_core.shell:create_environment_hook('depthai-ros', 'cmake_prefix_path')
[4.724s] INFO:colcon.colcon_core.shell:Creating environment hook '/home/ground/ugv_repo/OperationTouchdown/ugv_ws/install/depthai-ros/share/depthai-ros/hook/cmake_prefix_path.ps1'
[4.725s] INFO:colcon.colcon_core.shell:Creating environment descriptor '/home/ground/ugv_repo/OperationTouchdown/ugv_ws/install/depthai-ros/share/depthai-ros/hook/cmake_prefix_path.dsv'
[4.725s] INFO:colcon.colcon_core.shell:Creating environment hook '/home/ground/ugv_repo/OperationTouchdown/ugv_ws/install/depthai-ros/share/depthai-ros/hook/cmake_prefix_path.sh'
[4.726s] Level 1:colcon.colcon_core.environment:checking '/home/ground/ugv_repo/OperationTouchdown/ugv_ws/install/depthai-ros/bin'
[4.726s] Level 1:colcon.colcon_core.environment:checking '/home/ground/ugv_repo/OperationTouchdown/ugv_ws/install/depthai-ros/lib/pkgconfig/depthai-ros.pc'
[4.726s] Level 1:colcon.colcon_core.environment:checking '/home/ground/ugv_repo/OperationTouchdown/ugv_ws/install/depthai-ros/lib/python3.12/site-packages'
[4.727s] Level 1:colcon.colcon_core.environment:checking '/home/ground/ugv_repo/OperationTouchdown/ugv_ws/install/depthai-ros/bin'
[4.727s] INFO:colcon.colcon_core.shell:Creating package script '/home/ground/ugv_repo/OperationTouchdown/ugv_ws/install/depthai-ros/share/depthai-ros/package.ps1'
[4.728s] INFO:colcon.colcon_core.shell:Creating package descriptor '/home/ground/ugv_repo/OperationTouchdown/ugv_ws/install/depthai-ros/share/depthai-ros/package.dsv'
[4.729s] INFO:colcon.colcon_core.shell:Creating package script '/home/ground/ugv_repo/OperationTouchdown/ugv_ws/install/depthai-ros/share/depthai-ros/package.sh'
[4.730s] INFO:colcon.colcon_core.shell:Creating package script '/home/ground/ugv_repo/OperationTouchdown/ugv_ws/install/depthai-ros/share/depthai-ros/package.bash'
[4.730s] INFO:colcon.colcon_core.shell:Creating package script '/home/ground/ugv_repo/OperationTouchdown/ugv_ws/install/depthai-ros/share/depthai-ros/package.zsh'
[4.731s] Level 1:colcon.colcon_core.environment:create_file_with_runtime_dependencies(/home/ground/ugv_repo/OperationTouchdown/ugv_ws/install/depthai-ros/share/colcon-core/packages/depthai-ros)
[4.733s] Level 1:colcon.colcon_core.shell:create_environment_hook('my_ugv_vision', 'pythonpath_develop')
[4.734s] INFO:colcon.colcon_core.shell:Creating environment hook '/home/ground/ugv_repo/OperationTouchdown/ugv_ws/build/my_ugv_vision/share/my_ugv_vision/hook/pythonpath_develop.ps1'
[4.734s] DEBUG:colcon.colcon_core.event_handler.log_command:Invoked command in '/home/ground/ugv_repo/OperationTouchdown/ugv_ws/build/my_ugv_vision' returned '0': DEBUGINFOD_URLS=https://debuginfod.ubuntu.com PYTHONPATH=/home/ground/ugv_repo/OperationTouchdown/ugv_ws/build/my_ugv_vision/prefix_override:/usr/lib/python3/dist-packages/colcon_core/task/python/colcon_distutils_commands:/home/ground/ugv_repo/OperationTouchdown/ugv_ws/install/my_ugv_vision/lib/python3.12/site-packages:${PYTHONPATH} /usr/bin/python3 -W ignore:setup.py install is deprecated -W ignore:easy_install command is deprecated setup.py develop --editable --build-directory /home/ground/ugv_repo/OperationTouchdown/ugv_ws/build/my_ugv_vision/build --no-deps symlink_data
[4.735s] INFO:colcon.colcon_core.shell:Creating environment descriptor '/home/ground/ugv_repo/OperationTouchdown/ugv_ws/build/my_ugv_vision/share/my_ugv_vision/hook/pythonpath_develop.dsv'
[4.736s] INFO:colcon.colcon_core.shell:Creating environment hook '/home/ground/ugv_repo/OperationTouchdown/ugv_ws/build/my_ugv_vision/share/my_ugv_vision/hook/pythonpath_develop.sh'
[4.737s] Level 1:colcon.colcon_core.environment:checking '/home/ground/ugv_repo/OperationTouchdown/ugv_ws/install/my_ugv_vision' for CMake module files
[4.737s] Level 1:colcon.colcon_core.environment:checking '/home/ground/ugv_repo/OperationTouchdown/ugv_ws/install/my_ugv_vision' for CMake config files
[4.738s] Level 1:colcon.colcon_core.environment:checking '/home/ground/ugv_repo/OperationTouchdown/ugv_ws/install/my_ugv_vision/lib'
[4.738s] Level 1:colcon.colcon_core.environment:checking '/home/ground/ugv_repo/OperationTouchdown/ugv_ws/install/my_ugv_vision/bin'
[4.738s] Level 1:colcon.colcon_core.environment:checking '/home/ground/ugv_repo/OperationTouchdown/ugv_ws/install/my_ugv_vision/lib/pkgconfig/my_ugv_vision.pc'
[4.739s] Level 1:colcon.colcon_core.environment:checking '/home/ground/ugv_repo/OperationTouchdown/ugv_ws/install/my_ugv_vision/lib/python3.12/site-packages'
[4.739s] Level 1:colcon.colcon_core.shell:create_environment_hook('my_ugv_vision', 'pythonpath')
[4.739s] INFO:colcon.colcon_core.shell:Creating environment hook '/home/ground/ugv_repo/OperationTouchdown/ugv_ws/install/my_ugv_vision/share/my_ugv_vision/hook/pythonpath.ps1'
[4.740s] INFO:colcon.colcon_core.shell:Creating environment descriptor '/home/ground/ugv_repo/OperationTouchdown/ugv_ws/install/my_ugv_vision/share/my_ugv_vision/hook/pythonpath.dsv'
[4.740s] INFO:colcon.colcon_core.shell:Creating environment hook '/home/ground/ugv_repo/OperationTouchdown/ugv_ws/install/my_ugv_vision/share/my_ugv_vision/hook/pythonpath.sh'
[4.741s] Level 1:colcon.colcon_core.environment:checking '/home/ground/ugv_repo/OperationTouchdown/ugv_ws/install/my_ugv_vision/bin'
[4.741s] Level 1:colcon.colcon_core.environment:create_environment_scripts_only(my_ugv_vision)
[4.742s] INFO:colcon.colcon_core.shell:Creating package script '/home/ground/ugv_repo/OperationTouchdown/ugv_ws/install/my_ugv_vision/share/my_ugv_vision/package.ps1'
[4.743s] INFO:colcon.colcon_core.shell:Creating package descriptor '/home/ground/ugv_repo/OperationTouchdown/ugv_ws/install/my_ugv_vision/share/my_ugv_vision/package.dsv'
[4.743s] INFO:colcon.colcon_core.shell:Creating package script '/home/ground/ugv_repo/OperationTouchdown/ugv_ws/install/my_ugv_vision/share/my_ugv_vision/package.sh'
[4.744s] INFO:colcon.colcon_core.shell:Creating package script '/home/ground/ugv_repo/OperationTouchdown/ugv_ws/install/my_ugv_vision/share/my_ugv_vision/package.bash'
[4.745s] INFO:colcon.colcon_core.shell:Creating package script '/home/ground/ugv_repo/OperationTouchdown/ugv_ws/install/my_ugv_vision/share/my_ugv_vision/package.zsh'
[4.745s] Level 1:colcon.colcon_core.environment:create_file_with_runtime_dependencies(/home/ground/ugv_repo/OperationTouchdown/ugv_ws/install/my_ugv_vision/share/colcon-core/packages/my_ugv_vision)
[4.746s] DEBUG:colcon.colcon_parallel_executor.executor.parallel:closing loop
[4.747s] DEBUG:colcon.colcon_parallel_executor.executor.parallel:loop closed
[4.747s] DEBUG:colcon.colcon_parallel_executor.executor.parallel:run_until_complete finished with '0'
[4.747s] DEBUG:colcon.colcon_core.event_reactor:joining thread
[4.756s] INFO:colcon.colcon_core.plugin_system:Skipping extension 'colcon_notification.desktop_notification.terminal_notifier': Not used on non-Darwin systems
[4.756s] INFO:colcon.colcon_core.plugin_system:Skipping extension 'colcon_notification.desktop_notification.win32': Not used on non-Windows systems
[4.756s] INFO:colcon.colcon_notification.desktop_notification:Sending desktop notification using 'notify2'
[4.758s] DEBUG:colcon.colcon_notification.desktop_notification.notify2:Failed to initialize notify2: org.freedesktop.DBus.Error.ServiceUnknown: The name org.freedesktop.Notifications was not provided by any .service files
[4.758s] DEBUG:colcon.colcon_core.event_reactor:joined thread
[4.758s] INFO:colcon.colcon_core.shell:Creating prefix script '/home/ground/ugv_repo/OperationTouchdown/ugv_ws/install/local_setup.ps1'
[4.760s] INFO:colcon.colcon_core.shell:Creating prefix util module '/home/ground/ugv_repo/OperationTouchdown/ugv_ws/install/_local_setup_util_ps1.py'
[4.761s] INFO:colcon.colcon_core.shell:Creating prefix chain script '/home/ground/ugv_repo/OperationTouchdown/ugv_ws/install/setup.ps1'
[4.763s] INFO:colcon.colcon_core.shell:Creating prefix script '/home/ground/ugv_repo/OperationTouchdown/ugv_ws/install/local_setup.sh'
[4.764s] INFO:colcon.colcon_core.shell:Creating prefix util module '/home/ground/ugv_repo/OperationTouchdown/ugv_ws/install/_local_setup_util_sh.py'
[4.765s] INFO:colcon.colcon_core.shell:Creating prefix chain script '/home/ground/ugv_repo/OperationTouchdown/ugv_ws/install/setup.sh'
[4.767s] INFO:colcon.colcon_core.shell:Creating prefix script '/home/ground/ugv_repo/OperationTouchdown/ugv_ws/install/local_setup.bash'
[4.768s] INFO:colcon.colcon_core.shell:Creating prefix chain script '/home/ground/ugv_repo/OperationTouchdown/ugv_ws/install/setup.bash'
[4.770s] INFO:colcon.colcon_core.shell:Creating prefix script '/home/ground/ugv_repo/OperationTouchdown/ugv_ws/install/local_setup.zsh'
[4.770s] INFO:colcon.colcon_core.shell:Creating prefix chain script '/home/ground/ugv_repo/OperationTouchdown/ugv_ws/install/setup.zsh'
