[0.152s] DEBUG:colcon:Command line arguments: ['/usr/bin/colcon', 'build', '--symlink-install']
[0.152s] DEBUG:colcon:Parsed command line arguments: Namespace(log_base=None, log_level=None, verb_name='build', build_base='build', install_base='install', merge_install=False, symlink_install=True, test_result_base=None, continue_on_error=False, executor='parallel', parallel_workers=4, event_handlers=None, ignore_user_meta=False, metas=['./colcon.meta'], base_paths=['.'], packages_ignore=None, packages_ignore_regex=None, paths=None, packages_up_to=None, packages_up_to_regex=None, packages_above=None, packages_above_and_dependencies=None, packages_above_depth=None, packages_select_by_dep=None, packages_skip_by_dep=None, packages_skip_up_to=None, packages_select_build_failed=False, packages_skip_build_finished=False, packages_select_test_failures=False, packages_skip_test_passed=False, packages_select=None, packages_skip=None, packages_select_regex=None, packages_skip_regex=None, packages_start=None, packages_end=None, allow_overriding=[], cmake_args=None, cmake_target=None, cmake_target_skip_unavailable=False, cmake_clean_cache=False, cmake_clean_first=False, cmake_force_configure=False, ament_cmake_args=None, catkin_cmake_args=None, catkin_skip_building_tests=False, mixin_files=None, mixin=None, verb_parser=<colcon_mixin.mixin.mixin_argument.MixinArgumentDecorator object at 0xffffbab05280>, verb_extension=<colcon_core.verb.build.BuildVerb object at 0xffffbbaf55b0>, main=<bound method BuildVerb.main of <colcon_core.verb.build.BuildVerb object at 0xffffbbaf55b0>>, mixin_verb=('build',))
[0.208s] Level 1:colcon.colcon_core.package_discovery:discover_packages(colcon_meta) check parameters
[0.208s] Level 1:colcon.colcon_core.package_discovery:discover_packages(recursive) check parameters
[0.208s] Level 1:colcon.colcon_core.package_discovery:discover_packages(ignore) check parameters
[0.208s] Level 1:colcon.colcon_core.package_discovery:discover_packages(path) check parameters
[0.208s] Level 1:colcon.colcon_core.package_discovery:discover_packages(colcon_meta) discover
[0.208s] Level 1:colcon.colcon_core.package_discovery:discover_packages(recursive) discover
[0.208s] INFO:colcon.colcon_core.package_discovery:Crawling recursively for packages in '/home/ground/ugv_repo/OperationTouchdown/ugv_ws'
[0.208s] Level 1:colcon.colcon_core.package_identification:_identify(.) by extensions ['ignore', 'ignore_ament_install']
[0.208s] Level 1:colcon.colcon_core.package_identification:_identify(.) by extension 'ignore'
[0.208s] Level 1:colcon.colcon_core.package_identification:_identify(.) by extension 'ignore_ament_install'
[0.209s] Level 1:colcon.colcon_core.package_identification:_identify(.) by extensions ['colcon_pkg']
[0.209s] Level 1:colcon.colcon_core.package_identification:_identify(.) by extension 'colcon_pkg'
[0.209s] Level 1:colcon.colcon_core.package_identification:_identify(.) by extensions ['colcon_meta']
[0.209s] Level 1:colcon.colcon_core.package_identification:_identify(.) by extension 'colcon_meta'
[0.209s] Level 1:colcon.colcon_core.package_identification:_identify(.) by extensions ['ros']
[0.209s] Level 1:colcon.colcon_core.package_identification:_identify(.) by extension 'ros'
[0.247s] Level 1:colcon.colcon_core.package_identification:_identify(.) by extensions ['cmake', 'python']
[0.247s] Level 1:colcon.colcon_core.package_identification:_identify(.) by extension 'cmake'
[0.247s] Level 1:colcon.colcon_core.package_identification:_identify(.) by extension 'python'
[0.247s] Level 1:colcon.colcon_core.package_identification:_identify(.) by extensions ['python_setup_py']
[0.247s] Level 1:colcon.colcon_core.package_identification:_identify(.) by extension 'python_setup_py'
[0.247s] Level 1:colcon.colcon_core.package_identification:_identify(build) by extensions ['ignore', 'ignore_ament_install']
[0.247s] Level 1:colcon.colcon_core.package_identification:_identify(build) by extension 'ignore'
[0.248s] Level 1:colcon.colcon_core.package_identification:_identify(build) ignored
[0.248s] Level 1:colcon.colcon_core.package_identification:_identify(install) by extensions ['ignore', 'ignore_ament_install']
[0.248s] Level 1:colcon.colcon_core.package_identification:_identify(install) by extension 'ignore'
[0.248s] Level 1:colcon.colcon_core.package_identification:_identify(install) ignored
[0.248s] Level 1:colcon.colcon_core.package_identification:_identify(isaac _communication) by extensions ['ignore', 'ignore_ament_install']
[0.248s] Level 1:colcon.colcon_core.package_identification:_identify(isaac _communication) by extension 'ignore'
[0.248s] Level 1:colcon.colcon_core.package_identification:_identify(isaac _communication) by extension 'ignore_ament_install'
[0.248s] Level 1:colcon.colcon_core.package_identification:_identify(isaac _communication) by extensions ['colcon_pkg']
[0.248s] Level 1:colcon.colcon_core.package_identification:_identify(isaac _communication) by extension 'colcon_pkg'
[0.248s] Level 1:colcon.colcon_core.package_identification:_identify(isaac _communication) by extensions ['colcon_meta']
[0.248s] Level 1:colcon.colcon_core.package_identification:_identify(isaac _communication) by extension 'colcon_meta'
[0.248s] Level 1:colcon.colcon_core.package_identification:_identify(isaac _communication) by extensions ['ros']
[0.248s] Level 1:colcon.colcon_core.package_identification:_identify(isaac _communication) by extension 'ros'
[0.248s] Level 1:colcon.colcon_core.package_identification:_identify(isaac _communication) by extensions ['cmake', 'python']
[0.248s] Level 1:colcon.colcon_core.package_identification:_identify(isaac _communication) by extension 'cmake'
[0.249s] Level 1:colcon.colcon_core.package_identification:_identify(isaac _communication) by extension 'python'
[0.249s] Level 1:colcon.colcon_core.package_identification:_identify(isaac _communication) by extensions ['python_setup_py']
[0.249s] Level 1:colcon.colcon_core.package_identification:_identify(isaac _communication) by extension 'python_setup_py'
[0.249s] Level 1:colcon.colcon_core.package_identification:_identify(log) by extensions ['ignore', 'ignore_ament_install']
[0.249s] Level 1:colcon.colcon_core.package_identification:_identify(log) by extension 'ignore'
[0.249s] Level 1:colcon.colcon_core.package_identification:_identify(log) ignored
[0.249s] Level 1:colcon.colcon_core.package_identification:_identify(src) by extensions ['ignore', 'ignore_ament_install']
[0.249s] Level 1:colcon.colcon_core.package_identification:_identify(src) by extension 'ignore'
[0.249s] Level 1:colcon.colcon_core.package_identification:_identify(src) by extension 'ignore_ament_install'
[0.249s] Level 1:colcon.colcon_core.package_identification:_identify(src) by extensions ['colcon_pkg']
[0.249s] Level 1:colcon.colcon_core.package_identification:_identify(src) by extension 'colcon_pkg'
[0.249s] Level 1:colcon.colcon_core.package_identification:_identify(src) by extensions ['colcon_meta']
[0.249s] Level 1:colcon.colcon_core.package_identification:_identify(src) by extension 'colcon_meta'
[0.249s] Level 1:colcon.colcon_core.package_identification:_identify(src) by extensions ['ros']
[0.249s] Level 1:colcon.colcon_core.package_identification:_identify(src) by extension 'ros'
[0.249s] Level 1:colcon.colcon_core.package_identification:_identify(src) by extensions ['cmake', 'python']
[0.250s] Level 1:colcon.colcon_core.package_identification:_identify(src) by extension 'cmake'
[0.250s] Level 1:colcon.colcon_core.package_identification:_identify(src) by extension 'python'
[0.250s] Level 1:colcon.colcon_core.package_identification:_identify(src) by extensions ['python_setup_py']
[0.250s] Level 1:colcon.colcon_core.package_identification:_identify(src) by extension 'python_setup_py'
[0.250s] Level 1:colcon.colcon_core.package_identification:_identify(src/build) by extensions ['ignore', 'ignore_ament_install']
[0.250s] Level 1:colcon.colcon_core.package_identification:_identify(src/build) by extension 'ignore'
[0.250s] Level 1:colcon.colcon_core.package_identification:_identify(src/build) ignored
[0.250s] Level 1:colcon.colcon_core.package_identification:_identify(src/depthai-ros) by extensions ['ignore', 'ignore_ament_install']
[0.250s] Level 1:colcon.colcon_core.package_identification:_identify(src/depthai-ros) by extension 'ignore'
[0.250s] Level 1:colcon.colcon_core.package_identification:_identify(src/depthai-ros) by extension 'ignore_ament_install'
[0.250s] Level 1:colcon.colcon_core.package_identification:_identify(src/depthai-ros) by extensions ['colcon_pkg']
[0.250s] Level 1:colcon.colcon_core.package_identification:_identify(src/depthai-ros) by extension 'colcon_pkg'
[0.250s] Level 1:colcon.colcon_core.package_identification:_identify(src/depthai-ros) by extensions ['colcon_meta']
[0.250s] Level 1:colcon.colcon_core.package_identification:_identify(src/depthai-ros) by extension 'colcon_meta'
[0.250s] Level 1:colcon.colcon_core.package_identification:_identify(src/depthai-ros) by extensions ['ros']
[0.250s] Level 1:colcon.colcon_core.package_identification:_identify(src/depthai-ros) by extension 'ros'
[0.250s] Level 1:colcon.colcon_core.package_identification:_identify(src/depthai-ros) by extensions ['cmake', 'python']
[0.251s] Level 1:colcon.colcon_core.package_identification:_identify(src/depthai-ros) by extension 'cmake'
[0.251s] Level 1:colcon.colcon_core.package_identification:_identify(src/depthai-ros) by extension 'python'
[0.251s] Level 1:colcon.colcon_core.package_identification:_identify(src/depthai-ros) by extensions ['python_setup_py']
[0.251s] Level 1:colcon.colcon_core.package_identification:_identify(src/depthai-ros) by extension 'python_setup_py'
[0.251s] Level 1:colcon.colcon_core.package_identification:_identify(src/depthai-ros/depthai-ros) by extensions ['ignore', 'ignore_ament_install']
[0.251s] Level 1:colcon.colcon_core.package_identification:_identify(src/depthai-ros/depthai-ros) by extension 'ignore'
[0.251s] Level 1:colcon.colcon_core.package_identification:_identify(src/depthai-ros/depthai-ros) by extension 'ignore_ament_install'
[0.251s] Level 1:colcon.colcon_core.package_identification:_identify(src/depthai-ros/depthai-ros) by extensions ['colcon_pkg']
[0.251s] Level 1:colcon.colcon_core.package_identification:_identify(src/depthai-ros/depthai-ros) by extension 'colcon_pkg'
[0.251s] Level 1:colcon.colcon_core.package_identification:_identify(src/depthai-ros/depthai-ros) by extensions ['colcon_meta']
[0.251s] Level 1:colcon.colcon_core.package_identification:_identify(src/depthai-ros/depthai-ros) by extension 'colcon_meta'
[0.251s] Level 1:colcon.colcon_core.package_identification:_identify(src/depthai-ros/depthai-ros) by extensions ['ros']
[0.251s] Level 1:colcon.colcon_core.package_identification:_identify(src/depthai-ros/depthai-ros) by extension 'ros'
[0.254s] DEBUG:colcon.colcon_core.package_identification:Package 'src/depthai-ros/depthai-ros' with type 'ros.ament_cmake' and name 'depthai-ros'
[0.255s] Level 1:colcon.colcon_core.package_identification:_identify(src/depthai-ros/depthai_bridge) by extensions ['ignore', 'ignore_ament_install']
[0.255s] Level 1:colcon.colcon_core.package_identification:_identify(src/depthai-ros/depthai_bridge) by extension 'ignore'
[0.255s] Level 1:colcon.colcon_core.package_identification:_identify(src/depthai-ros/depthai_bridge) by extension 'ignore_ament_install'
[0.255s] Level 1:colcon.colcon_core.package_identification:_identify(src/depthai-ros/depthai_bridge) by extensions ['colcon_pkg']
[0.255s] Level 1:colcon.colcon_core.package_identification:_identify(src/depthai-ros/depthai_bridge) by extension 'colcon_pkg'
[0.255s] Level 1:colcon.colcon_core.package_identification:_identify(src/depthai-ros/depthai_bridge) by extensions ['colcon_meta']
[0.255s] Level 1:colcon.colcon_core.package_identification:_identify(src/depthai-ros/depthai_bridge) by extension 'colcon_meta'
[0.255s] Level 1:colcon.colcon_core.package_identification:_identify(src/depthai-ros/depthai_bridge) by extensions ['ros']
[0.255s] Level 1:colcon.colcon_core.package_identification:_identify(src/depthai-ros/depthai_bridge) by extension 'ros'
[0.257s] DEBUG:colcon.colcon_core.package_identification:Package 'src/depthai-ros/depthai_bridge' with type 'ros.ament_cmake' and name 'depthai_bridge'
[0.257s] Level 1:colcon.colcon_core.package_identification:_identify(src/depthai-ros/depthai_descriptions) by extensions ['ignore', 'ignore_ament_install']
[0.257s] Level 1:colcon.colcon_core.package_identification:_identify(src/depthai-ros/depthai_descriptions) by extension 'ignore'
[0.257s] Level 1:colcon.colcon_core.package_identification:_identify(src/depthai-ros/depthai_descriptions) by extension 'ignore_ament_install'
[0.257s] Level 1:colcon.colcon_core.package_identification:_identify(src/depthai-ros/depthai_descriptions) by extensions ['colcon_pkg']
[0.257s] Level 1:colcon.colcon_core.package_identification:_identify(src/depthai-ros/depthai_descriptions) by extension 'colcon_pkg'
[0.257s] Level 1:colcon.colcon_core.package_identification:_identify(src/depthai-ros/depthai_descriptions) by extensions ['colcon_meta']
[0.257s] Level 1:colcon.colcon_core.package_identification:_identify(src/depthai-ros/depthai_descriptions) by extension 'colcon_meta'
[0.257s] Level 1:colcon.colcon_core.package_identification:_identify(src/depthai-ros/depthai_descriptions) by extensions ['ros']
[0.258s] Level 1:colcon.colcon_core.package_identification:_identify(src/depthai-ros/depthai_descriptions) by extension 'ros'
[0.259s] DEBUG:colcon.colcon_core.package_identification:Package 'src/depthai-ros/depthai_descriptions' with type 'ros.ament_cmake' and name 'depthai_descriptions'
[0.259s] Level 1:colcon.colcon_core.package_identification:_identify(src/depthai-ros/depthai_examples) by extensions ['ignore', 'ignore_ament_install']
[0.259s] Level 1:colcon.colcon_core.package_identification:_identify(src/depthai-ros/depthai_examples) by extension 'ignore'
[0.259s] Level 1:colcon.colcon_core.package_identification:_identify(src/depthai-ros/depthai_examples) by extension 'ignore_ament_install'
[0.259s] Level 1:colcon.colcon_core.package_identification:_identify(src/depthai-ros/depthai_examples) by extensions ['colcon_pkg']
[0.259s] Level 1:colcon.colcon_core.package_identification:_identify(src/depthai-ros/depthai_examples) by extension 'colcon_pkg'
[0.259s] Level 1:colcon.colcon_core.package_identification:_identify(src/depthai-ros/depthai_examples) by extensions ['colcon_meta']
[0.259s] Level 1:colcon.colcon_core.package_identification:_identify(src/depthai-ros/depthai_examples) by extension 'colcon_meta'
[0.259s] Level 1:colcon.colcon_core.package_identification:_identify(src/depthai-ros/depthai_examples) by extensions ['ros']
[0.259s] Level 1:colcon.colcon_core.package_identification:_identify(src/depthai-ros/depthai_examples) by extension 'ros'
[0.261s] DEBUG:colcon.colcon_core.package_identification:Package 'src/depthai-ros/depthai_examples' with type 'ros.ament_cmake' and name 'depthai_examples'
[0.262s] Level 1:colcon.colcon_core.package_identification:_identify(src/depthai-ros/depthai_filters) by extensions ['ignore', 'ignore_ament_install']
[0.262s] Level 1:colcon.colcon_core.package_identification:_identify(src/depthai-ros/depthai_filters) by extension 'ignore'
[0.262s] Level 1:colcon.colcon_core.package_identification:_identify(src/depthai-ros/depthai_filters) by extension 'ignore_ament_install'
[0.262s] Level 1:colcon.colcon_core.package_identification:_identify(src/depthai-ros/depthai_filters) by extensions ['colcon_pkg']
[0.262s] Level 1:colcon.colcon_core.package_identification:_identify(src/depthai-ros/depthai_filters) by extension 'colcon_pkg'
[0.262s] Level 1:colcon.colcon_core.package_identification:_identify(src/depthai-ros/depthai_filters) by extensions ['colcon_meta']
[0.262s] Level 1:colcon.colcon_core.package_identification:_identify(src/depthai-ros/depthai_filters) by extension 'colcon_meta'
[0.262s] Level 1:colcon.colcon_core.package_identification:_identify(src/depthai-ros/depthai_filters) by extensions ['ros']
[0.262s] Level 1:colcon.colcon_core.package_identification:_identify(src/depthai-ros/depthai_filters) by extension 'ros'
[0.263s] DEBUG:colcon.colcon_core.package_identification:Package 'src/depthai-ros/depthai_filters' with type 'ros.ament_cmake' and name 'depthai_filters'
[0.263s] Level 1:colcon.colcon_core.package_identification:_identify(src/depthai-ros/depthai_ros_driver) by extensions ['ignore', 'ignore_ament_install']
[0.264s] Level 1:colcon.colcon_core.package_identification:_identify(src/depthai-ros/depthai_ros_driver) by extension 'ignore'
[0.264s] Level 1:colcon.colcon_core.package_identification:_identify(src/depthai-ros/depthai_ros_driver) by extension 'ignore_ament_install'
[0.264s] Level 1:colcon.colcon_core.package_identification:_identify(src/depthai-ros/depthai_ros_driver) by extensions ['colcon_pkg']
[0.264s] Level 1:colcon.colcon_core.package_identification:_identify(src/depthai-ros/depthai_ros_driver) by extension 'colcon_pkg'
[0.264s] Level 1:colcon.colcon_core.package_identification:_identify(src/depthai-ros/depthai_ros_driver) by extensions ['colcon_meta']
[0.264s] Level 1:colcon.colcon_core.package_identification:_identify(src/depthai-ros/depthai_ros_driver) by extension 'colcon_meta'
[0.264s] Level 1:colcon.colcon_core.package_identification:_identify(src/depthai-ros/depthai_ros_driver) by extensions ['ros']
[0.264s] Level 1:colcon.colcon_core.package_identification:_identify(src/depthai-ros/depthai_ros_driver) by extension 'ros'
[0.266s] DEBUG:colcon.colcon_core.package_identification:Package 'src/depthai-ros/depthai_ros_driver' with type 'ros.ament_cmake' and name 'depthai_ros_driver'
[0.266s] Level 1:colcon.colcon_core.package_identification:_identify(src/depthai-ros/depthai_ros_msgs) by extensions ['ignore', 'ignore_ament_install']
[0.267s] Level 1:colcon.colcon_core.package_identification:_identify(src/depthai-ros/depthai_ros_msgs) by extension 'ignore'
[0.267s] Level 1:colcon.colcon_core.package_identification:_identify(src/depthai-ros/depthai_ros_msgs) by extension 'ignore_ament_install'
[0.267s] Level 1:colcon.colcon_core.package_identification:_identify(src/depthai-ros/depthai_ros_msgs) by extensions ['colcon_pkg']
[0.267s] Level 1:colcon.colcon_core.package_identification:_identify(src/depthai-ros/depthai_ros_msgs) by extension 'colcon_pkg'
[0.267s] Level 1:colcon.colcon_core.package_identification:_identify(src/depthai-ros/depthai_ros_msgs) by extensions ['colcon_meta']
[0.267s] Level 1:colcon.colcon_core.package_identification:_identify(src/depthai-ros/depthai_ros_msgs) by extension 'colcon_meta'
[0.267s] Level 1:colcon.colcon_core.package_identification:_identify(src/depthai-ros/depthai_ros_msgs) by extensions ['ros']
[0.267s] Level 1:colcon.colcon_core.package_identification:_identify(src/depthai-ros/depthai_ros_msgs) by extension 'ros'
[0.268s] DEBUG:colcon.colcon_core.package_identification:Package 'src/depthai-ros/depthai_ros_msgs' with type 'ros.ament_cmake' and name 'depthai_ros_msgs'
[0.268s] Level 1:colcon.colcon_core.package_identification:_identify(src/install) by extensions ['ignore', 'ignore_ament_install']
[0.268s] Level 1:colcon.colcon_core.package_identification:_identify(src/install) by extension 'ignore'
[0.268s] Level 1:colcon.colcon_core.package_identification:_identify(src/install) ignored
[0.268s] Level 1:colcon.colcon_core.package_identification:_identify(src/log) by extensions ['ignore', 'ignore_ament_install']
[0.268s] Level 1:colcon.colcon_core.package_identification:_identify(src/log) by extension 'ignore'
[0.268s] Level 1:colcon.colcon_core.package_identification:_identify(src/log) ignored
[0.268s] Level 1:colcon.colcon_core.package_identification:_identify(src/my_ugv_bringup) by extensions ['ignore', 'ignore_ament_install']
[0.269s] Level 1:colcon.colcon_core.package_identification:_identify(src/my_ugv_bringup) by extension 'ignore'
[0.269s] Level 1:colcon.colcon_core.package_identification:_identify(src/my_ugv_bringup) by extension 'ignore_ament_install'
[0.269s] Level 1:colcon.colcon_core.package_identification:_identify(src/my_ugv_bringup) by extensions ['colcon_pkg']
[0.269s] Level 1:colcon.colcon_core.package_identification:_identify(src/my_ugv_bringup) by extension 'colcon_pkg'
[0.269s] Level 1:colcon.colcon_core.package_identification:_identify(src/my_ugv_bringup) by extensions ['colcon_meta']
[0.269s] Level 1:colcon.colcon_core.package_identification:_identify(src/my_ugv_bringup) by extension 'colcon_meta'
[0.269s] Level 1:colcon.colcon_core.package_identification:_identify(src/my_ugv_bringup) by extensions ['ros']
[0.269s] Level 1:colcon.colcon_core.package_identification:_identify(src/my_ugv_bringup) by extension 'ros'
[0.269s] DEBUG:colcon.colcon_core.package_identification:Package 'src/my_ugv_bringup' with type 'ros.ament_cmake' and name 'my_ugv_bringup'
[0.270s] Level 1:colcon.colcon_core.package_identification:_identify(src/my_ugv_description) by extensions ['ignore', 'ignore_ament_install']
[0.270s] Level 1:colcon.colcon_core.package_identification:_identify(src/my_ugv_description) by extension 'ignore'
[0.270s] Level 1:colcon.colcon_core.package_identification:_identify(src/my_ugv_description) by extension 'ignore_ament_install'
[0.270s] Level 1:colcon.colcon_core.package_identification:_identify(src/my_ugv_description) by extensions ['colcon_pkg']
[0.270s] Level 1:colcon.colcon_core.package_identification:_identify(src/my_ugv_description) by extension 'colcon_pkg'
[0.270s] Level 1:colcon.colcon_core.package_identification:_identify(src/my_ugv_description) by extensions ['colcon_meta']
[0.270s] Level 1:colcon.colcon_core.package_identification:_identify(src/my_ugv_description) by extension 'colcon_meta'
[0.270s] Level 1:colcon.colcon_core.package_identification:_identify(src/my_ugv_description) by extensions ['ros']
[0.270s] Level 1:colcon.colcon_core.package_identification:_identify(src/my_ugv_description) by extension 'ros'
[0.271s] DEBUG:colcon.colcon_core.package_identification:Package 'src/my_ugv_description' with type 'ros.ament_cmake' and name 'my_ugv_description'
[0.271s] Level 1:colcon.colcon_core.package_identification:_identify(src/my_ugv_hardware) by extensions ['ignore', 'ignore_ament_install']
[0.271s] Level 1:colcon.colcon_core.package_identification:_identify(src/my_ugv_hardware) by extension 'ignore'
[0.271s] Level 1:colcon.colcon_core.package_identification:_identify(src/my_ugv_hardware) by extension 'ignore_ament_install'
[0.271s] Level 1:colcon.colcon_core.package_identification:_identify(src/my_ugv_hardware) by extensions ['colcon_pkg']
[0.271s] Level 1:colcon.colcon_core.package_identification:_identify(src/my_ugv_hardware) by extension 'colcon_pkg'
[0.271s] Level 1:colcon.colcon_core.package_identification:_identify(src/my_ugv_hardware) by extensions ['colcon_meta']
[0.271s] Level 1:colcon.colcon_core.package_identification:_identify(src/my_ugv_hardware) by extension 'colcon_meta'
[0.271s] Level 1:colcon.colcon_core.package_identification:_identify(src/my_ugv_hardware) by extensions ['ros']
[0.271s] Level 1:colcon.colcon_core.package_identification:_identify(src/my_ugv_hardware) by extension 'ros'
[0.272s] DEBUG:colcon.colcon_core.package_identification:Package 'src/my_ugv_hardware' with type 'ros.ament_python' and name 'my_ugv_hardware'
[0.272s] Level 1:colcon.colcon_core.package_identification:_identify(src/my_ugv_vision) by extensions ['ignore', 'ignore_ament_install']
[0.272s] Level 1:colcon.colcon_core.package_identification:_identify(src/my_ugv_vision) by extension 'ignore'
[0.272s] Level 1:colcon.colcon_core.package_identification:_identify(src/my_ugv_vision) by extension 'ignore_ament_install'
[0.272s] Level 1:colcon.colcon_core.package_identification:_identify(src/my_ugv_vision) by extensions ['colcon_pkg']
[0.272s] Level 1:colcon.colcon_core.package_identification:_identify(src/my_ugv_vision) by extension 'colcon_pkg'
[0.272s] Level 1:colcon.colcon_core.package_identification:_identify(src/my_ugv_vision) by extensions ['colcon_meta']
[0.272s] Level 1:colcon.colcon_core.package_identification:_identify(src/my_ugv_vision) by extension 'colcon_meta'
[0.272s] Level 1:colcon.colcon_core.package_identification:_identify(src/my_ugv_vision) by extensions ['ros']
[0.272s] Level 1:colcon.colcon_core.package_identification:_identify(src/my_ugv_vision) by extension 'ros'
[0.273s] DEBUG:colcon.colcon_core.package_identification:Package 'src/my_ugv_vision' with type 'ros.ament_python' and name 'my_ugv_vision'
[0.273s] Level 1:colcon.colcon_core.package_identification:_identify(src/roboteq_ros2_driver) by extensions ['ignore', 'ignore_ament_install']
[0.273s] Level 1:colcon.colcon_core.package_identification:_identify(src/roboteq_ros2_driver) by extension 'ignore'
[0.273s] Level 1:colcon.colcon_core.package_identification:_identify(src/roboteq_ros2_driver) by extension 'ignore_ament_install'
[0.273s] Level 1:colcon.colcon_core.package_identification:_identify(src/roboteq_ros2_driver) by extensions ['colcon_pkg']
[0.273s] Level 1:colcon.colcon_core.package_identification:_identify(src/roboteq_ros2_driver) by extension 'colcon_pkg'
[0.273s] Level 1:colcon.colcon_core.package_identification:_identify(src/roboteq_ros2_driver) by extensions ['colcon_meta']
[0.274s] Level 1:colcon.colcon_core.package_identification:_identify(src/roboteq_ros2_driver) by extension 'colcon_meta'
[0.274s] Level 1:colcon.colcon_core.package_identification:_identify(src/roboteq_ros2_driver) by extensions ['ros']
[0.274s] Level 1:colcon.colcon_core.package_identification:_identify(src/roboteq_ros2_driver) by extension 'ros'
[0.274s] DEBUG:colcon.colcon_core.package_identification:Package 'src/roboteq_ros2_driver' with type 'ros.ament_cmake' and name 'roboteq_ros2_driver'
[0.274s] Level 1:colcon.colcon_core.package_identification:_identify(src/rplidar_ros) by extensions ['ignore', 'ignore_ament_install']
[0.274s] Level 1:colcon.colcon_core.package_identification:_identify(src/rplidar_ros) by extension 'ignore'
[0.275s] Level 1:colcon.colcon_core.package_identification:_identify(src/rplidar_ros) by extension 'ignore_ament_install'
[0.275s] Level 1:colcon.colcon_core.package_identification:_identify(src/rplidar_ros) by extensions ['colcon_pkg']
[0.275s] Level 1:colcon.colcon_core.package_identification:_identify(src/rplidar_ros) by extension 'colcon_pkg'
[0.275s] Level 1:colcon.colcon_core.package_identification:_identify(src/rplidar_ros) by extensions ['colcon_meta']
[0.275s] Level 1:colcon.colcon_core.package_identification:_identify(src/rplidar_ros) by extension 'colcon_meta'
[0.275s] Level 1:colcon.colcon_core.package_identification:_identify(src/rplidar_ros) by extensions ['ros']
[0.275s] Level 1:colcon.colcon_core.package_identification:_identify(src/rplidar_ros) by extension 'ros'
[0.275s] DEBUG:colcon.colcon_core.package_identification:Package 'src/rplidar_ros' with type 'ros.ament_cmake' and name 'rplidar_ros'
[0.275s] Level 1:colcon.colcon_core.package_discovery:discover_packages(recursive) using defaults
[0.275s] Level 1:colcon.colcon_core.package_discovery:discover_packages(ignore) discover
[0.275s] Level 1:colcon.colcon_core.package_discovery:discover_packages(ignore) using defaults
[0.276s] Level 1:colcon.colcon_core.package_discovery:discover_packages(path) discover
[0.276s] Level 1:colcon.colcon_core.package_discovery:discover_packages(path) using defaults
[0.307s] Level 1:colcon.colcon_core.package_discovery:discover_packages(prefix_path) check parameters
[0.307s] Level 1:colcon.colcon_core.package_discovery:discover_packages(prefix_path) discover
[0.311s] DEBUG:colcon.colcon_installed_package_information.package_discovery:Found 13 installed packages in /home/ground/ugv_repo/OperationTouchdown/ugv_ws/install
[0.313s] DEBUG:colcon.colcon_installed_package_information.package_discovery:Found 414 installed packages in /opt/ros/jazzy
[0.315s] Level 1:colcon.colcon_core.package_discovery:discover_packages(prefix_path) using defaults
[0.395s] Level 5:colcon.colcon_core.verb:set package 'depthai_descriptions' build argument 'cmake_args' from command line to 'None'
[0.395s] Level 5:colcon.colcon_core.verb:set package 'depthai_descriptions' build argument 'cmake_target' from command line to 'None'
[0.395s] Level 5:colcon.colcon_core.verb:set package 'depthai_descriptions' build argument 'cmake_target_skip_unavailable' from command line to 'False'
[0.395s] Level 5:colcon.colcon_core.verb:set package 'depthai_descriptions' build argument 'cmake_clean_cache' from command line to 'False'
[0.395s] Level 5:colcon.colcon_core.verb:set package 'depthai_descriptions' build argument 'cmake_clean_first' from command line to 'False'
[0.395s] Level 5:colcon.colcon_core.verb:set package 'depthai_descriptions' build argument 'cmake_force_configure' from command line to 'False'
[0.395s] Level 5:colcon.colcon_core.verb:set package 'depthai_descriptions' build argument 'ament_cmake_args' from command line to 'None'
[0.395s] Level 5:colcon.colcon_core.verb:set package 'depthai_descriptions' build argument 'catkin_cmake_args' from command line to 'None'
[0.395s] Level 5:colcon.colcon_core.verb:set package 'depthai_descriptions' build argument 'catkin_skip_building_tests' from command line to 'False'
[0.395s] DEBUG:colcon.colcon_core.verb:Building package 'depthai_descriptions' with the following arguments: {'ament_cmake_args': None, 'build_base': '/home/ground/ugv_repo/OperationTouchdown/ugv_ws/build/depthai_descriptions', 'catkin_cmake_args': None, 'catkin_skip_building_tests': False, 'cmake_args': None, 'cmake_clean_cache': False, 'cmake_clean_first': False, 'cmake_force_configure': False, 'cmake_target': None, 'cmake_target_skip_unavailable': False, 'install_base': '/home/ground/ugv_repo/OperationTouchdown/ugv_ws/install/depthai_descriptions', 'merge_install': False, 'path': '/home/ground/ugv_repo/OperationTouchdown/ugv_ws/src/depthai-ros/depthai_descriptions', 'symlink_install': True, 'test_result_base': None}
[0.396s] Level 5:colcon.colcon_core.verb:set package 'depthai_ros_msgs' build argument 'cmake_args' from command line to 'None'
[0.396s] Level 5:colcon.colcon_core.verb:set package 'depthai_ros_msgs' build argument 'cmake_target' from command line to 'None'
[0.396s] Level 5:colcon.colcon_core.verb:set package 'depthai_ros_msgs' build argument 'cmake_target_skip_unavailable' from command line to 'False'
[0.396s] Level 5:colcon.colcon_core.verb:set package 'depthai_ros_msgs' build argument 'cmake_clean_cache' from command line to 'False'
[0.396s] Level 5:colcon.colcon_core.verb:set package 'depthai_ros_msgs' build argument 'cmake_clean_first' from command line to 'False'
[0.396s] Level 5:colcon.colcon_core.verb:set package 'depthai_ros_msgs' build argument 'cmake_force_configure' from command line to 'False'
[0.396s] Level 5:colcon.colcon_core.verb:set package 'depthai_ros_msgs' build argument 'ament_cmake_args' from command line to 'None'
[0.396s] Level 5:colcon.colcon_core.verb:set package 'depthai_ros_msgs' build argument 'catkin_cmake_args' from command line to 'None'
[0.396s] Level 5:colcon.colcon_core.verb:set package 'depthai_ros_msgs' build argument 'catkin_skip_building_tests' from command line to 'False'
[0.396s] DEBUG:colcon.colcon_core.verb:Building package 'depthai_ros_msgs' with the following arguments: {'ament_cmake_args': None, 'build_base': '/home/ground/ugv_repo/OperationTouchdown/ugv_ws/build/depthai_ros_msgs', 'catkin_cmake_args': None, 'catkin_skip_building_tests': False, 'cmake_args': None, 'cmake_clean_cache': False, 'cmake_clean_first': False, 'cmake_force_configure': False, 'cmake_target': None, 'cmake_target_skip_unavailable': False, 'install_base': '/home/ground/ugv_repo/OperationTouchdown/ugv_ws/install/depthai_ros_msgs', 'merge_install': False, 'path': '/home/ground/ugv_repo/OperationTouchdown/ugv_ws/src/depthai-ros/depthai_ros_msgs', 'symlink_install': True, 'test_result_base': None}
[0.396s] Level 5:colcon.colcon_core.verb:set package 'my_ugv_description' build argument 'cmake_args' from command line to 'None'
[0.397s] Level 5:colcon.colcon_core.verb:set package 'my_ugv_description' build argument 'cmake_target' from command line to 'None'
[0.397s] Level 5:colcon.colcon_core.verb:set package 'my_ugv_description' build argument 'cmake_target_skip_unavailable' from command line to 'False'
[0.397s] Level 5:colcon.colcon_core.verb:set package 'my_ugv_description' build argument 'cmake_clean_cache' from command line to 'False'
[0.397s] Level 5:colcon.colcon_core.verb:set package 'my_ugv_description' build argument 'cmake_clean_first' from command line to 'False'
[0.397s] Level 5:colcon.colcon_core.verb:set package 'my_ugv_description' build argument 'cmake_force_configure' from command line to 'False'
[0.397s] Level 5:colcon.colcon_core.verb:set package 'my_ugv_description' build argument 'ament_cmake_args' from command line to 'None'
[0.397s] Level 5:colcon.colcon_core.verb:set package 'my_ugv_description' build argument 'catkin_cmake_args' from command line to 'None'
[0.397s] Level 5:colcon.colcon_core.verb:set package 'my_ugv_description' build argument 'catkin_skip_building_tests' from command line to 'False'
[0.397s] DEBUG:colcon.colcon_core.verb:Building package 'my_ugv_description' with the following arguments: {'ament_cmake_args': None, 'build_base': '/home/ground/ugv_repo/OperationTouchdown/ugv_ws/build/my_ugv_description', 'catkin_cmake_args': None, 'catkin_skip_building_tests': False, 'cmake_args': None, 'cmake_clean_cache': False, 'cmake_clean_first': False, 'cmake_force_configure': False, 'cmake_target': None, 'cmake_target_skip_unavailable': False, 'install_base': '/home/ground/ugv_repo/OperationTouchdown/ugv_ws/install/my_ugv_description', 'merge_install': False, 'path': '/home/ground/ugv_repo/OperationTouchdown/ugv_ws/src/my_ugv_description', 'symlink_install': True, 'test_result_base': None}
[0.397s] Level 5:colcon.colcon_core.verb:set package 'my_ugv_hardware' build argument 'cmake_args' from command line to 'None'
[0.397s] Level 5:colcon.colcon_core.verb:set package 'my_ugv_hardware' build argument 'cmake_target' from command line to 'None'
[0.397s] Level 5:colcon.colcon_core.verb:set package 'my_ugv_hardware' build argument 'cmake_target_skip_unavailable' from command line to 'False'
[0.397s] Level 5:colcon.colcon_core.verb:set package 'my_ugv_hardware' build argument 'cmake_clean_cache' from command line to 'False'
[0.397s] Level 5:colcon.colcon_core.verb:set package 'my_ugv_hardware' build argument 'cmake_clean_first' from command line to 'False'
[0.397s] Level 5:colcon.colcon_core.verb:set package 'my_ugv_hardware' build argument 'cmake_force_configure' from command line to 'False'
[0.397s] Level 5:colcon.colcon_core.verb:set package 'my_ugv_hardware' build argument 'ament_cmake_args' from command line to 'None'
[0.397s] Level 5:colcon.colcon_core.verb:set package 'my_ugv_hardware' build argument 'catkin_cmake_args' from command line to 'None'
[0.397s] Level 5:colcon.colcon_core.verb:set package 'my_ugv_hardware' build argument 'catkin_skip_building_tests' from command line to 'False'
[0.397s] DEBUG:colcon.colcon_core.verb:Building package 'my_ugv_hardware' with the following arguments: {'ament_cmake_args': None, 'build_base': '/home/ground/ugv_repo/OperationTouchdown/ugv_ws/build/my_ugv_hardware', 'catkin_cmake_args': None, 'catkin_skip_building_tests': False, 'cmake_args': None, 'cmake_clean_cache': False, 'cmake_clean_first': False, 'cmake_force_configure': False, 'cmake_target': None, 'cmake_target_skip_unavailable': False, 'install_base': '/home/ground/ugv_repo/OperationTouchdown/ugv_ws/install/my_ugv_hardware', 'merge_install': False, 'path': '/home/ground/ugv_repo/OperationTouchdown/ugv_ws/src/my_ugv_hardware', 'symlink_install': True, 'test_result_base': None}
[0.398s] Level 5:colcon.colcon_core.verb:set package 'my_ugv_vision' build argument 'cmake_args' from command line to 'None'
[0.398s] Level 5:colcon.colcon_core.verb:set package 'my_ugv_vision' build argument 'cmake_target' from command line to 'None'
[0.398s] Level 5:colcon.colcon_core.verb:set package 'my_ugv_vision' build argument 'cmake_target_skip_unavailable' from command line to 'False'
[0.398s] Level 5:colcon.colcon_core.verb:set package 'my_ugv_vision' build argument 'cmake_clean_cache' from command line to 'False'
[0.398s] Level 5:colcon.colcon_core.verb:set package 'my_ugv_vision' build argument 'cmake_clean_first' from command line to 'False'
[0.398s] Level 5:colcon.colcon_core.verb:set package 'my_ugv_vision' build argument 'cmake_force_configure' from command line to 'False'
[0.398s] Level 5:colcon.colcon_core.verb:set package 'my_ugv_vision' build argument 'ament_cmake_args' from command line to 'None'
[0.398s] Level 5:colcon.colcon_core.verb:set package 'my_ugv_vision' build argument 'catkin_cmake_args' from command line to 'None'
[0.398s] Level 5:colcon.colcon_core.verb:set package 'my_ugv_vision' build argument 'catkin_skip_building_tests' from command line to 'False'
[0.398s] DEBUG:colcon.colcon_core.verb:Building package 'my_ugv_vision' with the following arguments: {'ament_cmake_args': None, 'build_base': '/home/ground/ugv_repo/OperationTouchdown/ugv_ws/build/my_ugv_vision', 'catkin_cmake_args': None, 'catkin_skip_building_tests': False, 'cmake_args': None, 'cmake_clean_cache': False, 'cmake_clean_first': False, 'cmake_force_configure': False, 'cmake_target': None, 'cmake_target_skip_unavailable': False, 'install_base': '/home/ground/ugv_repo/OperationTouchdown/ugv_ws/install/my_ugv_vision', 'merge_install': False, 'path': '/home/ground/ugv_repo/OperationTouchdown/ugv_ws/src/my_ugv_vision', 'symlink_install': True, 'test_result_base': None}
[0.398s] Level 5:colcon.colcon_core.verb:set package 'roboteq_ros2_driver' build argument 'cmake_args' from command line to 'None'
[0.398s] Level 5:colcon.colcon_core.verb:set package 'roboteq_ros2_driver' build argument 'cmake_target' from command line to 'None'
[0.398s] Level 5:colcon.colcon_core.verb:set package 'roboteq_ros2_driver' build argument 'cmake_target_skip_unavailable' from command line to 'False'
[0.398s] Level 5:colcon.colcon_core.verb:set package 'roboteq_ros2_driver' build argument 'cmake_clean_cache' from command line to 'False'
[0.398s] Level 5:colcon.colcon_core.verb:set package 'roboteq_ros2_driver' build argument 'cmake_clean_first' from command line to 'False'
[0.398s] Level 5:colcon.colcon_core.verb:set package 'roboteq_ros2_driver' build argument 'cmake_force_configure' from command line to 'False'
[0.398s] Level 5:colcon.colcon_core.verb:set package 'roboteq_ros2_driver' build argument 'ament_cmake_args' from command line to 'None'
[0.398s] Level 5:colcon.colcon_core.verb:set package 'roboteq_ros2_driver' build argument 'catkin_cmake_args' from command line to 'None'
[0.398s] Level 5:colcon.colcon_core.verb:set package 'roboteq_ros2_driver' build argument 'catkin_skip_building_tests' from command line to 'False'
[0.398s] DEBUG:colcon.colcon_core.verb:Building package 'roboteq_ros2_driver' with the following arguments: {'ament_cmake_args': None, 'build_base': '/home/ground/ugv_repo/OperationTouchdown/ugv_ws/build/roboteq_ros2_driver', 'catkin_cmake_args': None, 'catkin_skip_building_tests': False, 'cmake_args': None, 'cmake_clean_cache': False, 'cmake_clean_first': False, 'cmake_force_configure': False, 'cmake_target': None, 'cmake_target_skip_unavailable': False, 'install_base': '/home/ground/ugv_repo/OperationTouchdown/ugv_ws/install/roboteq_ros2_driver', 'merge_install': False, 'path': '/home/ground/ugv_repo/OperationTouchdown/ugv_ws/src/roboteq_ros2_driver', 'symlink_install': True, 'test_result_base': None}
[0.399s] Level 5:colcon.colcon_core.verb:set package 'rplidar_ros' build argument 'cmake_args' from command line to 'None'
[0.399s] Level 5:colcon.colcon_core.verb:set package 'rplidar_ros' build argument 'cmake_target' from command line to 'None'
[0.399s] Level 5:colcon.colcon_core.verb:set package 'rplidar_ros' build argument 'cmake_target_skip_unavailable' from command line to 'False'
[0.399s] Level 5:colcon.colcon_core.verb:set package 'rplidar_ros' build argument 'cmake_clean_cache' from command line to 'False'
[0.399s] Level 5:colcon.colcon_core.verb:set package 'rplidar_ros' build argument 'cmake_clean_first' from command line to 'False'
[0.399s] Level 5:colcon.colcon_core.verb:set package 'rplidar_ros' build argument 'cmake_force_configure' from command line to 'False'
[0.399s] Level 5:colcon.colcon_core.verb:set package 'rplidar_ros' build argument 'ament_cmake_args' from command line to 'None'
[0.399s] Level 5:colcon.colcon_core.verb:set package 'rplidar_ros' build argument 'catkin_cmake_args' from command line to 'None'
[0.399s] Level 5:colcon.colcon_core.verb:set package 'rplidar_ros' build argument 'catkin_skip_building_tests' from command line to 'False'
[0.399s] DEBUG:colcon.colcon_core.verb:Building package 'rplidar_ros' with the following arguments: {'ament_cmake_args': None, 'build_base': '/home/ground/ugv_repo/OperationTouchdown/ugv_ws/build/rplidar_ros', 'catkin_cmake_args': None, 'catkin_skip_building_tests': False, 'cmake_args': None, 'cmake_clean_cache': False, 'cmake_clean_first': False, 'cmake_force_configure': False, 'cmake_target': None, 'cmake_target_skip_unavailable': False, 'install_base': '/home/ground/ugv_repo/OperationTouchdown/ugv_ws/install/rplidar_ros', 'merge_install': False, 'path': '/home/ground/ugv_repo/OperationTouchdown/ugv_ws/src/rplidar_ros', 'symlink_install': True, 'test_result_base': None}
[0.399s] Level 5:colcon.colcon_core.verb:set package 'depthai_bridge' build argument 'cmake_args' from command line to 'None'
[0.399s] Level 5:colcon.colcon_core.verb:set package 'depthai_bridge' build argument 'cmake_target' from command line to 'None'
[0.399s] Level 5:colcon.colcon_core.verb:set package 'depthai_bridge' build argument 'cmake_target_skip_unavailable' from command line to 'False'
[0.399s] Level 5:colcon.colcon_core.verb:set package 'depthai_bridge' build argument 'cmake_clean_cache' from command line to 'False'
[0.399s] Level 5:colcon.colcon_core.verb:set package 'depthai_bridge' build argument 'cmake_clean_first' from command line to 'False'
[0.399s] Level 5:colcon.colcon_core.verb:set package 'depthai_bridge' build argument 'cmake_force_configure' from command line to 'False'
[0.399s] Level 5:colcon.colcon_core.verb:set package 'depthai_bridge' build argument 'ament_cmake_args' from command line to 'None'
[0.399s] Level 5:colcon.colcon_core.verb:set package 'depthai_bridge' build argument 'catkin_cmake_args' from command line to 'None'
[0.399s] Level 5:colcon.colcon_core.verb:set package 'depthai_bridge' build argument 'catkin_skip_building_tests' from command line to 'False'
[0.399s] DEBUG:colcon.colcon_core.verb:Building package 'depthai_bridge' with the following arguments: {'ament_cmake_args': None, 'build_base': '/home/ground/ugv_repo/OperationTouchdown/ugv_ws/build/depthai_bridge', 'catkin_cmake_args': None, 'catkin_skip_building_tests': False, 'cmake_args': None, 'cmake_clean_cache': False, 'cmake_clean_first': False, 'cmake_force_configure': False, 'cmake_target': None, 'cmake_target_skip_unavailable': False, 'install_base': '/home/ground/ugv_repo/OperationTouchdown/ugv_ws/install/depthai_bridge', 'merge_install': False, 'path': '/home/ground/ugv_repo/OperationTouchdown/ugv_ws/src/depthai-ros/depthai_bridge', 'symlink_install': True, 'test_result_base': None}
[0.400s] Level 5:colcon.colcon_core.verb:set package 'depthai_filters' build argument 'cmake_args' from command line to 'None'
[0.400s] Level 5:colcon.colcon_core.verb:set package 'depthai_filters' build argument 'cmake_target' from command line to 'None'
[0.400s] Level 5:colcon.colcon_core.verb:set package 'depthai_filters' build argument 'cmake_target_skip_unavailable' from command line to 'False'
[0.400s] Level 5:colcon.colcon_core.verb:set package 'depthai_filters' build argument 'cmake_clean_cache' from command line to 'False'
[0.400s] Level 5:colcon.colcon_core.verb:set package 'depthai_filters' build argument 'cmake_clean_first' from command line to 'False'
[0.400s] Level 5:colcon.colcon_core.verb:set package 'depthai_filters' build argument 'cmake_force_configure' from command line to 'False'
[0.400s] Level 5:colcon.colcon_core.verb:set package 'depthai_filters' build argument 'ament_cmake_args' from command line to 'None'
[0.400s] Level 5:colcon.colcon_core.verb:set package 'depthai_filters' build argument 'catkin_cmake_args' from command line to 'None'
[0.400s] Level 5:colcon.colcon_core.verb:set package 'depthai_filters' build argument 'catkin_skip_building_tests' from command line to 'False'
[0.400s] DEBUG:colcon.colcon_core.verb:Building package 'depthai_filters' with the following arguments: {'ament_cmake_args': None, 'build_base': '/home/ground/ugv_repo/OperationTouchdown/ugv_ws/build/depthai_filters', 'catkin_cmake_args': None, 'catkin_skip_building_tests': False, 'cmake_args': None, 'cmake_clean_cache': False, 'cmake_clean_first': False, 'cmake_force_configure': False, 'cmake_target': None, 'cmake_target_skip_unavailable': False, 'install_base': '/home/ground/ugv_repo/OperationTouchdown/ugv_ws/install/depthai_filters', 'merge_install': False, 'path': '/home/ground/ugv_repo/OperationTouchdown/ugv_ws/src/depthai-ros/depthai_filters', 'symlink_install': True, 'test_result_base': None}
[0.400s] Level 5:colcon.colcon_core.verb:set package 'my_ugv_bringup' build argument 'cmake_args' from command line to 'None'
[0.400s] Level 5:colcon.colcon_core.verb:set package 'my_ugv_bringup' build argument 'cmake_target' from command line to 'None'
[0.400s] Level 5:colcon.colcon_core.verb:set package 'my_ugv_bringup' build argument 'cmake_target_skip_unavailable' from command line to 'False'
[0.400s] Level 5:colcon.colcon_core.verb:set package 'my_ugv_bringup' build argument 'cmake_clean_cache' from command line to 'False'
[0.400s] Level 5:colcon.colcon_core.verb:set package 'my_ugv_bringup' build argument 'cmake_clean_first' from command line to 'False'
[0.400s] Level 5:colcon.colcon_core.verb:set package 'my_ugv_bringup' build argument 'cmake_force_configure' from command line to 'False'
[0.400s] Level 5:colcon.colcon_core.verb:set package 'my_ugv_bringup' build argument 'ament_cmake_args' from command line to 'None'
[0.400s] Level 5:colcon.colcon_core.verb:set package 'my_ugv_bringup' build argument 'catkin_cmake_args' from command line to 'None'
[0.401s] Level 5:colcon.colcon_core.verb:set package 'my_ugv_bringup' build argument 'catkin_skip_building_tests' from command line to 'False'
[0.401s] DEBUG:colcon.colcon_core.verb:Building package 'my_ugv_bringup' with the following arguments: {'ament_cmake_args': None, 'build_base': '/home/ground/ugv_repo/OperationTouchdown/ugv_ws/build/my_ugv_bringup', 'catkin_cmake_args': None, 'catkin_skip_building_tests': False, 'cmake_args': None, 'cmake_clean_cache': False, 'cmake_clean_first': False, 'cmake_force_configure': False, 'cmake_target': None, 'cmake_target_skip_unavailable': False, 'install_base': '/home/ground/ugv_repo/OperationTouchdown/ugv_ws/install/my_ugv_bringup', 'merge_install': False, 'path': '/home/ground/ugv_repo/OperationTouchdown/ugv_ws/src/my_ugv_bringup', 'symlink_install': True, 'test_result_base': None}
[0.401s] Level 5:colcon.colcon_core.verb:set package 'depthai_examples' build argument 'cmake_args' from command line to 'None'
[0.401s] Level 5:colcon.colcon_core.verb:set package 'depthai_examples' build argument 'cmake_target' from command line to 'None'
[0.401s] Level 5:colcon.colcon_core.verb:set package 'depthai_examples' build argument 'cmake_target_skip_unavailable' from command line to 'False'
[0.401s] Level 5:colcon.colcon_core.verb:set package 'depthai_examples' build argument 'cmake_clean_cache' from command line to 'False'
[0.401s] Level 5:colcon.colcon_core.verb:set package 'depthai_examples' build argument 'cmake_clean_first' from command line to 'False'
[0.401s] Level 5:colcon.colcon_core.verb:set package 'depthai_examples' build argument 'cmake_force_configure' from command line to 'False'
[0.401s] Level 5:colcon.colcon_core.verb:set package 'depthai_examples' build argument 'ament_cmake_args' from command line to 'None'
[0.401s] Level 5:colcon.colcon_core.verb:set package 'depthai_examples' build argument 'catkin_cmake_args' from command line to 'None'
[0.401s] Level 5:colcon.colcon_core.verb:set package 'depthai_examples' build argument 'catkin_skip_building_tests' from command line to 'False'
[0.401s] DEBUG:colcon.colcon_core.verb:Building package 'depthai_examples' with the following arguments: {'ament_cmake_args': None, 'build_base': '/home/ground/ugv_repo/OperationTouchdown/ugv_ws/build/depthai_examples', 'catkin_cmake_args': None, 'catkin_skip_building_tests': False, 'cmake_args': None, 'cmake_clean_cache': False, 'cmake_clean_first': False, 'cmake_force_configure': False, 'cmake_target': None, 'cmake_target_skip_unavailable': False, 'install_base': '/home/ground/ugv_repo/OperationTouchdown/ugv_ws/install/depthai_examples', 'merge_install': False, 'path': '/home/ground/ugv_repo/OperationTouchdown/ugv_ws/src/depthai-ros/depthai_examples', 'symlink_install': True, 'test_result_base': None}
[0.401s] Level 5:colcon.colcon_core.verb:set package 'depthai_ros_driver' build argument 'cmake_args' from command line to 'None'
[0.401s] Level 5:colcon.colcon_core.verb:set package 'depthai_ros_driver' build argument 'cmake_target' from command line to 'None'
[0.401s] Level 5:colcon.colcon_core.verb:set package 'depthai_ros_driver' build argument 'cmake_target_skip_unavailable' from command line to 'False'
[0.401s] Level 5:colcon.colcon_core.verb:set package 'depthai_ros_driver' build argument 'cmake_clean_cache' from command line to 'False'
[0.401s] Level 5:colcon.colcon_core.verb:set package 'depthai_ros_driver' build argument 'cmake_clean_first' from command line to 'False'
[0.401s] Level 5:colcon.colcon_core.verb:set package 'depthai_ros_driver' build argument 'cmake_force_configure' from command line to 'False'
[0.402s] Level 5:colcon.colcon_core.verb:set package 'depthai_ros_driver' build argument 'ament_cmake_args' from command line to 'None'
[0.402s] Level 5:colcon.colcon_core.verb:set package 'depthai_ros_driver' build argument 'catkin_cmake_args' from command line to 'None'
[0.402s] Level 5:colcon.colcon_core.verb:set package 'depthai_ros_driver' build argument 'catkin_skip_building_tests' from command line to 'False'
[0.402s] DEBUG:colcon.colcon_core.verb:Building package 'depthai_ros_driver' with the following arguments: {'ament_cmake_args': None, 'build_base': '/home/ground/ugv_repo/OperationTouchdown/ugv_ws/build/depthai_ros_driver', 'catkin_cmake_args': None, 'catkin_skip_building_tests': False, 'cmake_args': None, 'cmake_clean_cache': False, 'cmake_clean_first': False, 'cmake_force_configure': False, 'cmake_target': None, 'cmake_target_skip_unavailable': False, 'install_base': '/home/ground/ugv_repo/OperationTouchdown/ugv_ws/install/depthai_ros_driver', 'merge_install': False, 'path': '/home/ground/ugv_repo/OperationTouchdown/ugv_ws/src/depthai-ros/depthai_ros_driver', 'symlink_install': True, 'test_result_base': None}
[0.402s] Level 5:colcon.colcon_core.verb:set package 'depthai-ros' build argument 'cmake_args' from command line to 'None'
[0.402s] Level 5:colcon.colcon_core.verb:set package 'depthai-ros' build argument 'cmake_target' from command line to 'None'
[0.402s] Level 5:colcon.colcon_core.verb:set package 'depthai-ros' build argument 'cmake_target_skip_unavailable' from command line to 'False'
[0.402s] Level 5:colcon.colcon_core.verb:set package 'depthai-ros' build argument 'cmake_clean_cache' from command line to 'False'
[0.402s] Level 5:colcon.colcon_core.verb:set package 'depthai-ros' build argument 'cmake_clean_first' from command line to 'False'
[0.402s] Level 5:colcon.colcon_core.verb:set package 'depthai-ros' build argument 'cmake_force_configure' from command line to 'False'
[0.402s] Level 5:colcon.colcon_core.verb:set package 'depthai-ros' build argument 'ament_cmake_args' from command line to 'None'
[0.402s] Level 5:colcon.colcon_core.verb:set package 'depthai-ros' build argument 'catkin_cmake_args' from command line to 'None'
[0.402s] Level 5:colcon.colcon_core.verb:set package 'depthai-ros' build argument 'catkin_skip_building_tests' from command line to 'False'
[0.402s] DEBUG:colcon.colcon_core.verb:Building package 'depthai-ros' with the following arguments: {'ament_cmake_args': None, 'build_base': '/home/ground/ugv_repo/OperationTouchdown/ugv_ws/build/depthai-ros', 'catkin_cmake_args': None, 'catkin_skip_building_tests': False, 'cmake_args': None, 'cmake_clean_cache': False, 'cmake_clean_first': False, 'cmake_force_configure': False, 'cmake_target': None, 'cmake_target_skip_unavailable': False, 'install_base': '/home/ground/ugv_repo/OperationTouchdown/ugv_ws/install/depthai-ros', 'merge_install': False, 'path': '/home/ground/ugv_repo/OperationTouchdown/ugv_ws/src/depthai-ros/depthai-ros', 'symlink_install': True, 'test_result_base': None}
[0.402s] INFO:colcon.colcon_core.executor:Executing jobs using 'parallel' executor
[0.404s] DEBUG:colcon.colcon_parallel_executor.executor.parallel:run_until_complete
[0.404s] INFO:colcon.colcon_ros.task.ament_cmake.build:Building ROS package in '/home/ground/ugv_repo/OperationTouchdown/ugv_ws/src/depthai-ros/depthai_ros_msgs' with build type 'ament_cmake'
[0.404s] INFO:colcon.colcon_cmake.task.cmake.build:Building CMake package in '/home/ground/ugv_repo/OperationTouchdown/ugv_ws/src/depthai-ros/depthai_ros_msgs'
[0.407s] INFO:colcon.colcon_core.plugin_system:Skipping extension 'colcon_core.shell.bat': Not used on non-Windows systems
[0.407s] INFO:colcon.colcon_core.shell:Skip shell extension 'powershell' for command environment: Not usable outside of PowerShell
[0.407s] DEBUG:colcon.colcon_core.shell:Skip shell extension 'dsv' for command environment
[0.414s] INFO:colcon.colcon_ros.task.ament_cmake.build:Building ROS package in '/home/ground/ugv_repo/OperationTouchdown/ugv_ws/src/depthai-ros/depthai_descriptions' with build type 'ament_cmake'
[0.443s] INFO:colcon.colcon_cmake.task.cmake.build:Building CMake package in '/home/ground/ugv_repo/OperationTouchdown/ugv_ws/src/depthai-ros/depthai_descriptions'
[0.444s] INFO:colcon.colcon_core.shell:Skip shell extension 'powershell' for command environment: Not usable outside of PowerShell
[0.444s] DEBUG:colcon.colcon_core.shell:Skip shell extension 'dsv' for command environment
[0.450s] INFO:colcon.colcon_ros.task.ament_cmake.build:Building ROS package in '/home/ground/ugv_repo/OperationTouchdown/ugv_ws/src/my_ugv_description' with build type 'ament_cmake'
[0.451s] INFO:colcon.colcon_cmake.task.cmake.build:Building CMake package in '/home/ground/ugv_repo/OperationTouchdown/ugv_ws/src/my_ugv_description'
[0.451s] INFO:colcon.colcon_core.shell:Skip shell extension 'powershell' for command environment: Not usable outside of PowerShell
[0.451s] DEBUG:colcon.colcon_core.shell:Skip shell extension 'dsv' for command environment
[0.459s] INFO:colcon.colcon_ros.task.ament_python.build:Building ROS package in '/home/ground/ugv_repo/OperationTouchdown/ugv_ws/src/my_ugv_hardware' with build type 'ament_python'
[0.460s] Level 1:colcon.colcon_core.shell:create_environment_hook('my_ugv_hardware', 'ament_prefix_path')
[0.460s] INFO:colcon.colcon_core.shell:Creating environment hook '/home/ground/ugv_repo/OperationTouchdown/ugv_ws/install/my_ugv_hardware/share/my_ugv_hardware/hook/ament_prefix_path.ps1'
[0.461s] INFO:colcon.colcon_core.shell:Creating environment descriptor '/home/ground/ugv_repo/OperationTouchdown/ugv_ws/install/my_ugv_hardware/share/my_ugv_hardware/hook/ament_prefix_path.dsv'
[0.462s] INFO:colcon.colcon_core.shell:Creating environment hook '/home/ground/ugv_repo/OperationTouchdown/ugv_ws/install/my_ugv_hardware/share/my_ugv_hardware/hook/ament_prefix_path.sh'
[0.463s] INFO:colcon.colcon_core.shell:Skip shell extension 'powershell' for command environment: Not usable outside of PowerShell
[0.463s] DEBUG:colcon.colcon_core.shell:Skip shell extension 'dsv' for command environment
[0.477s] DEBUG:colcon.colcon_core.event_handler.log_command:Invoking command in '/home/ground/ugv_repo/OperationTouchdown/ugv_ws/build/depthai_ros_msgs': CMAKE_PREFIX_PATH=${CMAKE_PREFIX_PATH}:/home/ground/ugv_repo/OperationTouchdown/ugv_ws/install/my_ugv_vision:/home/ground/ugv_repo/OperationTouchdown/ugv_ws/install/my_ugv_hardware:/opt/ros/jazzy DEBUGINFOD_URLS=https://debuginfod.ubuntu.com /usr/bin/cmake --build /home/ground/ugv_repo/OperationTouchdown/ugv_ws/build/depthai_ros_msgs -- -j4 -l4
[0.481s] DEBUG:colcon.colcon_core.event_handler.log_command:Invoking command in '/home/ground/ugv_repo/OperationTouchdown/ugv_ws/build/depthai_descriptions': CMAKE_PREFIX_PATH=${CMAKE_PREFIX_PATH}:/home/ground/ugv_repo/OperationTouchdown/ugv_ws/install/my_ugv_vision:/home/ground/ugv_repo/OperationTouchdown/ugv_ws/install/my_ugv_hardware:/opt/ros/jazzy DEBUGINFOD_URLS=https://debuginfod.ubuntu.com /usr/bin/cmake --build /home/ground/ugv_repo/OperationTouchdown/ugv_ws/build/depthai_descriptions -- -j4 -l4
[0.485s] DEBUG:colcon.colcon_core.event_handler.log_command:Invoking command in '/home/ground/ugv_repo/OperationTouchdown/ugv_ws/build/my_ugv_description': CMAKE_PREFIX_PATH=${CMAKE_PREFIX_PATH}:/home/ground/ugv_repo/OperationTouchdown/ugv_ws/install/my_ugv_vision:/home/ground/ugv_repo/OperationTouchdown/ugv_ws/install/my_ugv_hardware:/opt/ros/jazzy DEBUGINFOD_URLS=https://debuginfod.ubuntu.com /usr/bin/cmake --build /home/ground/ugv_repo/OperationTouchdown/ugv_ws/build/my_ugv_description -- -j4 -l4
[1.120s] INFO:colcon.colcon_core.task.python.build:Building Python package in '/home/ground/ugv_repo/OperationTouchdown/ugv_ws/src/my_ugv_hardware'
[1.121s] INFO:colcon.colcon_core.shell:Skip shell extension 'powershell' for command environment: Not usable outside of PowerShell
[1.121s] DEBUG:colcon.colcon_core.shell:Skip shell extension 'dsv' for command environment
[1.133s] DEBUG:colcon.colcon_core.event_handler.log_command:Invoked command in '/home/ground/ugv_repo/OperationTouchdown/ugv_ws/build/my_ugv_description' returned '0': CMAKE_PREFIX_PATH=${CMAKE_PREFIX_PATH}:/home/ground/ugv_repo/OperationTouchdown/ugv_ws/install/my_ugv_vision:/home/ground/ugv_repo/OperationTouchdown/ugv_ws/install/my_ugv_hardware:/opt/ros/jazzy DEBUGINFOD_URLS=https://debuginfod.ubuntu.com /usr/bin/cmake --build /home/ground/ugv_repo/OperationTouchdown/ugv_ws/build/my_ugv_description -- -j4 -l4
[1.157s] DEBUG:colcon.colcon_core.event_handler.log_command:Invoking command in '/home/ground/ugv_repo/OperationTouchdown/ugv_ws/build/my_ugv_description': CMAKE_PREFIX_PATH=${CMAKE_PREFIX_PATH}:/home/ground/ugv_repo/OperationTouchdown/ugv_ws/install/my_ugv_vision:/home/ground/ugv_repo/OperationTouchdown/ugv_ws/install/my_ugv_hardware:/opt/ros/jazzy DEBUGINFOD_URLS=https://debuginfod.ubuntu.com /usr/bin/cmake --install /home/ground/ugv_repo/OperationTouchdown/ugv_ws/build/my_ugv_description
[1.172s] DEBUG:colcon.colcon_core.event_handler.log_command:Invoked command in '/home/ground/ugv_repo/OperationTouchdown/ugv_ws/build/depthai_descriptions' returned '0': CMAKE_PREFIX_PATH=${CMAKE_PREFIX_PATH}:/home/ground/ugv_repo/OperationTouchdown/ugv_ws/install/my_ugv_vision:/home/ground/ugv_repo/OperationTouchdown/ugv_ws/install/my_ugv_hardware:/opt/ros/jazzy DEBUGINFOD_URLS=https://debuginfod.ubuntu.com /usr/bin/cmake --build /home/ground/ugv_repo/OperationTouchdown/ugv_ws/build/depthai_descriptions -- -j4 -l4
[1.173s] DEBUG:colcon.colcon_core.event_handler.log_command:Invoking command in '/home/ground/ugv_repo/OperationTouchdown/ugv_ws/build/depthai_descriptions': CMAKE_PREFIX_PATH=${CMAKE_PREFIX_PATH}:/home/ground/ugv_repo/OperationTouchdown/ugv_ws/install/my_ugv_vision:/home/ground/ugv_repo/OperationTouchdown/ugv_ws/install/my_ugv_hardware:/opt/ros/jazzy DEBUGINFOD_URLS=https://debuginfod.ubuntu.com /usr/bin/cmake --install /home/ground/ugv_repo/OperationTouchdown/ugv_ws/build/depthai_descriptions
[1.268s] Level 1:colcon.colcon_core.environment:create_environment_scripts_only(depthai_descriptions)
[1.269s] DEBUG:colcon.colcon_core.event_handler.log_command:Invoked command in '/home/ground/ugv_repo/OperationTouchdown/ugv_ws/build/depthai_descriptions' returned '0': CMAKE_PREFIX_PATH=${CMAKE_PREFIX_PATH}:/home/ground/ugv_repo/OperationTouchdown/ugv_ws/install/my_ugv_vision:/home/ground/ugv_repo/OperationTouchdown/ugv_ws/install/my_ugv_hardware:/opt/ros/jazzy DEBUGINFOD_URLS=https://debuginfod.ubuntu.com /usr/bin/cmake --install /home/ground/ugv_repo/OperationTouchdown/ugv_ws/build/depthai_descriptions
[1.275s] Level 1:colcon.colcon_core.environment:checking '/home/ground/ugv_repo/OperationTouchdown/ugv_ws/install/depthai_descriptions' for CMake module files
[1.276s] Level 1:colcon.colcon_core.environment:checking '/home/ground/ugv_repo/OperationTouchdown/ugv_ws/install/depthai_descriptions' for CMake config files
[1.278s] Level 1:colcon.colcon_core.shell:create_environment_hook('depthai_descriptions', 'cmake_prefix_path')
[1.281s] INFO:colcon.colcon_core.shell:Creating environment hook '/home/ground/ugv_repo/OperationTouchdown/ugv_ws/install/depthai_descriptions/share/depthai_descriptions/hook/cmake_prefix_path.ps1'
[1.282s] INFO:colcon.colcon_core.shell:Creating environment descriptor '/home/ground/ugv_repo/OperationTouchdown/ugv_ws/install/depthai_descriptions/share/depthai_descriptions/hook/cmake_prefix_path.dsv'
[1.283s] INFO:colcon.colcon_core.shell:Creating environment hook '/home/ground/ugv_repo/OperationTouchdown/ugv_ws/install/depthai_descriptions/share/depthai_descriptions/hook/cmake_prefix_path.sh'
[1.285s] Level 1:colcon.colcon_core.environment:checking '/home/ground/ugv_repo/OperationTouchdown/ugv_ws/install/depthai_descriptions/bin'
[1.285s] Level 1:colcon.colcon_core.environment:checking '/home/ground/ugv_repo/OperationTouchdown/ugv_ws/install/depthai_descriptions/lib/pkgconfig/depthai_descriptions.pc'
[1.285s] Level 1:colcon.colcon_core.environment:checking '/home/ground/ugv_repo/OperationTouchdown/ugv_ws/install/depthai_descriptions/lib/python3.12/site-packages'
[1.286s] Level 1:colcon.colcon_core.environment:checking '/home/ground/ugv_repo/OperationTouchdown/ugv_ws/install/depthai_descriptions/bin'
[1.286s] INFO:colcon.colcon_core.shell:Creating package script '/home/ground/ugv_repo/OperationTouchdown/ugv_ws/install/depthai_descriptions/share/depthai_descriptions/package.ps1'
[1.287s] INFO:colcon.colcon_core.shell:Creating package descriptor '/home/ground/ugv_repo/OperationTouchdown/ugv_ws/install/depthai_descriptions/share/depthai_descriptions/package.dsv'
[1.288s] INFO:colcon.colcon_core.shell:Creating package script '/home/ground/ugv_repo/OperationTouchdown/ugv_ws/install/depthai_descriptions/share/depthai_descriptions/package.sh'
[1.289s] INFO:colcon.colcon_core.shell:Creating package script '/home/ground/ugv_repo/OperationTouchdown/ugv_ws/install/depthai_descriptions/share/depthai_descriptions/package.bash'
[1.290s] INFO:colcon.colcon_core.shell:Creating package script '/home/ground/ugv_repo/OperationTouchdown/ugv_ws/install/depthai_descriptions/share/depthai_descriptions/package.zsh'
[1.292s] Level 1:colcon.colcon_core.environment:create_file_with_runtime_dependencies(/home/ground/ugv_repo/OperationTouchdown/ugv_ws/install/depthai_descriptions/share/colcon-core/packages/depthai_descriptions)
[1.293s] Level 1:colcon.colcon_core.environment:create_environment_scripts_only(depthai_descriptions)
[1.294s] Level 1:colcon.colcon_core.environment:checking '/home/ground/ugv_repo/OperationTouchdown/ugv_ws/install/depthai_descriptions' for CMake module files
[1.295s] Level 1:colcon.colcon_core.environment:checking '/home/ground/ugv_repo/OperationTouchdown/ugv_ws/install/depthai_descriptions' for CMake config files
[1.296s] Level 1:colcon.colcon_core.shell:create_environment_hook('depthai_descriptions', 'cmake_prefix_path')
[1.296s] INFO:colcon.colcon_core.shell:Creating environment hook '/home/ground/ugv_repo/OperationTouchdown/ugv_ws/install/depthai_descriptions/share/depthai_descriptions/hook/cmake_prefix_path.ps1'
[1.297s] INFO:colcon.colcon_core.shell:Creating environment descriptor '/home/ground/ugv_repo/OperationTouchdown/ugv_ws/install/depthai_descriptions/share/depthai_descriptions/hook/cmake_prefix_path.dsv'
[1.297s] INFO:colcon.colcon_core.shell:Creating environment hook '/home/ground/ugv_repo/OperationTouchdown/ugv_ws/install/depthai_descriptions/share/depthai_descriptions/hook/cmake_prefix_path.sh'
[1.298s] Level 1:colcon.colcon_core.environment:checking '/home/ground/ugv_repo/OperationTouchdown/ugv_ws/install/depthai_descriptions/bin'
[1.298s] Level 1:colcon.colcon_core.environment:checking '/home/ground/ugv_repo/OperationTouchdown/ugv_ws/install/depthai_descriptions/lib/pkgconfig/depthai_descriptions.pc'
[1.299s] Level 1:colcon.colcon_core.environment:checking '/home/ground/ugv_repo/OperationTouchdown/ugv_ws/install/depthai_descriptions/lib/python3.12/site-packages'
[1.299s] Level 1:colcon.colcon_core.environment:checking '/home/ground/ugv_repo/OperationTouchdown/ugv_ws/install/depthai_descriptions/bin'
[1.300s] INFO:colcon.colcon_core.shell:Creating package script '/home/ground/ugv_repo/OperationTouchdown/ugv_ws/install/depthai_descriptions/share/depthai_descriptions/package.ps1'
[1.301s] INFO:colcon.colcon_core.shell:Creating package descriptor '/home/ground/ugv_repo/OperationTouchdown/ugv_ws/install/depthai_descriptions/share/depthai_descriptions/package.dsv'
[1.303s] INFO:colcon.colcon_core.shell:Creating package script '/home/ground/ugv_repo/OperationTouchdown/ugv_ws/install/depthai_descriptions/share/depthai_descriptions/package.sh'
[1.304s] INFO:colcon.colcon_core.shell:Creating package script '/home/ground/ugv_repo/OperationTouchdown/ugv_ws/install/depthai_descriptions/share/depthai_descriptions/package.bash'
[1.305s] INFO:colcon.colcon_core.shell:Creating package script '/home/ground/ugv_repo/OperationTouchdown/ugv_ws/install/depthai_descriptions/share/depthai_descriptions/package.zsh'
[1.306s] Level 1:colcon.colcon_core.environment:create_file_with_runtime_dependencies(/home/ground/ugv_repo/OperationTouchdown/ugv_ws/install/depthai_descriptions/share/colcon-core/packages/depthai_descriptions)
[1.308s] INFO:colcon.colcon_ros.task.ament_python.build:Building ROS package in '/home/ground/ugv_repo/OperationTouchdown/ugv_ws/src/my_ugv_vision' with build type 'ament_python'
[1.308s] Level 1:colcon.colcon_core.shell:create_environment_hook('my_ugv_vision', 'ament_prefix_path')
[1.309s] INFO:colcon.colcon_core.shell:Creating environment hook '/home/ground/ugv_repo/OperationTouchdown/ugv_ws/install/my_ugv_vision/share/my_ugv_vision/hook/ament_prefix_path.ps1'
[1.310s] INFO:colcon.colcon_core.shell:Creating environment descriptor '/home/ground/ugv_repo/OperationTouchdown/ugv_ws/install/my_ugv_vision/share/my_ugv_vision/hook/ament_prefix_path.dsv'
[1.311s] INFO:colcon.colcon_core.shell:Creating environment hook '/home/ground/ugv_repo/OperationTouchdown/ugv_ws/install/my_ugv_vision/share/my_ugv_vision/hook/ament_prefix_path.sh'
[1.312s] INFO:colcon.colcon_core.shell:Skip shell extension 'powershell' for command environment: Not usable outside of PowerShell
[1.312s] DEBUG:colcon.colcon_core.shell:Skip shell extension 'dsv' for command environment
[1.324s] Level 1:colcon.colcon_core.environment:create_environment_scripts_only(my_ugv_description)
[1.325s] Level 1:colcon.colcon_core.environment:checking '/home/ground/ugv_repo/OperationTouchdown/ugv_ws/install/my_ugv_description' for CMake module files
[1.327s] Level 1:colcon.colcon_core.environment:checking '/home/ground/ugv_repo/OperationTouchdown/ugv_ws/install/my_ugv_description' for CMake config files
[1.327s] Level 1:colcon.colcon_core.shell:create_environment_hook('my_ugv_description', 'cmake_prefix_path')
[1.327s] INFO:colcon.colcon_core.shell:Creating environment hook '/home/ground/ugv_repo/OperationTouchdown/ugv_ws/install/my_ugv_description/share/my_ugv_description/hook/cmake_prefix_path.ps1'
[1.328s] INFO:colcon.colcon_core.shell:Creating environment descriptor '/home/ground/ugv_repo/OperationTouchdown/ugv_ws/install/my_ugv_description/share/my_ugv_description/hook/cmake_prefix_path.dsv'
[1.329s] DEBUG:colcon.colcon_core.event_handler.log_command:Invoked command in '/home/ground/ugv_repo/OperationTouchdown/ugv_ws/build/my_ugv_description' returned '0': CMAKE_PREFIX_PATH=${CMAKE_PREFIX_PATH}:/home/ground/ugv_repo/OperationTouchdown/ugv_ws/install/my_ugv_vision:/home/ground/ugv_repo/OperationTouchdown/ugv_ws/install/my_ugv_hardware:/opt/ros/jazzy DEBUGINFOD_URLS=https://debuginfod.ubuntu.com /usr/bin/cmake --install /home/ground/ugv_repo/OperationTouchdown/ugv_ws/build/my_ugv_description
[1.329s] INFO:colcon.colcon_core.shell:Creating environment hook '/home/ground/ugv_repo/OperationTouchdown/ugv_ws/install/my_ugv_description/share/my_ugv_description/hook/cmake_prefix_path.sh'
[1.331s] Level 1:colcon.colcon_core.environment:checking '/home/ground/ugv_repo/OperationTouchdown/ugv_ws/install/my_ugv_description/bin'
[1.331s] Level 1:colcon.colcon_core.environment:checking '/home/ground/ugv_repo/OperationTouchdown/ugv_ws/install/my_ugv_description/lib/pkgconfig/my_ugv_description.pc'
[1.331s] Level 1:colcon.colcon_core.environment:checking '/home/ground/ugv_repo/OperationTouchdown/ugv_ws/install/my_ugv_description/lib/python3.12/site-packages'
[1.332s] Level 1:colcon.colcon_core.environment:checking '/home/ground/ugv_repo/OperationTouchdown/ugv_ws/install/my_ugv_description/bin'
[1.333s] INFO:colcon.colcon_core.shell:Creating package script '/home/ground/ugv_repo/OperationTouchdown/ugv_ws/install/my_ugv_description/share/my_ugv_description/package.ps1'
[1.334s] INFO:colcon.colcon_core.shell:Creating package descriptor '/home/ground/ugv_repo/OperationTouchdown/ugv_ws/install/my_ugv_description/share/my_ugv_description/package.dsv'
[1.335s] INFO:colcon.colcon_core.shell:Creating package script '/home/ground/ugv_repo/OperationTouchdown/ugv_ws/install/my_ugv_description/share/my_ugv_description/package.sh'
[1.335s] INFO:colcon.colcon_core.shell:Creating package script '/home/ground/ugv_repo/OperationTouchdown/ugv_ws/install/my_ugv_description/share/my_ugv_description/package.bash'
[1.336s] INFO:colcon.colcon_core.shell:Creating package script '/home/ground/ugv_repo/OperationTouchdown/ugv_ws/install/my_ugv_description/share/my_ugv_description/package.zsh'
[1.337s] Level 1:colcon.colcon_core.environment:create_file_with_runtime_dependencies(/home/ground/ugv_repo/OperationTouchdown/ugv_ws/install/my_ugv_description/share/colcon-core/packages/my_ugv_description)
[1.338s] Level 1:colcon.colcon_core.environment:create_environment_scripts_only(my_ugv_description)
[1.339s] Level 1:colcon.colcon_core.environment:checking '/home/ground/ugv_repo/OperationTouchdown/ugv_ws/install/my_ugv_description' for CMake module files
[1.339s] Level 1:colcon.colcon_core.environment:checking '/home/ground/ugv_repo/OperationTouchdown/ugv_ws/install/my_ugv_description' for CMake config files
[1.340s] Level 1:colcon.colcon_core.shell:create_environment_hook('my_ugv_description', 'cmake_prefix_path')
[1.340s] INFO:colcon.colcon_core.shell:Creating environment hook '/home/ground/ugv_repo/OperationTouchdown/ugv_ws/install/my_ugv_description/share/my_ugv_description/hook/cmake_prefix_path.ps1'
[1.341s] INFO:colcon.colcon_core.shell:Creating environment descriptor '/home/ground/ugv_repo/OperationTouchdown/ugv_ws/install/my_ugv_description/share/my_ugv_description/hook/cmake_prefix_path.dsv'
[1.345s] INFO:colcon.colcon_core.shell:Creating environment hook '/home/ground/ugv_repo/OperationTouchdown/ugv_ws/install/my_ugv_description/share/my_ugv_description/hook/cmake_prefix_path.sh'
[1.347s] Level 1:colcon.colcon_core.environment:checking '/home/ground/ugv_repo/OperationTouchdown/ugv_ws/install/my_ugv_description/bin'
[1.348s] Level 1:colcon.colcon_core.environment:checking '/home/ground/ugv_repo/OperationTouchdown/ugv_ws/install/my_ugv_description/lib/pkgconfig/my_ugv_description.pc'
[1.348s] Level 1:colcon.colcon_core.environment:checking '/home/ground/ugv_repo/OperationTouchdown/ugv_ws/install/my_ugv_description/lib/python3.12/site-packages'
[1.349s] Level 1:colcon.colcon_core.environment:checking '/home/ground/ugv_repo/OperationTouchdown/ugv_ws/install/my_ugv_description/bin'
[1.350s] INFO:colcon.colcon_core.shell:Creating package script '/home/ground/ugv_repo/OperationTouchdown/ugv_ws/install/my_ugv_description/share/my_ugv_description/package.ps1'
[1.352s] INFO:colcon.colcon_core.shell:Creating package descriptor '/home/ground/ugv_repo/OperationTouchdown/ugv_ws/install/my_ugv_description/share/my_ugv_description/package.dsv'
[1.353s] INFO:colcon.colcon_core.shell:Creating package script '/home/ground/ugv_repo/OperationTouchdown/ugv_ws/install/my_ugv_description/share/my_ugv_description/package.sh'
[1.355s] INFO:colcon.colcon_core.shell:Creating package script '/home/ground/ugv_repo/OperationTouchdown/ugv_ws/install/my_ugv_description/share/my_ugv_description/package.bash'
[1.356s] INFO:colcon.colcon_core.shell:Creating package script '/home/ground/ugv_repo/OperationTouchdown/ugv_ws/install/my_ugv_description/share/my_ugv_description/package.zsh'
[1.359s] Level 1:colcon.colcon_core.environment:create_file_with_runtime_dependencies(/home/ground/ugv_repo/OperationTouchdown/ugv_ws/install/my_ugv_description/share/colcon-core/packages/my_ugv_description)
[1.361s] INFO:colcon.colcon_ros.task.ament_cmake.build:Building ROS package in '/home/ground/ugv_repo/OperationTouchdown/ugv_ws/src/roboteq_ros2_driver' with build type 'ament_cmake'
[1.361s] INFO:colcon.colcon_cmake.task.cmake.build:Building CMake package in '/home/ground/ugv_repo/OperationTouchdown/ugv_ws/src/roboteq_ros2_driver'
[1.361s] INFO:colcon.colcon_core.shell:Skip shell extension 'powershell' for command environment: Not usable outside of PowerShell
[1.361s] DEBUG:colcon.colcon_core.shell:Skip shell extension 'dsv' for command environment
[1.770s] INFO:colcon.colcon_core.task.python.build:Building Python package in '/home/ground/ugv_repo/OperationTouchdown/ugv_ws/src/my_ugv_vision'
[1.771s] INFO:colcon.colcon_core.shell:Skip shell extension 'powershell' for command environment: Not usable outside of PowerShell
[1.771s] DEBUG:colcon.colcon_core.shell:Skip shell extension 'dsv' for command environment
[1.783s] DEBUG:colcon.colcon_core.event_handler.log_command:Invoking command in '/home/ground/ugv_repo/OperationTouchdown/ugv_ws/build/roboteq_ros2_driver': CMAKE_PREFIX_PATH=${CMAKE_PREFIX_PATH}:/home/ground/ugv_repo/OperationTouchdown/ugv_ws/install/my_ugv_vision:/home/ground/ugv_repo/OperationTouchdown/ugv_ws/install/my_ugv_hardware:/opt/ros/jazzy DEBUGINFOD_URLS=https://debuginfod.ubuntu.com /usr/bin/cmake --build /home/ground/ugv_repo/OperationTouchdown/ugv_ws/build/roboteq_ros2_driver -- -j4 -l4
[1.784s] DEBUG:colcon.colcon_core.event_handler.log_command:Invoked command in '/home/ground/ugv_repo/OperationTouchdown/ugv_ws/build/depthai_ros_msgs' returned '0': CMAKE_PREFIX_PATH=${CMAKE_PREFIX_PATH}:/home/ground/ugv_repo/OperationTouchdown/ugv_ws/install/my_ugv_vision:/home/ground/ugv_repo/OperationTouchdown/ugv_ws/install/my_ugv_hardware:/opt/ros/jazzy DEBUGINFOD_URLS=https://debuginfod.ubuntu.com /usr/bin/cmake --build /home/ground/ugv_repo/OperationTouchdown/ugv_ws/build/depthai_ros_msgs -- -j4 -l4
[1.787s] DEBUG:colcon.colcon_core.event_handler.log_command:Invoking command in '/home/ground/ugv_repo/OperationTouchdown/ugv_ws/build/depthai_ros_msgs': CMAKE_PREFIX_PATH=${CMAKE_PREFIX_PATH}:/home/ground/ugv_repo/OperationTouchdown/ugv_ws/install/my_ugv_vision:/home/ground/ugv_repo/OperationTouchdown/ugv_ws/install/my_ugv_hardware:/opt/ros/jazzy DEBUGINFOD_URLS=https://debuginfod.ubuntu.com /usr/bin/cmake --install /home/ground/ugv_repo/OperationTouchdown/ugv_ws/build/depthai_ros_msgs
[1.905s] DEBUG:colcon.colcon_core.event_handler.log_command:Invoked command in '/home/ground/ugv_repo/OperationTouchdown/ugv_ws/build/roboteq_ros2_driver' returned '0': CMAKE_PREFIX_PATH=${CMAKE_PREFIX_PATH}:/home/ground/ugv_repo/OperationTouchdown/ugv_ws/install/my_ugv_vision:/home/ground/ugv_repo/OperationTouchdown/ugv_ws/install/my_ugv_hardware:/opt/ros/jazzy DEBUGINFOD_URLS=https://debuginfod.ubuntu.com /usr/bin/cmake --build /home/ground/ugv_repo/OperationTouchdown/ugv_ws/build/roboteq_ros2_driver -- -j4 -l4
[1.906s] DEBUG:colcon.colcon_core.event_handler.log_command:Invoking command in '/home/ground/ugv_repo/OperationTouchdown/ugv_ws/build/roboteq_ros2_driver': CMAKE_PREFIX_PATH=${CMAKE_PREFIX_PATH}:/home/ground/ugv_repo/OperationTouchdown/ugv_ws/install/my_ugv_vision:/home/ground/ugv_repo/OperationTouchdown/ugv_ws/install/my_ugv_hardware:/opt/ros/jazzy DEBUGINFOD_URLS=https://debuginfod.ubuntu.com /usr/bin/cmake --install /home/ground/ugv_repo/OperationTouchdown/ugv_ws/build/roboteq_ros2_driver
[2.020s] Level 1:colcon.colcon_core.environment:create_environment_scripts_only(roboteq_ros2_driver)
[2.022s] Level 1:colcon.colcon_core.environment:checking '/home/ground/ugv_repo/OperationTouchdown/ugv_ws/install/roboteq_ros2_driver' for CMake module files
[2.023s] Level 1:colcon.colcon_core.environment:checking '/home/ground/ugv_repo/OperationTouchdown/ugv_ws/install/roboteq_ros2_driver' for CMake config files
[2.024s] Level 1:colcon.colcon_core.shell:create_environment_hook('roboteq_ros2_driver', 'cmake_prefix_path')
[2.022s] DEBUG:colcon.colcon_core.event_handler.log_command:Invoked command in '/home/ground/ugv_repo/OperationTouchdown/ugv_ws/build/roboteq_ros2_driver' returned '0': CMAKE_PREFIX_PATH=${CMAKE_PREFIX_PATH}:/home/ground/ugv_repo/OperationTouchdown/ugv_ws/install/my_ugv_vision:/home/ground/ugv_repo/OperationTouchdown/ugv_ws/install/my_ugv_hardware:/opt/ros/jazzy DEBUGINFOD_URLS=https://debuginfod.ubuntu.com /usr/bin/cmake --install /home/ground/ugv_repo/OperationTouchdown/ugv_ws/build/roboteq_ros2_driver
[2.027s] INFO:colcon.colcon_core.shell:Creating environment hook '/home/ground/ugv_repo/OperationTouchdown/ugv_ws/install/roboteq_ros2_driver/share/roboteq_ros2_driver/hook/cmake_prefix_path.ps1'
[2.030s] INFO:colcon.colcon_core.shell:Creating environment descriptor '/home/ground/ugv_repo/OperationTouchdown/ugv_ws/install/roboteq_ros2_driver/share/roboteq_ros2_driver/hook/cmake_prefix_path.dsv'
[2.031s] INFO:colcon.colcon_core.shell:Creating environment hook '/home/ground/ugv_repo/OperationTouchdown/ugv_ws/install/roboteq_ros2_driver/share/roboteq_ros2_driver/hook/cmake_prefix_path.sh'
[2.033s] Level 1:colcon.colcon_core.environment:checking '/home/ground/ugv_repo/OperationTouchdown/ugv_ws/install/roboteq_ros2_driver/lib'
[2.034s] Level 1:colcon.colcon_core.environment:checking '/home/ground/ugv_repo/OperationTouchdown/ugv_ws/install/roboteq_ros2_driver/bin'
[2.034s] Level 1:colcon.colcon_core.environment:checking '/home/ground/ugv_repo/OperationTouchdown/ugv_ws/install/roboteq_ros2_driver/lib/pkgconfig/roboteq_ros2_driver.pc'
[2.035s] Level 1:colcon.colcon_core.environment:checking '/home/ground/ugv_repo/OperationTouchdown/ugv_ws/install/roboteq_ros2_driver/lib/python3.12/site-packages'
[2.036s] Level 1:colcon.colcon_core.environment:checking '/home/ground/ugv_repo/OperationTouchdown/ugv_ws/install/roboteq_ros2_driver/bin'
[2.037s] INFO:colcon.colcon_core.shell:Creating package script '/home/ground/ugv_repo/OperationTouchdown/ugv_ws/install/roboteq_ros2_driver/share/roboteq_ros2_driver/package.ps1'
[2.039s] INFO:colcon.colcon_core.shell:Creating package descriptor '/home/ground/ugv_repo/OperationTouchdown/ugv_ws/install/roboteq_ros2_driver/share/roboteq_ros2_driver/package.dsv'
[2.042s] INFO:colcon.colcon_core.shell:Creating package script '/home/ground/ugv_repo/OperationTouchdown/ugv_ws/install/roboteq_ros2_driver/share/roboteq_ros2_driver/package.sh'
[2.043s] INFO:colcon.colcon_core.shell:Creating package script '/home/ground/ugv_repo/OperationTouchdown/ugv_ws/install/roboteq_ros2_driver/share/roboteq_ros2_driver/package.bash'
[2.044s] INFO:colcon.colcon_core.shell:Creating package script '/home/ground/ugv_repo/OperationTouchdown/ugv_ws/install/roboteq_ros2_driver/share/roboteq_ros2_driver/package.zsh'
[2.045s] Level 1:colcon.colcon_core.environment:create_file_with_runtime_dependencies(/home/ground/ugv_repo/OperationTouchdown/ugv_ws/install/roboteq_ros2_driver/share/colcon-core/packages/roboteq_ros2_driver)
[2.047s] Level 1:colcon.colcon_core.environment:create_environment_scripts_only(roboteq_ros2_driver)
[2.048s] Level 1:colcon.colcon_core.environment:checking '/home/ground/ugv_repo/OperationTouchdown/ugv_ws/install/roboteq_ros2_driver' for CMake module files
[2.049s] Level 1:colcon.colcon_core.environment:checking '/home/ground/ugv_repo/OperationTouchdown/ugv_ws/install/roboteq_ros2_driver' for CMake config files
[2.049s] Level 1:colcon.colcon_core.shell:create_environment_hook('roboteq_ros2_driver', 'cmake_prefix_path')
[2.050s] INFO:colcon.colcon_core.shell:Creating environment hook '/home/ground/ugv_repo/OperationTouchdown/ugv_ws/install/roboteq_ros2_driver/share/roboteq_ros2_driver/hook/cmake_prefix_path.ps1'
[2.052s] INFO:colcon.colcon_core.shell:Creating environment descriptor '/home/ground/ugv_repo/OperationTouchdown/ugv_ws/install/roboteq_ros2_driver/share/roboteq_ros2_driver/hook/cmake_prefix_path.dsv'
[2.054s] INFO:colcon.colcon_core.shell:Creating environment hook '/home/ground/ugv_repo/OperationTouchdown/ugv_ws/install/roboteq_ros2_driver/share/roboteq_ros2_driver/hook/cmake_prefix_path.sh'
[2.056s] Level 1:colcon.colcon_core.environment:checking '/home/ground/ugv_repo/OperationTouchdown/ugv_ws/install/roboteq_ros2_driver/lib'
[2.056s] Level 1:colcon.colcon_core.environment:checking '/home/ground/ugv_repo/OperationTouchdown/ugv_ws/install/roboteq_ros2_driver/bin'
[2.056s] Level 1:colcon.colcon_core.environment:checking '/home/ground/ugv_repo/OperationTouchdown/ugv_ws/install/roboteq_ros2_driver/lib/pkgconfig/roboteq_ros2_driver.pc'
[2.057s] Level 1:colcon.colcon_core.environment:checking '/home/ground/ugv_repo/OperationTouchdown/ugv_ws/install/roboteq_ros2_driver/lib/python3.12/site-packages'
[2.057s] Level 1:colcon.colcon_core.environment:checking '/home/ground/ugv_repo/OperationTouchdown/ugv_ws/install/roboteq_ros2_driver/bin'
[2.058s] INFO:colcon.colcon_core.shell:Creating package script '/home/ground/ugv_repo/OperationTouchdown/ugv_ws/install/roboteq_ros2_driver/share/roboteq_ros2_driver/package.ps1'
[2.060s] INFO:colcon.colcon_core.shell:Creating package descriptor '/home/ground/ugv_repo/OperationTouchdown/ugv_ws/install/roboteq_ros2_driver/share/roboteq_ros2_driver/package.dsv'
[2.062s] INFO:colcon.colcon_core.shell:Creating package script '/home/ground/ugv_repo/OperationTouchdown/ugv_ws/install/roboteq_ros2_driver/share/roboteq_ros2_driver/package.sh'
[2.063s] INFO:colcon.colcon_core.shell:Creating package script '/home/ground/ugv_repo/OperationTouchdown/ugv_ws/install/roboteq_ros2_driver/share/roboteq_ros2_driver/package.bash'
[2.065s] INFO:colcon.colcon_core.shell:Creating package script '/home/ground/ugv_repo/OperationTouchdown/ugv_ws/install/roboteq_ros2_driver/share/roboteq_ros2_driver/package.zsh'
[2.066s] Level 1:colcon.colcon_core.environment:create_file_with_runtime_dependencies(/home/ground/ugv_repo/OperationTouchdown/ugv_ws/install/roboteq_ros2_driver/share/colcon-core/packages/roboteq_ros2_driver)
[2.069s] INFO:colcon.colcon_ros.task.ament_cmake.build:Building ROS package in '/home/ground/ugv_repo/OperationTouchdown/ugv_ws/src/rplidar_ros' with build type 'ament_cmake'
[2.070s] INFO:colcon.colcon_cmake.task.cmake.build:Building CMake package in '/home/ground/ugv_repo/OperationTouchdown/ugv_ws/src/rplidar_ros'
[2.071s] INFO:colcon.colcon_core.shell:Skip shell extension 'powershell' for command environment: Not usable outside of PowerShell
[2.071s] DEBUG:colcon.colcon_core.shell:Skip shell extension 'dsv' for command environment
[2.100s] DEBUG:colcon.colcon_core.event_handler.log_command:Invoking command in '/home/ground/ugv_repo/OperationTouchdown/ugv_ws/build/rplidar_ros': CMAKE_PREFIX_PATH=${CMAKE_PREFIX_PATH}:/home/ground/ugv_repo/OperationTouchdown/ugv_ws/install/my_ugv_vision:/home/ground/ugv_repo/OperationTouchdown/ugv_ws/install/my_ugv_hardware:/opt/ros/jazzy DEBUGINFOD_URLS=https://debuginfod.ubuntu.com /usr/bin/cmake --build /home/ground/ugv_repo/OperationTouchdown/ugv_ws/build/rplidar_ros -- -j4 -l4
[2.103s] Level 1:colcon.colcon_core.environment:create_environment_scripts_only(depthai_ros_msgs)
[2.103s] Level 1:colcon.colcon_core.environment:checking '/home/ground/ugv_repo/OperationTouchdown/ugv_ws/install/depthai_ros_msgs' for CMake module files
[2.104s] Level 1:colcon.colcon_core.environment:checking '/home/ground/ugv_repo/OperationTouchdown/ugv_ws/install/depthai_ros_msgs' for CMake config files
[2.106s] DEBUG:colcon.colcon_core.event_handler.log_command:Invoked command in '/home/ground/ugv_repo/OperationTouchdown/ugv_ws/build/depthai_ros_msgs' returned '0': CMAKE_PREFIX_PATH=${CMAKE_PREFIX_PATH}:/home/ground/ugv_repo/OperationTouchdown/ugv_ws/install/my_ugv_vision:/home/ground/ugv_repo/OperationTouchdown/ugv_ws/install/my_ugv_hardware:/opt/ros/jazzy DEBUGINFOD_URLS=https://debuginfod.ubuntu.com /usr/bin/cmake --install /home/ground/ugv_repo/OperationTouchdown/ugv_ws/build/depthai_ros_msgs
[2.106s] Level 1:colcon.colcon_core.shell:create_environment_hook('depthai_ros_msgs', 'cmake_prefix_path')
[2.107s] INFO:colcon.colcon_core.shell:Creating environment hook '/home/ground/ugv_repo/OperationTouchdown/ugv_ws/install/depthai_ros_msgs/share/depthai_ros_msgs/hook/cmake_prefix_path.ps1'
[2.107s] INFO:colcon.colcon_core.shell:Creating environment descriptor '/home/ground/ugv_repo/OperationTouchdown/ugv_ws/install/depthai_ros_msgs/share/depthai_ros_msgs/hook/cmake_prefix_path.dsv'
[2.108s] INFO:colcon.colcon_core.shell:Creating environment hook '/home/ground/ugv_repo/OperationTouchdown/ugv_ws/install/depthai_ros_msgs/share/depthai_ros_msgs/hook/cmake_prefix_path.sh'
[2.109s] Level 1:colcon.colcon_core.environment:checking '/home/ground/ugv_repo/OperationTouchdown/ugv_ws/install/depthai_ros_msgs/lib'
[2.109s] Level 1:colcon.colcon_core.shell:create_environment_hook('depthai_ros_msgs', 'ld_library_path_lib')
[2.109s] INFO:colcon.colcon_core.shell:Creating environment hook '/home/ground/ugv_repo/OperationTouchdown/ugv_ws/install/depthai_ros_msgs/share/depthai_ros_msgs/hook/ld_library_path_lib.ps1'
[2.110s] INFO:colcon.colcon_core.shell:Creating environment descriptor '/home/ground/ugv_repo/OperationTouchdown/ugv_ws/install/depthai_ros_msgs/share/depthai_ros_msgs/hook/ld_library_path_lib.dsv'
[2.111s] INFO:colcon.colcon_core.shell:Creating environment hook '/home/ground/ugv_repo/OperationTouchdown/ugv_ws/install/depthai_ros_msgs/share/depthai_ros_msgs/hook/ld_library_path_lib.sh'
[2.112s] Level 1:colcon.colcon_core.environment:checking '/home/ground/ugv_repo/OperationTouchdown/ugv_ws/install/depthai_ros_msgs/bin'
[2.112s] Level 1:colcon.colcon_core.environment:checking '/home/ground/ugv_repo/OperationTouchdown/ugv_ws/install/depthai_ros_msgs/lib/pkgconfig/depthai_ros_msgs.pc'
[2.112s] Level 1:colcon.colcon_core.environment:checking '/home/ground/ugv_repo/OperationTouchdown/ugv_ws/install/depthai_ros_msgs/lib/python3.12/site-packages'
[2.113s] Level 1:colcon.colcon_core.shell:create_environment_hook('depthai_ros_msgs', 'pythonpath')
[2.113s] INFO:colcon.colcon_core.shell:Creating environment hook '/home/ground/ugv_repo/OperationTouchdown/ugv_ws/install/depthai_ros_msgs/share/depthai_ros_msgs/hook/pythonpath.ps1'
[2.114s] INFO:colcon.colcon_core.shell:Creating environment descriptor '/home/ground/ugv_repo/OperationTouchdown/ugv_ws/install/depthai_ros_msgs/share/depthai_ros_msgs/hook/pythonpath.dsv'
[2.114s] INFO:colcon.colcon_core.shell:Creating environment hook '/home/ground/ugv_repo/OperationTouchdown/ugv_ws/install/depthai_ros_msgs/share/depthai_ros_msgs/hook/pythonpath.sh'
[2.116s] Level 1:colcon.colcon_core.environment:checking '/home/ground/ugv_repo/OperationTouchdown/ugv_ws/install/depthai_ros_msgs/bin'
[2.117s] INFO:colcon.colcon_core.shell:Creating package script '/home/ground/ugv_repo/OperationTouchdown/ugv_ws/install/depthai_ros_msgs/share/depthai_ros_msgs/package.ps1'
[2.119s] INFO:colcon.colcon_core.shell:Creating package descriptor '/home/ground/ugv_repo/OperationTouchdown/ugv_ws/install/depthai_ros_msgs/share/depthai_ros_msgs/package.dsv'
[2.121s] INFO:colcon.colcon_core.shell:Creating package script '/home/ground/ugv_repo/OperationTouchdown/ugv_ws/install/depthai_ros_msgs/share/depthai_ros_msgs/package.sh'
[2.122s] INFO:colcon.colcon_core.shell:Creating package script '/home/ground/ugv_repo/OperationTouchdown/ugv_ws/install/depthai_ros_msgs/share/depthai_ros_msgs/package.bash'
[2.124s] INFO:colcon.colcon_core.shell:Creating package script '/home/ground/ugv_repo/OperationTouchdown/ugv_ws/install/depthai_ros_msgs/share/depthai_ros_msgs/package.zsh'
[2.125s] Level 1:colcon.colcon_core.environment:create_file_with_runtime_dependencies(/home/ground/ugv_repo/OperationTouchdown/ugv_ws/install/depthai_ros_msgs/share/colcon-core/packages/depthai_ros_msgs)
[2.127s] Level 1:colcon.colcon_core.environment:create_environment_scripts_only(depthai_ros_msgs)
[2.128s] Level 1:colcon.colcon_core.environment:checking '/home/ground/ugv_repo/OperationTouchdown/ugv_ws/install/depthai_ros_msgs' for CMake module files
[2.129s] Level 1:colcon.colcon_core.environment:checking '/home/ground/ugv_repo/OperationTouchdown/ugv_ws/install/depthai_ros_msgs' for CMake config files
[2.130s] Level 1:colcon.colcon_core.shell:create_environment_hook('depthai_ros_msgs', 'cmake_prefix_path')
[2.131s] INFO:colcon.colcon_core.shell:Creating environment hook '/home/ground/ugv_repo/OperationTouchdown/ugv_ws/install/depthai_ros_msgs/share/depthai_ros_msgs/hook/cmake_prefix_path.ps1'
[2.132s] INFO:colcon.colcon_core.shell:Creating environment descriptor '/home/ground/ugv_repo/OperationTouchdown/ugv_ws/install/depthai_ros_msgs/share/depthai_ros_msgs/hook/cmake_prefix_path.dsv'
[2.133s] INFO:colcon.colcon_core.shell:Creating environment hook '/home/ground/ugv_repo/OperationTouchdown/ugv_ws/install/depthai_ros_msgs/share/depthai_ros_msgs/hook/cmake_prefix_path.sh'
[2.135s] Level 1:colcon.colcon_core.environment:checking '/home/ground/ugv_repo/OperationTouchdown/ugv_ws/install/depthai_ros_msgs/lib'
[2.135s] Level 1:colcon.colcon_core.shell:create_environment_hook('depthai_ros_msgs', 'ld_library_path_lib')
[2.136s] INFO:colcon.colcon_core.shell:Creating environment hook '/home/ground/ugv_repo/OperationTouchdown/ugv_ws/install/depthai_ros_msgs/share/depthai_ros_msgs/hook/ld_library_path_lib.ps1'
[2.137s] INFO:colcon.colcon_core.shell:Creating environment descriptor '/home/ground/ugv_repo/OperationTouchdown/ugv_ws/install/depthai_ros_msgs/share/depthai_ros_msgs/hook/ld_library_path_lib.dsv'
[2.138s] INFO:colcon.colcon_core.shell:Creating environment hook '/home/ground/ugv_repo/OperationTouchdown/ugv_ws/install/depthai_ros_msgs/share/depthai_ros_msgs/hook/ld_library_path_lib.sh'
[2.139s] Level 1:colcon.colcon_core.environment:checking '/home/ground/ugv_repo/OperationTouchdown/ugv_ws/install/depthai_ros_msgs/bin'
[2.139s] Level 1:colcon.colcon_core.environment:checking '/home/ground/ugv_repo/OperationTouchdown/ugv_ws/install/depthai_ros_msgs/lib/pkgconfig/depthai_ros_msgs.pc'
[2.140s] Level 1:colcon.colcon_core.environment:checking '/home/ground/ugv_repo/OperationTouchdown/ugv_ws/install/depthai_ros_msgs/lib/python3.12/site-packages'
[2.140s] Level 1:colcon.colcon_core.shell:create_environment_hook('depthai_ros_msgs', 'pythonpath')
[2.140s] INFO:colcon.colcon_core.shell:Creating environment hook '/home/ground/ugv_repo/OperationTouchdown/ugv_ws/install/depthai_ros_msgs/share/depthai_ros_msgs/hook/pythonpath.ps1'
[2.141s] INFO:colcon.colcon_core.shell:Creating environment descriptor '/home/ground/ugv_repo/OperationTouchdown/ugv_ws/install/depthai_ros_msgs/share/depthai_ros_msgs/hook/pythonpath.dsv'
[2.142s] INFO:colcon.colcon_core.shell:Creating environment hook '/home/ground/ugv_repo/OperationTouchdown/ugv_ws/install/depthai_ros_msgs/share/depthai_ros_msgs/hook/pythonpath.sh'
[2.144s] Level 1:colcon.colcon_core.environment:checking '/home/ground/ugv_repo/OperationTouchdown/ugv_ws/install/depthai_ros_msgs/bin'
[2.144s] INFO:colcon.colcon_core.shell:Creating package script '/home/ground/ugv_repo/OperationTouchdown/ugv_ws/install/depthai_ros_msgs/share/depthai_ros_msgs/package.ps1'
[2.146s] INFO:colcon.colcon_core.shell:Creating package descriptor '/home/ground/ugv_repo/OperationTouchdown/ugv_ws/install/depthai_ros_msgs/share/depthai_ros_msgs/package.dsv'
[2.148s] INFO:colcon.colcon_core.shell:Creating package script '/home/ground/ugv_repo/OperationTouchdown/ugv_ws/install/depthai_ros_msgs/share/depthai_ros_msgs/package.sh'
[2.149s] INFO:colcon.colcon_core.shell:Creating package script '/home/ground/ugv_repo/OperationTouchdown/ugv_ws/install/depthai_ros_msgs/share/depthai_ros_msgs/package.bash'
[2.151s] INFO:colcon.colcon_core.shell:Creating package script '/home/ground/ugv_repo/OperationTouchdown/ugv_ws/install/depthai_ros_msgs/share/depthai_ros_msgs/package.zsh'
[2.152s] Level 1:colcon.colcon_core.environment:create_file_with_runtime_dependencies(/home/ground/ugv_repo/OperationTouchdown/ugv_ws/install/depthai_ros_msgs/share/colcon-core/packages/depthai_ros_msgs)
[2.154s] INFO:colcon.colcon_ros.task.ament_cmake.build:Building ROS package in '/home/ground/ugv_repo/OperationTouchdown/ugv_ws/src/depthai-ros/depthai_bridge' with build type 'ament_cmake'
[2.154s] INFO:colcon.colcon_cmake.task.cmake.build:Building CMake package in '/home/ground/ugv_repo/OperationTouchdown/ugv_ws/src/depthai-ros/depthai_bridge'
[2.155s] INFO:colcon.colcon_core.shell:Skip shell extension 'powershell' for command environment: Not usable outside of PowerShell
[2.155s] DEBUG:colcon.colcon_core.shell:Skip shell extension 'dsv' for command environment
[2.184s] DEBUG:colcon.colcon_core.event_handler.log_command:Invoking command in '/home/ground/ugv_repo/OperationTouchdown/ugv_ws/build/depthai_bridge': CMAKE_PREFIX_PATH=/home/ground/ugv_repo/OperationTouchdown/ugv_ws/install/depthai_ros_msgs:/home/ground/ugv_repo/OperationTouchdown/ugv_ws/install/rplidar_ros:/home/ground/ugv_repo/OperationTouchdown/ugv_ws/install/roboteq_ros2_driver:/home/ground/ugv_repo/OperationTouchdown/ugv_ws/install/my_ugv_bringup:/home/ground/ugv_repo/OperationTouchdown/ugv_ws/install/my_ugv_description:/home/ground/ugv_repo/OperationTouchdown/ugv_ws/install/depthai-ros:/home/ground/ugv_repo/OperationTouchdown/ugv_ws/install/depthai_ros_driver:/home/ground/ugv_repo/OperationTouchdown/ugv_ws/install/depthai_filters:/home/ground/ugv_repo/OperationTouchdown/ugv_ws/install/depthai_examples:/home/ground/ugv_repo/OperationTouchdown/ugv_ws/install/depthai_bridge:/home/ground/ugv_repo/OperationTouchdown/ugv_ws/install/depthai_descriptions:/opt/ros/jazzy/opt/gz_sim_vendor:/opt/ros/jazzy/opt/gz_sensors_vendor:/opt/ros/jazzy/opt/gz_physics_vendor:/opt/ros/jazzy/opt/sdformat_vendor:/opt/ros/jazzy/opt/gz_gui_vendor:/opt/ros/jazzy/opt/gz_transport_vendor:/opt/ros/jazzy/opt/gz_rendering_vendor:/opt/ros/jazzy/opt/gz_plugin_vendor:/opt/ros/jazzy/opt/gz_fuel_tools_vendor:/opt/ros/jazzy/opt/gz_msgs_vendor:/opt/ros/jazzy/opt/gz_common_vendor:/opt/ros/jazzy/opt/gz_math_vendor:/opt/ros/jazzy/opt/gz_utils_vendor:/opt/ros/jazzy/opt/gz_tools_vendor:/opt/ros/jazzy/opt/gz_ogre_next_vendor:/opt/ros/jazzy/opt/gz_dartsim_vendor:/opt/ros/jazzy/opt/gz_cmake_vendor:/home/ground/ugv_repo/OperationTouchdown/ugv_ws/install/my_ugv_vision:/home/ground/ugv_repo/OperationTouchdown/ugv_ws/install/my_ugv_hardware:/opt/ros/jazzy DEBUGINFOD_URLS=https://debuginfod.ubuntu.com LD_LIBRARY_PATH=/home/ground/ugv_repo/OperationTouchdown/ugv_ws/install/depthai_ros_msgs/lib:/home/ground/ugv_repo/OperationTouchdown/ugv_ws/install/depthai_ros_driver/lib:/home/ground/ugv_repo/OperationTouchdown/ugv_ws/install/depthai_filters/lib:/home/ground/ugv_repo/OperationTouchdown/ugv_ws/install/depthai_bridge/lib:/opt/ros/jazzy/opt/gz_sim_vendor/lib:/opt/ros/jazzy/opt/gz_sensors_vendor/lib:/opt/ros/jazzy/opt/gz_physics_vendor/lib:/opt/ros/jazzy/opt/sdformat_vendor/lib:/opt/ros/jazzy/opt/rviz_ogre_vendor/lib:/opt/ros/jazzy/lib/aarch64-linux-gnu:/opt/ros/jazzy/opt/gz_gui_vendor/lib:/opt/ros/jazzy/opt/gz_transport_vendor/lib:/opt/ros/jazzy/opt/gz_rendering_vendor/lib:/opt/ros/jazzy/opt/gz_plugin_vendor/lib:/opt/ros/jazzy/opt/gz_fuel_tools_vendor/lib:/opt/ros/jazzy/opt/gz_msgs_vendor/lib:/opt/ros/jazzy/opt/gz_common_vendor/lib:/opt/ros/jazzy/opt/gz_math_vendor/lib:/opt/ros/jazzy/opt/gz_utils_vendor/lib:/opt/ros/jazzy/opt/gz_tools_vendor/lib:/opt/ros/jazzy/opt/gz_ogre_next_vendor/lib:/opt/ros/jazzy/opt/gz_dartsim_vendor/lib:/opt/ros/jazzy/opt/gz_cmake_vendor/lib:/opt/ros/jazzy/lib PYTHONPATH=/home/ground/ugv_repo/OperationTouchdown/ugv_ws/install/depthai_ros_msgs/lib/python3.12/site-packages:/home/ground/ugv_repo/OperationTouchdown/ugv_ws/build/my_ugv_vision:/home/ground/ugv_repo/OperationTouchdown/ugv_ws/install/my_ugv_vision/lib/python3.12/site-packages:/home/ground/ugv_repo/OperationTouchdown/ugv_ws/build/my_ugv_hardware:/home/ground/ugv_repo/OperationTouchdown/ugv_ws/install/my_ugv_hardware/lib/python3.12/site-packages:/home/ground/ugv_repo/OperationTouchdown/ugv_ws/install/depthai_ros_driver/lib/python3.12/site-packages:/opt/ros/jazzy/lib/python3.12/site-packages /usr/bin/cmake --build /home/ground/ugv_repo/OperationTouchdown/ugv_ws/build/depthai_bridge -- -j4 -l4
[2.377s] DEBUG:colcon.colcon_core.event_handler.log_command:Invoked command in '/home/ground/ugv_repo/OperationTouchdown/ugv_ws/build/rplidar_ros' returned '0': CMAKE_PREFIX_PATH=${CMAKE_PREFIX_PATH}:/home/ground/ugv_repo/OperationTouchdown/ugv_ws/install/my_ugv_vision:/home/ground/ugv_repo/OperationTouchdown/ugv_ws/install/my_ugv_hardware:/opt/ros/jazzy DEBUGINFOD_URLS=https://debuginfod.ubuntu.com /usr/bin/cmake --build /home/ground/ugv_repo/OperationTouchdown/ugv_ws/build/rplidar_ros -- -j4 -l4
[2.378s] DEBUG:colcon.colcon_core.event_handler.log_command:Invoking command in '/home/ground/ugv_repo/OperationTouchdown/ugv_ws/build/rplidar_ros': CMAKE_PREFIX_PATH=${CMAKE_PREFIX_PATH}:/home/ground/ugv_repo/OperationTouchdown/ugv_ws/install/my_ugv_vision:/home/ground/ugv_repo/OperationTouchdown/ugv_ws/install/my_ugv_hardware:/opt/ros/jazzy DEBUGINFOD_URLS=https://debuginfod.ubuntu.com /usr/bin/cmake --install /home/ground/ugv_repo/OperationTouchdown/ugv_ws/build/rplidar_ros
[2.436s] DEBUG:colcon.colcon_core.event_handler.log_command:Invoked command in '/home/ground/ugv_repo/OperationTouchdown/ugv_ws/build/depthai_bridge' returned '0': CMAKE_PREFIX_PATH=/home/ground/ugv_repo/OperationTouchdown/ugv_ws/install/depthai_ros_msgs:/home/ground/ugv_repo/OperationTouchdown/ugv_ws/install/rplidar_ros:/home/ground/ugv_repo/OperationTouchdown/ugv_ws/install/roboteq_ros2_driver:/home/ground/ugv_repo/OperationTouchdown/ugv_ws/install/my_ugv_bringup:/home/ground/ugv_repo/OperationTouchdown/ugv_ws/install/my_ugv_description:/home/ground/ugv_repo/OperationTouchdown/ugv_ws/install/depthai-ros:/home/ground/ugv_repo/OperationTouchdown/ugv_ws/install/depthai_ros_driver:/home/ground/ugv_repo/OperationTouchdown/ugv_ws/install/depthai_filters:/home/ground/ugv_repo/OperationTouchdown/ugv_ws/install/depthai_examples:/home/ground/ugv_repo/OperationTouchdown/ugv_ws/install/depthai_bridge:/home/ground/ugv_repo/OperationTouchdown/ugv_ws/install/depthai_descriptions:/opt/ros/jazzy/opt/gz_sim_vendor:/opt/ros/jazzy/opt/gz_sensors_vendor:/opt/ros/jazzy/opt/gz_physics_vendor:/opt/ros/jazzy/opt/sdformat_vendor:/opt/ros/jazzy/opt/gz_gui_vendor:/opt/ros/jazzy/opt/gz_transport_vendor:/opt/ros/jazzy/opt/gz_rendering_vendor:/opt/ros/jazzy/opt/gz_plugin_vendor:/opt/ros/jazzy/opt/gz_fuel_tools_vendor:/opt/ros/jazzy/opt/gz_msgs_vendor:/opt/ros/jazzy/opt/gz_common_vendor:/opt/ros/jazzy/opt/gz_math_vendor:/opt/ros/jazzy/opt/gz_utils_vendor:/opt/ros/jazzy/opt/gz_tools_vendor:/opt/ros/jazzy/opt/gz_ogre_next_vendor:/opt/ros/jazzy/opt/gz_dartsim_vendor:/opt/ros/jazzy/opt/gz_cmake_vendor:/home/ground/ugv_repo/OperationTouchdown/ugv_ws/install/my_ugv_vision:/home/ground/ugv_repo/OperationTouchdown/ugv_ws/install/my_ugv_hardware:/opt/ros/jazzy DEBUGINFOD_URLS=https://debuginfod.ubuntu.com LD_LIBRARY_PATH=/home/ground/ugv_repo/OperationTouchdown/ugv_ws/install/depthai_ros_msgs/lib:/home/ground/ugv_repo/OperationTouchdown/ugv_ws/install/depthai_ros_driver/lib:/home/ground/ugv_repo/OperationTouchdown/ugv_ws/install/depthai_filters/lib:/home/ground/ugv_repo/OperationTouchdown/ugv_ws/install/depthai_bridge/lib:/opt/ros/jazzy/opt/gz_sim_vendor/lib:/opt/ros/jazzy/opt/gz_sensors_vendor/lib:/opt/ros/jazzy/opt/gz_physics_vendor/lib:/opt/ros/jazzy/opt/sdformat_vendor/lib:/opt/ros/jazzy/opt/rviz_ogre_vendor/lib:/opt/ros/jazzy/lib/aarch64-linux-gnu:/opt/ros/jazzy/opt/gz_gui_vendor/lib:/opt/ros/jazzy/opt/gz_transport_vendor/lib:/opt/ros/jazzy/opt/gz_rendering_vendor/lib:/opt/ros/jazzy/opt/gz_plugin_vendor/lib:/opt/ros/jazzy/opt/gz_fuel_tools_vendor/lib:/opt/ros/jazzy/opt/gz_msgs_vendor/lib:/opt/ros/jazzy/opt/gz_common_vendor/lib:/opt/ros/jazzy/opt/gz_math_vendor/lib:/opt/ros/jazzy/opt/gz_utils_vendor/lib:/opt/ros/jazzy/opt/gz_tools_vendor/lib:/opt/ros/jazzy/opt/gz_ogre_next_vendor/lib:/opt/ros/jazzy/opt/gz_dartsim_vendor/lib:/opt/ros/jazzy/opt/gz_cmake_vendor/lib:/opt/ros/jazzy/lib PYTHONPATH=/home/ground/ugv_repo/OperationTouchdown/ugv_ws/install/depthai_ros_msgs/lib/python3.12/site-packages:/home/ground/ugv_repo/OperationTouchdown/ugv_ws/build/my_ugv_vision:/home/ground/ugv_repo/OperationTouchdown/ugv_ws/install/my_ugv_vision/lib/python3.12/site-packages:/home/ground/ugv_repo/OperationTouchdown/ugv_ws/build/my_ugv_hardware:/home/ground/ugv_repo/OperationTouchdown/ugv_ws/install/my_ugv_hardware/lib/python3.12/site-packages:/home/ground/ugv_repo/OperationTouchdown/ugv_ws/install/depthai_ros_driver/lib/python3.12/site-packages:/opt/ros/jazzy/lib/python3.12/site-packages /usr/bin/cmake --build /home/ground/ugv_repo/OperationTouchdown/ugv_ws/build/depthai_bridge -- -j4 -l4
[2.438s] DEBUG:colcon.colcon_core.event_handler.log_command:Invoking command in '/home/ground/ugv_repo/OperationTouchdown/ugv_ws/build/depthai_bridge': CMAKE_PREFIX_PATH=/home/ground/ugv_repo/OperationTouchdown/ugv_ws/install/depthai_ros_msgs:/home/ground/ugv_repo/OperationTouchdown/ugv_ws/install/rplidar_ros:/home/ground/ugv_repo/OperationTouchdown/ugv_ws/install/roboteq_ros2_driver:/home/ground/ugv_repo/OperationTouchdown/ugv_ws/install/my_ugv_bringup:/home/ground/ugv_repo/OperationTouchdown/ugv_ws/install/my_ugv_description:/home/ground/ugv_repo/OperationTouchdown/ugv_ws/install/depthai-ros:/home/ground/ugv_repo/OperationTouchdown/ugv_ws/install/depthai_ros_driver:/home/ground/ugv_repo/OperationTouchdown/ugv_ws/install/depthai_filters:/home/ground/ugv_repo/OperationTouchdown/ugv_ws/install/depthai_examples:/home/ground/ugv_repo/OperationTouchdown/ugv_ws/install/depthai_bridge:/home/ground/ugv_repo/OperationTouchdown/ugv_ws/install/depthai_descriptions:/opt/ros/jazzy/opt/gz_sim_vendor:/opt/ros/jazzy/opt/gz_sensors_vendor:/opt/ros/jazzy/opt/gz_physics_vendor:/opt/ros/jazzy/opt/sdformat_vendor:/opt/ros/jazzy/opt/gz_gui_vendor:/opt/ros/jazzy/opt/gz_transport_vendor:/opt/ros/jazzy/opt/gz_rendering_vendor:/opt/ros/jazzy/opt/gz_plugin_vendor:/opt/ros/jazzy/opt/gz_fuel_tools_vendor:/opt/ros/jazzy/opt/gz_msgs_vendor:/opt/ros/jazzy/opt/gz_common_vendor:/opt/ros/jazzy/opt/gz_math_vendor:/opt/ros/jazzy/opt/gz_utils_vendor:/opt/ros/jazzy/opt/gz_tools_vendor:/opt/ros/jazzy/opt/gz_ogre_next_vendor:/opt/ros/jazzy/opt/gz_dartsim_vendor:/opt/ros/jazzy/opt/gz_cmake_vendor:/home/ground/ugv_repo/OperationTouchdown/ugv_ws/install/my_ugv_vision:/home/ground/ugv_repo/OperationTouchdown/ugv_ws/install/my_ugv_hardware:/opt/ros/jazzy DEBUGINFOD_URLS=https://debuginfod.ubuntu.com LD_LIBRARY_PATH=/home/ground/ugv_repo/OperationTouchdown/ugv_ws/install/depthai_ros_msgs/lib:/home/ground/ugv_repo/OperationTouchdown/ugv_ws/install/depthai_ros_driver/lib:/home/ground/ugv_repo/OperationTouchdown/ugv_ws/install/depthai_filters/lib:/home/ground/ugv_repo/OperationTouchdown/ugv_ws/install/depthai_bridge/lib:/opt/ros/jazzy/opt/gz_sim_vendor/lib:/opt/ros/jazzy/opt/gz_sensors_vendor/lib:/opt/ros/jazzy/opt/gz_physics_vendor/lib:/opt/ros/jazzy/opt/sdformat_vendor/lib:/opt/ros/jazzy/opt/rviz_ogre_vendor/lib:/opt/ros/jazzy/lib/aarch64-linux-gnu:/opt/ros/jazzy/opt/gz_gui_vendor/lib:/opt/ros/jazzy/opt/gz_transport_vendor/lib:/opt/ros/jazzy/opt/gz_rendering_vendor/lib:/opt/ros/jazzy/opt/gz_plugin_vendor/lib:/opt/ros/jazzy/opt/gz_fuel_tools_vendor/lib:/opt/ros/jazzy/opt/gz_msgs_vendor/lib:/opt/ros/jazzy/opt/gz_common_vendor/lib:/opt/ros/jazzy/opt/gz_math_vendor/lib:/opt/ros/jazzy/opt/gz_utils_vendor/lib:/opt/ros/jazzy/opt/gz_tools_vendor/lib:/opt/ros/jazzy/opt/gz_ogre_next_vendor/lib:/opt/ros/jazzy/opt/gz_dartsim_vendor/lib:/opt/ros/jazzy/opt/gz_cmake_vendor/lib:/opt/ros/jazzy/lib PYTHONPATH=/home/ground/ugv_repo/OperationTouchdown/ugv_ws/install/depthai_ros_msgs/lib/python3.12/site-packages:/home/ground/ugv_repo/OperationTouchdown/ugv_ws/build/my_ugv_vision:/home/ground/ugv_repo/OperationTouchdown/ugv_ws/install/my_ugv_vision/lib/python3.12/site-packages:/home/ground/ugv_repo/OperationTouchdown/ugv_ws/build/my_ugv_hardware:/home/ground/ugv_repo/OperationTouchdown/ugv_ws/install/my_ugv_hardware/lib/python3.12/site-packages:/home/ground/ugv_repo/OperationTouchdown/ugv_ws/install/depthai_ros_driver/lib/python3.12/site-packages:/opt/ros/jazzy/lib/python3.12/site-packages /usr/bin/cmake --install /home/ground/ugv_repo/OperationTouchdown/ugv_ws/build/depthai_bridge
[2.456s] Level 1:colcon.colcon_core.environment:create_environment_scripts_only(rplidar_ros)
[2.457s] Level 1:colcon.colcon_core.environment:checking '/home/ground/ugv_repo/OperationTouchdown/ugv_ws/install/rplidar_ros' for CMake module files
[2.456s] DEBUG:colcon.colcon_core.event_handler.log_command:Invoked command in '/home/ground/ugv_repo/OperationTouchdown/ugv_ws/build/rplidar_ros' returned '0': CMAKE_PREFIX_PATH=${CMAKE_PREFIX_PATH}:/home/ground/ugv_repo/OperationTouchdown/ugv_ws/install/my_ugv_vision:/home/ground/ugv_repo/OperationTouchdown/ugv_ws/install/my_ugv_hardware:/opt/ros/jazzy DEBUGINFOD_URLS=https://debuginfod.ubuntu.com /usr/bin/cmake --install /home/ground/ugv_repo/OperationTouchdown/ugv_ws/build/rplidar_ros
[2.459s] Level 1:colcon.colcon_core.environment:checking '/home/ground/ugv_repo/OperationTouchdown/ugv_ws/install/rplidar_ros' for CMake config files
[2.461s] Level 1:colcon.colcon_core.shell:create_environment_hook('rplidar_ros', 'cmake_prefix_path')
[2.462s] INFO:colcon.colcon_core.shell:Creating environment hook '/home/ground/ugv_repo/OperationTouchdown/ugv_ws/install/rplidar_ros/share/rplidar_ros/hook/cmake_prefix_path.ps1'
[2.463s] INFO:colcon.colcon_core.shell:Creating environment descriptor '/home/ground/ugv_repo/OperationTouchdown/ugv_ws/install/rplidar_ros/share/rplidar_ros/hook/cmake_prefix_path.dsv'
[2.465s] INFO:colcon.colcon_core.shell:Creating environment hook '/home/ground/ugv_repo/OperationTouchdown/ugv_ws/install/rplidar_ros/share/rplidar_ros/hook/cmake_prefix_path.sh'
[2.468s] Level 1:colcon.colcon_core.environment:checking '/home/ground/ugv_repo/OperationTouchdown/ugv_ws/install/rplidar_ros/lib'
[2.468s] Level 1:colcon.colcon_core.environment:checking '/home/ground/ugv_repo/OperationTouchdown/ugv_ws/install/rplidar_ros/bin'
[2.469s] Level 1:colcon.colcon_core.environment:checking '/home/ground/ugv_repo/OperationTouchdown/ugv_ws/install/rplidar_ros/lib/pkgconfig/rplidar_ros.pc'
[2.469s] Level 1:colcon.colcon_core.environment:checking '/home/ground/ugv_repo/OperationTouchdown/ugv_ws/install/rplidar_ros/lib/python3.12/site-packages'
[2.470s] Level 1:colcon.colcon_core.environment:checking '/home/ground/ugv_repo/OperationTouchdown/ugv_ws/install/rplidar_ros/bin'
[2.470s] INFO:colcon.colcon_core.shell:Creating package script '/home/ground/ugv_repo/OperationTouchdown/ugv_ws/install/rplidar_ros/share/rplidar_ros/package.ps1'
[2.479s] INFO:colcon.colcon_core.shell:Creating package descriptor '/home/ground/ugv_repo/OperationTouchdown/ugv_ws/install/rplidar_ros/share/rplidar_ros/package.dsv'
[2.484s] INFO:colcon.colcon_core.shell:Creating package script '/home/ground/ugv_repo/OperationTouchdown/ugv_ws/install/rplidar_ros/share/rplidar_ros/package.sh'
[2.487s] INFO:colcon.colcon_core.shell:Creating package script '/home/ground/ugv_repo/OperationTouchdown/ugv_ws/install/rplidar_ros/share/rplidar_ros/package.bash'
[2.490s] INFO:colcon.colcon_core.shell:Creating package script '/home/ground/ugv_repo/OperationTouchdown/ugv_ws/install/rplidar_ros/share/rplidar_ros/package.zsh'
[2.493s] Level 1:colcon.colcon_core.environment:create_file_with_runtime_dependencies(/home/ground/ugv_repo/OperationTouchdown/ugv_ws/install/rplidar_ros/share/colcon-core/packages/rplidar_ros)
[2.495s] Level 1:colcon.colcon_core.environment:create_environment_scripts_only(rplidar_ros)
[2.496s] Level 1:colcon.colcon_core.environment:checking '/home/ground/ugv_repo/OperationTouchdown/ugv_ws/install/rplidar_ros' for CMake module files
[2.497s] Level 1:colcon.colcon_core.environment:checking '/home/ground/ugv_repo/OperationTouchdown/ugv_ws/install/rplidar_ros' for CMake config files
[2.499s] Level 1:colcon.colcon_core.shell:create_environment_hook('rplidar_ros', 'cmake_prefix_path')
[2.500s] INFO:colcon.colcon_core.shell:Creating environment hook '/home/ground/ugv_repo/OperationTouchdown/ugv_ws/install/rplidar_ros/share/rplidar_ros/hook/cmake_prefix_path.ps1'
[2.502s] INFO:colcon.colcon_core.shell:Creating environment descriptor '/home/ground/ugv_repo/OperationTouchdown/ugv_ws/install/rplidar_ros/share/rplidar_ros/hook/cmake_prefix_path.dsv'
[2.504s] INFO:colcon.colcon_core.shell:Creating environment hook '/home/ground/ugv_repo/OperationTouchdown/ugv_ws/install/rplidar_ros/share/rplidar_ros/hook/cmake_prefix_path.sh'
[2.506s] Level 1:colcon.colcon_core.environment:checking '/home/ground/ugv_repo/OperationTouchdown/ugv_ws/install/rplidar_ros/lib'
[2.507s] Level 1:colcon.colcon_core.environment:checking '/home/ground/ugv_repo/OperationTouchdown/ugv_ws/install/rplidar_ros/bin'
[2.507s] Level 1:colcon.colcon_core.environment:checking '/home/ground/ugv_repo/OperationTouchdown/ugv_ws/install/rplidar_ros/lib/pkgconfig/rplidar_ros.pc'
[2.508s] Level 1:colcon.colcon_core.environment:checking '/home/ground/ugv_repo/OperationTouchdown/ugv_ws/install/rplidar_ros/lib/python3.12/site-packages'
[2.510s] Level 1:colcon.colcon_core.environment:checking '/home/ground/ugv_repo/OperationTouchdown/ugv_ws/install/rplidar_ros/bin'
[2.512s] INFO:colcon.colcon_core.shell:Creating package script '/home/ground/ugv_repo/OperationTouchdown/ugv_ws/install/rplidar_ros/share/rplidar_ros/package.ps1'
[2.516s] INFO:colcon.colcon_core.shell:Creating package descriptor '/home/ground/ugv_repo/OperationTouchdown/ugv_ws/install/rplidar_ros/share/rplidar_ros/package.dsv'
[2.518s] INFO:colcon.colcon_core.shell:Creating package script '/home/ground/ugv_repo/OperationTouchdown/ugv_ws/install/rplidar_ros/share/rplidar_ros/package.sh'
[2.521s] INFO:colcon.colcon_core.shell:Creating package script '/home/ground/ugv_repo/OperationTouchdown/ugv_ws/install/rplidar_ros/share/rplidar_ros/package.bash'
[2.522s] INFO:colcon.colcon_core.shell:Creating package script '/home/ground/ugv_repo/OperationTouchdown/ugv_ws/install/rplidar_ros/share/rplidar_ros/package.zsh'
[2.524s] Level 1:colcon.colcon_core.environment:create_file_with_runtime_dependencies(/home/ground/ugv_repo/OperationTouchdown/ugv_ws/install/rplidar_ros/share/colcon-core/packages/rplidar_ros)
[2.526s] INFO:colcon.colcon_ros.task.ament_cmake.build:Building ROS package in '/home/ground/ugv_repo/OperationTouchdown/ugv_ws/src/depthai-ros/depthai_filters' with build type 'ament_cmake'
[2.527s] INFO:colcon.colcon_cmake.task.cmake.build:Building CMake package in '/home/ground/ugv_repo/OperationTouchdown/ugv_ws/src/depthai-ros/depthai_filters'
[2.527s] INFO:colcon.colcon_core.shell:Skip shell extension 'powershell' for command environment: Not usable outside of PowerShell
[2.528s] DEBUG:colcon.colcon_core.shell:Skip shell extension 'dsv' for command environment
[2.540s] Level 1:colcon.colcon_core.environment:create_environment_scripts_only(depthai_bridge)
[2.541s] Level 1:colcon.colcon_core.environment:checking '/home/ground/ugv_repo/OperationTouchdown/ugv_ws/install/depthai_bridge' for CMake module files
[2.541s] DEBUG:colcon.colcon_core.event_handler.log_command:Invoked command in '/home/ground/ugv_repo/OperationTouchdown/ugv_ws/build/depthai_bridge' returned '0': CMAKE_PREFIX_PATH=/home/ground/ugv_repo/OperationTouchdown/ugv_ws/install/depthai_ros_msgs:/home/ground/ugv_repo/OperationTouchdown/ugv_ws/install/rplidar_ros:/home/ground/ugv_repo/OperationTouchdown/ugv_ws/install/roboteq_ros2_driver:/home/ground/ugv_repo/OperationTouchdown/ugv_ws/install/my_ugv_bringup:/home/ground/ugv_repo/OperationTouchdown/ugv_ws/install/my_ugv_description:/home/ground/ugv_repo/OperationTouchdown/ugv_ws/install/depthai-ros:/home/ground/ugv_repo/OperationTouchdown/ugv_ws/install/depthai_ros_driver:/home/ground/ugv_repo/OperationTouchdown/ugv_ws/install/depthai_filters:/home/ground/ugv_repo/OperationTouchdown/ugv_ws/install/depthai_examples:/home/ground/ugv_repo/OperationTouchdown/ugv_ws/install/depthai_bridge:/home/ground/ugv_repo/OperationTouchdown/ugv_ws/install/depthai_descriptions:/opt/ros/jazzy/opt/gz_sim_vendor:/opt/ros/jazzy/opt/gz_sensors_vendor:/opt/ros/jazzy/opt/gz_physics_vendor:/opt/ros/jazzy/opt/sdformat_vendor:/opt/ros/jazzy/opt/gz_gui_vendor:/opt/ros/jazzy/opt/gz_transport_vendor:/opt/ros/jazzy/opt/gz_rendering_vendor:/opt/ros/jazzy/opt/gz_plugin_vendor:/opt/ros/jazzy/opt/gz_fuel_tools_vendor:/opt/ros/jazzy/opt/gz_msgs_vendor:/opt/ros/jazzy/opt/gz_common_vendor:/opt/ros/jazzy/opt/gz_math_vendor:/opt/ros/jazzy/opt/gz_utils_vendor:/opt/ros/jazzy/opt/gz_tools_vendor:/opt/ros/jazzy/opt/gz_ogre_next_vendor:/opt/ros/jazzy/opt/gz_dartsim_vendor:/opt/ros/jazzy/opt/gz_cmake_vendor:/home/ground/ugv_repo/OperationTouchdown/ugv_ws/install/my_ugv_vision:/home/ground/ugv_repo/OperationTouchdown/ugv_ws/install/my_ugv_hardware:/opt/ros/jazzy DEBUGINFOD_URLS=https://debuginfod.ubuntu.com LD_LIBRARY_PATH=/home/ground/ugv_repo/OperationTouchdown/ugv_ws/install/depthai_ros_msgs/lib:/home/ground/ugv_repo/OperationTouchdown/ugv_ws/install/depthai_ros_driver/lib:/home/ground/ugv_repo/OperationTouchdown/ugv_ws/install/depthai_filters/lib:/home/ground/ugv_repo/OperationTouchdown/ugv_ws/install/depthai_bridge/lib:/opt/ros/jazzy/opt/gz_sim_vendor/lib:/opt/ros/jazzy/opt/gz_sensors_vendor/lib:/opt/ros/jazzy/opt/gz_physics_vendor/lib:/opt/ros/jazzy/opt/sdformat_vendor/lib:/opt/ros/jazzy/opt/rviz_ogre_vendor/lib:/opt/ros/jazzy/lib/aarch64-linux-gnu:/opt/ros/jazzy/opt/gz_gui_vendor/lib:/opt/ros/jazzy/opt/gz_transport_vendor/lib:/opt/ros/jazzy/opt/gz_rendering_vendor/lib:/opt/ros/jazzy/opt/gz_plugin_vendor/lib:/opt/ros/jazzy/opt/gz_fuel_tools_vendor/lib:/opt/ros/jazzy/opt/gz_msgs_vendor/lib:/opt/ros/jazzy/opt/gz_common_vendor/lib:/opt/ros/jazzy/opt/gz_math_vendor/lib:/opt/ros/jazzy/opt/gz_utils_vendor/lib:/opt/ros/jazzy/opt/gz_tools_vendor/lib:/opt/ros/jazzy/opt/gz_ogre_next_vendor/lib:/opt/ros/jazzy/opt/gz_dartsim_vendor/lib:/opt/ros/jazzy/opt/gz_cmake_vendor/lib:/opt/ros/jazzy/lib PYTHONPATH=/home/ground/ugv_repo/OperationTouchdown/ugv_ws/install/depthai_ros_msgs/lib/python3.12/site-packages:/home/ground/ugv_repo/OperationTouchdown/ugv_ws/build/my_ugv_vision:/home/ground/ugv_repo/OperationTouchdown/ugv_ws/install/my_ugv_vision/lib/python3.12/site-packages:/home/ground/ugv_repo/OperationTouchdown/ugv_ws/build/my_ugv_hardware:/home/ground/ugv_repo/OperationTouchdown/ugv_ws/install/my_ugv_hardware/lib/python3.12/site-packages:/home/ground/ugv_repo/OperationTouchdown/ugv_ws/install/depthai_ros_driver/lib/python3.12/site-packages:/opt/ros/jazzy/lib/python3.12/site-packages /usr/bin/cmake --install /home/ground/ugv_repo/OperationTouchdown/ugv_ws/build/depthai_bridge
[2.543s] Level 1:colcon.colcon_core.environment:checking '/home/ground/ugv_repo/OperationTouchdown/ugv_ws/install/depthai_bridge' for CMake config files
[2.544s] Level 1:colcon.colcon_core.shell:create_environment_hook('depthai_bridge', 'cmake_prefix_path')
[2.544s] INFO:colcon.colcon_core.shell:Creating environment hook '/home/ground/ugv_repo/OperationTouchdown/ugv_ws/install/depthai_bridge/share/depthai_bridge/hook/cmake_prefix_path.ps1'
[2.546s] INFO:colcon.colcon_core.shell:Creating environment descriptor '/home/ground/ugv_repo/OperationTouchdown/ugv_ws/install/depthai_bridge/share/depthai_bridge/hook/cmake_prefix_path.dsv'
[2.548s] INFO:colcon.colcon_core.shell:Creating environment hook '/home/ground/ugv_repo/OperationTouchdown/ugv_ws/install/depthai_bridge/share/depthai_bridge/hook/cmake_prefix_path.sh'
[2.550s] Level 1:colcon.colcon_core.environment:checking '/home/ground/ugv_repo/OperationTouchdown/ugv_ws/install/depthai_bridge/lib'
[2.550s] Level 1:colcon.colcon_core.shell:create_environment_hook('depthai_bridge', 'ld_library_path_lib')
[2.551s] INFO:colcon.colcon_core.shell:Creating environment hook '/home/ground/ugv_repo/OperationTouchdown/ugv_ws/install/depthai_bridge/share/depthai_bridge/hook/ld_library_path_lib.ps1'
[2.552s] INFO:colcon.colcon_core.shell:Creating environment descriptor '/home/ground/ugv_repo/OperationTouchdown/ugv_ws/install/depthai_bridge/share/depthai_bridge/hook/ld_library_path_lib.dsv'
[2.552s] INFO:colcon.colcon_core.shell:Creating environment hook '/home/ground/ugv_repo/OperationTouchdown/ugv_ws/install/depthai_bridge/share/depthai_bridge/hook/ld_library_path_lib.sh'
[2.553s] Level 1:colcon.colcon_core.environment:checking '/home/ground/ugv_repo/OperationTouchdown/ugv_ws/install/depthai_bridge/bin'
[2.554s] Level 1:colcon.colcon_core.environment:checking '/home/ground/ugv_repo/OperationTouchdown/ugv_ws/install/depthai_bridge/lib/pkgconfig/depthai_bridge.pc'
[2.554s] Level 1:colcon.colcon_core.environment:checking '/home/ground/ugv_repo/OperationTouchdown/ugv_ws/install/depthai_bridge/lib/python3.12/site-packages'
[2.555s] Level 1:colcon.colcon_core.environment:checking '/home/ground/ugv_repo/OperationTouchdown/ugv_ws/install/depthai_bridge/bin'
[2.556s] INFO:colcon.colcon_core.shell:Creating package script '/home/ground/ugv_repo/OperationTouchdown/ugv_ws/install/depthai_bridge/share/depthai_bridge/package.ps1'
[2.557s] INFO:colcon.colcon_core.shell:Creating package descriptor '/home/ground/ugv_repo/OperationTouchdown/ugv_ws/install/depthai_bridge/share/depthai_bridge/package.dsv'
[2.558s] INFO:colcon.colcon_core.shell:Creating package script '/home/ground/ugv_repo/OperationTouchdown/ugv_ws/install/depthai_bridge/share/depthai_bridge/package.sh'
[2.559s] INFO:colcon.colcon_core.shell:Creating package script '/home/ground/ugv_repo/OperationTouchdown/ugv_ws/install/depthai_bridge/share/depthai_bridge/package.bash'
[2.560s] INFO:colcon.colcon_core.shell:Creating package script '/home/ground/ugv_repo/OperationTouchdown/ugv_ws/install/depthai_bridge/share/depthai_bridge/package.zsh'
[2.561s] Level 1:colcon.colcon_core.environment:create_file_with_runtime_dependencies(/home/ground/ugv_repo/OperationTouchdown/ugv_ws/install/depthai_bridge/share/colcon-core/packages/depthai_bridge)
[2.563s] Level 1:colcon.colcon_core.environment:create_environment_scripts_only(depthai_bridge)
[2.563s] Level 1:colcon.colcon_core.environment:checking '/home/ground/ugv_repo/OperationTouchdown/ugv_ws/install/depthai_bridge' for CMake module files
[2.564s] Level 1:colcon.colcon_core.environment:checking '/home/ground/ugv_repo/OperationTouchdown/ugv_ws/install/depthai_bridge' for CMake config files
[2.564s] Level 1:colcon.colcon_core.shell:create_environment_hook('depthai_bridge', 'cmake_prefix_path')
[2.565s] INFO:colcon.colcon_core.shell:Creating environment hook '/home/ground/ugv_repo/OperationTouchdown/ugv_ws/install/depthai_bridge/share/depthai_bridge/hook/cmake_prefix_path.ps1'
[2.566s] INFO:colcon.colcon_core.shell:Creating environment descriptor '/home/ground/ugv_repo/OperationTouchdown/ugv_ws/install/depthai_bridge/share/depthai_bridge/hook/cmake_prefix_path.dsv'
[2.567s] INFO:colcon.colcon_core.shell:Creating environment hook '/home/ground/ugv_repo/OperationTouchdown/ugv_ws/install/depthai_bridge/share/depthai_bridge/hook/cmake_prefix_path.sh'
[2.568s] Level 1:colcon.colcon_core.environment:checking '/home/ground/ugv_repo/OperationTouchdown/ugv_ws/install/depthai_bridge/lib'
[2.568s] Level 1:colcon.colcon_core.shell:create_environment_hook('depthai_bridge', 'ld_library_path_lib')
[2.569s] INFO:colcon.colcon_core.shell:Creating environment hook '/home/ground/ugv_repo/OperationTouchdown/ugv_ws/install/depthai_bridge/share/depthai_bridge/hook/ld_library_path_lib.ps1'
[2.570s] INFO:colcon.colcon_core.shell:Creating environment descriptor '/home/ground/ugv_repo/OperationTouchdown/ugv_ws/install/depthai_bridge/share/depthai_bridge/hook/ld_library_path_lib.dsv'
[2.570s] INFO:colcon.colcon_core.shell:Creating environment hook '/home/ground/ugv_repo/OperationTouchdown/ugv_ws/install/depthai_bridge/share/depthai_bridge/hook/ld_library_path_lib.sh'
[2.571s] Level 1:colcon.colcon_core.environment:checking '/home/ground/ugv_repo/OperationTouchdown/ugv_ws/install/depthai_bridge/bin'
[2.571s] Level 1:colcon.colcon_core.environment:checking '/home/ground/ugv_repo/OperationTouchdown/ugv_ws/install/depthai_bridge/lib/pkgconfig/depthai_bridge.pc'
[2.572s] Level 1:colcon.colcon_core.environment:checking '/home/ground/ugv_repo/OperationTouchdown/ugv_ws/install/depthai_bridge/lib/python3.12/site-packages'
[2.572s] Level 1:colcon.colcon_core.environment:checking '/home/ground/ugv_repo/OperationTouchdown/ugv_ws/install/depthai_bridge/bin'
[2.573s] INFO:colcon.colcon_core.shell:Creating package script '/home/ground/ugv_repo/OperationTouchdown/ugv_ws/install/depthai_bridge/share/depthai_bridge/package.ps1'
[2.574s] INFO:colcon.colcon_core.shell:Creating package descriptor '/home/ground/ugv_repo/OperationTouchdown/ugv_ws/install/depthai_bridge/share/depthai_bridge/package.dsv'
[2.575s] INFO:colcon.colcon_core.shell:Creating package script '/home/ground/ugv_repo/OperationTouchdown/ugv_ws/install/depthai_bridge/share/depthai_bridge/package.sh'
[2.577s] INFO:colcon.colcon_core.shell:Creating package script '/home/ground/ugv_repo/OperationTouchdown/ugv_ws/install/depthai_bridge/share/depthai_bridge/package.bash'
[2.577s] INFO:colcon.colcon_core.shell:Creating package script '/home/ground/ugv_repo/OperationTouchdown/ugv_ws/install/depthai_bridge/share/depthai_bridge/package.zsh'
[2.578s] Level 1:colcon.colcon_core.environment:create_file_with_runtime_dependencies(/home/ground/ugv_repo/OperationTouchdown/ugv_ws/install/depthai_bridge/share/colcon-core/packages/depthai_bridge)
[2.581s] INFO:colcon.colcon_ros.task.ament_cmake.build:Building ROS package in '/home/ground/ugv_repo/OperationTouchdown/ugv_ws/src/depthai-ros/depthai_examples' with build type 'ament_cmake'
[2.581s] INFO:colcon.colcon_cmake.task.cmake.build:Building CMake package in '/home/ground/ugv_repo/OperationTouchdown/ugv_ws/src/depthai-ros/depthai_examples'
[2.582s] INFO:colcon.colcon_core.shell:Skip shell extension 'powershell' for command environment: Not usable outside of PowerShell
[2.582s] DEBUG:colcon.colcon_core.shell:Skip shell extension 'dsv' for command environment
[2.601s] DEBUG:colcon.colcon_core.event_handler.log_command:Invoking command in '/home/ground/ugv_repo/OperationTouchdown/ugv_ws/build/depthai_filters': CMAKE_PREFIX_PATH=/home/ground/ugv_repo/OperationTouchdown/ugv_ws/install/depthai_ros_msgs:/home/ground/ugv_repo/OperationTouchdown/ugv_ws/install/rplidar_ros:/home/ground/ugv_repo/OperationTouchdown/ugv_ws/install/roboteq_ros2_driver:/home/ground/ugv_repo/OperationTouchdown/ugv_ws/install/my_ugv_bringup:/home/ground/ugv_repo/OperationTouchdown/ugv_ws/install/my_ugv_description:/home/ground/ugv_repo/OperationTouchdown/ugv_ws/install/depthai-ros:/home/ground/ugv_repo/OperationTouchdown/ugv_ws/install/depthai_ros_driver:/home/ground/ugv_repo/OperationTouchdown/ugv_ws/install/depthai_filters:/home/ground/ugv_repo/OperationTouchdown/ugv_ws/install/depthai_examples:/home/ground/ugv_repo/OperationTouchdown/ugv_ws/install/depthai_bridge:/home/ground/ugv_repo/OperationTouchdown/ugv_ws/install/depthai_descriptions:/opt/ros/jazzy/opt/gz_sim_vendor:/opt/ros/jazzy/opt/gz_sensors_vendor:/opt/ros/jazzy/opt/gz_physics_vendor:/opt/ros/jazzy/opt/sdformat_vendor:/opt/ros/jazzy/opt/gz_gui_vendor:/opt/ros/jazzy/opt/gz_transport_vendor:/opt/ros/jazzy/opt/gz_rendering_vendor:/opt/ros/jazzy/opt/gz_plugin_vendor:/opt/ros/jazzy/opt/gz_fuel_tools_vendor:/opt/ros/jazzy/opt/gz_msgs_vendor:/opt/ros/jazzy/opt/gz_common_vendor:/opt/ros/jazzy/opt/gz_math_vendor:/opt/ros/jazzy/opt/gz_utils_vendor:/opt/ros/jazzy/opt/gz_tools_vendor:/opt/ros/jazzy/opt/gz_ogre_next_vendor:/opt/ros/jazzy/opt/gz_dartsim_vendor:/opt/ros/jazzy/opt/gz_cmake_vendor:/home/ground/ugv_repo/OperationTouchdown/ugv_ws/install/my_ugv_vision:/home/ground/ugv_repo/OperationTouchdown/ugv_ws/install/my_ugv_hardware:/opt/ros/jazzy DEBUGINFOD_URLS=https://debuginfod.ubuntu.com LD_LIBRARY_PATH=/home/ground/ugv_repo/OperationTouchdown/ugv_ws/install/depthai_ros_msgs/lib:/home/ground/ugv_repo/OperationTouchdown/ugv_ws/install/depthai_ros_driver/lib:/home/ground/ugv_repo/OperationTouchdown/ugv_ws/install/depthai_filters/lib:/home/ground/ugv_repo/OperationTouchdown/ugv_ws/install/depthai_bridge/lib:/opt/ros/jazzy/opt/gz_sim_vendor/lib:/opt/ros/jazzy/opt/gz_sensors_vendor/lib:/opt/ros/jazzy/opt/gz_physics_vendor/lib:/opt/ros/jazzy/opt/sdformat_vendor/lib:/opt/ros/jazzy/opt/rviz_ogre_vendor/lib:/opt/ros/jazzy/lib/aarch64-linux-gnu:/opt/ros/jazzy/opt/gz_gui_vendor/lib:/opt/ros/jazzy/opt/gz_transport_vendor/lib:/opt/ros/jazzy/opt/gz_rendering_vendor/lib:/opt/ros/jazzy/opt/gz_plugin_vendor/lib:/opt/ros/jazzy/opt/gz_fuel_tools_vendor/lib:/opt/ros/jazzy/opt/gz_msgs_vendor/lib:/opt/ros/jazzy/opt/gz_common_vendor/lib:/opt/ros/jazzy/opt/gz_math_vendor/lib:/opt/ros/jazzy/opt/gz_utils_vendor/lib:/opt/ros/jazzy/opt/gz_tools_vendor/lib:/opt/ros/jazzy/opt/gz_ogre_next_vendor/lib:/opt/ros/jazzy/opt/gz_dartsim_vendor/lib:/opt/ros/jazzy/opt/gz_cmake_vendor/lib:/opt/ros/jazzy/lib PYTHONPATH=/home/ground/ugv_repo/OperationTouchdown/ugv_ws/install/depthai_ros_msgs/lib/python3.12/site-packages:/home/ground/ugv_repo/OperationTouchdown/ugv_ws/build/my_ugv_vision:/home/ground/ugv_repo/OperationTouchdown/ugv_ws/install/my_ugv_vision/lib/python3.12/site-packages:/home/ground/ugv_repo/OperationTouchdown/ugv_ws/build/my_ugv_hardware:/home/ground/ugv_repo/OperationTouchdown/ugv_ws/install/my_ugv_hardware/lib/python3.12/site-packages:/home/ground/ugv_repo/OperationTouchdown/ugv_ws/install/depthai_ros_driver/lib/python3.12/site-packages:/opt/ros/jazzy/lib/python3.12/site-packages /usr/bin/cmake --build /home/ground/ugv_repo/OperationTouchdown/ugv_ws/build/depthai_filters -- -j4 -l4
[2.617s] DEBUG:colcon.colcon_core.event_handler.log_command:Invoking command in '/home/ground/ugv_repo/OperationTouchdown/ugv_ws/build/my_ugv_hardware': DEBUGINFOD_URLS=https://debuginfod.ubuntu.com PYTHONPATH=/home/ground/ugv_repo/OperationTouchdown/ugv_ws/build/my_ugv_hardware/prefix_override:/usr/lib/python3/dist-packages/colcon_core/task/python/colcon_distutils_commands:/home/ground/ugv_repo/OperationTouchdown/ugv_ws/install/my_ugv_hardware/lib/python3.12/site-packages:${PYTHONPATH} /usr/bin/python3 -W ignore:setup.py install is deprecated -W ignore:easy_install command is deprecated setup.py develop --editable --build-directory /home/ground/ugv_repo/OperationTouchdown/ugv_ws/build/my_ugv_hardware/build --no-deps symlink_data
[2.624s] DEBUG:colcon.colcon_core.event_handler.log_command:Invoking command in '/home/ground/ugv_repo/OperationTouchdown/ugv_ws/build/depthai_examples': CMAKE_PREFIX_PATH=/home/ground/ugv_repo/OperationTouchdown/ugv_ws/install/depthai_bridge:/home/ground/ugv_repo/OperationTouchdown/ugv_ws/install/depthai_ros_msgs:/home/ground/ugv_repo/OperationTouchdown/ugv_ws/install/depthai_descriptions:/home/ground/ugv_repo/OperationTouchdown/ugv_ws/install/rplidar_ros:/home/ground/ugv_repo/OperationTouchdown/ugv_ws/install/roboteq_ros2_driver:/home/ground/ugv_repo/OperationTouchdown/ugv_ws/install/my_ugv_bringup:/home/ground/ugv_repo/OperationTouchdown/ugv_ws/install/my_ugv_description:/home/ground/ugv_repo/OperationTouchdown/ugv_ws/install/depthai-ros:/home/ground/ugv_repo/OperationTouchdown/ugv_ws/install/depthai_ros_driver:/home/ground/ugv_repo/OperationTouchdown/ugv_ws/install/depthai_filters:/home/ground/ugv_repo/OperationTouchdown/ugv_ws/install/depthai_examples:/opt/ros/jazzy/opt/gz_sim_vendor:/opt/ros/jazzy/opt/gz_sensors_vendor:/opt/ros/jazzy/opt/gz_physics_vendor:/opt/ros/jazzy/opt/sdformat_vendor:/opt/ros/jazzy/opt/gz_gui_vendor:/opt/ros/jazzy/opt/gz_transport_vendor:/opt/ros/jazzy/opt/gz_rendering_vendor:/opt/ros/jazzy/opt/gz_plugin_vendor:/opt/ros/jazzy/opt/gz_fuel_tools_vendor:/opt/ros/jazzy/opt/gz_msgs_vendor:/opt/ros/jazzy/opt/gz_common_vendor:/opt/ros/jazzy/opt/gz_math_vendor:/opt/ros/jazzy/opt/gz_utils_vendor:/opt/ros/jazzy/opt/gz_tools_vendor:/opt/ros/jazzy/opt/gz_ogre_next_vendor:/opt/ros/jazzy/opt/gz_dartsim_vendor:/opt/ros/jazzy/opt/gz_cmake_vendor:/home/ground/ugv_repo/OperationTouchdown/ugv_ws/install/my_ugv_vision:/home/ground/ugv_repo/OperationTouchdown/ugv_ws/install/my_ugv_hardware:/opt/ros/jazzy DEBUGINFOD_URLS=https://debuginfod.ubuntu.com GAZEBO_MODEL_PATH=/home/ground/ugv_repo/OperationTouchdown/ugv_ws/install/depthai_descriptions:${GAZEBO_MODEL_PATH} GAZEBO_RESOURCE_PATH=/home/ground/ugv_repo/OperationTouchdown/ugv_ws/install/depthai_descriptions:${GAZEBO_RESOURCE_PATH} IGN_GAZEBO_MODEL_PATH=/home/ground/ugv_repo/OperationTouchdown/ugv_ws/install/depthai_descriptions:${IGN_GAZEBO_MODEL_PATH} IGN_GAZEBO_RESOURCE_PATH=/home/ground/ugv_repo/OperationTouchdown/ugv_ws/install/depthai_descriptions:${IGN_GAZEBO_RESOURCE_PATH} LD_LIBRARY_PATH=/home/ground/ugv_repo/OperationTouchdown/ugv_ws/install/depthai_bridge/lib:/home/ground/ugv_repo/OperationTouchdown/ugv_ws/install/depthai_ros_msgs/lib:/home/ground/ugv_repo/OperationTouchdown/ugv_ws/install/depthai_ros_driver/lib:/home/ground/ugv_repo/OperationTouchdown/ugv_ws/install/depthai_filters/lib:/opt/ros/jazzy/opt/gz_sim_vendor/lib:/opt/ros/jazzy/opt/gz_sensors_vendor/lib:/opt/ros/jazzy/opt/gz_physics_vendor/lib:/opt/ros/jazzy/opt/sdformat_vendor/lib:/opt/ros/jazzy/opt/rviz_ogre_vendor/lib:/opt/ros/jazzy/lib/aarch64-linux-gnu:/opt/ros/jazzy/opt/gz_gui_vendor/lib:/opt/ros/jazzy/opt/gz_transport_vendor/lib:/opt/ros/jazzy/opt/gz_rendering_vendor/lib:/opt/ros/jazzy/opt/gz_plugin_vendor/lib:/opt/ros/jazzy/opt/gz_fuel_tools_vendor/lib:/opt/ros/jazzy/opt/gz_msgs_vendor/lib:/opt/ros/jazzy/opt/gz_common_vendor/lib:/opt/ros/jazzy/opt/gz_math_vendor/lib:/opt/ros/jazzy/opt/gz_utils_vendor/lib:/opt/ros/jazzy/opt/gz_tools_vendor/lib:/opt/ros/jazzy/opt/gz_ogre_next_vendor/lib:/opt/ros/jazzy/opt/gz_dartsim_vendor/lib:/opt/ros/jazzy/opt/gz_cmake_vendor/lib:/opt/ros/jazzy/lib PYTHONPATH=/home/ground/ugv_repo/OperationTouchdown/ugv_ws/install/depthai_ros_msgs/lib/python3.12/site-packages:/home/ground/ugv_repo/OperationTouchdown/ugv_ws/build/my_ugv_vision:/home/ground/ugv_repo/OperationTouchdown/ugv_ws/install/my_ugv_vision/lib/python3.12/site-packages:/home/ground/ugv_repo/OperationTouchdown/ugv_ws/build/my_ugv_hardware:/home/ground/ugv_repo/OperationTouchdown/ugv_ws/install/my_ugv_hardware/lib/python3.12/site-packages:/home/ground/ugv_repo/OperationTouchdown/ugv_ws/install/depthai_ros_driver/lib/python3.12/site-packages:/opt/ros/jazzy/lib/python3.12/site-packages /usr/bin/cmake --build /home/ground/ugv_repo/OperationTouchdown/ugv_ws/build/depthai_examples -- -j4 -l4
[2.937s] DEBUG:colcon.colcon_core.event_handler.log_command:Invoked command in '/home/ground/ugv_repo/OperationTouchdown/ugv_ws/build/depthai_filters' returned '0': CMAKE_PREFIX_PATH=/home/ground/ugv_repo/OperationTouchdown/ugv_ws/install/depthai_ros_msgs:/home/ground/ugv_repo/OperationTouchdown/ugv_ws/install/rplidar_ros:/home/ground/ugv_repo/OperationTouchdown/ugv_ws/install/roboteq_ros2_driver:/home/ground/ugv_repo/OperationTouchdown/ugv_ws/install/my_ugv_bringup:/home/ground/ugv_repo/OperationTouchdown/ugv_ws/install/my_ugv_description:/home/ground/ugv_repo/OperationTouchdown/ugv_ws/install/depthai-ros:/home/ground/ugv_repo/OperationTouchdown/ugv_ws/install/depthai_ros_driver:/home/ground/ugv_repo/OperationTouchdown/ugv_ws/install/depthai_filters:/home/ground/ugv_repo/OperationTouchdown/ugv_ws/install/depthai_examples:/home/ground/ugv_repo/OperationTouchdown/ugv_ws/install/depthai_bridge:/home/ground/ugv_repo/OperationTouchdown/ugv_ws/install/depthai_descriptions:/opt/ros/jazzy/opt/gz_sim_vendor:/opt/ros/jazzy/opt/gz_sensors_vendor:/opt/ros/jazzy/opt/gz_physics_vendor:/opt/ros/jazzy/opt/sdformat_vendor:/opt/ros/jazzy/opt/gz_gui_vendor:/opt/ros/jazzy/opt/gz_transport_vendor:/opt/ros/jazzy/opt/gz_rendering_vendor:/opt/ros/jazzy/opt/gz_plugin_vendor:/opt/ros/jazzy/opt/gz_fuel_tools_vendor:/opt/ros/jazzy/opt/gz_msgs_vendor:/opt/ros/jazzy/opt/gz_common_vendor:/opt/ros/jazzy/opt/gz_math_vendor:/opt/ros/jazzy/opt/gz_utils_vendor:/opt/ros/jazzy/opt/gz_tools_vendor:/opt/ros/jazzy/opt/gz_ogre_next_vendor:/opt/ros/jazzy/opt/gz_dartsim_vendor:/opt/ros/jazzy/opt/gz_cmake_vendor:/home/ground/ugv_repo/OperationTouchdown/ugv_ws/install/my_ugv_vision:/home/ground/ugv_repo/OperationTouchdown/ugv_ws/install/my_ugv_hardware:/opt/ros/jazzy DEBUGINFOD_URLS=https://debuginfod.ubuntu.com LD_LIBRARY_PATH=/home/ground/ugv_repo/OperationTouchdown/ugv_ws/install/depthai_ros_msgs/lib:/home/ground/ugv_repo/OperationTouchdown/ugv_ws/install/depthai_ros_driver/lib:/home/ground/ugv_repo/OperationTouchdown/ugv_ws/install/depthai_filters/lib:/home/ground/ugv_repo/OperationTouchdown/ugv_ws/install/depthai_bridge/lib:/opt/ros/jazzy/opt/gz_sim_vendor/lib:/opt/ros/jazzy/opt/gz_sensors_vendor/lib:/opt/ros/jazzy/opt/gz_physics_vendor/lib:/opt/ros/jazzy/opt/sdformat_vendor/lib:/opt/ros/jazzy/opt/rviz_ogre_vendor/lib:/opt/ros/jazzy/lib/aarch64-linux-gnu:/opt/ros/jazzy/opt/gz_gui_vendor/lib:/opt/ros/jazzy/opt/gz_transport_vendor/lib:/opt/ros/jazzy/opt/gz_rendering_vendor/lib:/opt/ros/jazzy/opt/gz_plugin_vendor/lib:/opt/ros/jazzy/opt/gz_fuel_tools_vendor/lib:/opt/ros/jazzy/opt/gz_msgs_vendor/lib:/opt/ros/jazzy/opt/gz_common_vendor/lib:/opt/ros/jazzy/opt/gz_math_vendor/lib:/opt/ros/jazzy/opt/gz_utils_vendor/lib:/opt/ros/jazzy/opt/gz_tools_vendor/lib:/opt/ros/jazzy/opt/gz_ogre_next_vendor/lib:/opt/ros/jazzy/opt/gz_dartsim_vendor/lib:/opt/ros/jazzy/opt/gz_cmake_vendor/lib:/opt/ros/jazzy/lib PYTHONPATH=/home/ground/ugv_repo/OperationTouchdown/ugv_ws/install/depthai_ros_msgs/lib/python3.12/site-packages:/home/ground/ugv_repo/OperationTouchdown/ugv_ws/build/my_ugv_vision:/home/ground/ugv_repo/OperationTouchdown/ugv_ws/install/my_ugv_vision/lib/python3.12/site-packages:/home/ground/ugv_repo/OperationTouchdown/ugv_ws/build/my_ugv_hardware:/home/ground/ugv_repo/OperationTouchdown/ugv_ws/install/my_ugv_hardware/lib/python3.12/site-packages:/home/ground/ugv_repo/OperationTouchdown/ugv_ws/install/depthai_ros_driver/lib/python3.12/site-packages:/opt/ros/jazzy/lib/python3.12/site-packages /usr/bin/cmake --build /home/ground/ugv_repo/OperationTouchdown/ugv_ws/build/depthai_filters -- -j4 -l4
[2.938s] DEBUG:colcon.colcon_core.event_handler.log_command:Invoking command in '/home/ground/ugv_repo/OperationTouchdown/ugv_ws/build/depthai_filters': CMAKE_PREFIX_PATH=/home/ground/ugv_repo/OperationTouchdown/ugv_ws/install/depthai_ros_msgs:/home/ground/ugv_repo/OperationTouchdown/ugv_ws/install/rplidar_ros:/home/ground/ugv_repo/OperationTouchdown/ugv_ws/install/roboteq_ros2_driver:/home/ground/ugv_repo/OperationTouchdown/ugv_ws/install/my_ugv_bringup:/home/ground/ugv_repo/OperationTouchdown/ugv_ws/install/my_ugv_description:/home/ground/ugv_repo/OperationTouchdown/ugv_ws/install/depthai-ros:/home/ground/ugv_repo/OperationTouchdown/ugv_ws/install/depthai_ros_driver:/home/ground/ugv_repo/OperationTouchdown/ugv_ws/install/depthai_filters:/home/ground/ugv_repo/OperationTouchdown/ugv_ws/install/depthai_examples:/home/ground/ugv_repo/OperationTouchdown/ugv_ws/install/depthai_bridge:/home/ground/ugv_repo/OperationTouchdown/ugv_ws/install/depthai_descriptions:/opt/ros/jazzy/opt/gz_sim_vendor:/opt/ros/jazzy/opt/gz_sensors_vendor:/opt/ros/jazzy/opt/gz_physics_vendor:/opt/ros/jazzy/opt/sdformat_vendor:/opt/ros/jazzy/opt/gz_gui_vendor:/opt/ros/jazzy/opt/gz_transport_vendor:/opt/ros/jazzy/opt/gz_rendering_vendor:/opt/ros/jazzy/opt/gz_plugin_vendor:/opt/ros/jazzy/opt/gz_fuel_tools_vendor:/opt/ros/jazzy/opt/gz_msgs_vendor:/opt/ros/jazzy/opt/gz_common_vendor:/opt/ros/jazzy/opt/gz_math_vendor:/opt/ros/jazzy/opt/gz_utils_vendor:/opt/ros/jazzy/opt/gz_tools_vendor:/opt/ros/jazzy/opt/gz_ogre_next_vendor:/opt/ros/jazzy/opt/gz_dartsim_vendor:/opt/ros/jazzy/opt/gz_cmake_vendor:/home/ground/ugv_repo/OperationTouchdown/ugv_ws/install/my_ugv_vision:/home/ground/ugv_repo/OperationTouchdown/ugv_ws/install/my_ugv_hardware:/opt/ros/jazzy DEBUGINFOD_URLS=https://debuginfod.ubuntu.com LD_LIBRARY_PATH=/home/ground/ugv_repo/OperationTouchdown/ugv_ws/install/depthai_ros_msgs/lib:/home/ground/ugv_repo/OperationTouchdown/ugv_ws/install/depthai_ros_driver/lib:/home/ground/ugv_repo/OperationTouchdown/ugv_ws/install/depthai_filters/lib:/home/ground/ugv_repo/OperationTouchdown/ugv_ws/install/depthai_bridge/lib:/opt/ros/jazzy/opt/gz_sim_vendor/lib:/opt/ros/jazzy/opt/gz_sensors_vendor/lib:/opt/ros/jazzy/opt/gz_physics_vendor/lib:/opt/ros/jazzy/opt/sdformat_vendor/lib:/opt/ros/jazzy/opt/rviz_ogre_vendor/lib:/opt/ros/jazzy/lib/aarch64-linux-gnu:/opt/ros/jazzy/opt/gz_gui_vendor/lib:/opt/ros/jazzy/opt/gz_transport_vendor/lib:/opt/ros/jazzy/opt/gz_rendering_vendor/lib:/opt/ros/jazzy/opt/gz_plugin_vendor/lib:/opt/ros/jazzy/opt/gz_fuel_tools_vendor/lib:/opt/ros/jazzy/opt/gz_msgs_vendor/lib:/opt/ros/jazzy/opt/gz_common_vendor/lib:/opt/ros/jazzy/opt/gz_math_vendor/lib:/opt/ros/jazzy/opt/gz_utils_vendor/lib:/opt/ros/jazzy/opt/gz_tools_vendor/lib:/opt/ros/jazzy/opt/gz_ogre_next_vendor/lib:/opt/ros/jazzy/opt/gz_dartsim_vendor/lib:/opt/ros/jazzy/opt/gz_cmake_vendor/lib:/opt/ros/jazzy/lib PYTHONPATH=/home/ground/ugv_repo/OperationTouchdown/ugv_ws/install/depthai_ros_msgs/lib/python3.12/site-packages:/home/ground/ugv_repo/OperationTouchdown/ugv_ws/build/my_ugv_vision:/home/ground/ugv_repo/OperationTouchdown/ugv_ws/install/my_ugv_vision/lib/python3.12/site-packages:/home/ground/ugv_repo/OperationTouchdown/ugv_ws/build/my_ugv_hardware:/home/ground/ugv_repo/OperationTouchdown/ugv_ws/install/my_ugv_hardware/lib/python3.12/site-packages:/home/ground/ugv_repo/OperationTouchdown/ugv_ws/install/depthai_ros_driver/lib/python3.12/site-packages:/opt/ros/jazzy/lib/python3.12/site-packages /usr/bin/cmake --install /home/ground/ugv_repo/OperationTouchdown/ugv_ws/build/depthai_filters
[3.043s] Level 1:colcon.colcon_core.environment:create_environment_scripts_only(depthai_filters)
[3.044s] Level 1:colcon.colcon_core.environment:checking '/home/ground/ugv_repo/OperationTouchdown/ugv_ws/install/depthai_filters' for CMake module files
[3.045s] Level 1:colcon.colcon_core.environment:checking '/home/ground/ugv_repo/OperationTouchdown/ugv_ws/install/depthai_filters' for CMake config files
[3.046s] DEBUG:colcon.colcon_core.event_handler.log_command:Invoked command in '/home/ground/ugv_repo/OperationTouchdown/ugv_ws/build/depthai_filters' returned '0': CMAKE_PREFIX_PATH=/home/ground/ugv_repo/OperationTouchdown/ugv_ws/install/depthai_ros_msgs:/home/ground/ugv_repo/OperationTouchdown/ugv_ws/install/rplidar_ros:/home/ground/ugv_repo/OperationTouchdown/ugv_ws/install/roboteq_ros2_driver:/home/ground/ugv_repo/OperationTouchdown/ugv_ws/install/my_ugv_bringup:/home/ground/ugv_repo/OperationTouchdown/ugv_ws/install/my_ugv_description:/home/ground/ugv_repo/OperationTouchdown/ugv_ws/install/depthai-ros:/home/ground/ugv_repo/OperationTouchdown/ugv_ws/install/depthai_ros_driver:/home/ground/ugv_repo/OperationTouchdown/ugv_ws/install/depthai_filters:/home/ground/ugv_repo/OperationTouchdown/ugv_ws/install/depthai_examples:/home/ground/ugv_repo/OperationTouchdown/ugv_ws/install/depthai_bridge:/home/ground/ugv_repo/OperationTouchdown/ugv_ws/install/depthai_descriptions:/opt/ros/jazzy/opt/gz_sim_vendor:/opt/ros/jazzy/opt/gz_sensors_vendor:/opt/ros/jazzy/opt/gz_physics_vendor:/opt/ros/jazzy/opt/sdformat_vendor:/opt/ros/jazzy/opt/gz_gui_vendor:/opt/ros/jazzy/opt/gz_transport_vendor:/opt/ros/jazzy/opt/gz_rendering_vendor:/opt/ros/jazzy/opt/gz_plugin_vendor:/opt/ros/jazzy/opt/gz_fuel_tools_vendor:/opt/ros/jazzy/opt/gz_msgs_vendor:/opt/ros/jazzy/opt/gz_common_vendor:/opt/ros/jazzy/opt/gz_math_vendor:/opt/ros/jazzy/opt/gz_utils_vendor:/opt/ros/jazzy/opt/gz_tools_vendor:/opt/ros/jazzy/opt/gz_ogre_next_vendor:/opt/ros/jazzy/opt/gz_dartsim_vendor:/opt/ros/jazzy/opt/gz_cmake_vendor:/home/ground/ugv_repo/OperationTouchdown/ugv_ws/install/my_ugv_vision:/home/ground/ugv_repo/OperationTouchdown/ugv_ws/install/my_ugv_hardware:/opt/ros/jazzy DEBUGINFOD_URLS=https://debuginfod.ubuntu.com LD_LIBRARY_PATH=/home/ground/ugv_repo/OperationTouchdown/ugv_ws/install/depthai_ros_msgs/lib:/home/ground/ugv_repo/OperationTouchdown/ugv_ws/install/depthai_ros_driver/lib:/home/ground/ugv_repo/OperationTouchdown/ugv_ws/install/depthai_filters/lib:/home/ground/ugv_repo/OperationTouchdown/ugv_ws/install/depthai_bridge/lib:/opt/ros/jazzy/opt/gz_sim_vendor/lib:/opt/ros/jazzy/opt/gz_sensors_vendor/lib:/opt/ros/jazzy/opt/gz_physics_vendor/lib:/opt/ros/jazzy/opt/sdformat_vendor/lib:/opt/ros/jazzy/opt/rviz_ogre_vendor/lib:/opt/ros/jazzy/lib/aarch64-linux-gnu:/opt/ros/jazzy/opt/gz_gui_vendor/lib:/opt/ros/jazzy/opt/gz_transport_vendor/lib:/opt/ros/jazzy/opt/gz_rendering_vendor/lib:/opt/ros/jazzy/opt/gz_plugin_vendor/lib:/opt/ros/jazzy/opt/gz_fuel_tools_vendor/lib:/opt/ros/jazzy/opt/gz_msgs_vendor/lib:/opt/ros/jazzy/opt/gz_common_vendor/lib:/opt/ros/jazzy/opt/gz_math_vendor/lib:/opt/ros/jazzy/opt/gz_utils_vendor/lib:/opt/ros/jazzy/opt/gz_tools_vendor/lib:/opt/ros/jazzy/opt/gz_ogre_next_vendor/lib:/opt/ros/jazzy/opt/gz_dartsim_vendor/lib:/opt/ros/jazzy/opt/gz_cmake_vendor/lib:/opt/ros/jazzy/lib PYTHONPATH=/home/ground/ugv_repo/OperationTouchdown/ugv_ws/install/depthai_ros_msgs/lib/python3.12/site-packages:/home/ground/ugv_repo/OperationTouchdown/ugv_ws/build/my_ugv_vision:/home/ground/ugv_repo/OperationTouchdown/ugv_ws/install/my_ugv_vision/lib/python3.12/site-packages:/home/ground/ugv_repo/OperationTouchdown/ugv_ws/build/my_ugv_hardware:/home/ground/ugv_repo/OperationTouchdown/ugv_ws/install/my_ugv_hardware/lib/python3.12/site-packages:/home/ground/ugv_repo/OperationTouchdown/ugv_ws/install/depthai_ros_driver/lib/python3.12/site-packages:/opt/ros/jazzy/lib/python3.12/site-packages /usr/bin/cmake --install /home/ground/ugv_repo/OperationTouchdown/ugv_ws/build/depthai_filters
[3.050s] Level 1:colcon.colcon_core.shell:create_environment_hook('depthai_filters', 'cmake_prefix_path')
[3.054s] INFO:colcon.colcon_core.shell:Creating environment hook '/home/ground/ugv_repo/OperationTouchdown/ugv_ws/install/depthai_filters/share/depthai_filters/hook/cmake_prefix_path.ps1'
[3.055s] INFO:colcon.colcon_core.shell:Creating environment descriptor '/home/ground/ugv_repo/OperationTouchdown/ugv_ws/install/depthai_filters/share/depthai_filters/hook/cmake_prefix_path.dsv'
[3.058s] INFO:colcon.colcon_core.shell:Creating environment hook '/home/ground/ugv_repo/OperationTouchdown/ugv_ws/install/depthai_filters/share/depthai_filters/hook/cmake_prefix_path.sh'
[3.059s] Level 1:colcon.colcon_core.environment:checking '/home/ground/ugv_repo/OperationTouchdown/ugv_ws/install/depthai_filters/lib'
[3.060s] Level 1:colcon.colcon_core.shell:create_environment_hook('depthai_filters', 'ld_library_path_lib')
[3.061s] INFO:colcon.colcon_core.shell:Creating environment hook '/home/ground/ugv_repo/OperationTouchdown/ugv_ws/install/depthai_filters/share/depthai_filters/hook/ld_library_path_lib.ps1'
[3.065s] INFO:colcon.colcon_core.shell:Creating environment descriptor '/home/ground/ugv_repo/OperationTouchdown/ugv_ws/install/depthai_filters/share/depthai_filters/hook/ld_library_path_lib.dsv'
[3.066s] INFO:colcon.colcon_core.shell:Creating environment hook '/home/ground/ugv_repo/OperationTouchdown/ugv_ws/install/depthai_filters/share/depthai_filters/hook/ld_library_path_lib.sh'
[3.070s] Level 1:colcon.colcon_core.environment:checking '/home/ground/ugv_repo/OperationTouchdown/ugv_ws/install/depthai_filters/bin'
[3.070s] Level 1:colcon.colcon_core.environment:checking '/home/ground/ugv_repo/OperationTouchdown/ugv_ws/install/depthai_filters/lib/pkgconfig/depthai_filters.pc'
[3.071s] Level 1:colcon.colcon_core.environment:checking '/home/ground/ugv_repo/OperationTouchdown/ugv_ws/install/depthai_filters/lib/python3.12/site-packages'
[3.071s] Level 1:colcon.colcon_core.environment:checking '/home/ground/ugv_repo/OperationTouchdown/ugv_ws/install/depthai_filters/bin'
[3.072s] INFO:colcon.colcon_core.shell:Creating package script '/home/ground/ugv_repo/OperationTouchdown/ugv_ws/install/depthai_filters/share/depthai_filters/package.ps1'
[3.073s] INFO:colcon.colcon_core.shell:Creating package descriptor '/home/ground/ugv_repo/OperationTouchdown/ugv_ws/install/depthai_filters/share/depthai_filters/package.dsv'
[3.077s] INFO:colcon.colcon_core.shell:Creating package script '/home/ground/ugv_repo/OperationTouchdown/ugv_ws/install/depthai_filters/share/depthai_filters/package.sh'
[3.079s] INFO:colcon.colcon_core.shell:Creating package script '/home/ground/ugv_repo/OperationTouchdown/ugv_ws/install/depthai_filters/share/depthai_filters/package.bash'
[3.081s] INFO:colcon.colcon_core.shell:Creating package script '/home/ground/ugv_repo/OperationTouchdown/ugv_ws/install/depthai_filters/share/depthai_filters/package.zsh'
[3.082s] Level 1:colcon.colcon_core.environment:create_file_with_runtime_dependencies(/home/ground/ugv_repo/OperationTouchdown/ugv_ws/install/depthai_filters/share/colcon-core/packages/depthai_filters)
[3.084s] Level 1:colcon.colcon_core.environment:create_environment_scripts_only(depthai_filters)
[3.084s] Level 1:colcon.colcon_core.environment:checking '/home/ground/ugv_repo/OperationTouchdown/ugv_ws/install/depthai_filters' for CMake module files
[3.085s] Level 1:colcon.colcon_core.environment:checking '/home/ground/ugv_repo/OperationTouchdown/ugv_ws/install/depthai_filters' for CMake config files
[3.086s] Level 1:colcon.colcon_core.shell:create_environment_hook('depthai_filters', 'cmake_prefix_path')
[3.087s] INFO:colcon.colcon_core.shell:Creating environment hook '/home/ground/ugv_repo/OperationTouchdown/ugv_ws/install/depthai_filters/share/depthai_filters/hook/cmake_prefix_path.ps1'
[3.088s] INFO:colcon.colcon_core.shell:Creating environment descriptor '/home/ground/ugv_repo/OperationTouchdown/ugv_ws/install/depthai_filters/share/depthai_filters/hook/cmake_prefix_path.dsv'
[3.090s] INFO:colcon.colcon_core.shell:Creating environment hook '/home/ground/ugv_repo/OperationTouchdown/ugv_ws/install/depthai_filters/share/depthai_filters/hook/cmake_prefix_path.sh'
[3.092s] Level 1:colcon.colcon_core.environment:checking '/home/ground/ugv_repo/OperationTouchdown/ugv_ws/install/depthai_filters/lib'
[3.092s] Level 1:colcon.colcon_core.shell:create_environment_hook('depthai_filters', 'ld_library_path_lib')
[3.092s] INFO:colcon.colcon_core.shell:Creating environment hook '/home/ground/ugv_repo/OperationTouchdown/ugv_ws/install/depthai_filters/share/depthai_filters/hook/ld_library_path_lib.ps1'
[3.093s] INFO:colcon.colcon_core.shell:Creating environment descriptor '/home/ground/ugv_repo/OperationTouchdown/ugv_ws/install/depthai_filters/share/depthai_filters/hook/ld_library_path_lib.dsv'
[3.094s] INFO:colcon.colcon_core.shell:Creating environment hook '/home/ground/ugv_repo/OperationTouchdown/ugv_ws/install/depthai_filters/share/depthai_filters/hook/ld_library_path_lib.sh'
[3.096s] Level 1:colcon.colcon_core.environment:checking '/home/ground/ugv_repo/OperationTouchdown/ugv_ws/install/depthai_filters/bin'
[3.096s] Level 1:colcon.colcon_core.environment:checking '/home/ground/ugv_repo/OperationTouchdown/ugv_ws/install/depthai_filters/lib/pkgconfig/depthai_filters.pc'
[3.096s] Level 1:colcon.colcon_core.environment:checking '/home/ground/ugv_repo/OperationTouchdown/ugv_ws/install/depthai_filters/lib/python3.12/site-packages'
[3.097s] Level 1:colcon.colcon_core.environment:checking '/home/ground/ugv_repo/OperationTouchdown/ugv_ws/install/depthai_filters/bin'
[3.097s] INFO:colcon.colcon_core.shell:Creating package script '/home/ground/ugv_repo/OperationTouchdown/ugv_ws/install/depthai_filters/share/depthai_filters/package.ps1'
[3.099s] INFO:colcon.colcon_core.shell:Creating package descriptor '/home/ground/ugv_repo/OperationTouchdown/ugv_ws/install/depthai_filters/share/depthai_filters/package.dsv'
[3.100s] INFO:colcon.colcon_core.shell:Creating package script '/home/ground/ugv_repo/OperationTouchdown/ugv_ws/install/depthai_filters/share/depthai_filters/package.sh'
[3.101s] INFO:colcon.colcon_core.shell:Creating package script '/home/ground/ugv_repo/OperationTouchdown/ugv_ws/install/depthai_filters/share/depthai_filters/package.bash'
[3.102s] INFO:colcon.colcon_core.shell:Creating package script '/home/ground/ugv_repo/OperationTouchdown/ugv_ws/install/depthai_filters/share/depthai_filters/package.zsh'
[3.102s] Level 1:colcon.colcon_core.environment:create_file_with_runtime_dependencies(/home/ground/ugv_repo/OperationTouchdown/ugv_ws/install/depthai_filters/share/colcon-core/packages/depthai_filters)
[3.153s] DEBUG:colcon.colcon_core.event_handler.log_command:Invoked command in '/home/ground/ugv_repo/OperationTouchdown/ugv_ws/build/depthai_examples' returned '0': CMAKE_PREFIX_PATH=/home/ground/ugv_repo/OperationTouchdown/ugv_ws/install/depthai_bridge:/home/ground/ugv_repo/OperationTouchdown/ugv_ws/install/depthai_ros_msgs:/home/ground/ugv_repo/OperationTouchdown/ugv_ws/install/depthai_descriptions:/home/ground/ugv_repo/OperationTouchdown/ugv_ws/install/rplidar_ros:/home/ground/ugv_repo/OperationTouchdown/ugv_ws/install/roboteq_ros2_driver:/home/ground/ugv_repo/OperationTouchdown/ugv_ws/install/my_ugv_bringup:/home/ground/ugv_repo/OperationTouchdown/ugv_ws/install/my_ugv_description:/home/ground/ugv_repo/OperationTouchdown/ugv_ws/install/depthai-ros:/home/ground/ugv_repo/OperationTouchdown/ugv_ws/install/depthai_ros_driver:/home/ground/ugv_repo/OperationTouchdown/ugv_ws/install/depthai_filters:/home/ground/ugv_repo/OperationTouchdown/ugv_ws/install/depthai_examples:/opt/ros/jazzy/opt/gz_sim_vendor:/opt/ros/jazzy/opt/gz_sensors_vendor:/opt/ros/jazzy/opt/gz_physics_vendor:/opt/ros/jazzy/opt/sdformat_vendor:/opt/ros/jazzy/opt/gz_gui_vendor:/opt/ros/jazzy/opt/gz_transport_vendor:/opt/ros/jazzy/opt/gz_rendering_vendor:/opt/ros/jazzy/opt/gz_plugin_vendor:/opt/ros/jazzy/opt/gz_fuel_tools_vendor:/opt/ros/jazzy/opt/gz_msgs_vendor:/opt/ros/jazzy/opt/gz_common_vendor:/opt/ros/jazzy/opt/gz_math_vendor:/opt/ros/jazzy/opt/gz_utils_vendor:/opt/ros/jazzy/opt/gz_tools_vendor:/opt/ros/jazzy/opt/gz_ogre_next_vendor:/opt/ros/jazzy/opt/gz_dartsim_vendor:/opt/ros/jazzy/opt/gz_cmake_vendor:/home/ground/ugv_repo/OperationTouchdown/ugv_ws/install/my_ugv_vision:/home/ground/ugv_repo/OperationTouchdown/ugv_ws/install/my_ugv_hardware:/opt/ros/jazzy DEBUGINFOD_URLS=https://debuginfod.ubuntu.com GAZEBO_MODEL_PATH=/home/ground/ugv_repo/OperationTouchdown/ugv_ws/install/depthai_descriptions:${GAZEBO_MODEL_PATH} GAZEBO_RESOURCE_PATH=/home/ground/ugv_repo/OperationTouchdown/ugv_ws/install/depthai_descriptions:${GAZEBO_RESOURCE_PATH} IGN_GAZEBO_MODEL_PATH=/home/ground/ugv_repo/OperationTouchdown/ugv_ws/install/depthai_descriptions:${IGN_GAZEBO_MODEL_PATH} IGN_GAZEBO_RESOURCE_PATH=/home/ground/ugv_repo/OperationTouchdown/ugv_ws/install/depthai_descriptions:${IGN_GAZEBO_RESOURCE_PATH} LD_LIBRARY_PATH=/home/ground/ugv_repo/OperationTouchdown/ugv_ws/install/depthai_bridge/lib:/home/ground/ugv_repo/OperationTouchdown/ugv_ws/install/depthai_ros_msgs/lib:/home/ground/ugv_repo/OperationTouchdown/ugv_ws/install/depthai_ros_driver/lib:/home/ground/ugv_repo/OperationTouchdown/ugv_ws/install/depthai_filters/lib:/opt/ros/jazzy/opt/gz_sim_vendor/lib:/opt/ros/jazzy/opt/gz_sensors_vendor/lib:/opt/ros/jazzy/opt/gz_physics_vendor/lib:/opt/ros/jazzy/opt/sdformat_vendor/lib:/opt/ros/jazzy/opt/rviz_ogre_vendor/lib:/opt/ros/jazzy/lib/aarch64-linux-gnu:/opt/ros/jazzy/opt/gz_gui_vendor/lib:/opt/ros/jazzy/opt/gz_transport_vendor/lib:/opt/ros/jazzy/opt/gz_rendering_vendor/lib:/opt/ros/jazzy/opt/gz_plugin_vendor/lib:/opt/ros/jazzy/opt/gz_fuel_tools_vendor/lib:/opt/ros/jazzy/opt/gz_msgs_vendor/lib:/opt/ros/jazzy/opt/gz_common_vendor/lib:/opt/ros/jazzy/opt/gz_math_vendor/lib:/opt/ros/jazzy/opt/gz_utils_vendor/lib:/opt/ros/jazzy/opt/gz_tools_vendor/lib:/opt/ros/jazzy/opt/gz_ogre_next_vendor/lib:/opt/ros/jazzy/opt/gz_dartsim_vendor/lib:/opt/ros/jazzy/opt/gz_cmake_vendor/lib:/opt/ros/jazzy/lib PYTHONPATH=/home/ground/ugv_repo/OperationTouchdown/ugv_ws/install/depthai_ros_msgs/lib/python3.12/site-packages:/home/ground/ugv_repo/OperationTouchdown/ugv_ws/build/my_ugv_vision:/home/ground/ugv_repo/OperationTouchdown/ugv_ws/install/my_ugv_vision/lib/python3.12/site-packages:/home/ground/ugv_repo/OperationTouchdown/ugv_ws/build/my_ugv_hardware:/home/ground/ugv_repo/OperationTouchdown/ugv_ws/install/my_ugv_hardware/lib/python3.12/site-packages:/home/ground/ugv_repo/OperationTouchdown/ugv_ws/install/depthai_ros_driver/lib/python3.12/site-packages:/opt/ros/jazzy/lib/python3.12/site-packages /usr/bin/cmake --build /home/ground/ugv_repo/OperationTouchdown/ugv_ws/build/depthai_examples -- -j4 -l4
[3.155s] DEBUG:colcon.colcon_core.event_handler.log_command:Invoking command in '/home/ground/ugv_repo/OperationTouchdown/ugv_ws/build/depthai_examples': CMAKE_PREFIX_PATH=/home/ground/ugv_repo/OperationTouchdown/ugv_ws/install/depthai_bridge:/home/ground/ugv_repo/OperationTouchdown/ugv_ws/install/depthai_ros_msgs:/home/ground/ugv_repo/OperationTouchdown/ugv_ws/install/depthai_descriptions:/home/ground/ugv_repo/OperationTouchdown/ugv_ws/install/rplidar_ros:/home/ground/ugv_repo/OperationTouchdown/ugv_ws/install/roboteq_ros2_driver:/home/ground/ugv_repo/OperationTouchdown/ugv_ws/install/my_ugv_bringup:/home/ground/ugv_repo/OperationTouchdown/ugv_ws/install/my_ugv_description:/home/ground/ugv_repo/OperationTouchdown/ugv_ws/install/depthai-ros:/home/ground/ugv_repo/OperationTouchdown/ugv_ws/install/depthai_ros_driver:/home/ground/ugv_repo/OperationTouchdown/ugv_ws/install/depthai_filters:/home/ground/ugv_repo/OperationTouchdown/ugv_ws/install/depthai_examples:/opt/ros/jazzy/opt/gz_sim_vendor:/opt/ros/jazzy/opt/gz_sensors_vendor:/opt/ros/jazzy/opt/gz_physics_vendor:/opt/ros/jazzy/opt/sdformat_vendor:/opt/ros/jazzy/opt/gz_gui_vendor:/opt/ros/jazzy/opt/gz_transport_vendor:/opt/ros/jazzy/opt/gz_rendering_vendor:/opt/ros/jazzy/opt/gz_plugin_vendor:/opt/ros/jazzy/opt/gz_fuel_tools_vendor:/opt/ros/jazzy/opt/gz_msgs_vendor:/opt/ros/jazzy/opt/gz_common_vendor:/opt/ros/jazzy/opt/gz_math_vendor:/opt/ros/jazzy/opt/gz_utils_vendor:/opt/ros/jazzy/opt/gz_tools_vendor:/opt/ros/jazzy/opt/gz_ogre_next_vendor:/opt/ros/jazzy/opt/gz_dartsim_vendor:/opt/ros/jazzy/opt/gz_cmake_vendor:/home/ground/ugv_repo/OperationTouchdown/ugv_ws/install/my_ugv_vision:/home/ground/ugv_repo/OperationTouchdown/ugv_ws/install/my_ugv_hardware:/opt/ros/jazzy DEBUGINFOD_URLS=https://debuginfod.ubuntu.com GAZEBO_MODEL_PATH=/home/ground/ugv_repo/OperationTouchdown/ugv_ws/install/depthai_descriptions:${GAZEBO_MODEL_PATH} GAZEBO_RESOURCE_PATH=/home/ground/ugv_repo/OperationTouchdown/ugv_ws/install/depthai_descriptions:${GAZEBO_RESOURCE_PATH} IGN_GAZEBO_MODEL_PATH=/home/ground/ugv_repo/OperationTouchdown/ugv_ws/install/depthai_descriptions:${IGN_GAZEBO_MODEL_PATH} IGN_GAZEBO_RESOURCE_PATH=/home/ground/ugv_repo/OperationTouchdown/ugv_ws/install/depthai_descriptions:${IGN_GAZEBO_RESOURCE_PATH} LD_LIBRARY_PATH=/home/ground/ugv_repo/OperationTouchdown/ugv_ws/install/depthai_bridge/lib:/home/ground/ugv_repo/OperationTouchdown/ugv_ws/install/depthai_ros_msgs/lib:/home/ground/ugv_repo/OperationTouchdown/ugv_ws/install/depthai_ros_driver/lib:/home/ground/ugv_repo/OperationTouchdown/ugv_ws/install/depthai_filters/lib:/opt/ros/jazzy/opt/gz_sim_vendor/lib:/opt/ros/jazzy/opt/gz_sensors_vendor/lib:/opt/ros/jazzy/opt/gz_physics_vendor/lib:/opt/ros/jazzy/opt/sdformat_vendor/lib:/opt/ros/jazzy/opt/rviz_ogre_vendor/lib:/opt/ros/jazzy/lib/aarch64-linux-gnu:/opt/ros/jazzy/opt/gz_gui_vendor/lib:/opt/ros/jazzy/opt/gz_transport_vendor/lib:/opt/ros/jazzy/opt/gz_rendering_vendor/lib:/opt/ros/jazzy/opt/gz_plugin_vendor/lib:/opt/ros/jazzy/opt/gz_fuel_tools_vendor/lib:/opt/ros/jazzy/opt/gz_msgs_vendor/lib:/opt/ros/jazzy/opt/gz_common_vendor/lib:/opt/ros/jazzy/opt/gz_math_vendor/lib:/opt/ros/jazzy/opt/gz_utils_vendor/lib:/opt/ros/jazzy/opt/gz_tools_vendor/lib:/opt/ros/jazzy/opt/gz_ogre_next_vendor/lib:/opt/ros/jazzy/opt/gz_dartsim_vendor/lib:/opt/ros/jazzy/opt/gz_cmake_vendor/lib:/opt/ros/jazzy/lib PYTHONPATH=/home/ground/ugv_repo/OperationTouchdown/ugv_ws/install/depthai_ros_msgs/lib/python3.12/site-packages:/home/ground/ugv_repo/OperationTouchdown/ugv_ws/build/my_ugv_vision:/home/ground/ugv_repo/OperationTouchdown/ugv_ws/install/my_ugv_vision/lib/python3.12/site-packages:/home/ground/ugv_repo/OperationTouchdown/ugv_ws/build/my_ugv_hardware:/home/ground/ugv_repo/OperationTouchdown/ugv_ws/install/my_ugv_hardware/lib/python3.12/site-packages:/home/ground/ugv_repo/OperationTouchdown/ugv_ws/install/depthai_ros_driver/lib/python3.12/site-packages:/opt/ros/jazzy/lib/python3.12/site-packages /usr/bin/cmake --install /home/ground/ugv_repo/OperationTouchdown/ugv_ws/build/depthai_examples
[3.220s] Level 1:colcon.colcon_core.environment:create_environment_scripts_only(depthai_examples)
[3.220s] Level 1:colcon.colcon_core.environment:checking '/home/ground/ugv_repo/OperationTouchdown/ugv_ws/install/depthai_examples' for CMake module files
[3.222s] DEBUG:colcon.colcon_core.event_handler.log_command:Invoked command in '/home/ground/ugv_repo/OperationTouchdown/ugv_ws/build/depthai_examples' returned '0': CMAKE_PREFIX_PATH=/home/ground/ugv_repo/OperationTouchdown/ugv_ws/install/depthai_bridge:/home/ground/ugv_repo/OperationTouchdown/ugv_ws/install/depthai_ros_msgs:/home/ground/ugv_repo/OperationTouchdown/ugv_ws/install/depthai_descriptions:/home/ground/ugv_repo/OperationTouchdown/ugv_ws/install/rplidar_ros:/home/ground/ugv_repo/OperationTouchdown/ugv_ws/install/roboteq_ros2_driver:/home/ground/ugv_repo/OperationTouchdown/ugv_ws/install/my_ugv_bringup:/home/ground/ugv_repo/OperationTouchdown/ugv_ws/install/my_ugv_description:/home/ground/ugv_repo/OperationTouchdown/ugv_ws/install/depthai-ros:/home/ground/ugv_repo/OperationTouchdown/ugv_ws/install/depthai_ros_driver:/home/ground/ugv_repo/OperationTouchdown/ugv_ws/install/depthai_filters:/home/ground/ugv_repo/OperationTouchdown/ugv_ws/install/depthai_examples:/opt/ros/jazzy/opt/gz_sim_vendor:/opt/ros/jazzy/opt/gz_sensors_vendor:/opt/ros/jazzy/opt/gz_physics_vendor:/opt/ros/jazzy/opt/sdformat_vendor:/opt/ros/jazzy/opt/gz_gui_vendor:/opt/ros/jazzy/opt/gz_transport_vendor:/opt/ros/jazzy/opt/gz_rendering_vendor:/opt/ros/jazzy/opt/gz_plugin_vendor:/opt/ros/jazzy/opt/gz_fuel_tools_vendor:/opt/ros/jazzy/opt/gz_msgs_vendor:/opt/ros/jazzy/opt/gz_common_vendor:/opt/ros/jazzy/opt/gz_math_vendor:/opt/ros/jazzy/opt/gz_utils_vendor:/opt/ros/jazzy/opt/gz_tools_vendor:/opt/ros/jazzy/opt/gz_ogre_next_vendor:/opt/ros/jazzy/opt/gz_dartsim_vendor:/opt/ros/jazzy/opt/gz_cmake_vendor:/home/ground/ugv_repo/OperationTouchdown/ugv_ws/install/my_ugv_vision:/home/ground/ugv_repo/OperationTouchdown/ugv_ws/install/my_ugv_hardware:/opt/ros/jazzy DEBUGINFOD_URLS=https://debuginfod.ubuntu.com GAZEBO_MODEL_PATH=/home/ground/ugv_repo/OperationTouchdown/ugv_ws/install/depthai_descriptions:${GAZEBO_MODEL_PATH} GAZEBO_RESOURCE_PATH=/home/ground/ugv_repo/OperationTouchdown/ugv_ws/install/depthai_descriptions:${GAZEBO_RESOURCE_PATH} IGN_GAZEBO_MODEL_PATH=/home/ground/ugv_repo/OperationTouchdown/ugv_ws/install/depthai_descriptions:${IGN_GAZEBO_MODEL_PATH} IGN_GAZEBO_RESOURCE_PATH=/home/ground/ugv_repo/OperationTouchdown/ugv_ws/install/depthai_descriptions:${IGN_GAZEBO_RESOURCE_PATH} LD_LIBRARY_PATH=/home/ground/ugv_repo/OperationTouchdown/ugv_ws/install/depthai_bridge/lib:/home/ground/ugv_repo/OperationTouchdown/ugv_ws/install/depthai_ros_msgs/lib:/home/ground/ugv_repo/OperationTouchdown/ugv_ws/install/depthai_ros_driver/lib:/home/ground/ugv_repo/OperationTouchdown/ugv_ws/install/depthai_filters/lib:/opt/ros/jazzy/opt/gz_sim_vendor/lib:/opt/ros/jazzy/opt/gz_sensors_vendor/lib:/opt/ros/jazzy/opt/gz_physics_vendor/lib:/opt/ros/jazzy/opt/sdformat_vendor/lib:/opt/ros/jazzy/opt/rviz_ogre_vendor/lib:/opt/ros/jazzy/lib/aarch64-linux-gnu:/opt/ros/jazzy/opt/gz_gui_vendor/lib:/opt/ros/jazzy/opt/gz_transport_vendor/lib:/opt/ros/jazzy/opt/gz_rendering_vendor/lib:/opt/ros/jazzy/opt/gz_plugin_vendor/lib:/opt/ros/jazzy/opt/gz_fuel_tools_vendor/lib:/opt/ros/jazzy/opt/gz_msgs_vendor/lib:/opt/ros/jazzy/opt/gz_common_vendor/lib:/opt/ros/jazzy/opt/gz_math_vendor/lib:/opt/ros/jazzy/opt/gz_utils_vendor/lib:/opt/ros/jazzy/opt/gz_tools_vendor/lib:/opt/ros/jazzy/opt/gz_ogre_next_vendor/lib:/opt/ros/jazzy/opt/gz_dartsim_vendor/lib:/opt/ros/jazzy/opt/gz_cmake_vendor/lib:/opt/ros/jazzy/lib PYTHONPATH=/home/ground/ugv_repo/OperationTouchdown/ugv_ws/install/depthai_ros_msgs/lib/python3.12/site-packages:/home/ground/ugv_repo/OperationTouchdown/ugv_ws/build/my_ugv_vision:/home/ground/ugv_repo/OperationTouchdown/ugv_ws/install/my_ugv_vision/lib/python3.12/site-packages:/home/ground/ugv_repo/OperationTouchdown/ugv_ws/build/my_ugv_hardware:/home/ground/ugv_repo/OperationTouchdown/ugv_ws/install/my_ugv_hardware/lib/python3.12/site-packages:/home/ground/ugv_repo/OperationTouchdown/ugv_ws/install/depthai_ros_driver/lib/python3.12/site-packages:/opt/ros/jazzy/lib/python3.12/site-packages /usr/bin/cmake --install /home/ground/ugv_repo/OperationTouchdown/ugv_ws/build/depthai_examples
[3.222s] Level 1:colcon.colcon_core.environment:checking '/home/ground/ugv_repo/OperationTouchdown/ugv_ws/install/depthai_examples' for CMake config files
[3.223s] Level 1:colcon.colcon_core.shell:create_environment_hook('depthai_examples', 'cmake_prefix_path')
[3.224s] INFO:colcon.colcon_core.shell:Creating environment hook '/home/ground/ugv_repo/OperationTouchdown/ugv_ws/install/depthai_examples/share/depthai_examples/hook/cmake_prefix_path.ps1'
[3.225s] INFO:colcon.colcon_core.shell:Creating environment descriptor '/home/ground/ugv_repo/OperationTouchdown/ugv_ws/install/depthai_examples/share/depthai_examples/hook/cmake_prefix_path.dsv'
[3.227s] INFO:colcon.colcon_core.shell:Creating environment hook '/home/ground/ugv_repo/OperationTouchdown/ugv_ws/install/depthai_examples/share/depthai_examples/hook/cmake_prefix_path.sh'
[3.229s] Level 1:colcon.colcon_core.environment:checking '/home/ground/ugv_repo/OperationTouchdown/ugv_ws/install/depthai_examples/lib'
[3.229s] Level 1:colcon.colcon_core.environment:checking '/home/ground/ugv_repo/OperationTouchdown/ugv_ws/install/depthai_examples/bin'
[3.230s] Level 1:colcon.colcon_core.environment:checking '/home/ground/ugv_repo/OperationTouchdown/ugv_ws/install/depthai_examples/lib/pkgconfig/depthai_examples.pc'
[3.231s] Level 1:colcon.colcon_core.environment:checking '/home/ground/ugv_repo/OperationTouchdown/ugv_ws/install/depthai_examples/lib/python3.12/site-packages'
[3.232s] Level 1:colcon.colcon_core.environment:checking '/home/ground/ugv_repo/OperationTouchdown/ugv_ws/install/depthai_examples/bin'
[3.232s] INFO:colcon.colcon_core.shell:Creating package script '/home/ground/ugv_repo/OperationTouchdown/ugv_ws/install/depthai_examples/share/depthai_examples/package.ps1'
[3.234s] INFO:colcon.colcon_core.shell:Creating package descriptor '/home/ground/ugv_repo/OperationTouchdown/ugv_ws/install/depthai_examples/share/depthai_examples/package.dsv'
[3.235s] INFO:colcon.colcon_core.shell:Creating package script '/home/ground/ugv_repo/OperationTouchdown/ugv_ws/install/depthai_examples/share/depthai_examples/package.sh'
[3.236s] INFO:colcon.colcon_core.shell:Creating package script '/home/ground/ugv_repo/OperationTouchdown/ugv_ws/install/depthai_examples/share/depthai_examples/package.bash'
[3.239s] INFO:colcon.colcon_core.shell:Creating package script '/home/ground/ugv_repo/OperationTouchdown/ugv_ws/install/depthai_examples/share/depthai_examples/package.zsh'
[3.240s] Level 1:colcon.colcon_core.environment:create_file_with_runtime_dependencies(/home/ground/ugv_repo/OperationTouchdown/ugv_ws/install/depthai_examples/share/colcon-core/packages/depthai_examples)
[3.242s] Level 1:colcon.colcon_core.environment:create_environment_scripts_only(depthai_examples)
[3.243s] Level 1:colcon.colcon_core.environment:checking '/home/ground/ugv_repo/OperationTouchdown/ugv_ws/install/depthai_examples' for CMake module files
[3.244s] Level 1:colcon.colcon_core.environment:checking '/home/ground/ugv_repo/OperationTouchdown/ugv_ws/install/depthai_examples' for CMake config files
[3.245s] Level 1:colcon.colcon_core.shell:create_environment_hook('depthai_examples', 'cmake_prefix_path')
[3.246s] INFO:colcon.colcon_core.shell:Creating environment hook '/home/ground/ugv_repo/OperationTouchdown/ugv_ws/install/depthai_examples/share/depthai_examples/hook/cmake_prefix_path.ps1'
[3.247s] INFO:colcon.colcon_core.shell:Creating environment descriptor '/home/ground/ugv_repo/OperationTouchdown/ugv_ws/install/depthai_examples/share/depthai_examples/hook/cmake_prefix_path.dsv'
[3.248s] INFO:colcon.colcon_core.shell:Creating environment hook '/home/ground/ugv_repo/OperationTouchdown/ugv_ws/install/depthai_examples/share/depthai_examples/hook/cmake_prefix_path.sh'
[3.249s] Level 1:colcon.colcon_core.environment:checking '/home/ground/ugv_repo/OperationTouchdown/ugv_ws/install/depthai_examples/lib'
[3.250s] Level 1:colcon.colcon_core.environment:checking '/home/ground/ugv_repo/OperationTouchdown/ugv_ws/install/depthai_examples/bin'
[3.250s] Level 1:colcon.colcon_core.environment:checking '/home/ground/ugv_repo/OperationTouchdown/ugv_ws/install/depthai_examples/lib/pkgconfig/depthai_examples.pc'
[3.250s] Level 1:colcon.colcon_core.environment:checking '/home/ground/ugv_repo/OperationTouchdown/ugv_ws/install/depthai_examples/lib/python3.12/site-packages'
[3.251s] Level 1:colcon.colcon_core.environment:checking '/home/ground/ugv_repo/OperationTouchdown/ugv_ws/install/depthai_examples/bin'
[3.252s] INFO:colcon.colcon_core.shell:Creating package script '/home/ground/ugv_repo/OperationTouchdown/ugv_ws/install/depthai_examples/share/depthai_examples/package.ps1'
[3.253s] INFO:colcon.colcon_core.shell:Creating package descriptor '/home/ground/ugv_repo/OperationTouchdown/ugv_ws/install/depthai_examples/share/depthai_examples/package.dsv'
[3.255s] INFO:colcon.colcon_core.shell:Creating package script '/home/ground/ugv_repo/OperationTouchdown/ugv_ws/install/depthai_examples/share/depthai_examples/package.sh'
[3.256s] INFO:colcon.colcon_core.shell:Creating package script '/home/ground/ugv_repo/OperationTouchdown/ugv_ws/install/depthai_examples/share/depthai_examples/package.bash'
[3.258s] INFO:colcon.colcon_core.shell:Creating package script '/home/ground/ugv_repo/OperationTouchdown/ugv_ws/install/depthai_examples/share/depthai_examples/package.zsh'
[3.260s] Level 1:colcon.colcon_core.environment:create_file_with_runtime_dependencies(/home/ground/ugv_repo/OperationTouchdown/ugv_ws/install/depthai_examples/share/colcon-core/packages/depthai_examples)
[3.261s] INFO:colcon.colcon_ros.task.ament_cmake.build:Building ROS package in '/home/ground/ugv_repo/OperationTouchdown/ugv_ws/src/depthai-ros/depthai_ros_driver' with build type 'ament_cmake'
[3.261s] INFO:colcon.colcon_cmake.task.cmake.build:Building CMake package in '/home/ground/ugv_repo/OperationTouchdown/ugv_ws/src/depthai-ros/depthai_ros_driver'
[3.263s] INFO:colcon.colcon_core.shell:Skip shell extension 'powershell' for command environment: Not usable outside of PowerShell
[3.263s] DEBUG:colcon.colcon_core.shell:Skip shell extension 'dsv' for command environment
[3.297s] DEBUG:colcon.colcon_core.event_handler.log_command:Invoking command in '/home/ground/ugv_repo/OperationTouchdown/ugv_ws/build/depthai_ros_driver': CMAKE_PREFIX_PATH=/home/ground/ugv_repo/OperationTouchdown/ugv_ws/install/depthai_examples:/home/ground/ugv_repo/OperationTouchdown/ugv_ws/install/depthai_bridge:/home/ground/ugv_repo/OperationTouchdown/ugv_ws/install/depthai_ros_msgs:/home/ground/ugv_repo/OperationTouchdown/ugv_ws/install/depthai_descriptions:/home/ground/ugv_repo/OperationTouchdown/ugv_ws/install/rplidar_ros:/home/ground/ugv_repo/OperationTouchdown/ugv_ws/install/roboteq_ros2_driver:/home/ground/ugv_repo/OperationTouchdown/ugv_ws/install/my_ugv_bringup:/home/ground/ugv_repo/OperationTouchdown/ugv_ws/install/my_ugv_description:/home/ground/ugv_repo/OperationTouchdown/ugv_ws/install/depthai-ros:/home/ground/ugv_repo/OperationTouchdown/ugv_ws/install/depthai_ros_driver:/home/ground/ugv_repo/OperationTouchdown/ugv_ws/install/depthai_filters:/opt/ros/jazzy/opt/gz_sim_vendor:/opt/ros/jazzy/opt/gz_sensors_vendor:/opt/ros/jazzy/opt/gz_physics_vendor:/opt/ros/jazzy/opt/sdformat_vendor:/opt/ros/jazzy/opt/gz_gui_vendor:/opt/ros/jazzy/opt/gz_transport_vendor:/opt/ros/jazzy/opt/gz_rendering_vendor:/opt/ros/jazzy/opt/gz_plugin_vendor:/opt/ros/jazzy/opt/gz_fuel_tools_vendor:/opt/ros/jazzy/opt/gz_msgs_vendor:/opt/ros/jazzy/opt/gz_common_vendor:/opt/ros/jazzy/opt/gz_math_vendor:/opt/ros/jazzy/opt/gz_utils_vendor:/opt/ros/jazzy/opt/gz_tools_vendor:/opt/ros/jazzy/opt/gz_ogre_next_vendor:/opt/ros/jazzy/opt/gz_dartsim_vendor:/opt/ros/jazzy/opt/gz_cmake_vendor:/home/ground/ugv_repo/OperationTouchdown/ugv_ws/install/my_ugv_vision:/home/ground/ugv_repo/OperationTouchdown/ugv_ws/install/my_ugv_hardware:/opt/ros/jazzy DEBUGINFOD_URLS=https://debuginfod.ubuntu.com GAZEBO_MODEL_PATH=/home/ground/ugv_repo/OperationTouchdown/ugv_ws/install/depthai_descriptions:${GAZEBO_MODEL_PATH} GAZEBO_RESOURCE_PATH=/home/ground/ugv_repo/OperationTouchdown/ugv_ws/install/depthai_descriptions:${GAZEBO_RESOURCE_PATH} IGN_GAZEBO_MODEL_PATH=/home/ground/ugv_repo/OperationTouchdown/ugv_ws/install/depthai_descriptions:${IGN_GAZEBO_MODEL_PATH} IGN_GAZEBO_RESOURCE_PATH=/home/ground/ugv_repo/OperationTouchdown/ugv_ws/install/depthai_descriptions:${IGN_GAZEBO_RESOURCE_PATH} LD_LIBRARY_PATH=/home/ground/ugv_repo/OperationTouchdown/ugv_ws/install/depthai_bridge/lib:/home/ground/ugv_repo/OperationTouchdown/ugv_ws/install/depthai_ros_msgs/lib:/home/ground/ugv_repo/OperationTouchdown/ugv_ws/install/depthai_ros_driver/lib:/home/ground/ugv_repo/OperationTouchdown/ugv_ws/install/depthai_filters/lib:/opt/ros/jazzy/opt/gz_sim_vendor/lib:/opt/ros/jazzy/opt/gz_sensors_vendor/lib:/opt/ros/jazzy/opt/gz_physics_vendor/lib:/opt/ros/jazzy/opt/sdformat_vendor/lib:/opt/ros/jazzy/opt/rviz_ogre_vendor/lib:/opt/ros/jazzy/lib/aarch64-linux-gnu:/opt/ros/jazzy/opt/gz_gui_vendor/lib:/opt/ros/jazzy/opt/gz_transport_vendor/lib:/opt/ros/jazzy/opt/gz_rendering_vendor/lib:/opt/ros/jazzy/opt/gz_plugin_vendor/lib:/opt/ros/jazzy/opt/gz_fuel_tools_vendor/lib:/opt/ros/jazzy/opt/gz_msgs_vendor/lib:/opt/ros/jazzy/opt/gz_common_vendor/lib:/opt/ros/jazzy/opt/gz_math_vendor/lib:/opt/ros/jazzy/opt/gz_utils_vendor/lib:/opt/ros/jazzy/opt/gz_tools_vendor/lib:/opt/ros/jazzy/opt/gz_ogre_next_vendor/lib:/opt/ros/jazzy/opt/gz_dartsim_vendor/lib:/opt/ros/jazzy/opt/gz_cmake_vendor/lib:/opt/ros/jazzy/lib PYTHONPATH=/home/ground/ugv_repo/OperationTouchdown/ugv_ws/install/depthai_ros_msgs/lib/python3.12/site-packages:/home/ground/ugv_repo/OperationTouchdown/ugv_ws/build/my_ugv_vision:/home/ground/ugv_repo/OperationTouchdown/ugv_ws/install/my_ugv_vision/lib/python3.12/site-packages:/home/ground/ugv_repo/OperationTouchdown/ugv_ws/build/my_ugv_hardware:/home/ground/ugv_repo/OperationTouchdown/ugv_ws/install/my_ugv_hardware/lib/python3.12/site-packages:/home/ground/ugv_repo/OperationTouchdown/ugv_ws/install/depthai_ros_driver/lib/python3.12/site-packages:/opt/ros/jazzy/lib/python3.12/site-packages /usr/bin/cmake --build /home/ground/ugv_repo/OperationTouchdown/ugv_ws/build/depthai_ros_driver -- -j4 -l4
[3.305s] DEBUG:colcon.colcon_core.event_handler.log_command:Invoking command in '/home/ground/ugv_repo/OperationTouchdown/ugv_ws/build/my_ugv_vision': DEBUGINFOD_URLS=https://debuginfod.ubuntu.com PYTHONPATH=/home/ground/ugv_repo/OperationTouchdown/ugv_ws/build/my_ugv_vision/prefix_override:/usr/lib/python3/dist-packages/colcon_core/task/python/colcon_distutils_commands:/home/ground/ugv_repo/OperationTouchdown/ugv_ws/install/my_ugv_vision/lib/python3.12/site-packages:${PYTHONPATH} /usr/bin/python3 -W ignore:setup.py install is deprecated -W ignore:easy_install command is deprecated setup.py develop --editable --build-directory /home/ground/ugv_repo/OperationTouchdown/ugv_ws/build/my_ugv_vision/build --no-deps symlink_data
[4.105s] Level 1:colcon.colcon_core.shell:create_environment_hook('my_ugv_hardware', 'pythonpath_develop')
[4.105s] INFO:colcon.colcon_core.shell:Creating environment hook '/home/ground/ugv_repo/OperationTouchdown/ugv_ws/build/my_ugv_hardware/share/my_ugv_hardware/hook/pythonpath_develop.ps1'
[4.106s] DEBUG:colcon.colcon_core.event_handler.log_command:Invoked command in '/home/ground/ugv_repo/OperationTouchdown/ugv_ws/build/my_ugv_hardware' returned '0': DEBUGINFOD_URLS=https://debuginfod.ubuntu.com PYTHONPATH=/home/ground/ugv_repo/OperationTouchdown/ugv_ws/build/my_ugv_hardware/prefix_override:/usr/lib/python3/dist-packages/colcon_core/task/python/colcon_distutils_commands:/home/ground/ugv_repo/OperationTouchdown/ugv_ws/install/my_ugv_hardware/lib/python3.12/site-packages:${PYTHONPATH} /usr/bin/python3 -W ignore:setup.py install is deprecated -W ignore:easy_install command is deprecated setup.py develop --editable --build-directory /home/ground/ugv_repo/OperationTouchdown/ugv_ws/build/my_ugv_hardware/build --no-deps symlink_data
[4.107s] INFO:colcon.colcon_core.shell:Creating environment descriptor '/home/ground/ugv_repo/OperationTouchdown/ugv_ws/build/my_ugv_hardware/share/my_ugv_hardware/hook/pythonpath_develop.dsv'
[4.108s] INFO:colcon.colcon_core.shell:Creating environment hook '/home/ground/ugv_repo/OperationTouchdown/ugv_ws/build/my_ugv_hardware/share/my_ugv_hardware/hook/pythonpath_develop.sh'
[4.109s] Level 1:colcon.colcon_core.environment:checking '/home/ground/ugv_repo/OperationTouchdown/ugv_ws/install/my_ugv_hardware' for CMake module files
[4.110s] Level 1:colcon.colcon_core.environment:checking '/home/ground/ugv_repo/OperationTouchdown/ugv_ws/install/my_ugv_hardware' for CMake config files
[4.111s] Level 1:colcon.colcon_core.environment:checking '/home/ground/ugv_repo/OperationTouchdown/ugv_ws/install/my_ugv_hardware/lib'
[4.111s] Level 1:colcon.colcon_core.environment:checking '/home/ground/ugv_repo/OperationTouchdown/ugv_ws/install/my_ugv_hardware/bin'
[4.112s] Level 1:colcon.colcon_core.environment:checking '/home/ground/ugv_repo/OperationTouchdown/ugv_ws/install/my_ugv_hardware/lib/pkgconfig/my_ugv_hardware.pc'
[4.112s] Level 1:colcon.colcon_core.environment:checking '/home/ground/ugv_repo/OperationTouchdown/ugv_ws/install/my_ugv_hardware/lib/python3.12/site-packages'
[4.112s] Level 1:colcon.colcon_core.shell:create_environment_hook('my_ugv_hardware', 'pythonpath')
[4.113s] INFO:colcon.colcon_core.shell:Creating environment hook '/home/ground/ugv_repo/OperationTouchdown/ugv_ws/install/my_ugv_hardware/share/my_ugv_hardware/hook/pythonpath.ps1'
[4.114s] INFO:colcon.colcon_core.shell:Creating environment descriptor '/home/ground/ugv_repo/OperationTouchdown/ugv_ws/install/my_ugv_hardware/share/my_ugv_hardware/hook/pythonpath.dsv'
[4.116s] INFO:colcon.colcon_core.shell:Creating environment hook '/home/ground/ugv_repo/OperationTouchdown/ugv_ws/install/my_ugv_hardware/share/my_ugv_hardware/hook/pythonpath.sh'
[4.117s] Level 1:colcon.colcon_core.environment:checking '/home/ground/ugv_repo/OperationTouchdown/ugv_ws/install/my_ugv_hardware/bin'
[4.118s] Level 1:colcon.colcon_core.environment:create_environment_scripts_only(my_ugv_hardware)
[4.119s] INFO:colcon.colcon_core.shell:Creating package script '/home/ground/ugv_repo/OperationTouchdown/ugv_ws/install/my_ugv_hardware/share/my_ugv_hardware/package.ps1'
[4.120s] INFO:colcon.colcon_core.shell:Creating package descriptor '/home/ground/ugv_repo/OperationTouchdown/ugv_ws/install/my_ugv_hardware/share/my_ugv_hardware/package.dsv'
[4.122s] INFO:colcon.colcon_core.shell:Creating package script '/home/ground/ugv_repo/OperationTouchdown/ugv_ws/install/my_ugv_hardware/share/my_ugv_hardware/package.sh'
[4.123s] INFO:colcon.colcon_core.shell:Creating package script '/home/ground/ugv_repo/OperationTouchdown/ugv_ws/install/my_ugv_hardware/share/my_ugv_hardware/package.bash'
[4.124s] INFO:colcon.colcon_core.shell:Creating package script '/home/ground/ugv_repo/OperationTouchdown/ugv_ws/install/my_ugv_hardware/share/my_ugv_hardware/package.zsh'
[4.125s] Level 1:colcon.colcon_core.environment:create_file_with_runtime_dependencies(/home/ground/ugv_repo/OperationTouchdown/ugv_ws/install/my_ugv_hardware/share/colcon-core/packages/my_ugv_hardware)
[4.126s] INFO:colcon.colcon_ros.task.ament_cmake.build:Building ROS package in '/home/ground/ugv_repo/OperationTouchdown/ugv_ws/src/my_ugv_bringup' with build type 'ament_cmake'
[4.126s] INFO:colcon.colcon_cmake.task.cmake.build:Building CMake package in '/home/ground/ugv_repo/OperationTouchdown/ugv_ws/src/my_ugv_bringup'
[4.127s] INFO:colcon.colcon_core.shell:Skip shell extension 'powershell' for command environment: Not usable outside of PowerShell
[4.127s] DEBUG:colcon.colcon_core.shell:Skip shell extension 'dsv' for command environment
[4.155s] DEBUG:colcon.colcon_core.event_handler.log_command:Invoking command in '/home/ground/ugv_repo/OperationTouchdown/ugv_ws/build/my_ugv_bringup': AMENT_PREFIX_PATH=/home/ground/ugv_repo/OperationTouchdown/ugv_ws/install/my_ugv_hardware:/home/ground/ugv_repo/OperationTouchdown/ugv_ws/install/rplidar_ros:/home/ground/ugv_repo/OperationTouchdown/ugv_ws/install/roboteq_ros2_driver:/home/ground/ugv_repo/OperationTouchdown/ugv_ws/install/my_ugv_vision:/home/ground/ugv_repo/OperationTouchdown/ugv_ws/install/my_ugv_bringup:/home/ground/ugv_repo/OperationTouchdown/ugv_ws/install/my_ugv_description:/home/ground/ugv_repo/OperationTouchdown/ugv_ws/install/depthai-ros:/home/ground/ugv_repo/OperationTouchdown/ugv_ws/install/depthai_ros_driver:/home/ground/ugv_repo/OperationTouchdown/ugv_ws/install/depthai_filters:/home/ground/ugv_repo/OperationTouchdown/ugv_ws/install/depthai_examples:/home/ground/ugv_repo/OperationTouchdown/ugv_ws/install/depthai_bridge:/home/ground/ugv_repo/OperationTouchdown/ugv_ws/install/depthai_ros_msgs:/home/ground/ugv_repo/OperationTouchdown/ugv_ws/install/depthai_descriptions:/opt/ros/jazzy CMAKE_PREFIX_PATH=/home/ground/ugv_repo/OperationTouchdown/ugv_ws/install/my_ugv_description:/home/ground/ugv_repo/OperationTouchdown/ugv_ws/install/rplidar_ros:/home/ground/ugv_repo/OperationTouchdown/ugv_ws/install/roboteq_ros2_driver:/home/ground/ugv_repo/OperationTouchdown/ugv_ws/install/my_ugv_bringup:/home/ground/ugv_repo/OperationTouchdown/ugv_ws/install/depthai-ros:/home/ground/ugv_repo/OperationTouchdown/ugv_ws/install/depthai_ros_driver:/home/ground/ugv_repo/OperationTouchdown/ugv_ws/install/depthai_filters:/home/ground/ugv_repo/OperationTouchdown/ugv_ws/install/depthai_examples:/home/ground/ugv_repo/OperationTouchdown/ugv_ws/install/depthai_bridge:/home/ground/ugv_repo/OperationTouchdown/ugv_ws/install/depthai_ros_msgs:/home/ground/ugv_repo/OperationTouchdown/ugv_ws/install/depthai_descriptions:/opt/ros/jazzy/opt/gz_sim_vendor:/opt/ros/jazzy/opt/gz_sensors_vendor:/opt/ros/jazzy/opt/gz_physics_vendor:/opt/ros/jazzy/opt/sdformat_vendor:/opt/ros/jazzy/opt/gz_gui_vendor:/opt/ros/jazzy/opt/gz_transport_vendor:/opt/ros/jazzy/opt/gz_rendering_vendor:/opt/ros/jazzy/opt/gz_plugin_vendor:/opt/ros/jazzy/opt/gz_fuel_tools_vendor:/opt/ros/jazzy/opt/gz_msgs_vendor:/opt/ros/jazzy/opt/gz_common_vendor:/opt/ros/jazzy/opt/gz_math_vendor:/opt/ros/jazzy/opt/gz_utils_vendor:/opt/ros/jazzy/opt/gz_tools_vendor:/opt/ros/jazzy/opt/gz_ogre_next_vendor:/opt/ros/jazzy/opt/gz_dartsim_vendor:/opt/ros/jazzy/opt/gz_cmake_vendor:/home/ground/ugv_repo/OperationTouchdown/ugv_ws/install/my_ugv_vision:/home/ground/ugv_repo/OperationTouchdown/ugv_ws/install/my_ugv_hardware:/opt/ros/jazzy DEBUGINFOD_URLS=https://debuginfod.ubuntu.com PYTHONPATH=/home/ground/ugv_repo/OperationTouchdown/ugv_ws/build/my_ugv_hardware:/home/ground/ugv_repo/OperationTouchdown/ugv_ws/install/my_ugv_hardware/lib/python3.12/site-packages:/home/ground/ugv_repo/OperationTouchdown/ugv_ws/build/my_ugv_vision:/home/ground/ugv_repo/OperationTouchdown/ugv_ws/install/my_ugv_vision/lib/python3.12/site-packages:/home/ground/ugv_repo/OperationTouchdown/ugv_ws/install/depthai_ros_driver/lib/python3.12/site-packages:/home/ground/ugv_repo/OperationTouchdown/ugv_ws/install/depthai_ros_msgs/lib/python3.12/site-packages:/opt/ros/jazzy/lib/python3.12/site-packages /usr/bin/cmake /home/ground/ugv_repo/OperationTouchdown/ugv_ws/src/my_ugv_bringup -DAMENT_CMAKE_SYMLINK_INSTALL=1 -DCMAKE_INSTALL_PREFIX=/home/ground/ugv_repo/OperationTouchdown/ugv_ws/install/my_ugv_bringup
[4.204s] DEBUG:colcon.colcon_core.event_handler.log_command:Invoked command in '/home/ground/ugv_repo/OperationTouchdown/ugv_ws/build/depthai_ros_driver' returned '0': CMAKE_PREFIX_PATH=/home/ground/ugv_repo/OperationTouchdown/ugv_ws/install/depthai_examples:/home/ground/ugv_repo/OperationTouchdown/ugv_ws/install/depthai_bridge:/home/ground/ugv_repo/OperationTouchdown/ugv_ws/install/depthai_ros_msgs:/home/ground/ugv_repo/OperationTouchdown/ugv_ws/install/depthai_descriptions:/home/ground/ugv_repo/OperationTouchdown/ugv_ws/install/rplidar_ros:/home/ground/ugv_repo/OperationTouchdown/ugv_ws/install/roboteq_ros2_driver:/home/ground/ugv_repo/OperationTouchdown/ugv_ws/install/my_ugv_bringup:/home/ground/ugv_repo/OperationTouchdown/ugv_ws/install/my_ugv_description:/home/ground/ugv_repo/OperationTouchdown/ugv_ws/install/depthai-ros:/home/ground/ugv_repo/OperationTouchdown/ugv_ws/install/depthai_ros_driver:/home/ground/ugv_repo/OperationTouchdown/ugv_ws/install/depthai_filters:/opt/ros/jazzy/opt/gz_sim_vendor:/opt/ros/jazzy/opt/gz_sensors_vendor:/opt/ros/jazzy/opt/gz_physics_vendor:/opt/ros/jazzy/opt/sdformat_vendor:/opt/ros/jazzy/opt/gz_gui_vendor:/opt/ros/jazzy/opt/gz_transport_vendor:/opt/ros/jazzy/opt/gz_rendering_vendor:/opt/ros/jazzy/opt/gz_plugin_vendor:/opt/ros/jazzy/opt/gz_fuel_tools_vendor:/opt/ros/jazzy/opt/gz_msgs_vendor:/opt/ros/jazzy/opt/gz_common_vendor:/opt/ros/jazzy/opt/gz_math_vendor:/opt/ros/jazzy/opt/gz_utils_vendor:/opt/ros/jazzy/opt/gz_tools_vendor:/opt/ros/jazzy/opt/gz_ogre_next_vendor:/opt/ros/jazzy/opt/gz_dartsim_vendor:/opt/ros/jazzy/opt/gz_cmake_vendor:/home/ground/ugv_repo/OperationTouchdown/ugv_ws/install/my_ugv_vision:/home/ground/ugv_repo/OperationTouchdown/ugv_ws/install/my_ugv_hardware:/opt/ros/jazzy DEBUGINFOD_URLS=https://debuginfod.ubuntu.com GAZEBO_MODEL_PATH=/home/ground/ugv_repo/OperationTouchdown/ugv_ws/install/depthai_descriptions:${GAZEBO_MODEL_PATH} GAZEBO_RESOURCE_PATH=/home/ground/ugv_repo/OperationTouchdown/ugv_ws/install/depthai_descriptions:${GAZEBO_RESOURCE_PATH} IGN_GAZEBO_MODEL_PATH=/home/ground/ugv_repo/OperationTouchdown/ugv_ws/install/depthai_descriptions:${IGN_GAZEBO_MODEL_PATH} IGN_GAZEBO_RESOURCE_PATH=/home/ground/ugv_repo/OperationTouchdown/ugv_ws/install/depthai_descriptions:${IGN_GAZEBO_RESOURCE_PATH} LD_LIBRARY_PATH=/home/ground/ugv_repo/OperationTouchdown/ugv_ws/install/depthai_bridge/lib:/home/ground/ugv_repo/OperationTouchdown/ugv_ws/install/depthai_ros_msgs/lib:/home/ground/ugv_repo/OperationTouchdown/ugv_ws/install/depthai_ros_driver/lib:/home/ground/ugv_repo/OperationTouchdown/ugv_ws/install/depthai_filters/lib:/opt/ros/jazzy/opt/gz_sim_vendor/lib:/opt/ros/jazzy/opt/gz_sensors_vendor/lib:/opt/ros/jazzy/opt/gz_physics_vendor/lib:/opt/ros/jazzy/opt/sdformat_vendor/lib:/opt/ros/jazzy/opt/rviz_ogre_vendor/lib:/opt/ros/jazzy/lib/aarch64-linux-gnu:/opt/ros/jazzy/opt/gz_gui_vendor/lib:/opt/ros/jazzy/opt/gz_transport_vendor/lib:/opt/ros/jazzy/opt/gz_rendering_vendor/lib:/opt/ros/jazzy/opt/gz_plugin_vendor/lib:/opt/ros/jazzy/opt/gz_fuel_tools_vendor/lib:/opt/ros/jazzy/opt/gz_msgs_vendor/lib:/opt/ros/jazzy/opt/gz_common_vendor/lib:/opt/ros/jazzy/opt/gz_math_vendor/lib:/opt/ros/jazzy/opt/gz_utils_vendor/lib:/opt/ros/jazzy/opt/gz_tools_vendor/lib:/opt/ros/jazzy/opt/gz_ogre_next_vendor/lib:/opt/ros/jazzy/opt/gz_dartsim_vendor/lib:/opt/ros/jazzy/opt/gz_cmake_vendor/lib:/opt/ros/jazzy/lib PYTHONPATH=/home/ground/ugv_repo/OperationTouchdown/ugv_ws/install/depthai_ros_msgs/lib/python3.12/site-packages:/home/ground/ugv_repo/OperationTouchdown/ugv_ws/build/my_ugv_vision:/home/ground/ugv_repo/OperationTouchdown/ugv_ws/install/my_ugv_vision/lib/python3.12/site-packages:/home/ground/ugv_repo/OperationTouchdown/ugv_ws/build/my_ugv_hardware:/home/ground/ugv_repo/OperationTouchdown/ugv_ws/install/my_ugv_hardware/lib/python3.12/site-packages:/home/ground/ugv_repo/OperationTouchdown/ugv_ws/install/depthai_ros_driver/lib/python3.12/site-packages:/opt/ros/jazzy/lib/python3.12/site-packages /usr/bin/cmake --build /home/ground/ugv_repo/OperationTouchdown/ugv_ws/build/depthai_ros_driver -- -j4 -l4
[4.206s] DEBUG:colcon.colcon_core.event_handler.log_command:Invoking command in '/home/ground/ugv_repo/OperationTouchdown/ugv_ws/build/depthai_ros_driver': CMAKE_PREFIX_PATH=/home/ground/ugv_repo/OperationTouchdown/ugv_ws/install/depthai_examples:/home/ground/ugv_repo/OperationTouchdown/ugv_ws/install/depthai_bridge:/home/ground/ugv_repo/OperationTouchdown/ugv_ws/install/depthai_ros_msgs:/home/ground/ugv_repo/OperationTouchdown/ugv_ws/install/depthai_descriptions:/home/ground/ugv_repo/OperationTouchdown/ugv_ws/install/rplidar_ros:/home/ground/ugv_repo/OperationTouchdown/ugv_ws/install/roboteq_ros2_driver:/home/ground/ugv_repo/OperationTouchdown/ugv_ws/install/my_ugv_bringup:/home/ground/ugv_repo/OperationTouchdown/ugv_ws/install/my_ugv_description:/home/ground/ugv_repo/OperationTouchdown/ugv_ws/install/depthai-ros:/home/ground/ugv_repo/OperationTouchdown/ugv_ws/install/depthai_ros_driver:/home/ground/ugv_repo/OperationTouchdown/ugv_ws/install/depthai_filters:/opt/ros/jazzy/opt/gz_sim_vendor:/opt/ros/jazzy/opt/gz_sensors_vendor:/opt/ros/jazzy/opt/gz_physics_vendor:/opt/ros/jazzy/opt/sdformat_vendor:/opt/ros/jazzy/opt/gz_gui_vendor:/opt/ros/jazzy/opt/gz_transport_vendor:/opt/ros/jazzy/opt/gz_rendering_vendor:/opt/ros/jazzy/opt/gz_plugin_vendor:/opt/ros/jazzy/opt/gz_fuel_tools_vendor:/opt/ros/jazzy/opt/gz_msgs_vendor:/opt/ros/jazzy/opt/gz_common_vendor:/opt/ros/jazzy/opt/gz_math_vendor:/opt/ros/jazzy/opt/gz_utils_vendor:/opt/ros/jazzy/opt/gz_tools_vendor:/opt/ros/jazzy/opt/gz_ogre_next_vendor:/opt/ros/jazzy/opt/gz_dartsim_vendor:/opt/ros/jazzy/opt/gz_cmake_vendor:/home/ground/ugv_repo/OperationTouchdown/ugv_ws/install/my_ugv_vision:/home/ground/ugv_repo/OperationTouchdown/ugv_ws/install/my_ugv_hardware:/opt/ros/jazzy DEBUGINFOD_URLS=https://debuginfod.ubuntu.com GAZEBO_MODEL_PATH=/home/ground/ugv_repo/OperationTouchdown/ugv_ws/install/depthai_descriptions:${GAZEBO_MODEL_PATH} GAZEBO_RESOURCE_PATH=/home/ground/ugv_repo/OperationTouchdown/ugv_ws/install/depthai_descriptions:${GAZEBO_RESOURCE_PATH} IGN_GAZEBO_MODEL_PATH=/home/ground/ugv_repo/OperationTouchdown/ugv_ws/install/depthai_descriptions:${IGN_GAZEBO_MODEL_PATH} IGN_GAZEBO_RESOURCE_PATH=/home/ground/ugv_repo/OperationTouchdown/ugv_ws/install/depthai_descriptions:${IGN_GAZEBO_RESOURCE_PATH} LD_LIBRARY_PATH=/home/ground/ugv_repo/OperationTouchdown/ugv_ws/install/depthai_bridge/lib:/home/ground/ugv_repo/OperationTouchdown/ugv_ws/install/depthai_ros_msgs/lib:/home/ground/ugv_repo/OperationTouchdown/ugv_ws/install/depthai_ros_driver/lib:/home/ground/ugv_repo/OperationTouchdown/ugv_ws/install/depthai_filters/lib:/opt/ros/jazzy/opt/gz_sim_vendor/lib:/opt/ros/jazzy/opt/gz_sensors_vendor/lib:/opt/ros/jazzy/opt/gz_physics_vendor/lib:/opt/ros/jazzy/opt/sdformat_vendor/lib:/opt/ros/jazzy/opt/rviz_ogre_vendor/lib:/opt/ros/jazzy/lib/aarch64-linux-gnu:/opt/ros/jazzy/opt/gz_gui_vendor/lib:/opt/ros/jazzy/opt/gz_transport_vendor/lib:/opt/ros/jazzy/opt/gz_rendering_vendor/lib:/opt/ros/jazzy/opt/gz_plugin_vendor/lib:/opt/ros/jazzy/opt/gz_fuel_tools_vendor/lib:/opt/ros/jazzy/opt/gz_msgs_vendor/lib:/opt/ros/jazzy/opt/gz_common_vendor/lib:/opt/ros/jazzy/opt/gz_math_vendor/lib:/opt/ros/jazzy/opt/gz_utils_vendor/lib:/opt/ros/jazzy/opt/gz_tools_vendor/lib:/opt/ros/jazzy/opt/gz_ogre_next_vendor/lib:/opt/ros/jazzy/opt/gz_dartsim_vendor/lib:/opt/ros/jazzy/opt/gz_cmake_vendor/lib:/opt/ros/jazzy/lib PYTHONPATH=/home/ground/ugv_repo/OperationTouchdown/ugv_ws/install/depthai_ros_msgs/lib/python3.12/site-packages:/home/ground/ugv_repo/OperationTouchdown/ugv_ws/build/my_ugv_vision:/home/ground/ugv_repo/OperationTouchdown/ugv_ws/install/my_ugv_vision/lib/python3.12/site-packages:/home/ground/ugv_repo/OperationTouchdown/ugv_ws/build/my_ugv_hardware:/home/ground/ugv_repo/OperationTouchdown/ugv_ws/install/my_ugv_hardware/lib/python3.12/site-packages:/home/ground/ugv_repo/OperationTouchdown/ugv_ws/install/depthai_ros_driver/lib/python3.12/site-packages:/opt/ros/jazzy/lib/python3.12/site-packages /usr/bin/cmake --install /home/ground/ugv_repo/OperationTouchdown/ugv_ws/build/depthai_ros_driver
[4.385s] Level 1:colcon.colcon_core.environment:create_environment_scripts_only(depthai_ros_driver)
[4.385s] Level 1:colcon.colcon_core.environment:checking '/home/ground/ugv_repo/OperationTouchdown/ugv_ws/install/depthai_ros_driver' for CMake module files
[4.386s] Level 1:colcon.colcon_core.environment:checking '/home/ground/ugv_repo/OperationTouchdown/ugv_ws/install/depthai_ros_driver' for CMake config files
[4.387s] DEBUG:colcon.colcon_core.event_handler.log_command:Invoked command in '/home/ground/ugv_repo/OperationTouchdown/ugv_ws/build/depthai_ros_driver' returned '0': CMAKE_PREFIX_PATH=/home/ground/ugv_repo/OperationTouchdown/ugv_ws/install/depthai_examples:/home/ground/ugv_repo/OperationTouchdown/ugv_ws/install/depthai_bridge:/home/ground/ugv_repo/OperationTouchdown/ugv_ws/install/depthai_ros_msgs:/home/ground/ugv_repo/OperationTouchdown/ugv_ws/install/depthai_descriptions:/home/ground/ugv_repo/OperationTouchdown/ugv_ws/install/rplidar_ros:/home/ground/ugv_repo/OperationTouchdown/ugv_ws/install/roboteq_ros2_driver:/home/ground/ugv_repo/OperationTouchdown/ugv_ws/install/my_ugv_bringup:/home/ground/ugv_repo/OperationTouchdown/ugv_ws/install/my_ugv_description:/home/ground/ugv_repo/OperationTouchdown/ugv_ws/install/depthai-ros:/home/ground/ugv_repo/OperationTouchdown/ugv_ws/install/depthai_ros_driver:/home/ground/ugv_repo/OperationTouchdown/ugv_ws/install/depthai_filters:/opt/ros/jazzy/opt/gz_sim_vendor:/opt/ros/jazzy/opt/gz_sensors_vendor:/opt/ros/jazzy/opt/gz_physics_vendor:/opt/ros/jazzy/opt/sdformat_vendor:/opt/ros/jazzy/opt/gz_gui_vendor:/opt/ros/jazzy/opt/gz_transport_vendor:/opt/ros/jazzy/opt/gz_rendering_vendor:/opt/ros/jazzy/opt/gz_plugin_vendor:/opt/ros/jazzy/opt/gz_fuel_tools_vendor:/opt/ros/jazzy/opt/gz_msgs_vendor:/opt/ros/jazzy/opt/gz_common_vendor:/opt/ros/jazzy/opt/gz_math_vendor:/opt/ros/jazzy/opt/gz_utils_vendor:/opt/ros/jazzy/opt/gz_tools_vendor:/opt/ros/jazzy/opt/gz_ogre_next_vendor:/opt/ros/jazzy/opt/gz_dartsim_vendor:/opt/ros/jazzy/opt/gz_cmake_vendor:/home/ground/ugv_repo/OperationTouchdown/ugv_ws/install/my_ugv_vision:/home/ground/ugv_repo/OperationTouchdown/ugv_ws/install/my_ugv_hardware:/opt/ros/jazzy DEBUGINFOD_URLS=https://debuginfod.ubuntu.com GAZEBO_MODEL_PATH=/home/ground/ugv_repo/OperationTouchdown/ugv_ws/install/depthai_descriptions:${GAZEBO_MODEL_PATH} GAZEBO_RESOURCE_PATH=/home/ground/ugv_repo/OperationTouchdown/ugv_ws/install/depthai_descriptions:${GAZEBO_RESOURCE_PATH} IGN_GAZEBO_MODEL_PATH=/home/ground/ugv_repo/OperationTouchdown/ugv_ws/install/depthai_descriptions:${IGN_GAZEBO_MODEL_PATH} IGN_GAZEBO_RESOURCE_PATH=/home/ground/ugv_repo/OperationTouchdown/ugv_ws/install/depthai_descriptions:${IGN_GAZEBO_RESOURCE_PATH} LD_LIBRARY_PATH=/home/ground/ugv_repo/OperationTouchdown/ugv_ws/install/depthai_bridge/lib:/home/ground/ugv_repo/OperationTouchdown/ugv_ws/install/depthai_ros_msgs/lib:/home/ground/ugv_repo/OperationTouchdown/ugv_ws/install/depthai_ros_driver/lib:/home/ground/ugv_repo/OperationTouchdown/ugv_ws/install/depthai_filters/lib:/opt/ros/jazzy/opt/gz_sim_vendor/lib:/opt/ros/jazzy/opt/gz_sensors_vendor/lib:/opt/ros/jazzy/opt/gz_physics_vendor/lib:/opt/ros/jazzy/opt/sdformat_vendor/lib:/opt/ros/jazzy/opt/rviz_ogre_vendor/lib:/opt/ros/jazzy/lib/aarch64-linux-gnu:/opt/ros/jazzy/opt/gz_gui_vendor/lib:/opt/ros/jazzy/opt/gz_transport_vendor/lib:/opt/ros/jazzy/opt/gz_rendering_vendor/lib:/opt/ros/jazzy/opt/gz_plugin_vendor/lib:/opt/ros/jazzy/opt/gz_fuel_tools_vendor/lib:/opt/ros/jazzy/opt/gz_msgs_vendor/lib:/opt/ros/jazzy/opt/gz_common_vendor/lib:/opt/ros/jazzy/opt/gz_math_vendor/lib:/opt/ros/jazzy/opt/gz_utils_vendor/lib:/opt/ros/jazzy/opt/gz_tools_vendor/lib:/opt/ros/jazzy/opt/gz_ogre_next_vendor/lib:/opt/ros/jazzy/opt/gz_dartsim_vendor/lib:/opt/ros/jazzy/opt/gz_cmake_vendor/lib:/opt/ros/jazzy/lib PYTHONPATH=/home/ground/ugv_repo/OperationTouchdown/ugv_ws/install/depthai_ros_msgs/lib/python3.12/site-packages:/home/ground/ugv_repo/OperationTouchdown/ugv_ws/build/my_ugv_vision:/home/ground/ugv_repo/OperationTouchdown/ugv_ws/install/my_ugv_vision/lib/python3.12/site-packages:/home/ground/ugv_repo/OperationTouchdown/ugv_ws/build/my_ugv_hardware:/home/ground/ugv_repo/OperationTouchdown/ugv_ws/install/my_ugv_hardware/lib/python3.12/site-packages:/home/ground/ugv_repo/OperationTouchdown/ugv_ws/install/depthai_ros_driver/lib/python3.12/site-packages:/opt/ros/jazzy/lib/python3.12/site-packages /usr/bin/cmake --install /home/ground/ugv_repo/OperationTouchdown/ugv_ws/build/depthai_ros_driver
[4.388s] Level 1:colcon.colcon_core.shell:create_environment_hook('depthai_ros_driver', 'cmake_prefix_path')
[4.389s] INFO:colcon.colcon_core.shell:Creating environment hook '/home/ground/ugv_repo/OperationTouchdown/ugv_ws/install/depthai_ros_driver/share/depthai_ros_driver/hook/cmake_prefix_path.ps1'
[4.389s] INFO:colcon.colcon_core.shell:Creating environment descriptor '/home/ground/ugv_repo/OperationTouchdown/ugv_ws/install/depthai_ros_driver/share/depthai_ros_driver/hook/cmake_prefix_path.dsv'
[4.390s] INFO:colcon.colcon_core.shell:Creating environment hook '/home/ground/ugv_repo/OperationTouchdown/ugv_ws/install/depthai_ros_driver/share/depthai_ros_driver/hook/cmake_prefix_path.sh'
[4.392s] Level 1:colcon.colcon_core.environment:checking '/home/ground/ugv_repo/OperationTouchdown/ugv_ws/install/depthai_ros_driver/lib'
[4.392s] Level 1:colcon.colcon_core.shell:create_environment_hook('depthai_ros_driver', 'ld_library_path_lib')
[4.393s] INFO:colcon.colcon_core.shell:Creating environment hook '/home/ground/ugv_repo/OperationTouchdown/ugv_ws/install/depthai_ros_driver/share/depthai_ros_driver/hook/ld_library_path_lib.ps1'
[4.394s] INFO:colcon.colcon_core.shell:Creating environment descriptor '/home/ground/ugv_repo/OperationTouchdown/ugv_ws/install/depthai_ros_driver/share/depthai_ros_driver/hook/ld_library_path_lib.dsv'
[4.395s] INFO:colcon.colcon_core.shell:Creating environment hook '/home/ground/ugv_repo/OperationTouchdown/ugv_ws/install/depthai_ros_driver/share/depthai_ros_driver/hook/ld_library_path_lib.sh'
[4.396s] Level 1:colcon.colcon_core.environment:checking '/home/ground/ugv_repo/OperationTouchdown/ugv_ws/install/depthai_ros_driver/bin'
[4.396s] Level 1:colcon.colcon_core.environment:checking '/home/ground/ugv_repo/OperationTouchdown/ugv_ws/install/depthai_ros_driver/lib/pkgconfig/depthai_ros_driver.pc'
[4.397s] Level 1:colcon.colcon_core.environment:checking '/home/ground/ugv_repo/OperationTouchdown/ugv_ws/install/depthai_ros_driver/lib/python3.12/site-packages'
[4.397s] Level 1:colcon.colcon_core.shell:create_environment_hook('depthai_ros_driver', 'pythonpath')
[4.398s] INFO:colcon.colcon_core.shell:Creating environment hook '/home/ground/ugv_repo/OperationTouchdown/ugv_ws/install/depthai_ros_driver/share/depthai_ros_driver/hook/pythonpath.ps1'
[4.399s] INFO:colcon.colcon_core.shell:Creating environment descriptor '/home/ground/ugv_repo/OperationTouchdown/ugv_ws/install/depthai_ros_driver/share/depthai_ros_driver/hook/pythonpath.dsv'
[4.399s] INFO:colcon.colcon_core.shell:Creating environment hook '/home/ground/ugv_repo/OperationTouchdown/ugv_ws/install/depthai_ros_driver/share/depthai_ros_driver/hook/pythonpath.sh'
[4.401s] Level 1:colcon.colcon_core.environment:checking '/home/ground/ugv_repo/OperationTouchdown/ugv_ws/install/depthai_ros_driver/bin'
[4.403s] INFO:colcon.colcon_core.shell:Creating package script '/home/ground/ugv_repo/OperationTouchdown/ugv_ws/install/depthai_ros_driver/share/depthai_ros_driver/package.ps1'
[4.404s] INFO:colcon.colcon_core.shell:Creating package descriptor '/home/ground/ugv_repo/OperationTouchdown/ugv_ws/install/depthai_ros_driver/share/depthai_ros_driver/package.dsv'
[4.405s] INFO:colcon.colcon_core.shell:Creating package script '/home/ground/ugv_repo/OperationTouchdown/ugv_ws/install/depthai_ros_driver/share/depthai_ros_driver/package.sh'
[4.406s] INFO:colcon.colcon_core.shell:Creating package script '/home/ground/ugv_repo/OperationTouchdown/ugv_ws/install/depthai_ros_driver/share/depthai_ros_driver/package.bash'
[4.407s] INFO:colcon.colcon_core.shell:Creating package script '/home/ground/ugv_repo/OperationTouchdown/ugv_ws/install/depthai_ros_driver/share/depthai_ros_driver/package.zsh'
[4.407s] Level 1:colcon.colcon_core.environment:create_file_with_runtime_dependencies(/home/ground/ugv_repo/OperationTouchdown/ugv_ws/install/depthai_ros_driver/share/colcon-core/packages/depthai_ros_driver)
[4.409s] Level 1:colcon.colcon_core.environment:create_environment_scripts_only(depthai_ros_driver)
[4.409s] Level 1:colcon.colcon_core.environment:checking '/home/ground/ugv_repo/OperationTouchdown/ugv_ws/install/depthai_ros_driver' for CMake module files
[4.411s] Level 1:colcon.colcon_core.environment:checking '/home/ground/ugv_repo/OperationTouchdown/ugv_ws/install/depthai_ros_driver' for CMake config files
[4.412s] Level 1:colcon.colcon_core.shell:create_environment_hook('depthai_ros_driver', 'cmake_prefix_path')
[4.413s] INFO:colcon.colcon_core.shell:Creating environment hook '/home/ground/ugv_repo/OperationTouchdown/ugv_ws/install/depthai_ros_driver/share/depthai_ros_driver/hook/cmake_prefix_path.ps1'
[4.415s] INFO:colcon.colcon_core.shell:Creating environment descriptor '/home/ground/ugv_repo/OperationTouchdown/ugv_ws/install/depthai_ros_driver/share/depthai_ros_driver/hook/cmake_prefix_path.dsv'
[4.416s] INFO:colcon.colcon_core.shell:Creating environment hook '/home/ground/ugv_repo/OperationTouchdown/ugv_ws/install/depthai_ros_driver/share/depthai_ros_driver/hook/cmake_prefix_path.sh'
[4.418s] Level 1:colcon.colcon_core.environment:checking '/home/ground/ugv_repo/OperationTouchdown/ugv_ws/install/depthai_ros_driver/lib'
[4.418s] Level 1:colcon.colcon_core.shell:create_environment_hook('depthai_ros_driver', 'ld_library_path_lib')
[4.419s] INFO:colcon.colcon_core.shell:Creating environment hook '/home/ground/ugv_repo/OperationTouchdown/ugv_ws/install/depthai_ros_driver/share/depthai_ros_driver/hook/ld_library_path_lib.ps1'
[4.420s] INFO:colcon.colcon_core.shell:Creating environment descriptor '/home/ground/ugv_repo/OperationTouchdown/ugv_ws/install/depthai_ros_driver/share/depthai_ros_driver/hook/ld_library_path_lib.dsv'
[4.420s] INFO:colcon.colcon_core.shell:Creating environment hook '/home/ground/ugv_repo/OperationTouchdown/ugv_ws/install/depthai_ros_driver/share/depthai_ros_driver/hook/ld_library_path_lib.sh'
[4.421s] Level 1:colcon.colcon_core.environment:checking '/home/ground/ugv_repo/OperationTouchdown/ugv_ws/install/depthai_ros_driver/bin'
[4.421s] Level 1:colcon.colcon_core.environment:checking '/home/ground/ugv_repo/OperationTouchdown/ugv_ws/install/depthai_ros_driver/lib/pkgconfig/depthai_ros_driver.pc'
[4.421s] Level 1:colcon.colcon_core.environment:checking '/home/ground/ugv_repo/OperationTouchdown/ugv_ws/install/depthai_ros_driver/lib/python3.12/site-packages'
[4.422s] Level 1:colcon.colcon_core.shell:create_environment_hook('depthai_ros_driver', 'pythonpath')
[4.422s] INFO:colcon.colcon_core.shell:Creating environment hook '/home/ground/ugv_repo/OperationTouchdown/ugv_ws/install/depthai_ros_driver/share/depthai_ros_driver/hook/pythonpath.ps1'
[4.423s] INFO:colcon.colcon_core.shell:Creating environment descriptor '/home/ground/ugv_repo/OperationTouchdown/ugv_ws/install/depthai_ros_driver/share/depthai_ros_driver/hook/pythonpath.dsv'
[4.423s] INFO:colcon.colcon_core.shell:Creating environment hook '/home/ground/ugv_repo/OperationTouchdown/ugv_ws/install/depthai_ros_driver/share/depthai_ros_driver/hook/pythonpath.sh'
[4.425s] Level 1:colcon.colcon_core.environment:checking '/home/ground/ugv_repo/OperationTouchdown/ugv_ws/install/depthai_ros_driver/bin'
[4.426s] INFO:colcon.colcon_core.shell:Creating package script '/home/ground/ugv_repo/OperationTouchdown/ugv_ws/install/depthai_ros_driver/share/depthai_ros_driver/package.ps1'
[4.427s] INFO:colcon.colcon_core.shell:Creating package descriptor '/home/ground/ugv_repo/OperationTouchdown/ugv_ws/install/depthai_ros_driver/share/depthai_ros_driver/package.dsv'
[4.428s] INFO:colcon.colcon_core.shell:Creating package script '/home/ground/ugv_repo/OperationTouchdown/ugv_ws/install/depthai_ros_driver/share/depthai_ros_driver/package.sh'
[4.429s] INFO:colcon.colcon_core.shell:Creating package script '/home/ground/ugv_repo/OperationTouchdown/ugv_ws/install/depthai_ros_driver/share/depthai_ros_driver/package.bash'
[4.429s] INFO:colcon.colcon_core.shell:Creating package script '/home/ground/ugv_repo/OperationTouchdown/ugv_ws/install/depthai_ros_driver/share/depthai_ros_driver/package.zsh'
[4.430s] Level 1:colcon.colcon_core.environment:create_file_with_runtime_dependencies(/home/ground/ugv_repo/OperationTouchdown/ugv_ws/install/depthai_ros_driver/share/colcon-core/packages/depthai_ros_driver)
[4.431s] INFO:colcon.colcon_ros.task.ament_cmake.build:Building ROS package in '/home/ground/ugv_repo/OperationTouchdown/ugv_ws/src/depthai-ros/depthai-ros' with build type 'ament_cmake'
[4.431s] INFO:colcon.colcon_cmake.task.cmake.build:Building CMake package in '/home/ground/ugv_repo/OperationTouchdown/ugv_ws/src/depthai-ros/depthai-ros'
[4.432s] INFO:colcon.colcon_core.shell:Skip shell extension 'powershell' for command environment: Not usable outside of PowerShell
[4.432s] DEBUG:colcon.colcon_core.shell:Skip shell extension 'dsv' for command environment
[4.475s] DEBUG:colcon.colcon_core.event_handler.log_command:Invoking command in '/home/ground/ugv_repo/OperationTouchdown/ugv_ws/build/depthai-ros': CMAKE_PREFIX_PATH=/home/ground/ugv_repo/OperationTouchdown/ugv_ws/install/depthai_ros_driver:/home/ground/ugv_repo/OperationTouchdown/ugv_ws/install/depthai_examples:/home/ground/ugv_repo/OperationTouchdown/ugv_ws/install/depthai_filters:/home/ground/ugv_repo/OperationTouchdown/ugv_ws/install/depthai_bridge:/home/ground/ugv_repo/OperationTouchdown/ugv_ws/install/depthai_ros_msgs:/home/ground/ugv_repo/OperationTouchdown/ugv_ws/install/depthai_descriptions:/home/ground/ugv_repo/OperationTouchdown/ugv_ws/install/rplidar_ros:/home/ground/ugv_repo/OperationTouchdown/ugv_ws/install/roboteq_ros2_driver:/home/ground/ugv_repo/OperationTouchdown/ugv_ws/install/my_ugv_bringup:/home/ground/ugv_repo/OperationTouchdown/ugv_ws/install/my_ugv_description:/home/ground/ugv_repo/OperationTouchdown/ugv_ws/install/depthai-ros:/opt/ros/jazzy/opt/gz_sim_vendor:/opt/ros/jazzy/opt/gz_sensors_vendor:/opt/ros/jazzy/opt/gz_physics_vendor:/opt/ros/jazzy/opt/sdformat_vendor:/opt/ros/jazzy/opt/gz_gui_vendor:/opt/ros/jazzy/opt/gz_transport_vendor:/opt/ros/jazzy/opt/gz_rendering_vendor:/opt/ros/jazzy/opt/gz_plugin_vendor:/opt/ros/jazzy/opt/gz_fuel_tools_vendor:/opt/ros/jazzy/opt/gz_msgs_vendor:/opt/ros/jazzy/opt/gz_common_vendor:/opt/ros/jazzy/opt/gz_math_vendor:/opt/ros/jazzy/opt/gz_utils_vendor:/opt/ros/jazzy/opt/gz_tools_vendor:/opt/ros/jazzy/opt/gz_ogre_next_vendor:/opt/ros/jazzy/opt/gz_dartsim_vendor:/opt/ros/jazzy/opt/gz_cmake_vendor:/home/ground/ugv_repo/OperationTouchdown/ugv_ws/install/my_ugv_vision:/home/ground/ugv_repo/OperationTouchdown/ugv_ws/install/my_ugv_hardware:/opt/ros/jazzy DEBUGINFOD_URLS=https://debuginfod.ubuntu.com GAZEBO_MODEL_PATH=/home/ground/ugv_repo/OperationTouchdown/ugv_ws/install/depthai_descriptions:${GAZEBO_MODEL_PATH} GAZEBO_RESOURCE_PATH=/home/ground/ugv_repo/OperationTouchdown/ugv_ws/install/depthai_descriptions:${GAZEBO_RESOURCE_PATH} IGN_GAZEBO_MODEL_PATH=/home/ground/ugv_repo/OperationTouchdown/ugv_ws/install/depthai_descriptions:${IGN_GAZEBO_MODEL_PATH} IGN_GAZEBO_RESOURCE_PATH=/home/ground/ugv_repo/OperationTouchdown/ugv_ws/install/depthai_descriptions:${IGN_GAZEBO_RESOURCE_PATH} PYTHONPATH=/home/ground/ugv_repo/OperationTouchdown/ugv_ws/install/depthai_ros_driver/lib/python3.12/site-packages:/home/ground/ugv_repo/OperationTouchdown/ugv_ws/install/depthai_ros_msgs/lib/python3.12/site-packages:/home/ground/ugv_repo/OperationTouchdown/ugv_ws/build/my_ugv_vision:/home/ground/ugv_repo/OperationTouchdown/ugv_ws/install/my_ugv_vision/lib/python3.12/site-packages:/home/ground/ugv_repo/OperationTouchdown/ugv_ws/build/my_ugv_hardware:/home/ground/ugv_repo/OperationTouchdown/ugv_ws/install/my_ugv_hardware/lib/python3.12/site-packages:/opt/ros/jazzy/lib/python3.12/site-packages /usr/bin/cmake --build /home/ground/ugv_repo/OperationTouchdown/ugv_ws/build/depthai-ros -- -j4 -l4
[4.588s] DEBUG:colcon.colcon_core.event_handler.log_command:Invoked command in '/home/ground/ugv_repo/OperationTouchdown/ugv_ws/build/depthai-ros' returned '0': CMAKE_PREFIX_PATH=/home/ground/ugv_repo/OperationTouchdown/ugv_ws/install/depthai_ros_driver:/home/ground/ugv_repo/OperationTouchdown/ugv_ws/install/depthai_examples:/home/ground/ugv_repo/OperationTouchdown/ugv_ws/install/depthai_filters:/home/ground/ugv_repo/OperationTouchdown/ugv_ws/install/depthai_bridge:/home/ground/ugv_repo/OperationTouchdown/ugv_ws/install/depthai_ros_msgs:/home/ground/ugv_repo/OperationTouchdown/ugv_ws/install/depthai_descriptions:/home/ground/ugv_repo/OperationTouchdown/ugv_ws/install/rplidar_ros:/home/ground/ugv_repo/OperationTouchdown/ugv_ws/install/roboteq_ros2_driver:/home/ground/ugv_repo/OperationTouchdown/ugv_ws/install/my_ugv_bringup:/home/ground/ugv_repo/OperationTouchdown/ugv_ws/install/my_ugv_description:/home/ground/ugv_repo/OperationTouchdown/ugv_ws/install/depthai-ros:/opt/ros/jazzy/opt/gz_sim_vendor:/opt/ros/jazzy/opt/gz_sensors_vendor:/opt/ros/jazzy/opt/gz_physics_vendor:/opt/ros/jazzy/opt/sdformat_vendor:/opt/ros/jazzy/opt/gz_gui_vendor:/opt/ros/jazzy/opt/gz_transport_vendor:/opt/ros/jazzy/opt/gz_rendering_vendor:/opt/ros/jazzy/opt/gz_plugin_vendor:/opt/ros/jazzy/opt/gz_fuel_tools_vendor:/opt/ros/jazzy/opt/gz_msgs_vendor:/opt/ros/jazzy/opt/gz_common_vendor:/opt/ros/jazzy/opt/gz_math_vendor:/opt/ros/jazzy/opt/gz_utils_vendor:/opt/ros/jazzy/opt/gz_tools_vendor:/opt/ros/jazzy/opt/gz_ogre_next_vendor:/opt/ros/jazzy/opt/gz_dartsim_vendor:/opt/ros/jazzy/opt/gz_cmake_vendor:/home/ground/ugv_repo/OperationTouchdown/ugv_ws/install/my_ugv_vision:/home/ground/ugv_repo/OperationTouchdown/ugv_ws/install/my_ugv_hardware:/opt/ros/jazzy DEBUGINFOD_URLS=https://debuginfod.ubuntu.com GAZEBO_MODEL_PATH=/home/ground/ugv_repo/OperationTouchdown/ugv_ws/install/depthai_descriptions:${GAZEBO_MODEL_PATH} GAZEBO_RESOURCE_PATH=/home/ground/ugv_repo/OperationTouchdown/ugv_ws/install/depthai_descriptions:${GAZEBO_RESOURCE_PATH} IGN_GAZEBO_MODEL_PATH=/home/ground/ugv_repo/OperationTouchdown/ugv_ws/install/depthai_descriptions:${IGN_GAZEBO_MODEL_PATH} IGN_GAZEBO_RESOURCE_PATH=/home/ground/ugv_repo/OperationTouchdown/ugv_ws/install/depthai_descriptions:${IGN_GAZEBO_RESOURCE_PATH} PYTHONPATH=/home/ground/ugv_repo/OperationTouchdown/ugv_ws/install/depthai_ros_driver/lib/python3.12/site-packages:/home/ground/ugv_repo/OperationTouchdown/ugv_ws/install/depthai_ros_msgs/lib/python3.12/site-packages:/home/ground/ugv_repo/OperationTouchdown/ugv_ws/build/my_ugv_vision:/home/ground/ugv_repo/OperationTouchdown/ugv_ws/install/my_ugv_vision/lib/python3.12/site-packages:/home/ground/ugv_repo/OperationTouchdown/ugv_ws/build/my_ugv_hardware:/home/ground/ugv_repo/OperationTouchdown/ugv_ws/install/my_ugv_hardware/lib/python3.12/site-packages:/opt/ros/jazzy/lib/python3.12/site-packages /usr/bin/cmake --build /home/ground/ugv_repo/OperationTouchdown/ugv_ws/build/depthai-ros -- -j4 -l4
[4.589s] DEBUG:colcon.colcon_core.event_handler.log_command:Invoking command in '/home/ground/ugv_repo/OperationTouchdown/ugv_ws/build/depthai-ros': CMAKE_PREFIX_PATH=/home/ground/ugv_repo/OperationTouchdown/ugv_ws/install/depthai_ros_driver:/home/ground/ugv_repo/OperationTouchdown/ugv_ws/install/depthai_examples:/home/ground/ugv_repo/OperationTouchdown/ugv_ws/install/depthai_filters:/home/ground/ugv_repo/OperationTouchdown/ugv_ws/install/depthai_bridge:/home/ground/ugv_repo/OperationTouchdown/ugv_ws/install/depthai_ros_msgs:/home/ground/ugv_repo/OperationTouchdown/ugv_ws/install/depthai_descriptions:/home/ground/ugv_repo/OperationTouchdown/ugv_ws/install/rplidar_ros:/home/ground/ugv_repo/OperationTouchdown/ugv_ws/install/roboteq_ros2_driver:/home/ground/ugv_repo/OperationTouchdown/ugv_ws/install/my_ugv_bringup:/home/ground/ugv_repo/OperationTouchdown/ugv_ws/install/my_ugv_description:/home/ground/ugv_repo/OperationTouchdown/ugv_ws/install/depthai-ros:/opt/ros/jazzy/opt/gz_sim_vendor:/opt/ros/jazzy/opt/gz_sensors_vendor:/opt/ros/jazzy/opt/gz_physics_vendor:/opt/ros/jazzy/opt/sdformat_vendor:/opt/ros/jazzy/opt/gz_gui_vendor:/opt/ros/jazzy/opt/gz_transport_vendor:/opt/ros/jazzy/opt/gz_rendering_vendor:/opt/ros/jazzy/opt/gz_plugin_vendor:/opt/ros/jazzy/opt/gz_fuel_tools_vendor:/opt/ros/jazzy/opt/gz_msgs_vendor:/opt/ros/jazzy/opt/gz_common_vendor:/opt/ros/jazzy/opt/gz_math_vendor:/opt/ros/jazzy/opt/gz_utils_vendor:/opt/ros/jazzy/opt/gz_tools_vendor:/opt/ros/jazzy/opt/gz_ogre_next_vendor:/opt/ros/jazzy/opt/gz_dartsim_vendor:/opt/ros/jazzy/opt/gz_cmake_vendor:/home/ground/ugv_repo/OperationTouchdown/ugv_ws/install/my_ugv_vision:/home/ground/ugv_repo/OperationTouchdown/ugv_ws/install/my_ugv_hardware:/opt/ros/jazzy DEBUGINFOD_URLS=https://debuginfod.ubuntu.com GAZEBO_MODEL_PATH=/home/ground/ugv_repo/OperationTouchdown/ugv_ws/install/depthai_descriptions:${GAZEBO_MODEL_PATH} GAZEBO_RESOURCE_PATH=/home/ground/ugv_repo/OperationTouchdown/ugv_ws/install/depthai_descriptions:${GAZEBO_RESOURCE_PATH} IGN_GAZEBO_MODEL_PATH=/home/ground/ugv_repo/OperationTouchdown/ugv_ws/install/depthai_descriptions:${IGN_GAZEBO_MODEL_PATH} IGN_GAZEBO_RESOURCE_PATH=/home/ground/ugv_repo/OperationTouchdown/ugv_ws/install/depthai_descriptions:${IGN_GAZEBO_RESOURCE_PATH} PYTHONPATH=/home/ground/ugv_repo/OperationTouchdown/ugv_ws/install/depthai_ros_driver/lib/python3.12/site-packages:/home/ground/ugv_repo/OperationTouchdown/ugv_ws/install/depthai_ros_msgs/lib/python3.12/site-packages:/home/ground/ugv_repo/OperationTouchdown/ugv_ws/build/my_ugv_vision:/home/ground/ugv_repo/OperationTouchdown/ugv_ws/install/my_ugv_vision/lib/python3.12/site-packages:/home/ground/ugv_repo/OperationTouchdown/ugv_ws/build/my_ugv_hardware:/home/ground/ugv_repo/OperationTouchdown/ugv_ws/install/my_ugv_hardware/lib/python3.12/site-packages:/opt/ros/jazzy/lib/python3.12/site-packages /usr/bin/cmake --install /home/ground/ugv_repo/OperationTouchdown/ugv_ws/build/depthai-ros
[4.590s] Level 1:colcon.colcon_core.shell:create_environment_hook('my_ugv_vision', 'pythonpath_develop')
[4.590s] INFO:colcon.colcon_core.shell:Creating environment hook '/home/ground/ugv_repo/OperationTouchdown/ugv_ws/build/my_ugv_vision/share/my_ugv_vision/hook/pythonpath_develop.ps1'
[4.591s] DEBUG:colcon.colcon_core.event_handler.log_command:Invoked command in '/home/ground/ugv_repo/OperationTouchdown/ugv_ws/build/my_ugv_vision' returned '0': DEBUGINFOD_URLS=https://debuginfod.ubuntu.com PYTHONPATH=/home/ground/ugv_repo/OperationTouchdown/ugv_ws/build/my_ugv_vision/prefix_override:/usr/lib/python3/dist-packages/colcon_core/task/python/colcon_distutils_commands:/home/ground/ugv_repo/OperationTouchdown/ugv_ws/install/my_ugv_vision/lib/python3.12/site-packages:${PYTHONPATH} /usr/bin/python3 -W ignore:setup.py install is deprecated -W ignore:easy_install command is deprecated setup.py develop --editable --build-directory /home/ground/ugv_repo/OperationTouchdown/ugv_ws/build/my_ugv_vision/build --no-deps symlink_data
[4.592s] INFO:colcon.colcon_core.shell:Creating environment descriptor '/home/ground/ugv_repo/OperationTouchdown/ugv_ws/build/my_ugv_vision/share/my_ugv_vision/hook/pythonpath_develop.dsv'
[4.592s] INFO:colcon.colcon_core.shell:Creating environment hook '/home/ground/ugv_repo/OperationTouchdown/ugv_ws/build/my_ugv_vision/share/my_ugv_vision/hook/pythonpath_develop.sh'
[4.594s] Level 1:colcon.colcon_core.environment:checking '/home/ground/ugv_repo/OperationTouchdown/ugv_ws/install/my_ugv_vision' for CMake module files
[4.594s] Level 1:colcon.colcon_core.environment:checking '/home/ground/ugv_repo/OperationTouchdown/ugv_ws/install/my_ugv_vision' for CMake config files
[4.595s] Level 1:colcon.colcon_core.environment:checking '/home/ground/ugv_repo/OperationTouchdown/ugv_ws/install/my_ugv_vision/lib'
[4.595s] Level 1:colcon.colcon_core.environment:checking '/home/ground/ugv_repo/OperationTouchdown/ugv_ws/install/my_ugv_vision/bin'
[4.595s] Level 1:colcon.colcon_core.environment:checking '/home/ground/ugv_repo/OperationTouchdown/ugv_ws/install/my_ugv_vision/lib/pkgconfig/my_ugv_vision.pc'
[4.596s] Level 1:colcon.colcon_core.environment:checking '/home/ground/ugv_repo/OperationTouchdown/ugv_ws/install/my_ugv_vision/lib/python3.12/site-packages'
[4.596s] Level 1:colcon.colcon_core.shell:create_environment_hook('my_ugv_vision', 'pythonpath')
[4.596s] INFO:colcon.colcon_core.shell:Creating environment hook '/home/ground/ugv_repo/OperationTouchdown/ugv_ws/install/my_ugv_vision/share/my_ugv_vision/hook/pythonpath.ps1'
[4.597s] INFO:colcon.colcon_core.shell:Creating environment descriptor '/home/ground/ugv_repo/OperationTouchdown/ugv_ws/install/my_ugv_vision/share/my_ugv_vision/hook/pythonpath.dsv'
[4.598s] INFO:colcon.colcon_core.shell:Creating environment hook '/home/ground/ugv_repo/OperationTouchdown/ugv_ws/install/my_ugv_vision/share/my_ugv_vision/hook/pythonpath.sh'
[4.600s] Level 1:colcon.colcon_core.environment:checking '/home/ground/ugv_repo/OperationTouchdown/ugv_ws/install/my_ugv_vision/bin'
[4.600s] Level 1:colcon.colcon_core.environment:create_environment_scripts_only(my_ugv_vision)
[4.601s] INFO:colcon.colcon_core.shell:Creating package script '/home/ground/ugv_repo/OperationTouchdown/ugv_ws/install/my_ugv_vision/share/my_ugv_vision/package.ps1'
[4.602s] INFO:colcon.colcon_core.shell:Creating package descriptor '/home/ground/ugv_repo/OperationTouchdown/ugv_ws/install/my_ugv_vision/share/my_ugv_vision/package.dsv'
[4.603s] INFO:colcon.colcon_core.shell:Creating package script '/home/ground/ugv_repo/OperationTouchdown/ugv_ws/install/my_ugv_vision/share/my_ugv_vision/package.sh'
[4.604s] INFO:colcon.colcon_core.shell:Creating package script '/home/ground/ugv_repo/OperationTouchdown/ugv_ws/install/my_ugv_vision/share/my_ugv_vision/package.bash'
[4.605s] INFO:colcon.colcon_core.shell:Creating package script '/home/ground/ugv_repo/OperationTouchdown/ugv_ws/install/my_ugv_vision/share/my_ugv_vision/package.zsh'
[4.606s] Level 1:colcon.colcon_core.environment:create_file_with_runtime_dependencies(/home/ground/ugv_repo/OperationTouchdown/ugv_ws/install/my_ugv_vision/share/colcon-core/packages/my_ugv_vision)
[4.637s] Level 1:colcon.colcon_core.environment:create_environment_scripts_only(depthai-ros)
[4.638s] Level 1:colcon.colcon_core.environment:checking '/home/ground/ugv_repo/OperationTouchdown/ugv_ws/install/depthai-ros' for CMake module files
[4.640s] Level 1:colcon.colcon_core.environment:checking '/home/ground/ugv_repo/OperationTouchdown/ugv_ws/install/depthai-ros' for CMake config files
[4.640s] Level 1:colcon.colcon_core.shell:create_environment_hook('depthai-ros', 'cmake_prefix_path')
[4.641s] INFO:colcon.colcon_core.shell:Creating environment hook '/home/ground/ugv_repo/OperationTouchdown/ugv_ws/install/depthai-ros/share/depthai-ros/hook/cmake_prefix_path.ps1'
[4.642s] DEBUG:colcon.colcon_core.event_handler.log_command:Invoked command in '/home/ground/ugv_repo/OperationTouchdown/ugv_ws/build/depthai-ros' returned '0': CMAKE_PREFIX_PATH=/home/ground/ugv_repo/OperationTouchdown/ugv_ws/install/depthai_ros_driver:/home/ground/ugv_repo/OperationTouchdown/ugv_ws/install/depthai_examples:/home/ground/ugv_repo/OperationTouchdown/ugv_ws/install/depthai_filters:/home/ground/ugv_repo/OperationTouchdown/ugv_ws/install/depthai_bridge:/home/ground/ugv_repo/OperationTouchdown/ugv_ws/install/depthai_ros_msgs:/home/ground/ugv_repo/OperationTouchdown/ugv_ws/install/depthai_descriptions:/home/ground/ugv_repo/OperationTouchdown/ugv_ws/install/rplidar_ros:/home/ground/ugv_repo/OperationTouchdown/ugv_ws/install/roboteq_ros2_driver:/home/ground/ugv_repo/OperationTouchdown/ugv_ws/install/my_ugv_bringup:/home/ground/ugv_repo/OperationTouchdown/ugv_ws/install/my_ugv_description:/home/ground/ugv_repo/OperationTouchdown/ugv_ws/install/depthai-ros:/opt/ros/jazzy/opt/gz_sim_vendor:/opt/ros/jazzy/opt/gz_sensors_vendor:/opt/ros/jazzy/opt/gz_physics_vendor:/opt/ros/jazzy/opt/sdformat_vendor:/opt/ros/jazzy/opt/gz_gui_vendor:/opt/ros/jazzy/opt/gz_transport_vendor:/opt/ros/jazzy/opt/gz_rendering_vendor:/opt/ros/jazzy/opt/gz_plugin_vendor:/opt/ros/jazzy/opt/gz_fuel_tools_vendor:/opt/ros/jazzy/opt/gz_msgs_vendor:/opt/ros/jazzy/opt/gz_common_vendor:/opt/ros/jazzy/opt/gz_math_vendor:/opt/ros/jazzy/opt/gz_utils_vendor:/opt/ros/jazzy/opt/gz_tools_vendor:/opt/ros/jazzy/opt/gz_ogre_next_vendor:/opt/ros/jazzy/opt/gz_dartsim_vendor:/opt/ros/jazzy/opt/gz_cmake_vendor:/home/ground/ugv_repo/OperationTouchdown/ugv_ws/install/my_ugv_vision:/home/ground/ugv_repo/OperationTouchdown/ugv_ws/install/my_ugv_hardware:/opt/ros/jazzy DEBUGINFOD_URLS=https://debuginfod.ubuntu.com GAZEBO_MODEL_PATH=/home/ground/ugv_repo/OperationTouchdown/ugv_ws/install/depthai_descriptions:${GAZEBO_MODEL_PATH} GAZEBO_RESOURCE_PATH=/home/ground/ugv_repo/OperationTouchdown/ugv_ws/install/depthai_descriptions:${GAZEBO_RESOURCE_PATH} IGN_GAZEBO_MODEL_PATH=/home/ground/ugv_repo/OperationTouchdown/ugv_ws/install/depthai_descriptions:${IGN_GAZEBO_MODEL_PATH} IGN_GAZEBO_RESOURCE_PATH=/home/ground/ugv_repo/OperationTouchdown/ugv_ws/install/depthai_descriptions:${IGN_GAZEBO_RESOURCE_PATH} PYTHONPATH=/home/ground/ugv_repo/OperationTouchdown/ugv_ws/install/depthai_ros_driver/lib/python3.12/site-packages:/home/ground/ugv_repo/OperationTouchdown/ugv_ws/install/depthai_ros_msgs/lib/python3.12/site-packages:/home/ground/ugv_repo/OperationTouchdown/ugv_ws/build/my_ugv_vision:/home/ground/ugv_repo/OperationTouchdown/ugv_ws/install/my_ugv_vision/lib/python3.12/site-packages:/home/ground/ugv_repo/OperationTouchdown/ugv_ws/build/my_ugv_hardware:/home/ground/ugv_repo/OperationTouchdown/ugv_ws/install/my_ugv_hardware/lib/python3.12/site-packages:/opt/ros/jazzy/lib/python3.12/site-packages /usr/bin/cmake --install /home/ground/ugv_repo/OperationTouchdown/ugv_ws/build/depthai-ros
[4.642s] INFO:colcon.colcon_core.shell:Creating environment descriptor '/home/ground/ugv_repo/OperationTouchdown/ugv_ws/install/depthai-ros/share/depthai-ros/hook/cmake_prefix_path.dsv'
[4.643s] INFO:colcon.colcon_core.shell:Creating environment hook '/home/ground/ugv_repo/OperationTouchdown/ugv_ws/install/depthai-ros/share/depthai-ros/hook/cmake_prefix_path.sh'
[4.644s] Level 1:colcon.colcon_core.environment:checking '/home/ground/ugv_repo/OperationTouchdown/ugv_ws/install/depthai-ros/bin'
[4.644s] Level 1:colcon.colcon_core.environment:checking '/home/ground/ugv_repo/OperationTouchdown/ugv_ws/install/depthai-ros/lib/pkgconfig/depthai-ros.pc'
[4.645s] Level 1:colcon.colcon_core.environment:checking '/home/ground/ugv_repo/OperationTouchdown/ugv_ws/install/depthai-ros/lib/python3.12/site-packages'
[4.646s] Level 1:colcon.colcon_core.environment:checking '/home/ground/ugv_repo/OperationTouchdown/ugv_ws/install/depthai-ros/bin'
[4.647s] INFO:colcon.colcon_core.shell:Creating package script '/home/ground/ugv_repo/OperationTouchdown/ugv_ws/install/depthai-ros/share/depthai-ros/package.ps1'
[4.648s] INFO:colcon.colcon_core.shell:Creating package descriptor '/home/ground/ugv_repo/OperationTouchdown/ugv_ws/install/depthai-ros/share/depthai-ros/package.dsv'
[4.649s] INFO:colcon.colcon_core.shell:Creating package script '/home/ground/ugv_repo/OperationTouchdown/ugv_ws/install/depthai-ros/share/depthai-ros/package.sh'
[4.651s] INFO:colcon.colcon_core.shell:Creating package script '/home/ground/ugv_repo/OperationTouchdown/ugv_ws/install/depthai-ros/share/depthai-ros/package.bash'
[4.652s] INFO:colcon.colcon_core.shell:Creating package script '/home/ground/ugv_repo/OperationTouchdown/ugv_ws/install/depthai-ros/share/depthai-ros/package.zsh'
[4.652s] Level 1:colcon.colcon_core.environment:create_file_with_runtime_dependencies(/home/ground/ugv_repo/OperationTouchdown/ugv_ws/install/depthai-ros/share/colcon-core/packages/depthai-ros)
[4.654s] Level 1:colcon.colcon_core.environment:create_environment_scripts_only(depthai-ros)
[4.654s] Level 1:colcon.colcon_core.environment:checking '/home/ground/ugv_repo/OperationTouchdown/ugv_ws/install/depthai-ros' for CMake module files
[4.655s] Level 1:colcon.colcon_core.environment:checking '/home/ground/ugv_repo/OperationTouchdown/ugv_ws/install/depthai-ros' for CMake config files
[4.655s] Level 1:colcon.colcon_core.shell:create_environment_hook('depthai-ros', 'cmake_prefix_path')
[4.655s] INFO:colcon.colcon_core.shell:Creating environment hook '/home/ground/ugv_repo/OperationTouchdown/ugv_ws/install/depthai-ros/share/depthai-ros/hook/cmake_prefix_path.ps1'
[4.656s] INFO:colcon.colcon_core.shell:Creating environment descriptor '/home/ground/ugv_repo/OperationTouchdown/ugv_ws/install/depthai-ros/share/depthai-ros/hook/cmake_prefix_path.dsv'
[4.657s] INFO:colcon.colcon_core.shell:Creating environment hook '/home/ground/ugv_repo/OperationTouchdown/ugv_ws/install/depthai-ros/share/depthai-ros/hook/cmake_prefix_path.sh'
[4.658s] Level 1:colcon.colcon_core.environment:checking '/home/ground/ugv_repo/OperationTouchdown/ugv_ws/install/depthai-ros/bin'
[4.658s] Level 1:colcon.colcon_core.environment:checking '/home/ground/ugv_repo/OperationTouchdown/ugv_ws/install/depthai-ros/lib/pkgconfig/depthai-ros.pc'
[4.658s] Level 1:colcon.colcon_core.environment:checking '/home/ground/ugv_repo/OperationTouchdown/ugv_ws/install/depthai-ros/lib/python3.12/site-packages'
[4.659s] Level 1:colcon.colcon_core.environment:checking '/home/ground/ugv_repo/OperationTouchdown/ugv_ws/install/depthai-ros/bin'
[4.659s] INFO:colcon.colcon_core.shell:Creating package script '/home/ground/ugv_repo/OperationTouchdown/ugv_ws/install/depthai-ros/share/depthai-ros/package.ps1'
[4.661s] INFO:colcon.colcon_core.shell:Creating package descriptor '/home/ground/ugv_repo/OperationTouchdown/ugv_ws/install/depthai-ros/share/depthai-ros/package.dsv'
[4.662s] INFO:colcon.colcon_core.shell:Creating package script '/home/ground/ugv_repo/OperationTouchdown/ugv_ws/install/depthai-ros/share/depthai-ros/package.sh'
[4.663s] INFO:colcon.colcon_core.shell:Creating package script '/home/ground/ugv_repo/OperationTouchdown/ugv_ws/install/depthai-ros/share/depthai-ros/package.bash'
[4.663s] INFO:colcon.colcon_core.shell:Creating package script '/home/ground/ugv_repo/OperationTouchdown/ugv_ws/install/depthai-ros/share/depthai-ros/package.zsh'
[4.664s] Level 1:colcon.colcon_core.environment:create_file_with_runtime_dependencies(/home/ground/ugv_repo/OperationTouchdown/ugv_ws/install/depthai-ros/share/colcon-core/packages/depthai-ros)
[4.858s] DEBUG:colcon.colcon_core.event_handler.log_command:Invoked command in '/home/ground/ugv_repo/OperationTouchdown/ugv_ws/build/my_ugv_bringup' returned '0': AMENT_PREFIX_PATH=/home/ground/ugv_repo/OperationTouchdown/ugv_ws/install/my_ugv_hardware:/home/ground/ugv_repo/OperationTouchdown/ugv_ws/install/rplidar_ros:/home/ground/ugv_repo/OperationTouchdown/ugv_ws/install/roboteq_ros2_driver:/home/ground/ugv_repo/OperationTouchdown/ugv_ws/install/my_ugv_vision:/home/ground/ugv_repo/OperationTouchdown/ugv_ws/install/my_ugv_bringup:/home/ground/ugv_repo/OperationTouchdown/ugv_ws/install/my_ugv_description:/home/ground/ugv_repo/OperationTouchdown/ugv_ws/install/depthai-ros:/home/ground/ugv_repo/OperationTouchdown/ugv_ws/install/depthai_ros_driver:/home/ground/ugv_repo/OperationTouchdown/ugv_ws/install/depthai_filters:/home/ground/ugv_repo/OperationTouchdown/ugv_ws/install/depthai_examples:/home/ground/ugv_repo/OperationTouchdown/ugv_ws/install/depthai_bridge:/home/ground/ugv_repo/OperationTouchdown/ugv_ws/install/depthai_ros_msgs:/home/ground/ugv_repo/OperationTouchdown/ugv_ws/install/depthai_descriptions:/opt/ros/jazzy CMAKE_PREFIX_PATH=/home/ground/ugv_repo/OperationTouchdown/ugv_ws/install/my_ugv_description:/home/ground/ugv_repo/OperationTouchdown/ugv_ws/install/rplidar_ros:/home/ground/ugv_repo/OperationTouchdown/ugv_ws/install/roboteq_ros2_driver:/home/ground/ugv_repo/OperationTouchdown/ugv_ws/install/my_ugv_bringup:/home/ground/ugv_repo/OperationTouchdown/ugv_ws/install/depthai-ros:/home/ground/ugv_repo/OperationTouchdown/ugv_ws/install/depthai_ros_driver:/home/ground/ugv_repo/OperationTouchdown/ugv_ws/install/depthai_filters:/home/ground/ugv_repo/OperationTouchdown/ugv_ws/install/depthai_examples:/home/ground/ugv_repo/OperationTouchdown/ugv_ws/install/depthai_bridge:/home/ground/ugv_repo/OperationTouchdown/ugv_ws/install/depthai_ros_msgs:/home/ground/ugv_repo/OperationTouchdown/ugv_ws/install/depthai_descriptions:/opt/ros/jazzy/opt/gz_sim_vendor:/opt/ros/jazzy/opt/gz_sensors_vendor:/opt/ros/jazzy/opt/gz_physics_vendor:/opt/ros/jazzy/opt/sdformat_vendor:/opt/ros/jazzy/opt/gz_gui_vendor:/opt/ros/jazzy/opt/gz_transport_vendor:/opt/ros/jazzy/opt/gz_rendering_vendor:/opt/ros/jazzy/opt/gz_plugin_vendor:/opt/ros/jazzy/opt/gz_fuel_tools_vendor:/opt/ros/jazzy/opt/gz_msgs_vendor:/opt/ros/jazzy/opt/gz_common_vendor:/opt/ros/jazzy/opt/gz_math_vendor:/opt/ros/jazzy/opt/gz_utils_vendor:/opt/ros/jazzy/opt/gz_tools_vendor:/opt/ros/jazzy/opt/gz_ogre_next_vendor:/opt/ros/jazzy/opt/gz_dartsim_vendor:/opt/ros/jazzy/opt/gz_cmake_vendor:/home/ground/ugv_repo/OperationTouchdown/ugv_ws/install/my_ugv_vision:/home/ground/ugv_repo/OperationTouchdown/ugv_ws/install/my_ugv_hardware:/opt/ros/jazzy DEBUGINFOD_URLS=https://debuginfod.ubuntu.com PYTHONPATH=/home/ground/ugv_repo/OperationTouchdown/ugv_ws/build/my_ugv_hardware:/home/ground/ugv_repo/OperationTouchdown/ugv_ws/install/my_ugv_hardware/lib/python3.12/site-packages:/home/ground/ugv_repo/OperationTouchdown/ugv_ws/build/my_ugv_vision:/home/ground/ugv_repo/OperationTouchdown/ugv_ws/install/my_ugv_vision/lib/python3.12/site-packages:/home/ground/ugv_repo/OperationTouchdown/ugv_ws/install/depthai_ros_driver/lib/python3.12/site-packages:/home/ground/ugv_repo/OperationTouchdown/ugv_ws/install/depthai_ros_msgs/lib/python3.12/site-packages:/opt/ros/jazzy/lib/python3.12/site-packages /usr/bin/cmake /home/ground/ugv_repo/OperationTouchdown/ugv_ws/src/my_ugv_bringup -DAMENT_CMAKE_SYMLINK_INSTALL=1 -DCMAKE_INSTALL_PREFIX=/home/ground/ugv_repo/OperationTouchdown/ugv_ws/install/my_ugv_bringup
[4.860s] DEBUG:colcon.colcon_core.event_handler.log_command:Invoking command in '/home/ground/ugv_repo/OperationTouchdown/ugv_ws/build/my_ugv_bringup': AMENT_PREFIX_PATH=/home/ground/ugv_repo/OperationTouchdown/ugv_ws/install/my_ugv_hardware:/home/ground/ugv_repo/OperationTouchdown/ugv_ws/install/rplidar_ros:/home/ground/ugv_repo/OperationTouchdown/ugv_ws/install/roboteq_ros2_driver:/home/ground/ugv_repo/OperationTouchdown/ugv_ws/install/my_ugv_vision:/home/ground/ugv_repo/OperationTouchdown/ugv_ws/install/my_ugv_bringup:/home/ground/ugv_repo/OperationTouchdown/ugv_ws/install/my_ugv_description:/home/ground/ugv_repo/OperationTouchdown/ugv_ws/install/depthai-ros:/home/ground/ugv_repo/OperationTouchdown/ugv_ws/install/depthai_ros_driver:/home/ground/ugv_repo/OperationTouchdown/ugv_ws/install/depthai_filters:/home/ground/ugv_repo/OperationTouchdown/ugv_ws/install/depthai_examples:/home/ground/ugv_repo/OperationTouchdown/ugv_ws/install/depthai_bridge:/home/ground/ugv_repo/OperationTouchdown/ugv_ws/install/depthai_ros_msgs:/home/ground/ugv_repo/OperationTouchdown/ugv_ws/install/depthai_descriptions:/opt/ros/jazzy CMAKE_PREFIX_PATH=/home/ground/ugv_repo/OperationTouchdown/ugv_ws/install/my_ugv_description:/home/ground/ugv_repo/OperationTouchdown/ugv_ws/install/rplidar_ros:/home/ground/ugv_repo/OperationTouchdown/ugv_ws/install/roboteq_ros2_driver:/home/ground/ugv_repo/OperationTouchdown/ugv_ws/install/my_ugv_bringup:/home/ground/ugv_repo/OperationTouchdown/ugv_ws/install/depthai-ros:/home/ground/ugv_repo/OperationTouchdown/ugv_ws/install/depthai_ros_driver:/home/ground/ugv_repo/OperationTouchdown/ugv_ws/install/depthai_filters:/home/ground/ugv_repo/OperationTouchdown/ugv_ws/install/depthai_examples:/home/ground/ugv_repo/OperationTouchdown/ugv_ws/install/depthai_bridge:/home/ground/ugv_repo/OperationTouchdown/ugv_ws/install/depthai_ros_msgs:/home/ground/ugv_repo/OperationTouchdown/ugv_ws/install/depthai_descriptions:/opt/ros/jazzy/opt/gz_sim_vendor:/opt/ros/jazzy/opt/gz_sensors_vendor:/opt/ros/jazzy/opt/gz_physics_vendor:/opt/ros/jazzy/opt/sdformat_vendor:/opt/ros/jazzy/opt/gz_gui_vendor:/opt/ros/jazzy/opt/gz_transport_vendor:/opt/ros/jazzy/opt/gz_rendering_vendor:/opt/ros/jazzy/opt/gz_plugin_vendor:/opt/ros/jazzy/opt/gz_fuel_tools_vendor:/opt/ros/jazzy/opt/gz_msgs_vendor:/opt/ros/jazzy/opt/gz_common_vendor:/opt/ros/jazzy/opt/gz_math_vendor:/opt/ros/jazzy/opt/gz_utils_vendor:/opt/ros/jazzy/opt/gz_tools_vendor:/opt/ros/jazzy/opt/gz_ogre_next_vendor:/opt/ros/jazzy/opt/gz_dartsim_vendor:/opt/ros/jazzy/opt/gz_cmake_vendor:/home/ground/ugv_repo/OperationTouchdown/ugv_ws/install/my_ugv_vision:/home/ground/ugv_repo/OperationTouchdown/ugv_ws/install/my_ugv_hardware:/opt/ros/jazzy DEBUGINFOD_URLS=https://debuginfod.ubuntu.com PYTHONPATH=/home/ground/ugv_repo/OperationTouchdown/ugv_ws/build/my_ugv_hardware:/home/ground/ugv_repo/OperationTouchdown/ugv_ws/install/my_ugv_hardware/lib/python3.12/site-packages:/home/ground/ugv_repo/OperationTouchdown/ugv_ws/build/my_ugv_vision:/home/ground/ugv_repo/OperationTouchdown/ugv_ws/install/my_ugv_vision/lib/python3.12/site-packages:/home/ground/ugv_repo/OperationTouchdown/ugv_ws/install/depthai_ros_driver/lib/python3.12/site-packages:/home/ground/ugv_repo/OperationTouchdown/ugv_ws/install/depthai_ros_msgs/lib/python3.12/site-packages:/opt/ros/jazzy/lib/python3.12/site-packages /usr/bin/cmake --build /home/ground/ugv_repo/OperationTouchdown/ugv_ws/build/my_ugv_bringup -- -j4 -l4
[4.940s] DEBUG:colcon.colcon_core.event_handler.log_command:Invoked command in '/home/ground/ugv_repo/OperationTouchdown/ugv_ws/build/my_ugv_bringup' returned '0': AMENT_PREFIX_PATH=/home/ground/ugv_repo/OperationTouchdown/ugv_ws/install/my_ugv_hardware:/home/ground/ugv_repo/OperationTouchdown/ugv_ws/install/rplidar_ros:/home/ground/ugv_repo/OperationTouchdown/ugv_ws/install/roboteq_ros2_driver:/home/ground/ugv_repo/OperationTouchdown/ugv_ws/install/my_ugv_vision:/home/ground/ugv_repo/OperationTouchdown/ugv_ws/install/my_ugv_bringup:/home/ground/ugv_repo/OperationTouchdown/ugv_ws/install/my_ugv_description:/home/ground/ugv_repo/OperationTouchdown/ugv_ws/install/depthai-ros:/home/ground/ugv_repo/OperationTouchdown/ugv_ws/install/depthai_ros_driver:/home/ground/ugv_repo/OperationTouchdown/ugv_ws/install/depthai_filters:/home/ground/ugv_repo/OperationTouchdown/ugv_ws/install/depthai_examples:/home/ground/ugv_repo/OperationTouchdown/ugv_ws/install/depthai_bridge:/home/ground/ugv_repo/OperationTouchdown/ugv_ws/install/depthai_ros_msgs:/home/ground/ugv_repo/OperationTouchdown/ugv_ws/install/depthai_descriptions:/opt/ros/jazzy CMAKE_PREFIX_PATH=/home/ground/ugv_repo/OperationTouchdown/ugv_ws/install/my_ugv_description:/home/ground/ugv_repo/OperationTouchdown/ugv_ws/install/rplidar_ros:/home/ground/ugv_repo/OperationTouchdown/ugv_ws/install/roboteq_ros2_driver:/home/ground/ugv_repo/OperationTouchdown/ugv_ws/install/my_ugv_bringup:/home/ground/ugv_repo/OperationTouchdown/ugv_ws/install/depthai-ros:/home/ground/ugv_repo/OperationTouchdown/ugv_ws/install/depthai_ros_driver:/home/ground/ugv_repo/OperationTouchdown/ugv_ws/install/depthai_filters:/home/ground/ugv_repo/OperationTouchdown/ugv_ws/install/depthai_examples:/home/ground/ugv_repo/OperationTouchdown/ugv_ws/install/depthai_bridge:/home/ground/ugv_repo/OperationTouchdown/ugv_ws/install/depthai_ros_msgs:/home/ground/ugv_repo/OperationTouchdown/ugv_ws/install/depthai_descriptions:/opt/ros/jazzy/opt/gz_sim_vendor:/opt/ros/jazzy/opt/gz_sensors_vendor:/opt/ros/jazzy/opt/gz_physics_vendor:/opt/ros/jazzy/opt/sdformat_vendor:/opt/ros/jazzy/opt/gz_gui_vendor:/opt/ros/jazzy/opt/gz_transport_vendor:/opt/ros/jazzy/opt/gz_rendering_vendor:/opt/ros/jazzy/opt/gz_plugin_vendor:/opt/ros/jazzy/opt/gz_fuel_tools_vendor:/opt/ros/jazzy/opt/gz_msgs_vendor:/opt/ros/jazzy/opt/gz_common_vendor:/opt/ros/jazzy/opt/gz_math_vendor:/opt/ros/jazzy/opt/gz_utils_vendor:/opt/ros/jazzy/opt/gz_tools_vendor:/opt/ros/jazzy/opt/gz_ogre_next_vendor:/opt/ros/jazzy/opt/gz_dartsim_vendor:/opt/ros/jazzy/opt/gz_cmake_vendor:/home/ground/ugv_repo/OperationTouchdown/ugv_ws/install/my_ugv_vision:/home/ground/ugv_repo/OperationTouchdown/ugv_ws/install/my_ugv_hardware:/opt/ros/jazzy DEBUGINFOD_URLS=https://debuginfod.ubuntu.com PYTHONPATH=/home/ground/ugv_repo/OperationTouchdown/ugv_ws/build/my_ugv_hardware:/home/ground/ugv_repo/OperationTouchdown/ugv_ws/install/my_ugv_hardware/lib/python3.12/site-packages:/home/ground/ugv_repo/OperationTouchdown/ugv_ws/build/my_ugv_vision:/home/ground/ugv_repo/OperationTouchdown/ugv_ws/install/my_ugv_vision/lib/python3.12/site-packages:/home/ground/ugv_repo/OperationTouchdown/ugv_ws/install/depthai_ros_driver/lib/python3.12/site-packages:/home/ground/ugv_repo/OperationTouchdown/ugv_ws/install/depthai_ros_msgs/lib/python3.12/site-packages:/opt/ros/jazzy/lib/python3.12/site-packages /usr/bin/cmake --build /home/ground/ugv_repo/OperationTouchdown/ugv_ws/build/my_ugv_bringup -- -j4 -l4
[4.942s] DEBUG:colcon.colcon_core.event_handler.log_command:Invoking command in '/home/ground/ugv_repo/OperationTouchdown/ugv_ws/build/my_ugv_bringup': AMENT_PREFIX_PATH=/home/ground/ugv_repo/OperationTouchdown/ugv_ws/install/my_ugv_hardware:/home/ground/ugv_repo/OperationTouchdown/ugv_ws/install/rplidar_ros:/home/ground/ugv_repo/OperationTouchdown/ugv_ws/install/roboteq_ros2_driver:/home/ground/ugv_repo/OperationTouchdown/ugv_ws/install/my_ugv_vision:/home/ground/ugv_repo/OperationTouchdown/ugv_ws/install/my_ugv_bringup:/home/ground/ugv_repo/OperationTouchdown/ugv_ws/install/my_ugv_description:/home/ground/ugv_repo/OperationTouchdown/ugv_ws/install/depthai-ros:/home/ground/ugv_repo/OperationTouchdown/ugv_ws/install/depthai_ros_driver:/home/ground/ugv_repo/OperationTouchdown/ugv_ws/install/depthai_filters:/home/ground/ugv_repo/OperationTouchdown/ugv_ws/install/depthai_examples:/home/ground/ugv_repo/OperationTouchdown/ugv_ws/install/depthai_bridge:/home/ground/ugv_repo/OperationTouchdown/ugv_ws/install/depthai_ros_msgs:/home/ground/ugv_repo/OperationTouchdown/ugv_ws/install/depthai_descriptions:/opt/ros/jazzy CMAKE_PREFIX_PATH=/home/ground/ugv_repo/OperationTouchdown/ugv_ws/install/my_ugv_description:/home/ground/ugv_repo/OperationTouchdown/ugv_ws/install/rplidar_ros:/home/ground/ugv_repo/OperationTouchdown/ugv_ws/install/roboteq_ros2_driver:/home/ground/ugv_repo/OperationTouchdown/ugv_ws/install/my_ugv_bringup:/home/ground/ugv_repo/OperationTouchdown/ugv_ws/install/depthai-ros:/home/ground/ugv_repo/OperationTouchdown/ugv_ws/install/depthai_ros_driver:/home/ground/ugv_repo/OperationTouchdown/ugv_ws/install/depthai_filters:/home/ground/ugv_repo/OperationTouchdown/ugv_ws/install/depthai_examples:/home/ground/ugv_repo/OperationTouchdown/ugv_ws/install/depthai_bridge:/home/ground/ugv_repo/OperationTouchdown/ugv_ws/install/depthai_ros_msgs:/home/ground/ugv_repo/OperationTouchdown/ugv_ws/install/depthai_descriptions:/opt/ros/jazzy/opt/gz_sim_vendor:/opt/ros/jazzy/opt/gz_sensors_vendor:/opt/ros/jazzy/opt/gz_physics_vendor:/opt/ros/jazzy/opt/sdformat_vendor:/opt/ros/jazzy/opt/gz_gui_vendor:/opt/ros/jazzy/opt/gz_transport_vendor:/opt/ros/jazzy/opt/gz_rendering_vendor:/opt/ros/jazzy/opt/gz_plugin_vendor:/opt/ros/jazzy/opt/gz_fuel_tools_vendor:/opt/ros/jazzy/opt/gz_msgs_vendor:/opt/ros/jazzy/opt/gz_common_vendor:/opt/ros/jazzy/opt/gz_math_vendor:/opt/ros/jazzy/opt/gz_utils_vendor:/opt/ros/jazzy/opt/gz_tools_vendor:/opt/ros/jazzy/opt/gz_ogre_next_vendor:/opt/ros/jazzy/opt/gz_dartsim_vendor:/opt/ros/jazzy/opt/gz_cmake_vendor:/home/ground/ugv_repo/OperationTouchdown/ugv_ws/install/my_ugv_vision:/home/ground/ugv_repo/OperationTouchdown/ugv_ws/install/my_ugv_hardware:/opt/ros/jazzy DEBUGINFOD_URLS=https://debuginfod.ubuntu.com PYTHONPATH=/home/ground/ugv_repo/OperationTouchdown/ugv_ws/build/my_ugv_hardware:/home/ground/ugv_repo/OperationTouchdown/ugv_ws/install/my_ugv_hardware/lib/python3.12/site-packages:/home/ground/ugv_repo/OperationTouchdown/ugv_ws/build/my_ugv_vision:/home/ground/ugv_repo/OperationTouchdown/ugv_ws/install/my_ugv_vision/lib/python3.12/site-packages:/home/ground/ugv_repo/OperationTouchdown/ugv_ws/install/depthai_ros_driver/lib/python3.12/site-packages:/home/ground/ugv_repo/OperationTouchdown/ugv_ws/install/depthai_ros_msgs/lib/python3.12/site-packages:/opt/ros/jazzy/lib/python3.12/site-packages /usr/bin/cmake --install /home/ground/ugv_repo/OperationTouchdown/ugv_ws/build/my_ugv_bringup
[6.329s] Level 1:colcon.colcon_core.environment:create_environment_scripts_only(my_ugv_bringup)
[6.330s] Level 1:colcon.colcon_core.environment:checking '/home/ground/ugv_repo/OperationTouchdown/ugv_ws/install/my_ugv_bringup' for CMake module files
[6.331s] DEBUG:colcon.colcon_core.event_handler.log_command:Invoked command in '/home/ground/ugv_repo/OperationTouchdown/ugv_ws/build/my_ugv_bringup' returned '0': AMENT_PREFIX_PATH=/home/ground/ugv_repo/OperationTouchdown/ugv_ws/install/my_ugv_hardware:/home/ground/ugv_repo/OperationTouchdown/ugv_ws/install/rplidar_ros:/home/ground/ugv_repo/OperationTouchdown/ugv_ws/install/roboteq_ros2_driver:/home/ground/ugv_repo/OperationTouchdown/ugv_ws/install/my_ugv_vision:/home/ground/ugv_repo/OperationTouchdown/ugv_ws/install/my_ugv_bringup:/home/ground/ugv_repo/OperationTouchdown/ugv_ws/install/my_ugv_description:/home/ground/ugv_repo/OperationTouchdown/ugv_ws/install/depthai-ros:/home/ground/ugv_repo/OperationTouchdown/ugv_ws/install/depthai_ros_driver:/home/ground/ugv_repo/OperationTouchdown/ugv_ws/install/depthai_filters:/home/ground/ugv_repo/OperationTouchdown/ugv_ws/install/depthai_examples:/home/ground/ugv_repo/OperationTouchdown/ugv_ws/install/depthai_bridge:/home/ground/ugv_repo/OperationTouchdown/ugv_ws/install/depthai_ros_msgs:/home/ground/ugv_repo/OperationTouchdown/ugv_ws/install/depthai_descriptions:/opt/ros/jazzy CMAKE_PREFIX_PATH=/home/ground/ugv_repo/OperationTouchdown/ugv_ws/install/my_ugv_description:/home/ground/ugv_repo/OperationTouchdown/ugv_ws/install/rplidar_ros:/home/ground/ugv_repo/OperationTouchdown/ugv_ws/install/roboteq_ros2_driver:/home/ground/ugv_repo/OperationTouchdown/ugv_ws/install/my_ugv_bringup:/home/ground/ugv_repo/OperationTouchdown/ugv_ws/install/depthai-ros:/home/ground/ugv_repo/OperationTouchdown/ugv_ws/install/depthai_ros_driver:/home/ground/ugv_repo/OperationTouchdown/ugv_ws/install/depthai_filters:/home/ground/ugv_repo/OperationTouchdown/ugv_ws/install/depthai_examples:/home/ground/ugv_repo/OperationTouchdown/ugv_ws/install/depthai_bridge:/home/ground/ugv_repo/OperationTouchdown/ugv_ws/install/depthai_ros_msgs:/home/ground/ugv_repo/OperationTouchdown/ugv_ws/install/depthai_descriptions:/opt/ros/jazzy/opt/gz_sim_vendor:/opt/ros/jazzy/opt/gz_sensors_vendor:/opt/ros/jazzy/opt/gz_physics_vendor:/opt/ros/jazzy/opt/sdformat_vendor:/opt/ros/jazzy/opt/gz_gui_vendor:/opt/ros/jazzy/opt/gz_transport_vendor:/opt/ros/jazzy/opt/gz_rendering_vendor:/opt/ros/jazzy/opt/gz_plugin_vendor:/opt/ros/jazzy/opt/gz_fuel_tools_vendor:/opt/ros/jazzy/opt/gz_msgs_vendor:/opt/ros/jazzy/opt/gz_common_vendor:/opt/ros/jazzy/opt/gz_math_vendor:/opt/ros/jazzy/opt/gz_utils_vendor:/opt/ros/jazzy/opt/gz_tools_vendor:/opt/ros/jazzy/opt/gz_ogre_next_vendor:/opt/ros/jazzy/opt/gz_dartsim_vendor:/opt/ros/jazzy/opt/gz_cmake_vendor:/home/ground/ugv_repo/OperationTouchdown/ugv_ws/install/my_ugv_vision:/home/ground/ugv_repo/OperationTouchdown/ugv_ws/install/my_ugv_hardware:/opt/ros/jazzy DEBUGINFOD_URLS=https://debuginfod.ubuntu.com PYTHONPATH=/home/ground/ugv_repo/OperationTouchdown/ugv_ws/build/my_ugv_hardware:/home/ground/ugv_repo/OperationTouchdown/ugv_ws/install/my_ugv_hardware/lib/python3.12/site-packages:/home/ground/ugv_repo/OperationTouchdown/ugv_ws/build/my_ugv_vision:/home/ground/ugv_repo/OperationTouchdown/ugv_ws/install/my_ugv_vision/lib/python3.12/site-packages:/home/ground/ugv_repo/OperationTouchdown/ugv_ws/install/depthai_ros_driver/lib/python3.12/site-packages:/home/ground/ugv_repo/OperationTouchdown/ugv_ws/install/depthai_ros_msgs/lib/python3.12/site-packages:/opt/ros/jazzy/lib/python3.12/site-packages /usr/bin/cmake --install /home/ground/ugv_repo/OperationTouchdown/ugv_ws/build/my_ugv_bringup
[6.331s] Level 1:colcon.colcon_core.environment:checking '/home/ground/ugv_repo/OperationTouchdown/ugv_ws/install/my_ugv_bringup' for CMake config files
[6.333s] Level 1:colcon.colcon_core.shell:create_environment_hook('my_ugv_bringup', 'cmake_prefix_path')
[6.333s] INFO:colcon.colcon_core.shell:Creating environment hook '/home/ground/ugv_repo/OperationTouchdown/ugv_ws/install/my_ugv_bringup/share/my_ugv_bringup/hook/cmake_prefix_path.ps1'
[6.334s] INFO:colcon.colcon_core.shell:Creating environment descriptor '/home/ground/ugv_repo/OperationTouchdown/ugv_ws/install/my_ugv_bringup/share/my_ugv_bringup/hook/cmake_prefix_path.dsv'
[6.336s] INFO:colcon.colcon_core.shell:Creating environment hook '/home/ground/ugv_repo/OperationTouchdown/ugv_ws/install/my_ugv_bringup/share/my_ugv_bringup/hook/cmake_prefix_path.sh'
[6.337s] Level 1:colcon.colcon_core.environment:checking '/home/ground/ugv_repo/OperationTouchdown/ugv_ws/install/my_ugv_bringup/bin'
[6.337s] Level 1:colcon.colcon_core.environment:checking '/home/ground/ugv_repo/OperationTouchdown/ugv_ws/install/my_ugv_bringup/lib/pkgconfig/my_ugv_bringup.pc'
[6.338s] Level 1:colcon.colcon_core.environment:checking '/home/ground/ugv_repo/OperationTouchdown/ugv_ws/install/my_ugv_bringup/lib/python3.12/site-packages'
[6.338s] Level 1:colcon.colcon_core.environment:checking '/home/ground/ugv_repo/OperationTouchdown/ugv_ws/install/my_ugv_bringup/bin'
[6.339s] INFO:colcon.colcon_core.shell:Creating package script '/home/ground/ugv_repo/OperationTouchdown/ugv_ws/install/my_ugv_bringup/share/my_ugv_bringup/package.ps1'
[6.339s] INFO:colcon.colcon_core.shell:Creating package descriptor '/home/ground/ugv_repo/OperationTouchdown/ugv_ws/install/my_ugv_bringup/share/my_ugv_bringup/package.dsv'
[6.340s] INFO:colcon.colcon_core.shell:Creating package script '/home/ground/ugv_repo/OperationTouchdown/ugv_ws/install/my_ugv_bringup/share/my_ugv_bringup/package.sh'
[6.340s] INFO:colcon.colcon_core.shell:Creating package script '/home/ground/ugv_repo/OperationTouchdown/ugv_ws/install/my_ugv_bringup/share/my_ugv_bringup/package.bash'
[6.341s] INFO:colcon.colcon_core.shell:Creating package script '/home/ground/ugv_repo/OperationTouchdown/ugv_ws/install/my_ugv_bringup/share/my_ugv_bringup/package.zsh'
[6.342s] Level 1:colcon.colcon_core.environment:create_file_with_runtime_dependencies(/home/ground/ugv_repo/OperationTouchdown/ugv_ws/install/my_ugv_bringup/share/colcon-core/packages/my_ugv_bringup)
[6.343s] Level 1:colcon.colcon_core.environment:create_environment_scripts_only(my_ugv_bringup)
[6.343s] Level 1:colcon.colcon_core.environment:checking '/home/ground/ugv_repo/OperationTouchdown/ugv_ws/install/my_ugv_bringup' for CMake module files
[6.344s] Level 1:colcon.colcon_core.environment:checking '/home/ground/ugv_repo/OperationTouchdown/ugv_ws/install/my_ugv_bringup' for CMake config files
[6.346s] Level 1:colcon.colcon_core.shell:create_environment_hook('my_ugv_bringup', 'cmake_prefix_path')
[6.346s] INFO:colcon.colcon_core.shell:Creating environment hook '/home/ground/ugv_repo/OperationTouchdown/ugv_ws/install/my_ugv_bringup/share/my_ugv_bringup/hook/cmake_prefix_path.ps1'
[6.347s] INFO:colcon.colcon_core.shell:Creating environment descriptor '/home/ground/ugv_repo/OperationTouchdown/ugv_ws/install/my_ugv_bringup/share/my_ugv_bringup/hook/cmake_prefix_path.dsv'
[6.348s] INFO:colcon.colcon_core.shell:Creating environment hook '/home/ground/ugv_repo/OperationTouchdown/ugv_ws/install/my_ugv_bringup/share/my_ugv_bringup/hook/cmake_prefix_path.sh'
[6.349s] Level 1:colcon.colcon_core.environment:checking '/home/ground/ugv_repo/OperationTouchdown/ugv_ws/install/my_ugv_bringup/bin'
[6.349s] Level 1:colcon.colcon_core.environment:checking '/home/ground/ugv_repo/OperationTouchdown/ugv_ws/install/my_ugv_bringup/lib/pkgconfig/my_ugv_bringup.pc'
[6.349s] Level 1:colcon.colcon_core.environment:checking '/home/ground/ugv_repo/OperationTouchdown/ugv_ws/install/my_ugv_bringup/lib/python3.12/site-packages'
[6.350s] Level 1:colcon.colcon_core.environment:checking '/home/ground/ugv_repo/OperationTouchdown/ugv_ws/install/my_ugv_bringup/bin'
[6.350s] INFO:colcon.colcon_core.shell:Creating package script '/home/ground/ugv_repo/OperationTouchdown/ugv_ws/install/my_ugv_bringup/share/my_ugv_bringup/package.ps1'
[6.351s] INFO:colcon.colcon_core.shell:Creating package descriptor '/home/ground/ugv_repo/OperationTouchdown/ugv_ws/install/my_ugv_bringup/share/my_ugv_bringup/package.dsv'
[6.353s] INFO:colcon.colcon_core.shell:Creating package script '/home/ground/ugv_repo/OperationTouchdown/ugv_ws/install/my_ugv_bringup/share/my_ugv_bringup/package.sh'
[6.354s] INFO:colcon.colcon_core.shell:Creating package script '/home/ground/ugv_repo/OperationTouchdown/ugv_ws/install/my_ugv_bringup/share/my_ugv_bringup/package.bash'
[6.355s] INFO:colcon.colcon_core.shell:Creating package script '/home/ground/ugv_repo/OperationTouchdown/ugv_ws/install/my_ugv_bringup/share/my_ugv_bringup/package.zsh'
[6.355s] Level 1:colcon.colcon_core.environment:create_file_with_runtime_dependencies(/home/ground/ugv_repo/OperationTouchdown/ugv_ws/install/my_ugv_bringup/share/colcon-core/packages/my_ugv_bringup)
[6.356s] DEBUG:colcon.colcon_parallel_executor.executor.parallel:closing loop
[6.357s] DEBUG:colcon.colcon_parallel_executor.executor.parallel:loop closed
[6.357s] DEBUG:colcon.colcon_parallel_executor.executor.parallel:run_until_complete finished with '0'
[6.357s] DEBUG:colcon.colcon_core.event_reactor:joining thread
[6.367s] INFO:colcon.colcon_core.plugin_system:Skipping extension 'colcon_notification.desktop_notification.terminal_notifier': Not used on non-Darwin systems
[6.367s] INFO:colcon.colcon_core.plugin_system:Skipping extension 'colcon_notification.desktop_notification.win32': Not used on non-Windows systems
[6.367s] INFO:colcon.colcon_notification.desktop_notification:Sending desktop notification using 'notify2'
[6.369s] DEBUG:colcon.colcon_notification.desktop_notification.notify2:Failed to initialize notify2: org.freedesktop.DBus.Error.ServiceUnknown: The name org.freedesktop.Notifications was not provided by any .service files
[6.369s] DEBUG:colcon.colcon_core.event_reactor:joined thread
[6.369s] INFO:colcon.colcon_core.shell:Creating prefix script '/home/ground/ugv_repo/OperationTouchdown/ugv_ws/install/local_setup.ps1'
[6.370s] INFO:colcon.colcon_core.shell:Creating prefix util module '/home/ground/ugv_repo/OperationTouchdown/ugv_ws/install/_local_setup_util_ps1.py'
[6.372s] INFO:colcon.colcon_core.shell:Creating prefix chain script '/home/ground/ugv_repo/OperationTouchdown/ugv_ws/install/setup.ps1'
[6.374s] INFO:colcon.colcon_core.shell:Creating prefix script '/home/ground/ugv_repo/OperationTouchdown/ugv_ws/install/local_setup.sh'
[6.375s] INFO:colcon.colcon_core.shell:Creating prefix util module '/home/ground/ugv_repo/OperationTouchdown/ugv_ws/install/_local_setup_util_sh.py'
[6.375s] INFO:colcon.colcon_core.shell:Creating prefix chain script '/home/ground/ugv_repo/OperationTouchdown/ugv_ws/install/setup.sh'
[6.377s] INFO:colcon.colcon_core.shell:Creating prefix script '/home/ground/ugv_repo/OperationTouchdown/ugv_ws/install/local_setup.bash'
[6.379s] INFO:colcon.colcon_core.shell:Creating prefix chain script '/home/ground/ugv_repo/OperationTouchdown/ugv_ws/install/setup.bash'
[6.382s] INFO:colcon.colcon_core.shell:Creating prefix script '/home/ground/ugv_repo/OperationTouchdown/ugv_ws/install/local_setup.zsh'
[6.382s] INFO:colcon.colcon_core.shell:Creating prefix chain script '/home/ground/ugv_repo/OperationTouchdown/ugv_ws/install/setup.zsh'
