[0.151s] DEBUG:colcon:Command line arguments: ['/usr/bin/colcon', 'build', '--symlink-install']
[0.151s] DEBUG:colcon:Parsed command line arguments: Namespace(log_base=None, log_level=None, verb_name='build', build_base='build', install_base='install', merge_install=False, symlink_install=True, test_result_base=None, continue_on_error=False, executor='parallel', parallel_workers=4, event_handlers=None, ignore_user_meta=False, metas=['./colcon.meta'], base_paths=['.'], packages_ignore=None, packages_ignore_regex=None, paths=None, packages_up_to=None, packages_up_to_regex=None, packages_above=None, packages_above_and_dependencies=None, packages_above_depth=None, packages_select_by_dep=None, packages_skip_by_dep=None, packages_skip_up_to=None, packages_select_build_failed=False, packages_skip_build_finished=False, packages_select_test_failures=False, packages_skip_test_passed=False, packages_select=None, packages_skip=None, packages_select_regex=None, packages_skip_regex=None, packages_start=None, packages_end=None, allow_overriding=[], cmake_args=None, cmake_target=None, cmake_target_skip_unavailable=False, cmake_clean_cache=False, cmake_clean_first=False, cmake_force_configure=False, ament_cmake_args=None, catkin_cmake_args=None, catkin_skip_building_tests=False, mixin_files=None, mixin=None, verb_parser=<colcon_mixin.mixin.mixin_argument.MixinArgumentDecorator object at 0xffff9fb5d520>, verb_extension=<colcon_core.verb.build.BuildVerb object at 0xffff9fd192e0>, main=<bound method BuildVerb.main of <colcon_core.verb.build.BuildVerb object at 0xffff9fd192e0>>, mixin_verb=('build',))
[0.207s] Level 1:colcon.colcon_core.package_discovery:discover_packages(colcon_meta) check parameters
[0.208s] Level 1:colcon.colcon_core.package_discovery:discover_packages(recursive) check parameters
[0.208s] Level 1:colcon.colcon_core.package_discovery:discover_packages(ignore) check parameters
[0.208s] Level 1:colcon.colcon_core.package_discovery:discover_packages(path) check parameters
[0.208s] Level 1:colcon.colcon_core.package_discovery:discover_packages(colcon_meta) discover
[0.208s] Level 1:colcon.colcon_core.package_discovery:discover_packages(recursive) discover
[0.208s] INFO:colcon.colcon_core.package_discovery:Crawling recursively for packages in '/home/ugv/Desktop/OperationTouchdown/ugv_ws'
[0.208s] Level 1:colcon.colcon_core.package_identification:_identify(.) by extensions ['ignore', 'ignore_ament_install']
[0.208s] Level 1:colcon.colcon_core.package_identification:_identify(.) by extension 'ignore'
[0.208s] Level 1:colcon.colcon_core.package_identification:_identify(.) by extension 'ignore_ament_install'
[0.208s] Level 1:colcon.colcon_core.package_identification:_identify(.) by extensions ['colcon_pkg']
[0.208s] Level 1:colcon.colcon_core.package_identification:_identify(.) by extension 'colcon_pkg'
[0.208s] Level 1:colcon.colcon_core.package_identification:_identify(.) by extensions ['colcon_meta']
[0.208s] Level 1:colcon.colcon_core.package_identification:_identify(.) by extension 'colcon_meta'
[0.209s] Level 1:colcon.colcon_core.package_identification:_identify(.) by extensions ['ros']
[0.209s] Level 1:colcon.colcon_core.package_identification:_identify(.) by extension 'ros'
[0.254s] Level 1:colcon.colcon_core.package_identification:_identify(.) by extensions ['cmake', 'python']
[0.254s] Level 1:colcon.colcon_core.package_identification:_identify(.) by extension 'cmake'
[0.254s] Level 1:colcon.colcon_core.package_identification:_identify(.) by extension 'python'
[0.254s] Level 1:colcon.colcon_core.package_identification:_identify(.) by extensions ['python_setup_py']
[0.254s] Level 1:colcon.colcon_core.package_identification:_identify(.) by extension 'python_setup_py'
[0.255s] Level 1:colcon.colcon_core.package_identification:_identify(build) by extensions ['ignore', 'ignore_ament_install']
[0.255s] Level 1:colcon.colcon_core.package_identification:_identify(build) by extension 'ignore'
[0.255s] Level 1:colcon.colcon_core.package_identification:_identify(build) ignored
[0.255s] Level 1:colcon.colcon_core.package_identification:_identify(install) by extensions ['ignore', 'ignore_ament_install']
[0.255s] Level 1:colcon.colcon_core.package_identification:_identify(install) by extension 'ignore'
[0.255s] Level 1:colcon.colcon_core.package_identification:_identify(install) ignored
[0.256s] Level 1:colcon.colcon_core.package_identification:_identify(log) by extensions ['ignore', 'ignore_ament_install']
[0.256s] Level 1:colcon.colcon_core.package_identification:_identify(log) by extension 'ignore'
[0.256s] Level 1:colcon.colcon_core.package_identification:_identify(log) ignored
[0.256s] Level 1:colcon.colcon_core.package_identification:_identify(src) by extensions ['ignore', 'ignore_ament_install']
[0.256s] Level 1:colcon.colcon_core.package_identification:_identify(src) by extension 'ignore'
[0.256s] Level 1:colcon.colcon_core.package_identification:_identify(src) by extension 'ignore_ament_install'
[0.256s] Level 1:colcon.colcon_core.package_identification:_identify(src) by extensions ['colcon_pkg']
[0.256s] Level 1:colcon.colcon_core.package_identification:_identify(src) by extension 'colcon_pkg'
[0.256s] Level 1:colcon.colcon_core.package_identification:_identify(src) by extensions ['colcon_meta']
[0.256s] Level 1:colcon.colcon_core.package_identification:_identify(src) by extension 'colcon_meta'
[0.256s] Level 1:colcon.colcon_core.package_identification:_identify(src) by extensions ['ros']
[0.256s] Level 1:colcon.colcon_core.package_identification:_identify(src) by extension 'ros'
[0.257s] Level 1:colcon.colcon_core.package_identification:_identify(src) by extensions ['cmake', 'python']
[0.257s] Level 1:colcon.colcon_core.package_identification:_identify(src) by extension 'cmake'
[0.257s] Level 1:colcon.colcon_core.package_identification:_identify(src) by extension 'python'
[0.257s] Level 1:colcon.colcon_core.package_identification:_identify(src) by extensions ['python_setup_py']
[0.257s] Level 1:colcon.colcon_core.package_identification:_identify(src) by extension 'python_setup_py'
[0.257s] Level 1:colcon.colcon_core.package_identification:_identify(src/depthai-ros) by extensions ['ignore', 'ignore_ament_install']
[0.257s] Level 1:colcon.colcon_core.package_identification:_identify(src/depthai-ros) by extension 'ignore'
[0.257s] Level 1:colcon.colcon_core.package_identification:_identify(src/depthai-ros) by extension 'ignore_ament_install'
[0.257s] Level 1:colcon.colcon_core.package_identification:_identify(src/depthai-ros) by extensions ['colcon_pkg']
[0.257s] Level 1:colcon.colcon_core.package_identification:_identify(src/depthai-ros) by extension 'colcon_pkg'
[0.258s] Level 1:colcon.colcon_core.package_identification:_identify(src/depthai-ros) by extensions ['colcon_meta']
[0.258s] Level 1:colcon.colcon_core.package_identification:_identify(src/depthai-ros) by extension 'colcon_meta'
[0.258s] Level 1:colcon.colcon_core.package_identification:_identify(src/depthai-ros) by extensions ['ros']
[0.258s] Level 1:colcon.colcon_core.package_identification:_identify(src/depthai-ros) by extension 'ros'
[0.258s] Level 1:colcon.colcon_core.package_identification:_identify(src/depthai-ros) by extensions ['cmake', 'python']
[0.258s] Level 1:colcon.colcon_core.package_identification:_identify(src/depthai-ros) by extension 'cmake'
[0.258s] Level 1:colcon.colcon_core.package_identification:_identify(src/depthai-ros) by extension 'python'
[0.258s] Level 1:colcon.colcon_core.package_identification:_identify(src/depthai-ros) by extensions ['python_setup_py']
[0.258s] Level 1:colcon.colcon_core.package_identification:_identify(src/depthai-ros) by extension 'python_setup_py'
[0.258s] Level 1:colcon.colcon_core.package_identification:_identify(src/depthai-ros/depthai-ros) by extensions ['ignore', 'ignore_ament_install']
[0.258s] Level 1:colcon.colcon_core.package_identification:_identify(src/depthai-ros/depthai-ros) by extension 'ignore'
[0.259s] Level 1:colcon.colcon_core.package_identification:_identify(src/depthai-ros/depthai-ros) by extension 'ignore_ament_install'
[0.259s] Level 1:colcon.colcon_core.package_identification:_identify(src/depthai-ros/depthai-ros) by extensions ['colcon_pkg']
[0.259s] Level 1:colcon.colcon_core.package_identification:_identify(src/depthai-ros/depthai-ros) by extension 'colcon_pkg'
[0.259s] Level 1:colcon.colcon_core.package_identification:_identify(src/depthai-ros/depthai-ros) by extensions ['colcon_meta']
[0.259s] Level 1:colcon.colcon_core.package_identification:_identify(src/depthai-ros/depthai-ros) by extension 'colcon_meta'
[0.259s] Level 1:colcon.colcon_core.package_identification:_identify(src/depthai-ros/depthai-ros) by extensions ['ros']
[0.259s] Level 1:colcon.colcon_core.package_identification:_identify(src/depthai-ros/depthai-ros) by extension 'ros'
[0.264s] DEBUG:colcon.colcon_core.package_identification:Package 'src/depthai-ros/depthai-ros' with type 'ros.ament_cmake' and name 'depthai-ros'
[0.264s] Level 1:colcon.colcon_core.package_identification:_identify(src/depthai-ros/depthai_bridge) by extensions ['ignore', 'ignore_ament_install']
[0.264s] Level 1:colcon.colcon_core.package_identification:_identify(src/depthai-ros/depthai_bridge) by extension 'ignore'
[0.264s] Level 1:colcon.colcon_core.package_identification:_identify(src/depthai-ros/depthai_bridge) by extension 'ignore_ament_install'
[0.264s] Level 1:colcon.colcon_core.package_identification:_identify(src/depthai-ros/depthai_bridge) by extensions ['colcon_pkg']
[0.264s] Level 1:colcon.colcon_core.package_identification:_identify(src/depthai-ros/depthai_bridge) by extension 'colcon_pkg'
[0.265s] Level 1:colcon.colcon_core.package_identification:_identify(src/depthai-ros/depthai_bridge) by extensions ['colcon_meta']
[0.265s] Level 1:colcon.colcon_core.package_identification:_identify(src/depthai-ros/depthai_bridge) by extension 'colcon_meta'
[0.265s] Level 1:colcon.colcon_core.package_identification:_identify(src/depthai-ros/depthai_bridge) by extensions ['ros']
[0.265s] Level 1:colcon.colcon_core.package_identification:_identify(src/depthai-ros/depthai_bridge) by extension 'ros'
[0.267s] DEBUG:colcon.colcon_core.package_identification:Package 'src/depthai-ros/depthai_bridge' with type 'ros.ament_cmake' and name 'depthai_bridge'
[0.268s] Level 1:colcon.colcon_core.package_identification:_identify(src/depthai-ros/depthai_descriptions) by extensions ['ignore', 'ignore_ament_install']
[0.268s] Level 1:colcon.colcon_core.package_identification:_identify(src/depthai-ros/depthai_descriptions) by extension 'ignore'
[0.268s] Level 1:colcon.colcon_core.package_identification:_identify(src/depthai-ros/depthai_descriptions) by extension 'ignore_ament_install'
[0.268s] Level 1:colcon.colcon_core.package_identification:_identify(src/depthai-ros/depthai_descriptions) by extensions ['colcon_pkg']
[0.268s] Level 1:colcon.colcon_core.package_identification:_identify(src/depthai-ros/depthai_descriptions) by extension 'colcon_pkg'
[0.268s] Level 1:colcon.colcon_core.package_identification:_identify(src/depthai-ros/depthai_descriptions) by extensions ['colcon_meta']
[0.268s] Level 1:colcon.colcon_core.package_identification:_identify(src/depthai-ros/depthai_descriptions) by extension 'colcon_meta'
[0.268s] Level 1:colcon.colcon_core.package_identification:_identify(src/depthai-ros/depthai_descriptions) by extensions ['ros']
[0.268s] Level 1:colcon.colcon_core.package_identification:_identify(src/depthai-ros/depthai_descriptions) by extension 'ros'
[0.270s] DEBUG:colcon.colcon_core.package_identification:Package 'src/depthai-ros/depthai_descriptions' with type 'ros.ament_cmake' and name 'depthai_descriptions'
[0.270s] Level 1:colcon.colcon_core.package_identification:_identify(src/depthai-ros/depthai_examples) by extensions ['ignore', 'ignore_ament_install']
[0.270s] Level 1:colcon.colcon_core.package_identification:_identify(src/depthai-ros/depthai_examples) by extension 'ignore'
[0.270s] Level 1:colcon.colcon_core.package_identification:_identify(src/depthai-ros/depthai_examples) by extension 'ignore_ament_install'
[0.271s] Level 1:colcon.colcon_core.package_identification:_identify(src/depthai-ros/depthai_examples) by extensions ['colcon_pkg']
[0.271s] Level 1:colcon.colcon_core.package_identification:_identify(src/depthai-ros/depthai_examples) by extension 'colcon_pkg'
[0.271s] Level 1:colcon.colcon_core.package_identification:_identify(src/depthai-ros/depthai_examples) by extensions ['colcon_meta']
[0.271s] Level 1:colcon.colcon_core.package_identification:_identify(src/depthai-ros/depthai_examples) by extension 'colcon_meta'
[0.271s] Level 1:colcon.colcon_core.package_identification:_identify(src/depthai-ros/depthai_examples) by extensions ['ros']
[0.272s] Level 1:colcon.colcon_core.package_identification:_identify(src/depthai-ros/depthai_examples) by extension 'ros'
[0.274s] DEBUG:colcon.colcon_core.package_identification:Package 'src/depthai-ros/depthai_examples' with type 'ros.ament_cmake' and name 'depthai_examples'
[0.274s] Level 1:colcon.colcon_core.package_identification:_identify(src/depthai-ros/depthai_filters) by extensions ['ignore', 'ignore_ament_install']
[0.275s] Level 1:colcon.colcon_core.package_identification:_identify(src/depthai-ros/depthai_filters) by extension 'ignore'
[0.275s] Level 1:colcon.colcon_core.package_identification:_identify(src/depthai-ros/depthai_filters) by extension 'ignore_ament_install'
[0.275s] Level 1:colcon.colcon_core.package_identification:_identify(src/depthai-ros/depthai_filters) by extensions ['colcon_pkg']
[0.275s] Level 1:colcon.colcon_core.package_identification:_identify(src/depthai-ros/depthai_filters) by extension 'colcon_pkg'
[0.275s] Level 1:colcon.colcon_core.package_identification:_identify(src/depthai-ros/depthai_filters) by extensions ['colcon_meta']
[0.275s] Level 1:colcon.colcon_core.package_identification:_identify(src/depthai-ros/depthai_filters) by extension 'colcon_meta'
[0.275s] Level 1:colcon.colcon_core.package_identification:_identify(src/depthai-ros/depthai_filters) by extensions ['ros']
[0.275s] Level 1:colcon.colcon_core.package_identification:_identify(src/depthai-ros/depthai_filters) by extension 'ros'
[0.277s] DEBUG:colcon.colcon_core.package_identification:Package 'src/depthai-ros/depthai_filters' with type 'ros.ament_cmake' and name 'depthai_filters'
[0.278s] Level 1:colcon.colcon_core.package_identification:_identify(src/depthai-ros/depthai_ros_driver) by extensions ['ignore', 'ignore_ament_install']
[0.278s] Level 1:colcon.colcon_core.package_identification:_identify(src/depthai-ros/depthai_ros_driver) by extension 'ignore'
[0.278s] Level 1:colcon.colcon_core.package_identification:_identify(src/depthai-ros/depthai_ros_driver) by extension 'ignore_ament_install'
[0.278s] Level 1:colcon.colcon_core.package_identification:_identify(src/depthai-ros/depthai_ros_driver) by extensions ['colcon_pkg']
[0.279s] Level 1:colcon.colcon_core.package_identification:_identify(src/depthai-ros/depthai_ros_driver) by extension 'colcon_pkg'
[0.279s] Level 1:colcon.colcon_core.package_identification:_identify(src/depthai-ros/depthai_ros_driver) by extensions ['colcon_meta']
[0.279s] Level 1:colcon.colcon_core.package_identification:_identify(src/depthai-ros/depthai_ros_driver) by extension 'colcon_meta'
[0.279s] Level 1:colcon.colcon_core.package_identification:_identify(src/depthai-ros/depthai_ros_driver) by extensions ['ros']
[0.279s] Level 1:colcon.colcon_core.package_identification:_identify(src/depthai-ros/depthai_ros_driver) by extension 'ros'
[0.283s] DEBUG:colcon.colcon_core.package_identification:Package 'src/depthai-ros/depthai_ros_driver' with type 'ros.ament_cmake' and name 'depthai_ros_driver'
[0.283s] Level 1:colcon.colcon_core.package_identification:_identify(src/depthai-ros/depthai_ros_msgs) by extensions ['ignore', 'ignore_ament_install']
[0.283s] Level 1:colcon.colcon_core.package_identification:_identify(src/depthai-ros/depthai_ros_msgs) by extension 'ignore'
[0.283s] Level 1:colcon.colcon_core.package_identification:_identify(src/depthai-ros/depthai_ros_msgs) by extension 'ignore_ament_install'
[0.284s] Level 1:colcon.colcon_core.package_identification:_identify(src/depthai-ros/depthai_ros_msgs) by extensions ['colcon_pkg']
[0.284s] Level 1:colcon.colcon_core.package_identification:_identify(src/depthai-ros/depthai_ros_msgs) by extension 'colcon_pkg'
[0.284s] Level 1:colcon.colcon_core.package_identification:_identify(src/depthai-ros/depthai_ros_msgs) by extensions ['colcon_meta']
[0.284s] Level 1:colcon.colcon_core.package_identification:_identify(src/depthai-ros/depthai_ros_msgs) by extension 'colcon_meta'
[0.284s] Level 1:colcon.colcon_core.package_identification:_identify(src/depthai-ros/depthai_ros_msgs) by extensions ['ros']
[0.284s] Level 1:colcon.colcon_core.package_identification:_identify(src/depthai-ros/depthai_ros_msgs) by extension 'ros'
[0.286s] DEBUG:colcon.colcon_core.package_identification:Package 'src/depthai-ros/depthai_ros_msgs' with type 'ros.ament_cmake' and name 'depthai_ros_msgs'
[0.286s] Level 1:colcon.colcon_core.package_identification:_identify(src/dual_laser_merger) by extensions ['ignore', 'ignore_ament_install']
[0.286s] Level 1:colcon.colcon_core.package_identification:_identify(src/dual_laser_merger) by extension 'ignore'
[0.287s] Level 1:colcon.colcon_core.package_identification:_identify(src/dual_laser_merger) by extension 'ignore_ament_install'
[0.287s] Level 1:colcon.colcon_core.package_identification:_identify(src/dual_laser_merger) by extensions ['colcon_pkg']
[0.287s] Level 1:colcon.colcon_core.package_identification:_identify(src/dual_laser_merger) by extension 'colcon_pkg'
[0.287s] Level 1:colcon.colcon_core.package_identification:_identify(src/dual_laser_merger) by extensions ['colcon_meta']
[0.287s] Level 1:colcon.colcon_core.package_identification:_identify(src/dual_laser_merger) by extension 'colcon_meta'
[0.287s] Level 1:colcon.colcon_core.package_identification:_identify(src/dual_laser_merger) by extensions ['ros']
[0.288s] Level 1:colcon.colcon_core.package_identification:_identify(src/dual_laser_merger) by extension 'ros'
[0.289s] DEBUG:colcon.colcon_core.package_identification:Package 'src/dual_laser_merger' with type 'ros.ament_cmake' and name 'dual_laser_merger'
[0.290s] Level 1:colcon.colcon_core.package_identification:_identify(src/my_ugv_bringup) by extensions ['ignore', 'ignore_ament_install']
[0.290s] Level 1:colcon.colcon_core.package_identification:_identify(src/my_ugv_bringup) by extension 'ignore'
[0.291s] Level 1:colcon.colcon_core.package_identification:_identify(src/my_ugv_bringup) by extension 'ignore_ament_install'
[0.291s] Level 1:colcon.colcon_core.package_identification:_identify(src/my_ugv_bringup) by extensions ['colcon_pkg']
[0.291s] Level 1:colcon.colcon_core.package_identification:_identify(src/my_ugv_bringup) by extension 'colcon_pkg'
[0.291s] Level 1:colcon.colcon_core.package_identification:_identify(src/my_ugv_bringup) by extensions ['colcon_meta']
[0.291s] Level 1:colcon.colcon_core.package_identification:_identify(src/my_ugv_bringup) by extension 'colcon_meta'
[0.291s] Level 1:colcon.colcon_core.package_identification:_identify(src/my_ugv_bringup) by extensions ['ros']
[0.291s] Level 1:colcon.colcon_core.package_identification:_identify(src/my_ugv_bringup) by extension 'ros'
[0.292s] DEBUG:colcon.colcon_core.package_identification:Package 'src/my_ugv_bringup' with type 'ros.ament_cmake' and name 'my_ugv_bringup'
[0.293s] Level 1:colcon.colcon_core.package_identification:_identify(src/my_ugv_description) by extensions ['ignore', 'ignore_ament_install']
[0.293s] Level 1:colcon.colcon_core.package_identification:_identify(src/my_ugv_description) by extension 'ignore'
[0.293s] Level 1:colcon.colcon_core.package_identification:_identify(src/my_ugv_description) by extension 'ignore_ament_install'
[0.293s] Level 1:colcon.colcon_core.package_identification:_identify(src/my_ugv_description) by extensions ['colcon_pkg']
[0.293s] Level 1:colcon.colcon_core.package_identification:_identify(src/my_ugv_description) by extension 'colcon_pkg'
[0.293s] Level 1:colcon.colcon_core.package_identification:_identify(src/my_ugv_description) by extensions ['colcon_meta']
[0.293s] Level 1:colcon.colcon_core.package_identification:_identify(src/my_ugv_description) by extension 'colcon_meta'
[0.293s] Level 1:colcon.colcon_core.package_identification:_identify(src/my_ugv_description) by extensions ['ros']
[0.293s] Level 1:colcon.colcon_core.package_identification:_identify(src/my_ugv_description) by extension 'ros'
[0.294s] DEBUG:colcon.colcon_core.package_identification:Package 'src/my_ugv_description' with type 'ros.ament_cmake' and name 'my_ugv_description'
[0.295s] Level 1:colcon.colcon_core.package_identification:_identify(src/my_ugv_hardware) by extensions ['ignore', 'ignore_ament_install']
[0.295s] Level 1:colcon.colcon_core.package_identification:_identify(src/my_ugv_hardware) by extension 'ignore'
[0.295s] Level 1:colcon.colcon_core.package_identification:_identify(src/my_ugv_hardware) by extension 'ignore_ament_install'
[0.295s] Level 1:colcon.colcon_core.package_identification:_identify(src/my_ugv_hardware) by extensions ['colcon_pkg']
[0.295s] Level 1:colcon.colcon_core.package_identification:_identify(src/my_ugv_hardware) by extension 'colcon_pkg'
[0.296s] Level 1:colcon.colcon_core.package_identification:_identify(src/my_ugv_hardware) by extensions ['colcon_meta']
[0.296s] Level 1:colcon.colcon_core.package_identification:_identify(src/my_ugv_hardware) by extension 'colcon_meta'
[0.296s] Level 1:colcon.colcon_core.package_identification:_identify(src/my_ugv_hardware) by extensions ['ros']
[0.296s] Level 1:colcon.colcon_core.package_identification:_identify(src/my_ugv_hardware) by extension 'ros'
[0.298s] DEBUG:colcon.colcon_core.package_identification:Package 'src/my_ugv_hardware' with type 'ros.ament_python' and name 'my_ugv_hardware'
[0.298s] Level 1:colcon.colcon_core.package_identification:_identify(src/roboteq_ros2_driver) by extensions ['ignore', 'ignore_ament_install']
[0.299s] Level 1:colcon.colcon_core.package_identification:_identify(src/roboteq_ros2_driver) by extension 'ignore'
[0.299s] Level 1:colcon.colcon_core.package_identification:_identify(src/roboteq_ros2_driver) by extension 'ignore_ament_install'
[0.299s] Level 1:colcon.colcon_core.package_identification:_identify(src/roboteq_ros2_driver) by extensions ['colcon_pkg']
[0.299s] Level 1:colcon.colcon_core.package_identification:_identify(src/roboteq_ros2_driver) by extension 'colcon_pkg'
[0.299s] Level 1:colcon.colcon_core.package_identification:_identify(src/roboteq_ros2_driver) by extensions ['colcon_meta']
[0.300s] Level 1:colcon.colcon_core.package_identification:_identify(src/roboteq_ros2_driver) by extension 'colcon_meta'
[0.300s] Level 1:colcon.colcon_core.package_identification:_identify(src/roboteq_ros2_driver) by extensions ['ros']
[0.300s] Level 1:colcon.colcon_core.package_identification:_identify(src/roboteq_ros2_driver) by extension 'ros'
[0.301s] DEBUG:colcon.colcon_core.package_identification:Package 'src/roboteq_ros2_driver' with type 'ros.ament_cmake' and name 'roboteq_ros2_driver'
[0.302s] Level 1:colcon.colcon_core.package_identification:_identify(src/rplidar_ros) by extensions ['ignore', 'ignore_ament_install']
[0.302s] Level 1:colcon.colcon_core.package_identification:_identify(src/rplidar_ros) by extension 'ignore'
[0.302s] Level 1:colcon.colcon_core.package_identification:_identify(src/rplidar_ros) by extension 'ignore_ament_install'
[0.302s] Level 1:colcon.colcon_core.package_identification:_identify(src/rplidar_ros) by extensions ['colcon_pkg']
[0.302s] Level 1:colcon.colcon_core.package_identification:_identify(src/rplidar_ros) by extension 'colcon_pkg'
[0.303s] Level 1:colcon.colcon_core.package_identification:_identify(src/rplidar_ros) by extensions ['colcon_meta']
[0.303s] Level 1:colcon.colcon_core.package_identification:_identify(src/rplidar_ros) by extension 'colcon_meta'
[0.303s] Level 1:colcon.colcon_core.package_identification:_identify(src/rplidar_ros) by extensions ['ros']
[0.303s] Level 1:colcon.colcon_core.package_identification:_identify(src/rplidar_ros) by extension 'ros'
[0.305s] DEBUG:colcon.colcon_core.package_identification:Package 'src/rplidar_ros' with type 'ros.ament_cmake' and name 'rplidar_ros'
[0.305s] Level 1:colcon.colcon_core.package_discovery:discover_packages(recursive) using defaults
[0.305s] Level 1:colcon.colcon_core.package_discovery:discover_packages(ignore) discover
[0.305s] Level 1:colcon.colcon_core.package_discovery:discover_packages(ignore) using defaults
[0.305s] Level 1:colcon.colcon_core.package_discovery:discover_packages(path) discover
[0.306s] Level 1:colcon.colcon_core.package_discovery:discover_packages(path) using defaults
[0.349s] Level 1:colcon.colcon_core.package_discovery:discover_packages(prefix_path) check parameters
[0.349s] Level 1:colcon.colcon_core.package_discovery:discover_packages(prefix_path) discover
[0.355s] DEBUG:colcon.colcon_installed_package_information.package_discovery:Found 14 installed packages in /home/ugv/Desktop/OperationTouchdown/ugv_ws/install
[0.359s] DEBUG:colcon.colcon_installed_package_information.package_discovery:Found 416 installed packages in /opt/ros/jazzy
[0.361s] Level 1:colcon.colcon_core.package_discovery:discover_packages(prefix_path) using defaults
[0.474s] Level 5:colcon.colcon_core.verb:set package 'depthai_descriptions' build argument 'cmake_args' from command line to 'None'
[0.475s] Level 5:colcon.colcon_core.verb:set package 'depthai_descriptions' build argument 'cmake_target' from command line to 'None'
[0.475s] Level 5:colcon.colcon_core.verb:set package 'depthai_descriptions' build argument 'cmake_target_skip_unavailable' from command line to 'False'
[0.475s] Level 5:colcon.colcon_core.verb:set package 'depthai_descriptions' build argument 'cmake_clean_cache' from command line to 'False'
[0.475s] Level 5:colcon.colcon_core.verb:set package 'depthai_descriptions' build argument 'cmake_clean_first' from command line to 'False'
[0.475s] Level 5:colcon.colcon_core.verb:set package 'depthai_descriptions' build argument 'cmake_force_configure' from command line to 'False'
[0.475s] Level 5:colcon.colcon_core.verb:set package 'depthai_descriptions' build argument 'ament_cmake_args' from command line to 'None'
[0.475s] Level 5:colcon.colcon_core.verb:set package 'depthai_descriptions' build argument 'catkin_cmake_args' from command line to 'None'
[0.476s] Level 5:colcon.colcon_core.verb:set package 'depthai_descriptions' build argument 'catkin_skip_building_tests' from command line to 'False'
[0.476s] DEBUG:colcon.colcon_core.verb:Building package 'depthai_descriptions' with the following arguments: {'ament_cmake_args': None, 'build_base': '/home/ugv/Desktop/OperationTouchdown/ugv_ws/build/depthai_descriptions', 'catkin_cmake_args': None, 'catkin_skip_building_tests': False, 'cmake_args': None, 'cmake_clean_cache': False, 'cmake_clean_first': False, 'cmake_force_configure': False, 'cmake_target': None, 'cmake_target_skip_unavailable': False, 'install_base': '/home/ugv/Desktop/OperationTouchdown/ugv_ws/install/depthai_descriptions', 'merge_install': False, 'path': '/home/ugv/Desktop/OperationTouchdown/ugv_ws/src/depthai-ros/depthai_descriptions', 'symlink_install': True, 'test_result_base': None}
[0.476s] Level 5:colcon.colcon_core.verb:set package 'depthai_ros_msgs' build argument 'cmake_args' from command line to 'None'
[0.476s] Level 5:colcon.colcon_core.verb:set package 'depthai_ros_msgs' build argument 'cmake_target' from command line to 'None'
[0.477s] Level 5:colcon.colcon_core.verb:set package 'depthai_ros_msgs' build argument 'cmake_target_skip_unavailable' from command line to 'False'
[0.477s] Level 5:colcon.colcon_core.verb:set package 'depthai_ros_msgs' build argument 'cmake_clean_cache' from command line to 'False'
[0.477s] Level 5:colcon.colcon_core.verb:set package 'depthai_ros_msgs' build argument 'cmake_clean_first' from command line to 'False'
[0.477s] Level 5:colcon.colcon_core.verb:set package 'depthai_ros_msgs' build argument 'cmake_force_configure' from command line to 'False'
[0.477s] Level 5:colcon.colcon_core.verb:set package 'depthai_ros_msgs' build argument 'ament_cmake_args' from command line to 'None'
[0.477s] Level 5:colcon.colcon_core.verb:set package 'depthai_ros_msgs' build argument 'catkin_cmake_args' from command line to 'None'
[0.477s] Level 5:colcon.colcon_core.verb:set package 'depthai_ros_msgs' build argument 'catkin_skip_building_tests' from command line to 'False'
[0.477s] DEBUG:colcon.colcon_core.verb:Building package 'depthai_ros_msgs' with the following arguments: {'ament_cmake_args': None, 'build_base': '/home/ugv/Desktop/OperationTouchdown/ugv_ws/build/depthai_ros_msgs', 'catkin_cmake_args': None, 'catkin_skip_building_tests': False, 'cmake_args': None, 'cmake_clean_cache': False, 'cmake_clean_first': False, 'cmake_force_configure': False, 'cmake_target': None, 'cmake_target_skip_unavailable': False, 'install_base': '/home/ugv/Desktop/OperationTouchdown/ugv_ws/install/depthai_ros_msgs', 'merge_install': False, 'path': '/home/ugv/Desktop/OperationTouchdown/ugv_ws/src/depthai-ros/depthai_ros_msgs', 'symlink_install': True, 'test_result_base': None}
[0.477s] Level 5:colcon.colcon_core.verb:set package 'dual_laser_merger' build argument 'cmake_args' from command line to 'None'
[0.478s] Level 5:colcon.colcon_core.verb:set package 'dual_laser_merger' build argument 'cmake_target' from command line to 'None'
[0.478s] Level 5:colcon.colcon_core.verb:set package 'dual_laser_merger' build argument 'cmake_target_skip_unavailable' from command line to 'False'
[0.478s] Level 5:colcon.colcon_core.verb:set package 'dual_laser_merger' build argument 'cmake_clean_cache' from command line to 'False'
[0.478s] Level 5:colcon.colcon_core.verb:set package 'dual_laser_merger' build argument 'cmake_clean_first' from command line to 'False'
[0.478s] Level 5:colcon.colcon_core.verb:set package 'dual_laser_merger' build argument 'cmake_force_configure' from command line to 'False'
[0.478s] Level 5:colcon.colcon_core.verb:set package 'dual_laser_merger' build argument 'ament_cmake_args' from command line to 'None'
[0.478s] Level 5:colcon.colcon_core.verb:set package 'dual_laser_merger' build argument 'catkin_cmake_args' from command line to 'None'
[0.478s] Level 5:colcon.colcon_core.verb:set package 'dual_laser_merger' build argument 'catkin_skip_building_tests' from command line to 'False'
[0.478s] DEBUG:colcon.colcon_core.verb:Building package 'dual_laser_merger' with the following arguments: {'ament_cmake_args': None, 'build_base': '/home/ugv/Desktop/OperationTouchdown/ugv_ws/build/dual_laser_merger', 'catkin_cmake_args': None, 'catkin_skip_building_tests': False, 'cmake_args': None, 'cmake_clean_cache': False, 'cmake_clean_first': False, 'cmake_force_configure': False, 'cmake_target': None, 'cmake_target_skip_unavailable': False, 'install_base': '/home/ugv/Desktop/OperationTouchdown/ugv_ws/install/dual_laser_merger', 'merge_install': False, 'path': '/home/ugv/Desktop/OperationTouchdown/ugv_ws/src/dual_laser_merger', 'symlink_install': True, 'test_result_base': None}
[0.478s] Level 5:colcon.colcon_core.verb:set package 'my_ugv_description' build argument 'cmake_args' from command line to 'None'
[0.478s] Level 5:colcon.colcon_core.verb:set package 'my_ugv_description' build argument 'cmake_target' from command line to 'None'
[0.478s] Level 5:colcon.colcon_core.verb:set package 'my_ugv_description' build argument 'cmake_target_skip_unavailable' from command line to 'False'
[0.478s] Level 5:colcon.colcon_core.verb:set package 'my_ugv_description' build argument 'cmake_clean_cache' from command line to 'False'
[0.478s] Level 5:colcon.colcon_core.verb:set package 'my_ugv_description' build argument 'cmake_clean_first' from command line to 'False'
[0.478s] Level 5:colcon.colcon_core.verb:set package 'my_ugv_description' build argument 'cmake_force_configure' from command line to 'False'
[0.478s] Level 5:colcon.colcon_core.verb:set package 'my_ugv_description' build argument 'ament_cmake_args' from command line to 'None'
[0.478s] Level 5:colcon.colcon_core.verb:set package 'my_ugv_description' build argument 'catkin_cmake_args' from command line to 'None'
[0.478s] Level 5:colcon.colcon_core.verb:set package 'my_ugv_description' build argument 'catkin_skip_building_tests' from command line to 'False'
[0.478s] DEBUG:colcon.colcon_core.verb:Building package 'my_ugv_description' with the following arguments: {'ament_cmake_args': None, 'build_base': '/home/ugv/Desktop/OperationTouchdown/ugv_ws/build/my_ugv_description', 'catkin_cmake_args': None, 'catkin_skip_building_tests': False, 'cmake_args': None, 'cmake_clean_cache': False, 'cmake_clean_first': False, 'cmake_force_configure': False, 'cmake_target': None, 'cmake_target_skip_unavailable': False, 'install_base': '/home/ugv/Desktop/OperationTouchdown/ugv_ws/install/my_ugv_description', 'merge_install': False, 'path': '/home/ugv/Desktop/OperationTouchdown/ugv_ws/src/my_ugv_description', 'symlink_install': True, 'test_result_base': None}
[0.479s] Level 5:colcon.colcon_core.verb:set package 'my_ugv_hardware' build argument 'cmake_args' from command line to 'None'
[0.479s] Level 5:colcon.colcon_core.verb:set package 'my_ugv_hardware' build argument 'cmake_target' from command line to 'None'
[0.479s] Level 5:colcon.colcon_core.verb:set package 'my_ugv_hardware' build argument 'cmake_target_skip_unavailable' from command line to 'False'
[0.479s] Level 5:colcon.colcon_core.verb:set package 'my_ugv_hardware' build argument 'cmake_clean_cache' from command line to 'False'
[0.479s] Level 5:colcon.colcon_core.verb:set package 'my_ugv_hardware' build argument 'cmake_clean_first' from command line to 'False'
[0.479s] Level 5:colcon.colcon_core.verb:set package 'my_ugv_hardware' build argument 'cmake_force_configure' from command line to 'False'
[0.479s] Level 5:colcon.colcon_core.verb:set package 'my_ugv_hardware' build argument 'ament_cmake_args' from command line to 'None'
[0.479s] Level 5:colcon.colcon_core.verb:set package 'my_ugv_hardware' build argument 'catkin_cmake_args' from command line to 'None'
[0.479s] Level 5:colcon.colcon_core.verb:set package 'my_ugv_hardware' build argument 'catkin_skip_building_tests' from command line to 'False'
[0.479s] DEBUG:colcon.colcon_core.verb:Building package 'my_ugv_hardware' with the following arguments: {'ament_cmake_args': None, 'build_base': '/home/ugv/Desktop/OperationTouchdown/ugv_ws/build/my_ugv_hardware', 'catkin_cmake_args': None, 'catkin_skip_building_tests': False, 'cmake_args': None, 'cmake_clean_cache': False, 'cmake_clean_first': False, 'cmake_force_configure': False, 'cmake_target': None, 'cmake_target_skip_unavailable': False, 'install_base': '/home/ugv/Desktop/OperationTouchdown/ugv_ws/install/my_ugv_hardware', 'merge_install': False, 'path': '/home/ugv/Desktop/OperationTouchdown/ugv_ws/src/my_ugv_hardware', 'symlink_install': True, 'test_result_base': None}
[0.479s] Level 5:colcon.colcon_core.verb:set package 'roboteq_ros2_driver' build argument 'cmake_args' from command line to 'None'
[0.480s] Level 5:colcon.colcon_core.verb:set package 'roboteq_ros2_driver' build argument 'cmake_target' from command line to 'None'
[0.480s] Level 5:colcon.colcon_core.verb:set package 'roboteq_ros2_driver' build argument 'cmake_target_skip_unavailable' from command line to 'False'
[0.480s] Level 5:colcon.colcon_core.verb:set package 'roboteq_ros2_driver' build argument 'cmake_clean_cache' from command line to 'False'
[0.480s] Level 5:colcon.colcon_core.verb:set package 'roboteq_ros2_driver' build argument 'cmake_clean_first' from command line to 'False'
[0.480s] Level 5:colcon.colcon_core.verb:set package 'roboteq_ros2_driver' build argument 'cmake_force_configure' from command line to 'False'
[0.480s] Level 5:colcon.colcon_core.verb:set package 'roboteq_ros2_driver' build argument 'ament_cmake_args' from command line to 'None'
[0.480s] Level 5:colcon.colcon_core.verb:set package 'roboteq_ros2_driver' build argument 'catkin_cmake_args' from command line to 'None'
[0.480s] Level 5:colcon.colcon_core.verb:set package 'roboteq_ros2_driver' build argument 'catkin_skip_building_tests' from command line to 'False'
[0.480s] DEBUG:colcon.colcon_core.verb:Building package 'roboteq_ros2_driver' with the following arguments: {'ament_cmake_args': None, 'build_base': '/home/ugv/Desktop/OperationTouchdown/ugv_ws/build/roboteq_ros2_driver', 'catkin_cmake_args': None, 'catkin_skip_building_tests': False, 'cmake_args': None, 'cmake_clean_cache': False, 'cmake_clean_first': False, 'cmake_force_configure': False, 'cmake_target': None, 'cmake_target_skip_unavailable': False, 'install_base': '/home/ugv/Desktop/OperationTouchdown/ugv_ws/install/roboteq_ros2_driver', 'merge_install': False, 'path': '/home/ugv/Desktop/OperationTouchdown/ugv_ws/src/roboteq_ros2_driver', 'symlink_install': True, 'test_result_base': None}
[0.480s] Level 5:colcon.colcon_core.verb:set package 'rplidar_ros' build argument 'cmake_args' from command line to 'None'
[0.480s] Level 5:colcon.colcon_core.verb:set package 'rplidar_ros' build argument 'cmake_target' from command line to 'None'
[0.480s] Level 5:colcon.colcon_core.verb:set package 'rplidar_ros' build argument 'cmake_target_skip_unavailable' from command line to 'False'
[0.480s] Level 5:colcon.colcon_core.verb:set package 'rplidar_ros' build argument 'cmake_clean_cache' from command line to 'False'
[0.480s] Level 5:colcon.colcon_core.verb:set package 'rplidar_ros' build argument 'cmake_clean_first' from command line to 'False'
[0.480s] Level 5:colcon.colcon_core.verb:set package 'rplidar_ros' build argument 'cmake_force_configure' from command line to 'False'
[0.480s] Level 5:colcon.colcon_core.verb:set package 'rplidar_ros' build argument 'ament_cmake_args' from command line to 'None'
[0.480s] Level 5:colcon.colcon_core.verb:set package 'rplidar_ros' build argument 'catkin_cmake_args' from command line to 'None'
[0.480s] Level 5:colcon.colcon_core.verb:set package 'rplidar_ros' build argument 'catkin_skip_building_tests' from command line to 'False'
[0.480s] DEBUG:colcon.colcon_core.verb:Building package 'rplidar_ros' with the following arguments: {'ament_cmake_args': None, 'build_base': '/home/ugv/Desktop/OperationTouchdown/ugv_ws/build/rplidar_ros', 'catkin_cmake_args': None, 'catkin_skip_building_tests': False, 'cmake_args': None, 'cmake_clean_cache': False, 'cmake_clean_first': False, 'cmake_force_configure': False, 'cmake_target': None, 'cmake_target_skip_unavailable': False, 'install_base': '/home/ugv/Desktop/OperationTouchdown/ugv_ws/install/rplidar_ros', 'merge_install': False, 'path': '/home/ugv/Desktop/OperationTouchdown/ugv_ws/src/rplidar_ros', 'symlink_install': True, 'test_result_base': None}
[0.481s] Level 5:colcon.colcon_core.verb:set package 'depthai_bridge' build argument 'cmake_args' from command line to 'None'
[0.481s] Level 5:colcon.colcon_core.verb:set package 'depthai_bridge' build argument 'cmake_target' from command line to 'None'
[0.481s] Level 5:colcon.colcon_core.verb:set package 'depthai_bridge' build argument 'cmake_target_skip_unavailable' from command line to 'False'
[0.481s] Level 5:colcon.colcon_core.verb:set package 'depthai_bridge' build argument 'cmake_clean_cache' from command line to 'False'
[0.481s] Level 5:colcon.colcon_core.verb:set package 'depthai_bridge' build argument 'cmake_clean_first' from command line to 'False'
[0.481s] Level 5:colcon.colcon_core.verb:set package 'depthai_bridge' build argument 'cmake_force_configure' from command line to 'False'
[0.481s] Level 5:colcon.colcon_core.verb:set package 'depthai_bridge' build argument 'ament_cmake_args' from command line to 'None'
[0.481s] Level 5:colcon.colcon_core.verb:set package 'depthai_bridge' build argument 'catkin_cmake_args' from command line to 'None'
[0.481s] Level 5:colcon.colcon_core.verb:set package 'depthai_bridge' build argument 'catkin_skip_building_tests' from command line to 'False'
[0.481s] DEBUG:colcon.colcon_core.verb:Building package 'depthai_bridge' with the following arguments: {'ament_cmake_args': None, 'build_base': '/home/ugv/Desktop/OperationTouchdown/ugv_ws/build/depthai_bridge', 'catkin_cmake_args': None, 'catkin_skip_building_tests': False, 'cmake_args': None, 'cmake_clean_cache': False, 'cmake_clean_first': False, 'cmake_force_configure': False, 'cmake_target': None, 'cmake_target_skip_unavailable': False, 'install_base': '/home/ugv/Desktop/OperationTouchdown/ugv_ws/install/depthai_bridge', 'merge_install': False, 'path': '/home/ugv/Desktop/OperationTouchdown/ugv_ws/src/depthai-ros/depthai_bridge', 'symlink_install': True, 'test_result_base': None}
[0.481s] Level 5:colcon.colcon_core.verb:set package 'depthai_filters' build argument 'cmake_args' from command line to 'None'
[0.482s] Level 5:colcon.colcon_core.verb:set package 'depthai_filters' build argument 'cmake_target' from command line to 'None'
[0.482s] Level 5:colcon.colcon_core.verb:set package 'depthai_filters' build argument 'cmake_target_skip_unavailable' from command line to 'False'
[0.482s] Level 5:colcon.colcon_core.verb:set package 'depthai_filters' build argument 'cmake_clean_cache' from command line to 'False'
[0.482s] Level 5:colcon.colcon_core.verb:set package 'depthai_filters' build argument 'cmake_clean_first' from command line to 'False'
[0.482s] Level 5:colcon.colcon_core.verb:set package 'depthai_filters' build argument 'cmake_force_configure' from command line to 'False'
[0.482s] Level 5:colcon.colcon_core.verb:set package 'depthai_filters' build argument 'ament_cmake_args' from command line to 'None'
[0.482s] Level 5:colcon.colcon_core.verb:set package 'depthai_filters' build argument 'catkin_cmake_args' from command line to 'None'
[0.482s] Level 5:colcon.colcon_core.verb:set package 'depthai_filters' build argument 'catkin_skip_building_tests' from command line to 'False'
[0.482s] DEBUG:colcon.colcon_core.verb:Building package 'depthai_filters' with the following arguments: {'ament_cmake_args': None, 'build_base': '/home/ugv/Desktop/OperationTouchdown/ugv_ws/build/depthai_filters', 'catkin_cmake_args': None, 'catkin_skip_building_tests': False, 'cmake_args': None, 'cmake_clean_cache': False, 'cmake_clean_first': False, 'cmake_force_configure': False, 'cmake_target': None, 'cmake_target_skip_unavailable': False, 'install_base': '/home/ugv/Desktop/OperationTouchdown/ugv_ws/install/depthai_filters', 'merge_install': False, 'path': '/home/ugv/Desktop/OperationTouchdown/ugv_ws/src/depthai-ros/depthai_filters', 'symlink_install': True, 'test_result_base': None}
[0.482s] Level 5:colcon.colcon_core.verb:set package 'depthai_examples' build argument 'cmake_args' from command line to 'None'
[0.482s] Level 5:colcon.colcon_core.verb:set package 'depthai_examples' build argument 'cmake_target' from command line to 'None'
[0.482s] Level 5:colcon.colcon_core.verb:set package 'depthai_examples' build argument 'cmake_target_skip_unavailable' from command line to 'False'
[0.482s] Level 5:colcon.colcon_core.verb:set package 'depthai_examples' build argument 'cmake_clean_cache' from command line to 'False'
[0.482s] Level 5:colcon.colcon_core.verb:set package 'depthai_examples' build argument 'cmake_clean_first' from command line to 'False'
[0.482s] Level 5:colcon.colcon_core.verb:set package 'depthai_examples' build argument 'cmake_force_configure' from command line to 'False'
[0.482s] Level 5:colcon.colcon_core.verb:set package 'depthai_examples' build argument 'ament_cmake_args' from command line to 'None'
[0.482s] Level 5:colcon.colcon_core.verb:set package 'depthai_examples' build argument 'catkin_cmake_args' from command line to 'None'
[0.482s] Level 5:colcon.colcon_core.verb:set package 'depthai_examples' build argument 'catkin_skip_building_tests' from command line to 'False'
[0.482s] DEBUG:colcon.colcon_core.verb:Building package 'depthai_examples' with the following arguments: {'ament_cmake_args': None, 'build_base': '/home/ugv/Desktop/OperationTouchdown/ugv_ws/build/depthai_examples', 'catkin_cmake_args': None, 'catkin_skip_building_tests': False, 'cmake_args': None, 'cmake_clean_cache': False, 'cmake_clean_first': False, 'cmake_force_configure': False, 'cmake_target': None, 'cmake_target_skip_unavailable': False, 'install_base': '/home/ugv/Desktop/OperationTouchdown/ugv_ws/install/depthai_examples', 'merge_install': False, 'path': '/home/ugv/Desktop/OperationTouchdown/ugv_ws/src/depthai-ros/depthai_examples', 'symlink_install': True, 'test_result_base': None}
[0.483s] Level 5:colcon.colcon_core.verb:set package 'depthai_ros_driver' build argument 'cmake_args' from command line to 'None'
[0.483s] Level 5:colcon.colcon_core.verb:set package 'depthai_ros_driver' build argument 'cmake_target' from command line to 'None'
[0.483s] Level 5:colcon.colcon_core.verb:set package 'depthai_ros_driver' build argument 'cmake_target_skip_unavailable' from command line to 'False'
[0.483s] Level 5:colcon.colcon_core.verb:set package 'depthai_ros_driver' build argument 'cmake_clean_cache' from command line to 'False'
[0.483s] Level 5:colcon.colcon_core.verb:set package 'depthai_ros_driver' build argument 'cmake_clean_first' from command line to 'False'
[0.483s] Level 5:colcon.colcon_core.verb:set package 'depthai_ros_driver' build argument 'cmake_force_configure' from command line to 'False'
[0.483s] Level 5:colcon.colcon_core.verb:set package 'depthai_ros_driver' build argument 'ament_cmake_args' from command line to 'None'
[0.483s] Level 5:colcon.colcon_core.verb:set package 'depthai_ros_driver' build argument 'catkin_cmake_args' from command line to 'None'
[0.483s] Level 5:colcon.colcon_core.verb:set package 'depthai_ros_driver' build argument 'catkin_skip_building_tests' from command line to 'False'
[0.483s] DEBUG:colcon.colcon_core.verb:Building package 'depthai_ros_driver' with the following arguments: {'ament_cmake_args': None, 'build_base': '/home/ugv/Desktop/OperationTouchdown/ugv_ws/build/depthai_ros_driver', 'catkin_cmake_args': None, 'catkin_skip_building_tests': False, 'cmake_args': None, 'cmake_clean_cache': False, 'cmake_clean_first': False, 'cmake_force_configure': False, 'cmake_target': None, 'cmake_target_skip_unavailable': False, 'install_base': '/home/ugv/Desktop/OperationTouchdown/ugv_ws/install/depthai_ros_driver', 'merge_install': False, 'path': '/home/ugv/Desktop/OperationTouchdown/ugv_ws/src/depthai-ros/depthai_ros_driver', 'symlink_install': True, 'test_result_base': None}
[0.484s] Level 5:colcon.colcon_core.verb:set package 'depthai-ros' build argument 'cmake_args' from command line to 'None'
[0.484s] Level 5:colcon.colcon_core.verb:set package 'depthai-ros' build argument 'cmake_target' from command line to 'None'
[0.484s] Level 5:colcon.colcon_core.verb:set package 'depthai-ros' build argument 'cmake_target_skip_unavailable' from command line to 'False'
[0.484s] Level 5:colcon.colcon_core.verb:set package 'depthai-ros' build argument 'cmake_clean_cache' from command line to 'False'
[0.484s] Level 5:colcon.colcon_core.verb:set package 'depthai-ros' build argument 'cmake_clean_first' from command line to 'False'
[0.484s] Level 5:colcon.colcon_core.verb:set package 'depthai-ros' build argument 'cmake_force_configure' from command line to 'False'
[0.484s] Level 5:colcon.colcon_core.verb:set package 'depthai-ros' build argument 'ament_cmake_args' from command line to 'None'
[0.484s] Level 5:colcon.colcon_core.verb:set package 'depthai-ros' build argument 'catkin_cmake_args' from command line to 'None'
[0.484s] Level 5:colcon.colcon_core.verb:set package 'depthai-ros' build argument 'catkin_skip_building_tests' from command line to 'False'
[0.484s] DEBUG:colcon.colcon_core.verb:Building package 'depthai-ros' with the following arguments: {'ament_cmake_args': None, 'build_base': '/home/ugv/Desktop/OperationTouchdown/ugv_ws/build/depthai-ros', 'catkin_cmake_args': None, 'catkin_skip_building_tests': False, 'cmake_args': None, 'cmake_clean_cache': False, 'cmake_clean_first': False, 'cmake_force_configure': False, 'cmake_target': None, 'cmake_target_skip_unavailable': False, 'install_base': '/home/ugv/Desktop/OperationTouchdown/ugv_ws/install/depthai-ros', 'merge_install': False, 'path': '/home/ugv/Desktop/OperationTouchdown/ugv_ws/src/depthai-ros/depthai-ros', 'symlink_install': True, 'test_result_base': None}
[0.484s] Level 5:colcon.colcon_core.verb:set package 'my_ugv_bringup' build argument 'cmake_args' from command line to 'None'
[0.484s] Level 5:colcon.colcon_core.verb:set package 'my_ugv_bringup' build argument 'cmake_target' from command line to 'None'
[0.484s] Level 5:colcon.colcon_core.verb:set package 'my_ugv_bringup' build argument 'cmake_target_skip_unavailable' from command line to 'False'
[0.484s] Level 5:colcon.colcon_core.verb:set package 'my_ugv_bringup' build argument 'cmake_clean_cache' from command line to 'False'
[0.484s] Level 5:colcon.colcon_core.verb:set package 'my_ugv_bringup' build argument 'cmake_clean_first' from command line to 'False'
[0.484s] Level 5:colcon.colcon_core.verb:set package 'my_ugv_bringup' build argument 'cmake_force_configure' from command line to 'False'
[0.484s] Level 5:colcon.colcon_core.verb:set package 'my_ugv_bringup' build argument 'ament_cmake_args' from command line to 'None'
[0.484s] Level 5:colcon.colcon_core.verb:set package 'my_ugv_bringup' build argument 'catkin_cmake_args' from command line to 'None'
[0.485s] Level 5:colcon.colcon_core.verb:set package 'my_ugv_bringup' build argument 'catkin_skip_building_tests' from command line to 'False'
[0.485s] DEBUG:colcon.colcon_core.verb:Building package 'my_ugv_bringup' with the following arguments: {'ament_cmake_args': None, 'build_base': '/home/ugv/Desktop/OperationTouchdown/ugv_ws/build/my_ugv_bringup', 'catkin_cmake_args': None, 'catkin_skip_building_tests': False, 'cmake_args': None, 'cmake_clean_cache': False, 'cmake_clean_first': False, 'cmake_force_configure': False, 'cmake_target': None, 'cmake_target_skip_unavailable': False, 'install_base': '/home/ugv/Desktop/OperationTouchdown/ugv_ws/install/my_ugv_bringup', 'merge_install': False, 'path': '/home/ugv/Desktop/OperationTouchdown/ugv_ws/src/my_ugv_bringup', 'symlink_install': True, 'test_result_base': None}
[0.485s] INFO:colcon.colcon_core.executor:Executing jobs using 'parallel' executor
[0.486s] DEBUG:colcon.colcon_parallel_executor.executor.parallel:run_until_complete
[0.487s] INFO:colcon.colcon_ros.task.ament_cmake.build:Building ROS package in '/home/ugv/Desktop/OperationTouchdown/ugv_ws/src/depthai-ros/depthai_ros_msgs' with build type 'ament_cmake'
[0.487s] INFO:colcon.colcon_cmake.task.cmake.build:Building CMake package in '/home/ugv/Desktop/OperationTouchdown/ugv_ws/src/depthai-ros/depthai_ros_msgs'
[0.491s] INFO:colcon.colcon_core.plugin_system:Skipping extension 'colcon_core.shell.bat': Not used on non-Windows systems
[0.492s] INFO:colcon.colcon_core.shell:Skip shell extension 'powershell' for command environment: Not usable outside of PowerShell
[0.492s] DEBUG:colcon.colcon_core.shell:Skip shell extension 'dsv' for command environment
[0.500s] INFO:colcon.colcon_ros.task.ament_cmake.build:Building ROS package in '/home/ugv/Desktop/OperationTouchdown/ugv_ws/src/depthai-ros/depthai_descriptions' with build type 'ament_cmake'
[0.531s] INFO:colcon.colcon_cmake.task.cmake.build:Building CMake package in '/home/ugv/Desktop/OperationTouchdown/ugv_ws/src/depthai-ros/depthai_descriptions'
[0.531s] INFO:colcon.colcon_core.shell:Skip shell extension 'powershell' for command environment: Not usable outside of PowerShell
[0.531s] DEBUG:colcon.colcon_core.shell:Skip shell extension 'dsv' for command environment
[0.538s] INFO:colcon.colcon_ros.task.ament_cmake.build:Building ROS package in '/home/ugv/Desktop/OperationTouchdown/ugv_ws/src/dual_laser_merger' with build type 'ament_cmake'
[0.538s] INFO:colcon.colcon_cmake.task.cmake.build:Building CMake package in '/home/ugv/Desktop/OperationTouchdown/ugv_ws/src/dual_laser_merger'
[0.539s] INFO:colcon.colcon_core.shell:Skip shell extension 'powershell' for command environment: Not usable outside of PowerShell
[0.539s] DEBUG:colcon.colcon_core.shell:Skip shell extension 'dsv' for command environment
[0.545s] INFO:colcon.colcon_ros.task.ament_cmake.build:Building ROS package in '/home/ugv/Desktop/OperationTouchdown/ugv_ws/src/my_ugv_description' with build type 'ament_cmake'
[0.546s] INFO:colcon.colcon_cmake.task.cmake.build:Building CMake package in '/home/ugv/Desktop/OperationTouchdown/ugv_ws/src/my_ugv_description'
[0.546s] INFO:colcon.colcon_core.shell:Skip shell extension 'powershell' for command environment: Not usable outside of PowerShell
[0.546s] DEBUG:colcon.colcon_core.shell:Skip shell extension 'dsv' for command environment
[0.561s] DEBUG:colcon.colcon_core.event_handler.log_command:Invoking command in '/home/ugv/Desktop/OperationTouchdown/ugv_ws/build/depthai_ros_msgs': CMAKE_PREFIX_PATH=${CMAKE_PREFIX_PATH}:/home/ugv/Desktop/OperationTouchdown/ugv_ws/install/my_ugv_hardware:/home/ugv/Desktop/OperationTouchdown/ugv_ws/install/my_ugv_vision:/opt/ros/jazzy DEBUGINFOD_URLS=https://debuginfod.ubuntu.com /usr/bin/cmake /home/ugv/Desktop/OperationTouchdown/ugv_ws/src/depthai-ros/depthai_ros_msgs -DAMENT_CMAKE_SYMLINK_INSTALL=1 -DCMAKE_INSTALL_PREFIX=/home/ugv/Desktop/OperationTouchdown/ugv_ws/install/depthai_ros_msgs
[0.565s] DEBUG:colcon.colcon_core.event_handler.log_command:Invoking command in '/home/ugv/Desktop/OperationTouchdown/ugv_ws/build/depthai_descriptions': CMAKE_PREFIX_PATH=${CMAKE_PREFIX_PATH}:/home/ugv/Desktop/OperationTouchdown/ugv_ws/install/my_ugv_hardware:/home/ugv/Desktop/OperationTouchdown/ugv_ws/install/my_ugv_vision:/opt/ros/jazzy DEBUGINFOD_URLS=https://debuginfod.ubuntu.com /usr/bin/cmake /home/ugv/Desktop/OperationTouchdown/ugv_ws/src/depthai-ros/depthai_descriptions -DAMENT_CMAKE_SYMLINK_INSTALL=1 -DCMAKE_INSTALL_PREFIX=/home/ugv/Desktop/OperationTouchdown/ugv_ws/install/depthai_descriptions
[0.570s] DEBUG:colcon.colcon_core.event_handler.log_command:Invoking command in '/home/ugv/Desktop/OperationTouchdown/ugv_ws/build/dual_laser_merger': CMAKE_PREFIX_PATH=${CMAKE_PREFIX_PATH}:/home/ugv/Desktop/OperationTouchdown/ugv_ws/install/my_ugv_hardware:/home/ugv/Desktop/OperationTouchdown/ugv_ws/install/my_ugv_vision:/opt/ros/jazzy DEBUGINFOD_URLS=https://debuginfod.ubuntu.com /usr/bin/cmake --build /home/ugv/Desktop/OperationTouchdown/ugv_ws/build/dual_laser_merger -- -j4 -l4
[0.585s] DEBUG:colcon.colcon_core.event_handler.log_command:Invoking command in '/home/ugv/Desktop/OperationTouchdown/ugv_ws/build/my_ugv_description': CMAKE_PREFIX_PATH=${CMAKE_PREFIX_PATH}:/home/ugv/Desktop/OperationTouchdown/ugv_ws/install/my_ugv_hardware:/home/ugv/Desktop/OperationTouchdown/ugv_ws/install/my_ugv_vision:/opt/ros/jazzy DEBUGINFOD_URLS=https://debuginfod.ubuntu.com /usr/bin/cmake --build /home/ugv/Desktop/OperationTouchdown/ugv_ws/build/my_ugv_description -- -j4 -l4
[0.700s] DEBUG:colcon.colcon_core.event_handler.log_command:Invoked command in '/home/ugv/Desktop/OperationTouchdown/ugv_ws/build/my_ugv_description' returned '0': CMAKE_PREFIX_PATH=${CMAKE_PREFIX_PATH}:/home/ugv/Desktop/OperationTouchdown/ugv_ws/install/my_ugv_hardware:/home/ugv/Desktop/OperationTouchdown/ugv_ws/install/my_ugv_vision:/opt/ros/jazzy DEBUGINFOD_URLS=https://debuginfod.ubuntu.com /usr/bin/cmake --build /home/ugv/Desktop/OperationTouchdown/ugv_ws/build/my_ugv_description -- -j4 -l4
[0.725s] DEBUG:colcon.colcon_core.event_handler.log_command:Invoking command in '/home/ugv/Desktop/OperationTouchdown/ugv_ws/build/my_ugv_description': CMAKE_PREFIX_PATH=${CMAKE_PREFIX_PATH}:/home/ugv/Desktop/OperationTouchdown/ugv_ws/install/my_ugv_hardware:/home/ugv/Desktop/OperationTouchdown/ugv_ws/install/my_ugv_vision:/opt/ros/jazzy DEBUGINFOD_URLS=https://debuginfod.ubuntu.com /usr/bin/cmake --install /home/ugv/Desktop/OperationTouchdown/ugv_ws/build/my_ugv_description
[0.797s] Level 1:colcon.colcon_core.environment:create_environment_scripts_only(my_ugv_description)
[0.799s] DEBUG:colcon.colcon_core.event_handler.log_command:Invoked command in '/home/ugv/Desktop/OperationTouchdown/ugv_ws/build/my_ugv_description' returned '0': CMAKE_PREFIX_PATH=${CMAKE_PREFIX_PATH}:/home/ugv/Desktop/OperationTouchdown/ugv_ws/install/my_ugv_hardware:/home/ugv/Desktop/OperationTouchdown/ugv_ws/install/my_ugv_vision:/opt/ros/jazzy DEBUGINFOD_URLS=https://debuginfod.ubuntu.com /usr/bin/cmake --install /home/ugv/Desktop/OperationTouchdown/ugv_ws/build/my_ugv_description
[0.802s] Level 1:colcon.colcon_core.environment:checking '/home/ugv/Desktop/OperationTouchdown/ugv_ws/install/my_ugv_description' for CMake module files
[0.803s] Level 1:colcon.colcon_core.environment:checking '/home/ugv/Desktop/OperationTouchdown/ugv_ws/install/my_ugv_description' for CMake config files
[0.803s] Level 1:colcon.colcon_core.shell:create_environment_hook('my_ugv_description', 'cmake_prefix_path')
[0.804s] INFO:colcon.colcon_core.shell:Creating environment hook '/home/ugv/Desktop/OperationTouchdown/ugv_ws/install/my_ugv_description/share/my_ugv_description/hook/cmake_prefix_path.ps1'
[0.805s] INFO:colcon.colcon_core.shell:Creating environment descriptor '/home/ugv/Desktop/OperationTouchdown/ugv_ws/install/my_ugv_description/share/my_ugv_description/hook/cmake_prefix_path.dsv'
[0.806s] INFO:colcon.colcon_core.shell:Creating environment hook '/home/ugv/Desktop/OperationTouchdown/ugv_ws/install/my_ugv_description/share/my_ugv_description/hook/cmake_prefix_path.sh'
[0.808s] Level 1:colcon.colcon_core.environment:checking '/home/ugv/Desktop/OperationTouchdown/ugv_ws/install/my_ugv_description/bin'
[0.809s] Level 1:colcon.colcon_core.environment:checking '/home/ugv/Desktop/OperationTouchdown/ugv_ws/install/my_ugv_description/lib/pkgconfig/my_ugv_description.pc'
[0.809s] Level 1:colcon.colcon_core.environment:checking '/home/ugv/Desktop/OperationTouchdown/ugv_ws/install/my_ugv_description/lib/python3.12/site-packages'
[0.810s] Level 1:colcon.colcon_core.environment:checking '/home/ugv/Desktop/OperationTouchdown/ugv_ws/install/my_ugv_description/bin'
[0.811s] INFO:colcon.colcon_core.shell:Creating package script '/home/ugv/Desktop/OperationTouchdown/ugv_ws/install/my_ugv_description/share/my_ugv_description/package.ps1'
[0.813s] INFO:colcon.colcon_core.shell:Creating package descriptor '/home/ugv/Desktop/OperationTouchdown/ugv_ws/install/my_ugv_description/share/my_ugv_description/package.dsv'
[0.814s] INFO:colcon.colcon_core.shell:Creating package script '/home/ugv/Desktop/OperationTouchdown/ugv_ws/install/my_ugv_description/share/my_ugv_description/package.sh'
[0.817s] INFO:colcon.colcon_core.shell:Creating package script '/home/ugv/Desktop/OperationTouchdown/ugv_ws/install/my_ugv_description/share/my_ugv_description/package.bash'
[0.819s] INFO:colcon.colcon_core.shell:Creating package script '/home/ugv/Desktop/OperationTouchdown/ugv_ws/install/my_ugv_description/share/my_ugv_description/package.zsh'
[0.820s] Level 1:colcon.colcon_core.environment:create_file_with_runtime_dependencies(/home/ugv/Desktop/OperationTouchdown/ugv_ws/install/my_ugv_description/share/colcon-core/packages/my_ugv_description)
[0.822s] Level 1:colcon.colcon_core.environment:create_environment_scripts_only(my_ugv_description)
[0.822s] Level 1:colcon.colcon_core.environment:checking '/home/ugv/Desktop/OperationTouchdown/ugv_ws/install/my_ugv_description' for CMake module files
[0.823s] Level 1:colcon.colcon_core.environment:checking '/home/ugv/Desktop/OperationTouchdown/ugv_ws/install/my_ugv_description' for CMake config files
[0.824s] Level 1:colcon.colcon_core.shell:create_environment_hook('my_ugv_description', 'cmake_prefix_path')
[0.824s] INFO:colcon.colcon_core.shell:Creating environment hook '/home/ugv/Desktop/OperationTouchdown/ugv_ws/install/my_ugv_description/share/my_ugv_description/hook/cmake_prefix_path.ps1'
[0.825s] INFO:colcon.colcon_core.shell:Creating environment descriptor '/home/ugv/Desktop/OperationTouchdown/ugv_ws/install/my_ugv_description/share/my_ugv_description/hook/cmake_prefix_path.dsv'
[0.826s] INFO:colcon.colcon_core.shell:Creating environment hook '/home/ugv/Desktop/OperationTouchdown/ugv_ws/install/my_ugv_description/share/my_ugv_description/hook/cmake_prefix_path.sh'
[0.827s] Level 1:colcon.colcon_core.environment:checking '/home/ugv/Desktop/OperationTouchdown/ugv_ws/install/my_ugv_description/bin'
[0.827s] Level 1:colcon.colcon_core.environment:checking '/home/ugv/Desktop/OperationTouchdown/ugv_ws/install/my_ugv_description/lib/pkgconfig/my_ugv_description.pc'
[0.827s] Level 1:colcon.colcon_core.environment:checking '/home/ugv/Desktop/OperationTouchdown/ugv_ws/install/my_ugv_description/lib/python3.12/site-packages'
[0.828s] Level 1:colcon.colcon_core.environment:checking '/home/ugv/Desktop/OperationTouchdown/ugv_ws/install/my_ugv_description/bin'
[0.828s] INFO:colcon.colcon_core.shell:Creating package script '/home/ugv/Desktop/OperationTouchdown/ugv_ws/install/my_ugv_description/share/my_ugv_description/package.ps1'
[0.830s] INFO:colcon.colcon_core.shell:Creating package descriptor '/home/ugv/Desktop/OperationTouchdown/ugv_ws/install/my_ugv_description/share/my_ugv_description/package.dsv'
[0.831s] INFO:colcon.colcon_core.shell:Creating package script '/home/ugv/Desktop/OperationTouchdown/ugv_ws/install/my_ugv_description/share/my_ugv_description/package.sh'
[0.832s] INFO:colcon.colcon_core.shell:Creating package script '/home/ugv/Desktop/OperationTouchdown/ugv_ws/install/my_ugv_description/share/my_ugv_description/package.bash'
[0.833s] INFO:colcon.colcon_core.shell:Creating package script '/home/ugv/Desktop/OperationTouchdown/ugv_ws/install/my_ugv_description/share/my_ugv_description/package.zsh'
[0.835s] Level 1:colcon.colcon_core.environment:create_file_with_runtime_dependencies(/home/ugv/Desktop/OperationTouchdown/ugv_ws/install/my_ugv_description/share/colcon-core/packages/my_ugv_description)
[0.836s] INFO:colcon.colcon_ros.task.ament_python.build:Building ROS package in '/home/ugv/Desktop/OperationTouchdown/ugv_ws/src/my_ugv_hardware' with build type 'ament_python'
[0.837s] Level 1:colcon.colcon_core.shell:create_environment_hook('my_ugv_hardware', 'ament_prefix_path')
[0.837s] INFO:colcon.colcon_core.shell:Creating environment hook '/home/ugv/Desktop/OperationTouchdown/ugv_ws/install/my_ugv_hardware/share/my_ugv_hardware/hook/ament_prefix_path.ps1'
[0.840s] INFO:colcon.colcon_core.shell:Creating environment descriptor '/home/ugv/Desktop/OperationTouchdown/ugv_ws/install/my_ugv_hardware/share/my_ugv_hardware/hook/ament_prefix_path.dsv'
[0.841s] INFO:colcon.colcon_core.shell:Creating environment hook '/home/ugv/Desktop/OperationTouchdown/ugv_ws/install/my_ugv_hardware/share/my_ugv_hardware/hook/ament_prefix_path.sh'
[0.844s] INFO:colcon.colcon_core.shell:Skip shell extension 'powershell' for command environment: Not usable outside of PowerShell
[0.845s] DEBUG:colcon.colcon_core.shell:Skip shell extension 'dsv' for command environment
[0.860s] DEBUG:colcon.colcon_core.event_handler.log_command:Invoked command in '/home/ugv/Desktop/OperationTouchdown/ugv_ws/build/dual_laser_merger' returned '0': CMAKE_PREFIX_PATH=${CMAKE_PREFIX_PATH}:/home/ugv/Desktop/OperationTouchdown/ugv_ws/install/my_ugv_hardware:/home/ugv/Desktop/OperationTouchdown/ugv_ws/install/my_ugv_vision:/opt/ros/jazzy DEBUGINFOD_URLS=https://debuginfod.ubuntu.com /usr/bin/cmake --build /home/ugv/Desktop/OperationTouchdown/ugv_ws/build/dual_laser_merger -- -j4 -l4
[0.864s] DEBUG:colcon.colcon_core.event_handler.log_command:Invoking command in '/home/ugv/Desktop/OperationTouchdown/ugv_ws/build/dual_laser_merger': CMAKE_PREFIX_PATH=${CMAKE_PREFIX_PATH}:/home/ugv/Desktop/OperationTouchdown/ugv_ws/install/my_ugv_hardware:/home/ugv/Desktop/OperationTouchdown/ugv_ws/install/my_ugv_vision:/opt/ros/jazzy DEBUGINFOD_URLS=https://debuginfod.ubuntu.com /usr/bin/cmake --install /home/ugv/Desktop/OperationTouchdown/ugv_ws/build/dual_laser_merger
[1.378s] INFO:colcon.colcon_core.task.python.build:Building Python package in '/home/ugv/Desktop/OperationTouchdown/ugv_ws/src/my_ugv_hardware'
[1.379s] INFO:colcon.colcon_core.shell:Skip shell extension 'powershell' for command environment: Not usable outside of PowerShell
[1.379s] DEBUG:colcon.colcon_core.shell:Skip shell extension 'dsv' for command environment
[1.391s] Level 1:colcon.colcon_core.environment:create_environment_scripts_only(dual_laser_merger)
[1.391s] DEBUG:colcon.colcon_core.event_handler.log_command:Invoked command in '/home/ugv/Desktop/OperationTouchdown/ugv_ws/build/dual_laser_merger' returned '0': CMAKE_PREFIX_PATH=${CMAKE_PREFIX_PATH}:/home/ugv/Desktop/OperationTouchdown/ugv_ws/install/my_ugv_hardware:/home/ugv/Desktop/OperationTouchdown/ugv_ws/install/my_ugv_vision:/opt/ros/jazzy DEBUGINFOD_URLS=https://debuginfod.ubuntu.com /usr/bin/cmake --install /home/ugv/Desktop/OperationTouchdown/ugv_ws/build/dual_laser_merger
[1.392s] Level 1:colcon.colcon_core.environment:checking '/home/ugv/Desktop/OperationTouchdown/ugv_ws/install/dual_laser_merger' for CMake module files
[1.394s] Level 1:colcon.colcon_core.environment:checking '/home/ugv/Desktop/OperationTouchdown/ugv_ws/install/dual_laser_merger' for CMake config files
[1.395s] Level 1:colcon.colcon_core.shell:create_environment_hook('dual_laser_merger', 'cmake_prefix_path')
[1.396s] INFO:colcon.colcon_core.shell:Creating environment hook '/home/ugv/Desktop/OperationTouchdown/ugv_ws/install/dual_laser_merger/share/dual_laser_merger/hook/cmake_prefix_path.ps1'
[1.397s] INFO:colcon.colcon_core.shell:Creating environment descriptor '/home/ugv/Desktop/OperationTouchdown/ugv_ws/install/dual_laser_merger/share/dual_laser_merger/hook/cmake_prefix_path.dsv'
[1.399s] INFO:colcon.colcon_core.shell:Creating environment hook '/home/ugv/Desktop/OperationTouchdown/ugv_ws/install/dual_laser_merger/share/dual_laser_merger/hook/cmake_prefix_path.sh'
[1.401s] Level 1:colcon.colcon_core.environment:checking '/home/ugv/Desktop/OperationTouchdown/ugv_ws/install/dual_laser_merger/lib'
[1.402s] Level 1:colcon.colcon_core.shell:create_environment_hook('dual_laser_merger', 'ld_library_path_lib')
[1.402s] INFO:colcon.colcon_core.shell:Creating environment hook '/home/ugv/Desktop/OperationTouchdown/ugv_ws/install/dual_laser_merger/share/dual_laser_merger/hook/ld_library_path_lib.ps1'
[1.404s] INFO:colcon.colcon_core.shell:Creating environment descriptor '/home/ugv/Desktop/OperationTouchdown/ugv_ws/install/dual_laser_merger/share/dual_laser_merger/hook/ld_library_path_lib.dsv'
[1.405s] INFO:colcon.colcon_core.shell:Creating environment hook '/home/ugv/Desktop/OperationTouchdown/ugv_ws/install/dual_laser_merger/share/dual_laser_merger/hook/ld_library_path_lib.sh'
[1.406s] Level 1:colcon.colcon_core.environment:checking '/home/ugv/Desktop/OperationTouchdown/ugv_ws/install/dual_laser_merger/bin'
[1.407s] Level 1:colcon.colcon_core.environment:checking '/home/ugv/Desktop/OperationTouchdown/ugv_ws/install/dual_laser_merger/lib/pkgconfig/dual_laser_merger.pc'
[1.407s] Level 1:colcon.colcon_core.environment:checking '/home/ugv/Desktop/OperationTouchdown/ugv_ws/install/dual_laser_merger/lib/python3.12/site-packages'
[1.408s] Level 1:colcon.colcon_core.environment:checking '/home/ugv/Desktop/OperationTouchdown/ugv_ws/install/dual_laser_merger/bin'
[1.409s] INFO:colcon.colcon_core.shell:Creating package script '/home/ugv/Desktop/OperationTouchdown/ugv_ws/install/dual_laser_merger/share/dual_laser_merger/package.ps1'
[1.410s] INFO:colcon.colcon_core.shell:Creating package descriptor '/home/ugv/Desktop/OperationTouchdown/ugv_ws/install/dual_laser_merger/share/dual_laser_merger/package.dsv'
[1.412s] INFO:colcon.colcon_core.shell:Creating package script '/home/ugv/Desktop/OperationTouchdown/ugv_ws/install/dual_laser_merger/share/dual_laser_merger/package.sh'
[1.413s] INFO:colcon.colcon_core.shell:Creating package script '/home/ugv/Desktop/OperationTouchdown/ugv_ws/install/dual_laser_merger/share/dual_laser_merger/package.bash'
[1.414s] INFO:colcon.colcon_core.shell:Creating package script '/home/ugv/Desktop/OperationTouchdown/ugv_ws/install/dual_laser_merger/share/dual_laser_merger/package.zsh'
[1.415s] Level 1:colcon.colcon_core.environment:create_file_with_runtime_dependencies(/home/ugv/Desktop/OperationTouchdown/ugv_ws/install/dual_laser_merger/share/colcon-core/packages/dual_laser_merger)
[1.417s] Level 1:colcon.colcon_core.environment:create_environment_scripts_only(dual_laser_merger)
[1.417s] Level 1:colcon.colcon_core.environment:checking '/home/ugv/Desktop/OperationTouchdown/ugv_ws/install/dual_laser_merger' for CMake module files
[1.418s] Level 1:colcon.colcon_core.environment:checking '/home/ugv/Desktop/OperationTouchdown/ugv_ws/install/dual_laser_merger' for CMake config files
[1.419s] Level 1:colcon.colcon_core.shell:create_environment_hook('dual_laser_merger', 'cmake_prefix_path')
[1.420s] INFO:colcon.colcon_core.shell:Creating environment hook '/home/ugv/Desktop/OperationTouchdown/ugv_ws/install/dual_laser_merger/share/dual_laser_merger/hook/cmake_prefix_path.ps1'
[1.421s] INFO:colcon.colcon_core.shell:Creating environment descriptor '/home/ugv/Desktop/OperationTouchdown/ugv_ws/install/dual_laser_merger/share/dual_laser_merger/hook/cmake_prefix_path.dsv'
[1.424s] INFO:colcon.colcon_core.shell:Creating environment hook '/home/ugv/Desktop/OperationTouchdown/ugv_ws/install/dual_laser_merger/share/dual_laser_merger/hook/cmake_prefix_path.sh'
[1.426s] Level 1:colcon.colcon_core.environment:checking '/home/ugv/Desktop/OperationTouchdown/ugv_ws/install/dual_laser_merger/lib'
[1.427s] Level 1:colcon.colcon_core.shell:create_environment_hook('dual_laser_merger', 'ld_library_path_lib')
[1.427s] INFO:colcon.colcon_core.shell:Creating environment hook '/home/ugv/Desktop/OperationTouchdown/ugv_ws/install/dual_laser_merger/share/dual_laser_merger/hook/ld_library_path_lib.ps1'
[1.428s] INFO:colcon.colcon_core.shell:Creating environment descriptor '/home/ugv/Desktop/OperationTouchdown/ugv_ws/install/dual_laser_merger/share/dual_laser_merger/hook/ld_library_path_lib.dsv'
[1.429s] INFO:colcon.colcon_core.shell:Creating environment hook '/home/ugv/Desktop/OperationTouchdown/ugv_ws/install/dual_laser_merger/share/dual_laser_merger/hook/ld_library_path_lib.sh'
[1.429s] Level 1:colcon.colcon_core.environment:checking '/home/ugv/Desktop/OperationTouchdown/ugv_ws/install/dual_laser_merger/bin'
[1.429s] Level 1:colcon.colcon_core.environment:checking '/home/ugv/Desktop/OperationTouchdown/ugv_ws/install/dual_laser_merger/lib/pkgconfig/dual_laser_merger.pc'
[1.430s] Level 1:colcon.colcon_core.environment:checking '/home/ugv/Desktop/OperationTouchdown/ugv_ws/install/dual_laser_merger/lib/python3.12/site-packages'
[1.430s] Level 1:colcon.colcon_core.environment:checking '/home/ugv/Desktop/OperationTouchdown/ugv_ws/install/dual_laser_merger/bin'
[1.431s] INFO:colcon.colcon_core.shell:Creating package script '/home/ugv/Desktop/OperationTouchdown/ugv_ws/install/dual_laser_merger/share/dual_laser_merger/package.ps1'
[1.432s] INFO:colcon.colcon_core.shell:Creating package descriptor '/home/ugv/Desktop/OperationTouchdown/ugv_ws/install/dual_laser_merger/share/dual_laser_merger/package.dsv'
[1.433s] INFO:colcon.colcon_core.shell:Creating package script '/home/ugv/Desktop/OperationTouchdown/ugv_ws/install/dual_laser_merger/share/dual_laser_merger/package.sh'
[1.433s] INFO:colcon.colcon_core.shell:Creating package script '/home/ugv/Desktop/OperationTouchdown/ugv_ws/install/dual_laser_merger/share/dual_laser_merger/package.bash'
[1.434s] INFO:colcon.colcon_core.shell:Creating package script '/home/ugv/Desktop/OperationTouchdown/ugv_ws/install/dual_laser_merger/share/dual_laser_merger/package.zsh'
[1.435s] Level 1:colcon.colcon_core.environment:create_file_with_runtime_dependencies(/home/ugv/Desktop/OperationTouchdown/ugv_ws/install/dual_laser_merger/share/colcon-core/packages/dual_laser_merger)
[1.437s] INFO:colcon.colcon_ros.task.ament_cmake.build:Building ROS package in '/home/ugv/Desktop/OperationTouchdown/ugv_ws/src/roboteq_ros2_driver' with build type 'ament_cmake'
[1.437s] INFO:colcon.colcon_cmake.task.cmake.build:Building CMake package in '/home/ugv/Desktop/OperationTouchdown/ugv_ws/src/roboteq_ros2_driver'
[1.438s] INFO:colcon.colcon_core.shell:Skip shell extension 'powershell' for command environment: Not usable outside of PowerShell
[1.438s] DEBUG:colcon.colcon_core.shell:Skip shell extension 'dsv' for command environment
[1.458s] DEBUG:colcon.colcon_core.event_handler.log_command:Invoking command in '/home/ugv/Desktop/OperationTouchdown/ugv_ws/build/roboteq_ros2_driver': CMAKE_PREFIX_PATH=${CMAKE_PREFIX_PATH}:/home/ugv/Desktop/OperationTouchdown/ugv_ws/install/my_ugv_hardware:/home/ugv/Desktop/OperationTouchdown/ugv_ws/install/my_ugv_vision:/opt/ros/jazzy DEBUGINFOD_URLS=https://debuginfod.ubuntu.com /usr/bin/cmake --build /home/ugv/Desktop/OperationTouchdown/ugv_ws/build/roboteq_ros2_driver -- -j4 -l4
[1.466s] DEBUG:colcon.colcon_core.event_handler.log_command:Invoked command in '/home/ugv/Desktop/OperationTouchdown/ugv_ws/build/depthai_descriptions' returned '0': CMAKE_PREFIX_PATH=${CMAKE_PREFIX_PATH}:/home/ugv/Desktop/OperationTouchdown/ugv_ws/install/my_ugv_hardware:/home/ugv/Desktop/OperationTouchdown/ugv_ws/install/my_ugv_vision:/opt/ros/jazzy DEBUGINFOD_URLS=https://debuginfod.ubuntu.com /usr/bin/cmake /home/ugv/Desktop/OperationTouchdown/ugv_ws/src/depthai-ros/depthai_descriptions -DAMENT_CMAKE_SYMLINK_INSTALL=1 -DCMAKE_INSTALL_PREFIX=/home/ugv/Desktop/OperationTouchdown/ugv_ws/install/depthai_descriptions
[1.466s] DEBUG:colcon.colcon_core.event_handler.log_command:Invoking command in '/home/ugv/Desktop/OperationTouchdown/ugv_ws/build/depthai_descriptions': CMAKE_PREFIX_PATH=${CMAKE_PREFIX_PATH}:/home/ugv/Desktop/OperationTouchdown/ugv_ws/install/my_ugv_hardware:/home/ugv/Desktop/OperationTouchdown/ugv_ws/install/my_ugv_vision:/opt/ros/jazzy DEBUGINFOD_URLS=https://debuginfod.ubuntu.com /usr/bin/cmake --build /home/ugv/Desktop/OperationTouchdown/ugv_ws/build/depthai_descriptions -- -j4 -l4
[1.580s] DEBUG:colcon.colcon_core.event_handler.log_command:Invoked command in '/home/ugv/Desktop/OperationTouchdown/ugv_ws/build/depthai_descriptions' returned '0': CMAKE_PREFIX_PATH=${CMAKE_PREFIX_PATH}:/home/ugv/Desktop/OperationTouchdown/ugv_ws/install/my_ugv_hardware:/home/ugv/Desktop/OperationTouchdown/ugv_ws/install/my_ugv_vision:/opt/ros/jazzy DEBUGINFOD_URLS=https://debuginfod.ubuntu.com /usr/bin/cmake --build /home/ugv/Desktop/OperationTouchdown/ugv_ws/build/depthai_descriptions -- -j4 -l4
[1.583s] DEBUG:colcon.colcon_core.event_handler.log_command:Invoking command in '/home/ugv/Desktop/OperationTouchdown/ugv_ws/build/depthai_descriptions': CMAKE_PREFIX_PATH=${CMAKE_PREFIX_PATH}:/home/ugv/Desktop/OperationTouchdown/ugv_ws/install/my_ugv_hardware:/home/ugv/Desktop/OperationTouchdown/ugv_ws/install/my_ugv_vision:/opt/ros/jazzy DEBUGINFOD_URLS=https://debuginfod.ubuntu.com /usr/bin/cmake --install /home/ugv/Desktop/OperationTouchdown/ugv_ws/build/depthai_descriptions
[1.590s] DEBUG:colcon.colcon_core.event_handler.log_command:Invoked command in '/home/ugv/Desktop/OperationTouchdown/ugv_ws/build/roboteq_ros2_driver' returned '0': CMAKE_PREFIX_PATH=${CMAKE_PREFIX_PATH}:/home/ugv/Desktop/OperationTouchdown/ugv_ws/install/my_ugv_hardware:/home/ugv/Desktop/OperationTouchdown/ugv_ws/install/my_ugv_vision:/opt/ros/jazzy DEBUGINFOD_URLS=https://debuginfod.ubuntu.com /usr/bin/cmake --build /home/ugv/Desktop/OperationTouchdown/ugv_ws/build/roboteq_ros2_driver -- -j4 -l4
[1.591s] DEBUG:colcon.colcon_core.event_handler.log_command:Invoking command in '/home/ugv/Desktop/OperationTouchdown/ugv_ws/build/roboteq_ros2_driver': CMAKE_PREFIX_PATH=${CMAKE_PREFIX_PATH}:/home/ugv/Desktop/OperationTouchdown/ugv_ws/install/my_ugv_hardware:/home/ugv/Desktop/OperationTouchdown/ugv_ws/install/my_ugv_vision:/opt/ros/jazzy DEBUGINFOD_URLS=https://debuginfod.ubuntu.com /usr/bin/cmake --install /home/ugv/Desktop/OperationTouchdown/ugv_ws/build/roboteq_ros2_driver
[1.651s] Level 1:colcon.colcon_core.environment:create_environment_scripts_only(depthai_descriptions)
[1.652s] Level 1:colcon.colcon_core.environment:checking '/home/ugv/Desktop/OperationTouchdown/ugv_ws/install/depthai_descriptions' for CMake module files
[1.653s] Level 1:colcon.colcon_core.environment:checking '/home/ugv/Desktop/OperationTouchdown/ugv_ws/install/depthai_descriptions' for CMake config files
[1.654s] DEBUG:colcon.colcon_core.event_handler.log_command:Invoked command in '/home/ugv/Desktop/OperationTouchdown/ugv_ws/build/depthai_descriptions' returned '0': CMAKE_PREFIX_PATH=${CMAKE_PREFIX_PATH}:/home/ugv/Desktop/OperationTouchdown/ugv_ws/install/my_ugv_hardware:/home/ugv/Desktop/OperationTouchdown/ugv_ws/install/my_ugv_vision:/opt/ros/jazzy DEBUGINFOD_URLS=https://debuginfod.ubuntu.com /usr/bin/cmake --install /home/ugv/Desktop/OperationTouchdown/ugv_ws/build/depthai_descriptions
[1.654s] Level 1:colcon.colcon_core.shell:create_environment_hook('depthai_descriptions', 'cmake_prefix_path')
[1.655s] INFO:colcon.colcon_core.shell:Creating environment hook '/home/ugv/Desktop/OperationTouchdown/ugv_ws/install/depthai_descriptions/share/depthai_descriptions/hook/cmake_prefix_path.ps1'
[1.656s] INFO:colcon.colcon_core.shell:Creating environment descriptor '/home/ugv/Desktop/OperationTouchdown/ugv_ws/install/depthai_descriptions/share/depthai_descriptions/hook/cmake_prefix_path.dsv'
[1.657s] INFO:colcon.colcon_core.shell:Creating environment hook '/home/ugv/Desktop/OperationTouchdown/ugv_ws/install/depthai_descriptions/share/depthai_descriptions/hook/cmake_prefix_path.sh'
[1.658s] Level 1:colcon.colcon_core.environment:checking '/home/ugv/Desktop/OperationTouchdown/ugv_ws/install/depthai_descriptions/bin'
[1.658s] Level 1:colcon.colcon_core.environment:checking '/home/ugv/Desktop/OperationTouchdown/ugv_ws/install/depthai_descriptions/lib/pkgconfig/depthai_descriptions.pc'
[1.659s] Level 1:colcon.colcon_core.environment:checking '/home/ugv/Desktop/OperationTouchdown/ugv_ws/install/depthai_descriptions/lib/python3.12/site-packages'
[1.660s] Level 1:colcon.colcon_core.environment:checking '/home/ugv/Desktop/OperationTouchdown/ugv_ws/install/depthai_descriptions/bin'
[1.660s] INFO:colcon.colcon_core.shell:Creating package script '/home/ugv/Desktop/OperationTouchdown/ugv_ws/install/depthai_descriptions/share/depthai_descriptions/package.ps1'
[1.665s] INFO:colcon.colcon_core.shell:Creating package descriptor '/home/ugv/Desktop/OperationTouchdown/ugv_ws/install/depthai_descriptions/share/depthai_descriptions/package.dsv'
[1.667s] INFO:colcon.colcon_core.shell:Creating package script '/home/ugv/Desktop/OperationTouchdown/ugv_ws/install/depthai_descriptions/share/depthai_descriptions/package.sh'
[1.668s] INFO:colcon.colcon_core.shell:Creating package script '/home/ugv/Desktop/OperationTouchdown/ugv_ws/install/depthai_descriptions/share/depthai_descriptions/package.bash'
[1.669s] INFO:colcon.colcon_core.shell:Creating package script '/home/ugv/Desktop/OperationTouchdown/ugv_ws/install/depthai_descriptions/share/depthai_descriptions/package.zsh'
[1.670s] Level 1:colcon.colcon_core.environment:create_file_with_runtime_dependencies(/home/ugv/Desktop/OperationTouchdown/ugv_ws/install/depthai_descriptions/share/colcon-core/packages/depthai_descriptions)
[1.671s] Level 1:colcon.colcon_core.environment:create_environment_scripts_only(depthai_descriptions)
[1.672s] Level 1:colcon.colcon_core.environment:checking '/home/ugv/Desktop/OperationTouchdown/ugv_ws/install/depthai_descriptions' for CMake module files
[1.673s] Level 1:colcon.colcon_core.environment:checking '/home/ugv/Desktop/OperationTouchdown/ugv_ws/install/depthai_descriptions' for CMake config files
[1.675s] Level 1:colcon.colcon_core.shell:create_environment_hook('depthai_descriptions', 'cmake_prefix_path')
[1.676s] INFO:colcon.colcon_core.shell:Creating environment hook '/home/ugv/Desktop/OperationTouchdown/ugv_ws/install/depthai_descriptions/share/depthai_descriptions/hook/cmake_prefix_path.ps1'
[1.678s] INFO:colcon.colcon_core.shell:Creating environment descriptor '/home/ugv/Desktop/OperationTouchdown/ugv_ws/install/depthai_descriptions/share/depthai_descriptions/hook/cmake_prefix_path.dsv'
[1.680s] INFO:colcon.colcon_core.shell:Creating environment hook '/home/ugv/Desktop/OperationTouchdown/ugv_ws/install/depthai_descriptions/share/depthai_descriptions/hook/cmake_prefix_path.sh'
[1.682s] Level 1:colcon.colcon_core.environment:checking '/home/ugv/Desktop/OperationTouchdown/ugv_ws/install/depthai_descriptions/bin'
[1.682s] Level 1:colcon.colcon_core.environment:checking '/home/ugv/Desktop/OperationTouchdown/ugv_ws/install/depthai_descriptions/lib/pkgconfig/depthai_descriptions.pc'
[1.683s] Level 1:colcon.colcon_core.environment:checking '/home/ugv/Desktop/OperationTouchdown/ugv_ws/install/depthai_descriptions/lib/python3.12/site-packages'
[1.683s] Level 1:colcon.colcon_core.environment:checking '/home/ugv/Desktop/OperationTouchdown/ugv_ws/install/depthai_descriptions/bin'
[1.684s] INFO:colcon.colcon_core.shell:Creating package script '/home/ugv/Desktop/OperationTouchdown/ugv_ws/install/depthai_descriptions/share/depthai_descriptions/package.ps1'
[1.685s] INFO:colcon.colcon_core.shell:Creating package descriptor '/home/ugv/Desktop/OperationTouchdown/ugv_ws/install/depthai_descriptions/share/depthai_descriptions/package.dsv'
[1.686s] INFO:colcon.colcon_core.shell:Creating package script '/home/ugv/Desktop/OperationTouchdown/ugv_ws/install/depthai_descriptions/share/depthai_descriptions/package.sh'
[1.687s] INFO:colcon.colcon_core.shell:Creating package script '/home/ugv/Desktop/OperationTouchdown/ugv_ws/install/depthai_descriptions/share/depthai_descriptions/package.bash'
[1.688s] INFO:colcon.colcon_core.shell:Creating package script '/home/ugv/Desktop/OperationTouchdown/ugv_ws/install/depthai_descriptions/share/depthai_descriptions/package.zsh'
[1.689s] Level 1:colcon.colcon_core.environment:create_file_with_runtime_dependencies(/home/ugv/Desktop/OperationTouchdown/ugv_ws/install/depthai_descriptions/share/colcon-core/packages/depthai_descriptions)
[1.691s] INFO:colcon.colcon_ros.task.ament_cmake.build:Building ROS package in '/home/ugv/Desktop/OperationTouchdown/ugv_ws/src/rplidar_ros' with build type 'ament_cmake'
[1.691s] INFO:colcon.colcon_cmake.task.cmake.build:Building CMake package in '/home/ugv/Desktop/OperationTouchdown/ugv_ws/src/rplidar_ros'
[1.691s] INFO:colcon.colcon_core.shell:Skip shell extension 'powershell' for command environment: Not usable outside of PowerShell
[1.691s] DEBUG:colcon.colcon_core.shell:Skip shell extension 'dsv' for command environment
[1.703s] Level 1:colcon.colcon_core.environment:create_environment_scripts_only(roboteq_ros2_driver)
[1.703s] Level 1:colcon.colcon_core.environment:checking '/home/ugv/Desktop/OperationTouchdown/ugv_ws/install/roboteq_ros2_driver' for CMake module files
[1.704s] DEBUG:colcon.colcon_core.event_handler.log_command:Invoked command in '/home/ugv/Desktop/OperationTouchdown/ugv_ws/build/roboteq_ros2_driver' returned '0': CMAKE_PREFIX_PATH=${CMAKE_PREFIX_PATH}:/home/ugv/Desktop/OperationTouchdown/ugv_ws/install/my_ugv_hardware:/home/ugv/Desktop/OperationTouchdown/ugv_ws/install/my_ugv_vision:/opt/ros/jazzy DEBUGINFOD_URLS=https://debuginfod.ubuntu.com /usr/bin/cmake --install /home/ugv/Desktop/OperationTouchdown/ugv_ws/build/roboteq_ros2_driver
[1.705s] Level 1:colcon.colcon_core.environment:checking '/home/ugv/Desktop/OperationTouchdown/ugv_ws/install/roboteq_ros2_driver' for CMake config files
[1.705s] Level 1:colcon.colcon_core.shell:create_environment_hook('roboteq_ros2_driver', 'cmake_prefix_path')
[1.706s] INFO:colcon.colcon_core.shell:Creating environment hook '/home/ugv/Desktop/OperationTouchdown/ugv_ws/install/roboteq_ros2_driver/share/roboteq_ros2_driver/hook/cmake_prefix_path.ps1'
[1.706s] INFO:colcon.colcon_core.shell:Creating environment descriptor '/home/ugv/Desktop/OperationTouchdown/ugv_ws/install/roboteq_ros2_driver/share/roboteq_ros2_driver/hook/cmake_prefix_path.dsv'
[1.707s] INFO:colcon.colcon_core.shell:Creating environment hook '/home/ugv/Desktop/OperationTouchdown/ugv_ws/install/roboteq_ros2_driver/share/roboteq_ros2_driver/hook/cmake_prefix_path.sh'
[1.709s] Level 1:colcon.colcon_core.environment:checking '/home/ugv/Desktop/OperationTouchdown/ugv_ws/install/roboteq_ros2_driver/lib'
[1.709s] Level 1:colcon.colcon_core.environment:checking '/home/ugv/Desktop/OperationTouchdown/ugv_ws/install/roboteq_ros2_driver/bin'
[1.710s] Level 1:colcon.colcon_core.environment:checking '/home/ugv/Desktop/OperationTouchdown/ugv_ws/install/roboteq_ros2_driver/lib/pkgconfig/roboteq_ros2_driver.pc'
[1.710s] Level 1:colcon.colcon_core.environment:checking '/home/ugv/Desktop/OperationTouchdown/ugv_ws/install/roboteq_ros2_driver/lib/python3.12/site-packages'
[1.710s] Level 1:colcon.colcon_core.environment:checking '/home/ugv/Desktop/OperationTouchdown/ugv_ws/install/roboteq_ros2_driver/bin'
[1.711s] INFO:colcon.colcon_core.shell:Creating package script '/home/ugv/Desktop/OperationTouchdown/ugv_ws/install/roboteq_ros2_driver/share/roboteq_ros2_driver/package.ps1'
[1.712s] INFO:colcon.colcon_core.shell:Creating package descriptor '/home/ugv/Desktop/OperationTouchdown/ugv_ws/install/roboteq_ros2_driver/share/roboteq_ros2_driver/package.dsv'
[1.713s] INFO:colcon.colcon_core.shell:Creating package script '/home/ugv/Desktop/OperationTouchdown/ugv_ws/install/roboteq_ros2_driver/share/roboteq_ros2_driver/package.sh'
[1.714s] INFO:colcon.colcon_core.shell:Creating package script '/home/ugv/Desktop/OperationTouchdown/ugv_ws/install/roboteq_ros2_driver/share/roboteq_ros2_driver/package.bash'
[1.714s] INFO:colcon.colcon_core.shell:Creating package script '/home/ugv/Desktop/OperationTouchdown/ugv_ws/install/roboteq_ros2_driver/share/roboteq_ros2_driver/package.zsh'
[1.715s] Level 1:colcon.colcon_core.environment:create_file_with_runtime_dependencies(/home/ugv/Desktop/OperationTouchdown/ugv_ws/install/roboteq_ros2_driver/share/colcon-core/packages/roboteq_ros2_driver)
[1.716s] Level 1:colcon.colcon_core.environment:create_environment_scripts_only(roboteq_ros2_driver)
[1.717s] Level 1:colcon.colcon_core.environment:checking '/home/ugv/Desktop/OperationTouchdown/ugv_ws/install/roboteq_ros2_driver' for CMake module files
[1.717s] Level 1:colcon.colcon_core.environment:checking '/home/ugv/Desktop/OperationTouchdown/ugv_ws/install/roboteq_ros2_driver' for CMake config files
[1.718s] Level 1:colcon.colcon_core.shell:create_environment_hook('roboteq_ros2_driver', 'cmake_prefix_path')
[1.718s] INFO:colcon.colcon_core.shell:Creating environment hook '/home/ugv/Desktop/OperationTouchdown/ugv_ws/install/roboteq_ros2_driver/share/roboteq_ros2_driver/hook/cmake_prefix_path.ps1'
[1.719s] INFO:colcon.colcon_core.shell:Creating environment descriptor '/home/ugv/Desktop/OperationTouchdown/ugv_ws/install/roboteq_ros2_driver/share/roboteq_ros2_driver/hook/cmake_prefix_path.dsv'
[1.721s] INFO:colcon.colcon_core.shell:Creating environment hook '/home/ugv/Desktop/OperationTouchdown/ugv_ws/install/roboteq_ros2_driver/share/roboteq_ros2_driver/hook/cmake_prefix_path.sh'
[1.723s] Level 1:colcon.colcon_core.environment:checking '/home/ugv/Desktop/OperationTouchdown/ugv_ws/install/roboteq_ros2_driver/lib'
[1.723s] Level 1:colcon.colcon_core.environment:checking '/home/ugv/Desktop/OperationTouchdown/ugv_ws/install/roboteq_ros2_driver/bin'
[1.723s] Level 1:colcon.colcon_core.environment:checking '/home/ugv/Desktop/OperationTouchdown/ugv_ws/install/roboteq_ros2_driver/lib/pkgconfig/roboteq_ros2_driver.pc'
[1.723s] Level 1:colcon.colcon_core.environment:checking '/home/ugv/Desktop/OperationTouchdown/ugv_ws/install/roboteq_ros2_driver/lib/python3.12/site-packages'
[1.724s] Level 1:colcon.colcon_core.environment:checking '/home/ugv/Desktop/OperationTouchdown/ugv_ws/install/roboteq_ros2_driver/bin'
[1.724s] INFO:colcon.colcon_core.shell:Creating package script '/home/ugv/Desktop/OperationTouchdown/ugv_ws/install/roboteq_ros2_driver/share/roboteq_ros2_driver/package.ps1'
[1.725s] INFO:colcon.colcon_core.shell:Creating package descriptor '/home/ugv/Desktop/OperationTouchdown/ugv_ws/install/roboteq_ros2_driver/share/roboteq_ros2_driver/package.dsv'
[1.726s] INFO:colcon.colcon_core.shell:Creating package script '/home/ugv/Desktop/OperationTouchdown/ugv_ws/install/roboteq_ros2_driver/share/roboteq_ros2_driver/package.sh'
[1.727s] INFO:colcon.colcon_core.shell:Creating package script '/home/ugv/Desktop/OperationTouchdown/ugv_ws/install/roboteq_ros2_driver/share/roboteq_ros2_driver/package.bash'
[1.728s] INFO:colcon.colcon_core.shell:Creating package script '/home/ugv/Desktop/OperationTouchdown/ugv_ws/install/roboteq_ros2_driver/share/roboteq_ros2_driver/package.zsh'
[1.728s] Level 1:colcon.colcon_core.environment:create_file_with_runtime_dependencies(/home/ugv/Desktop/OperationTouchdown/ugv_ws/install/roboteq_ros2_driver/share/colcon-core/packages/roboteq_ros2_driver)
[1.735s] DEBUG:colcon.colcon_core.event_handler.log_command:Invoking command in '/home/ugv/Desktop/OperationTouchdown/ugv_ws/build/rplidar_ros': CMAKE_PREFIX_PATH=${CMAKE_PREFIX_PATH}:/home/ugv/Desktop/OperationTouchdown/ugv_ws/install/my_ugv_hardware:/home/ugv/Desktop/OperationTouchdown/ugv_ws/install/my_ugv_vision:/opt/ros/jazzy DEBUGINFOD_URLS=https://debuginfod.ubuntu.com /usr/bin/cmake /home/ugv/Desktop/OperationTouchdown/ugv_ws/src/rplidar_ros -DAMENT_CMAKE_SYMLINK_INSTALL=1 -DCMAKE_INSTALL_PREFIX=/home/ugv/Desktop/OperationTouchdown/ugv_ws/install/rplidar_ros
[2.632s] DEBUG:colcon.colcon_core.event_handler.log_command:Invoking command in '/home/ugv/Desktop/OperationTouchdown/ugv_ws/build/my_ugv_hardware': DEBUGINFOD_URLS=https://debuginfod.ubuntu.com PYTHONPATH=/home/ugv/Desktop/OperationTouchdown/ugv_ws/build/my_ugv_hardware/prefix_override:/usr/lib/python3/dist-packages/colcon_core/task/python/colcon_distutils_commands:/home/ugv/Desktop/OperationTouchdown/ugv_ws/install/my_ugv_hardware/lib/python3.12/site-packages:${PYTHONPATH} /usr/bin/python3 -W ignore:setup.py install is deprecated -W ignore:easy_install command is deprecated setup.py develop --editable --build-directory /home/ugv/Desktop/OperationTouchdown/ugv_ws/build/my_ugv_hardware/build --no-deps symlink_data
[3.049s] DEBUG:colcon.colcon_core.event_handler.log_command:Invoked command in '/home/ugv/Desktop/OperationTouchdown/ugv_ws/build/rplidar_ros' returned '0': CMAKE_PREFIX_PATH=${CMAKE_PREFIX_PATH}:/home/ugv/Desktop/OperationTouchdown/ugv_ws/install/my_ugv_hardware:/home/ugv/Desktop/OperationTouchdown/ugv_ws/install/my_ugv_vision:/opt/ros/jazzy DEBUGINFOD_URLS=https://debuginfod.ubuntu.com /usr/bin/cmake /home/ugv/Desktop/OperationTouchdown/ugv_ws/src/rplidar_ros -DAMENT_CMAKE_SYMLINK_INSTALL=1 -DCMAKE_INSTALL_PREFIX=/home/ugv/Desktop/OperationTouchdown/ugv_ws/install/rplidar_ros
[3.050s] DEBUG:colcon.colcon_core.event_handler.log_command:Invoking command in '/home/ugv/Desktop/OperationTouchdown/ugv_ws/build/rplidar_ros': CMAKE_PREFIX_PATH=${CMAKE_PREFIX_PATH}:/home/ugv/Desktop/OperationTouchdown/ugv_ws/install/my_ugv_hardware:/home/ugv/Desktop/OperationTouchdown/ugv_ws/install/my_ugv_vision:/opt/ros/jazzy DEBUGINFOD_URLS=https://debuginfod.ubuntu.com /usr/bin/cmake --build /home/ugv/Desktop/OperationTouchdown/ugv_ws/build/rplidar_ros -- -j4 -l4
[3.288s] DEBUG:colcon.colcon_core.event_handler.log_command:Invoked command in '/home/ugv/Desktop/OperationTouchdown/ugv_ws/build/rplidar_ros' returned '0': CMAKE_PREFIX_PATH=${CMAKE_PREFIX_PATH}:/home/ugv/Desktop/OperationTouchdown/ugv_ws/install/my_ugv_hardware:/home/ugv/Desktop/OperationTouchdown/ugv_ws/install/my_ugv_vision:/opt/ros/jazzy DEBUGINFOD_URLS=https://debuginfod.ubuntu.com /usr/bin/cmake --build /home/ugv/Desktop/OperationTouchdown/ugv_ws/build/rplidar_ros -- -j4 -l4
[3.288s] DEBUG:colcon.colcon_core.event_handler.log_command:Invoking command in '/home/ugv/Desktop/OperationTouchdown/ugv_ws/build/rplidar_ros': CMAKE_PREFIX_PATH=${CMAKE_PREFIX_PATH}:/home/ugv/Desktop/OperationTouchdown/ugv_ws/install/my_ugv_hardware:/home/ugv/Desktop/OperationTouchdown/ugv_ws/install/my_ugv_vision:/opt/ros/jazzy DEBUGINFOD_URLS=https://debuginfod.ubuntu.com /usr/bin/cmake --install /home/ugv/Desktop/OperationTouchdown/ugv_ws/build/rplidar_ros
[3.351s] Level 1:colcon.colcon_core.environment:create_environment_scripts_only(rplidar_ros)
[3.351s] Level 1:colcon.colcon_core.environment:checking '/home/ugv/Desktop/OperationTouchdown/ugv_ws/install/rplidar_ros' for CMake module files
[3.352s] DEBUG:colcon.colcon_core.event_handler.log_command:Invoked command in '/home/ugv/Desktop/OperationTouchdown/ugv_ws/build/rplidar_ros' returned '0': CMAKE_PREFIX_PATH=${CMAKE_PREFIX_PATH}:/home/ugv/Desktop/OperationTouchdown/ugv_ws/install/my_ugv_hardware:/home/ugv/Desktop/OperationTouchdown/ugv_ws/install/my_ugv_vision:/opt/ros/jazzy DEBUGINFOD_URLS=https://debuginfod.ubuntu.com /usr/bin/cmake --install /home/ugv/Desktop/OperationTouchdown/ugv_ws/build/rplidar_ros
[3.353s] Level 1:colcon.colcon_core.environment:checking '/home/ugv/Desktop/OperationTouchdown/ugv_ws/install/rplidar_ros' for CMake config files
[3.353s] Level 1:colcon.colcon_core.shell:create_environment_hook('rplidar_ros', 'cmake_prefix_path')
[3.354s] INFO:colcon.colcon_core.shell:Creating environment hook '/home/ugv/Desktop/OperationTouchdown/ugv_ws/install/rplidar_ros/share/rplidar_ros/hook/cmake_prefix_path.ps1'
[3.355s] INFO:colcon.colcon_core.shell:Creating environment descriptor '/home/ugv/Desktop/OperationTouchdown/ugv_ws/install/rplidar_ros/share/rplidar_ros/hook/cmake_prefix_path.dsv'
[3.355s] INFO:colcon.colcon_core.shell:Creating environment hook '/home/ugv/Desktop/OperationTouchdown/ugv_ws/install/rplidar_ros/share/rplidar_ros/hook/cmake_prefix_path.sh'
[3.357s] Level 1:colcon.colcon_core.environment:checking '/home/ugv/Desktop/OperationTouchdown/ugv_ws/install/rplidar_ros/lib'
[3.357s] Level 1:colcon.colcon_core.environment:checking '/home/ugv/Desktop/OperationTouchdown/ugv_ws/install/rplidar_ros/bin'
[3.358s] Level 1:colcon.colcon_core.environment:checking '/home/ugv/Desktop/OperationTouchdown/ugv_ws/install/rplidar_ros/lib/pkgconfig/rplidar_ros.pc'
[3.358s] Level 1:colcon.colcon_core.environment:checking '/home/ugv/Desktop/OperationTouchdown/ugv_ws/install/rplidar_ros/lib/python3.12/site-packages'
[3.359s] Level 1:colcon.colcon_core.environment:checking '/home/ugv/Desktop/OperationTouchdown/ugv_ws/install/rplidar_ros/bin'
[3.359s] INFO:colcon.colcon_core.shell:Creating package script '/home/ugv/Desktop/OperationTouchdown/ugv_ws/install/rplidar_ros/share/rplidar_ros/package.ps1'
[3.361s] INFO:colcon.colcon_core.shell:Creating package descriptor '/home/ugv/Desktop/OperationTouchdown/ugv_ws/install/rplidar_ros/share/rplidar_ros/package.dsv'
[3.362s] INFO:colcon.colcon_core.shell:Creating package script '/home/ugv/Desktop/OperationTouchdown/ugv_ws/install/rplidar_ros/share/rplidar_ros/package.sh'
[3.362s] INFO:colcon.colcon_core.shell:Creating package script '/home/ugv/Desktop/OperationTouchdown/ugv_ws/install/rplidar_ros/share/rplidar_ros/package.bash'
[3.363s] INFO:colcon.colcon_core.shell:Creating package script '/home/ugv/Desktop/OperationTouchdown/ugv_ws/install/rplidar_ros/share/rplidar_ros/package.zsh'
[3.364s] Level 1:colcon.colcon_core.environment:create_file_with_runtime_dependencies(/home/ugv/Desktop/OperationTouchdown/ugv_ws/install/rplidar_ros/share/colcon-core/packages/rplidar_ros)
[3.365s] Level 1:colcon.colcon_core.environment:create_environment_scripts_only(rplidar_ros)
[3.365s] Level 1:colcon.colcon_core.environment:checking '/home/ugv/Desktop/OperationTouchdown/ugv_ws/install/rplidar_ros' for CMake module files
[3.366s] Level 1:colcon.colcon_core.environment:checking '/home/ugv/Desktop/OperationTouchdown/ugv_ws/install/rplidar_ros' for CMake config files
[3.367s] Level 1:colcon.colcon_core.shell:create_environment_hook('rplidar_ros', 'cmake_prefix_path')
[3.367s] INFO:colcon.colcon_core.shell:Creating environment hook '/home/ugv/Desktop/OperationTouchdown/ugv_ws/install/rplidar_ros/share/rplidar_ros/hook/cmake_prefix_path.ps1'
[3.368s] INFO:colcon.colcon_core.shell:Creating environment descriptor '/home/ugv/Desktop/OperationTouchdown/ugv_ws/install/rplidar_ros/share/rplidar_ros/hook/cmake_prefix_path.dsv'
[3.369s] INFO:colcon.colcon_core.shell:Creating environment hook '/home/ugv/Desktop/OperationTouchdown/ugv_ws/install/rplidar_ros/share/rplidar_ros/hook/cmake_prefix_path.sh'
[3.370s] Level 1:colcon.colcon_core.environment:checking '/home/ugv/Desktop/OperationTouchdown/ugv_ws/install/rplidar_ros/lib'
[3.370s] Level 1:colcon.colcon_core.environment:checking '/home/ugv/Desktop/OperationTouchdown/ugv_ws/install/rplidar_ros/bin'
[3.370s] Level 1:colcon.colcon_core.environment:checking '/home/ugv/Desktop/OperationTouchdown/ugv_ws/install/rplidar_ros/lib/pkgconfig/rplidar_ros.pc'
[3.370s] Level 1:colcon.colcon_core.environment:checking '/home/ugv/Desktop/OperationTouchdown/ugv_ws/install/rplidar_ros/lib/python3.12/site-packages'
[3.371s] Level 1:colcon.colcon_core.environment:checking '/home/ugv/Desktop/OperationTouchdown/ugv_ws/install/rplidar_ros/bin'
[3.372s] INFO:colcon.colcon_core.shell:Creating package script '/home/ugv/Desktop/OperationTouchdown/ugv_ws/install/rplidar_ros/share/rplidar_ros/package.ps1'
[3.373s] INFO:colcon.colcon_core.shell:Creating package descriptor '/home/ugv/Desktop/OperationTouchdown/ugv_ws/install/rplidar_ros/share/rplidar_ros/package.dsv'
[3.374s] INFO:colcon.colcon_core.shell:Creating package script '/home/ugv/Desktop/OperationTouchdown/ugv_ws/install/rplidar_ros/share/rplidar_ros/package.sh'
[3.375s] INFO:colcon.colcon_core.shell:Creating package script '/home/ugv/Desktop/OperationTouchdown/ugv_ws/install/rplidar_ros/share/rplidar_ros/package.bash'
[3.375s] INFO:colcon.colcon_core.shell:Creating package script '/home/ugv/Desktop/OperationTouchdown/ugv_ws/install/rplidar_ros/share/rplidar_ros/package.zsh'
[3.376s] Level 1:colcon.colcon_core.environment:create_file_with_runtime_dependencies(/home/ugv/Desktop/OperationTouchdown/ugv_ws/install/rplidar_ros/share/colcon-core/packages/rplidar_ros)
[3.882s] Level 1:colcon.colcon_core.shell:create_environment_hook('my_ugv_hardware', 'pythonpath_develop')
[3.883s] INFO:colcon.colcon_core.shell:Creating environment hook '/home/ugv/Desktop/OperationTouchdown/ugv_ws/build/my_ugv_hardware/share/my_ugv_hardware/hook/pythonpath_develop.ps1'
[3.884s] INFO:colcon.colcon_core.shell:Creating environment descriptor '/home/ugv/Desktop/OperationTouchdown/ugv_ws/build/my_ugv_hardware/share/my_ugv_hardware/hook/pythonpath_develop.dsv'
[3.885s] DEBUG:colcon.colcon_core.event_handler.log_command:Invoked command in '/home/ugv/Desktop/OperationTouchdown/ugv_ws/build/my_ugv_hardware' returned '0': DEBUGINFOD_URLS=https://debuginfod.ubuntu.com PYTHONPATH=/home/ugv/Desktop/OperationTouchdown/ugv_ws/build/my_ugv_hardware/prefix_override:/usr/lib/python3/dist-packages/colcon_core/task/python/colcon_distutils_commands:/home/ugv/Desktop/OperationTouchdown/ugv_ws/install/my_ugv_hardware/lib/python3.12/site-packages:${PYTHONPATH} /usr/bin/python3 -W ignore:setup.py install is deprecated -W ignore:easy_install command is deprecated setup.py develop --editable --build-directory /home/ugv/Desktop/OperationTouchdown/ugv_ws/build/my_ugv_hardware/build --no-deps symlink_data
[3.885s] INFO:colcon.colcon_core.shell:Creating environment hook '/home/ugv/Desktop/OperationTouchdown/ugv_ws/build/my_ugv_hardware/share/my_ugv_hardware/hook/pythonpath_develop.sh'
[3.886s] Level 1:colcon.colcon_core.environment:checking '/home/ugv/Desktop/OperationTouchdown/ugv_ws/install/my_ugv_hardware' for CMake module files
[3.886s] Level 1:colcon.colcon_core.environment:checking '/home/ugv/Desktop/OperationTouchdown/ugv_ws/install/my_ugv_hardware' for CMake config files
[3.887s] Level 1:colcon.colcon_core.environment:checking '/home/ugv/Desktop/OperationTouchdown/ugv_ws/install/my_ugv_hardware/lib'
[3.887s] Level 1:colcon.colcon_core.environment:checking '/home/ugv/Desktop/OperationTouchdown/ugv_ws/install/my_ugv_hardware/bin'
[3.887s] Level 1:colcon.colcon_core.shell:create_environment_hook('my_ugv_hardware', 'path')
[3.887s] INFO:colcon.colcon_core.shell:Creating environment hook '/home/ugv/Desktop/OperationTouchdown/ugv_ws/install/my_ugv_hardware/share/my_ugv_hardware/hook/path.ps1'
[3.888s] INFO:colcon.colcon_core.shell:Creating environment descriptor '/home/ugv/Desktop/OperationTouchdown/ugv_ws/install/my_ugv_hardware/share/my_ugv_hardware/hook/path.dsv'
[3.888s] INFO:colcon.colcon_core.shell:Creating environment hook '/home/ugv/Desktop/OperationTouchdown/ugv_ws/install/my_ugv_hardware/share/my_ugv_hardware/hook/path.sh'
[3.889s] Level 1:colcon.colcon_core.environment:checking '/home/ugv/Desktop/OperationTouchdown/ugv_ws/install/my_ugv_hardware/lib/pkgconfig/my_ugv_hardware.pc'
[3.890s] Level 1:colcon.colcon_core.environment:checking '/home/ugv/Desktop/OperationTouchdown/ugv_ws/install/my_ugv_hardware/lib/python3.12/site-packages'
[3.890s] Level 1:colcon.colcon_core.shell:create_environment_hook('my_ugv_hardware', 'pythonpath')
[3.890s] INFO:colcon.colcon_core.shell:Creating environment hook '/home/ugv/Desktop/OperationTouchdown/ugv_ws/install/my_ugv_hardware/share/my_ugv_hardware/hook/pythonpath.ps1'
[3.891s] INFO:colcon.colcon_core.shell:Creating environment descriptor '/home/ugv/Desktop/OperationTouchdown/ugv_ws/install/my_ugv_hardware/share/my_ugv_hardware/hook/pythonpath.dsv'
[3.891s] INFO:colcon.colcon_core.shell:Creating environment hook '/home/ugv/Desktop/OperationTouchdown/ugv_ws/install/my_ugv_hardware/share/my_ugv_hardware/hook/pythonpath.sh'
[3.893s] Level 1:colcon.colcon_core.environment:checking '/home/ugv/Desktop/OperationTouchdown/ugv_ws/install/my_ugv_hardware/bin'
[3.893s] Level 1:colcon.colcon_core.shell:create_environment_hook('my_ugv_hardware', 'pythonscriptspath')
[3.893s] INFO:colcon.colcon_core.shell:Creating environment hook '/home/ugv/Desktop/OperationTouchdown/ugv_ws/install/my_ugv_hardware/share/my_ugv_hardware/hook/pythonscriptspath.ps1'
[3.894s] INFO:colcon.colcon_core.shell:Creating environment descriptor '/home/ugv/Desktop/OperationTouchdown/ugv_ws/install/my_ugv_hardware/share/my_ugv_hardware/hook/pythonscriptspath.dsv'
[3.894s] INFO:colcon.colcon_core.shell:Creating environment hook '/home/ugv/Desktop/OperationTouchdown/ugv_ws/install/my_ugv_hardware/share/my_ugv_hardware/hook/pythonscriptspath.sh'
[3.895s] Level 1:colcon.colcon_core.environment:create_environment_scripts_only(my_ugv_hardware)
[3.895s] INFO:colcon.colcon_core.shell:Creating package script '/home/ugv/Desktop/OperationTouchdown/ugv_ws/install/my_ugv_hardware/share/my_ugv_hardware/package.ps1'
[3.896s] INFO:colcon.colcon_core.shell:Creating package descriptor '/home/ugv/Desktop/OperationTouchdown/ugv_ws/install/my_ugv_hardware/share/my_ugv_hardware/package.dsv'
[3.897s] INFO:colcon.colcon_core.shell:Creating package script '/home/ugv/Desktop/OperationTouchdown/ugv_ws/install/my_ugv_hardware/share/my_ugv_hardware/package.sh'
[3.900s] INFO:colcon.colcon_core.shell:Creating package script '/home/ugv/Desktop/OperationTouchdown/ugv_ws/install/my_ugv_hardware/share/my_ugv_hardware/package.bash'
[3.901s] INFO:colcon.colcon_core.shell:Creating package script '/home/ugv/Desktop/OperationTouchdown/ugv_ws/install/my_ugv_hardware/share/my_ugv_hardware/package.zsh'
[3.901s] Level 1:colcon.colcon_core.environment:create_file_with_runtime_dependencies(/home/ugv/Desktop/OperationTouchdown/ugv_ws/install/my_ugv_hardware/share/colcon-core/packages/my_ugv_hardware)
[4.148s] DEBUG:colcon.colcon_core.event_handler.log_command:Invoked command in '/home/ugv/Desktop/OperationTouchdown/ugv_ws/build/depthai_ros_msgs' returned '0': CMAKE_PREFIX_PATH=${CMAKE_PREFIX_PATH}:/home/ugv/Desktop/OperationTouchdown/ugv_ws/install/my_ugv_hardware:/home/ugv/Desktop/OperationTouchdown/ugv_ws/install/my_ugv_vision:/opt/ros/jazzy DEBUGINFOD_URLS=https://debuginfod.ubuntu.com /usr/bin/cmake /home/ugv/Desktop/OperationTouchdown/ugv_ws/src/depthai-ros/depthai_ros_msgs -DAMENT_CMAKE_SYMLINK_INSTALL=1 -DCMAKE_INSTALL_PREFIX=/home/ugv/Desktop/OperationTouchdown/ugv_ws/install/depthai_ros_msgs
[4.149s] DEBUG:colcon.colcon_core.event_handler.log_command:Invoking command in '/home/ugv/Desktop/OperationTouchdown/ugv_ws/build/depthai_ros_msgs': CMAKE_PREFIX_PATH=${CMAKE_PREFIX_PATH}:/home/ugv/Desktop/OperationTouchdown/ugv_ws/install/my_ugv_hardware:/home/ugv/Desktop/OperationTouchdown/ugv_ws/install/my_ugv_vision:/opt/ros/jazzy DEBUGINFOD_URLS=https://debuginfod.ubuntu.com /usr/bin/cmake --build /home/ugv/Desktop/OperationTouchdown/ugv_ws/build/depthai_ros_msgs -- -j4 -l4
[4.903s] DEBUG:colcon.colcon_core.event_handler.log_command:Invoked command in '/home/ugv/Desktop/OperationTouchdown/ugv_ws/build/depthai_ros_msgs' returned '0': CMAKE_PREFIX_PATH=${CMAKE_PREFIX_PATH}:/home/ugv/Desktop/OperationTouchdown/ugv_ws/install/my_ugv_hardware:/home/ugv/Desktop/OperationTouchdown/ugv_ws/install/my_ugv_vision:/opt/ros/jazzy DEBUGINFOD_URLS=https://debuginfod.ubuntu.com /usr/bin/cmake --build /home/ugv/Desktop/OperationTouchdown/ugv_ws/build/depthai_ros_msgs -- -j4 -l4
[4.905s] DEBUG:colcon.colcon_core.event_handler.log_command:Invoking command in '/home/ugv/Desktop/OperationTouchdown/ugv_ws/build/depthai_ros_msgs': CMAKE_PREFIX_PATH=${CMAKE_PREFIX_PATH}:/home/ugv/Desktop/OperationTouchdown/ugv_ws/install/my_ugv_hardware:/home/ugv/Desktop/OperationTouchdown/ugv_ws/install/my_ugv_vision:/opt/ros/jazzy DEBUGINFOD_URLS=https://debuginfod.ubuntu.com /usr/bin/cmake --install /home/ugv/Desktop/OperationTouchdown/ugv_ws/build/depthai_ros_msgs
[5.083s] Level 1:colcon.colcon_core.environment:create_environment_scripts_only(depthai_ros_msgs)
[5.083s] Level 1:colcon.colcon_core.environment:checking '/home/ugv/Desktop/OperationTouchdown/ugv_ws/install/depthai_ros_msgs' for CMake module files
[5.084s] DEBUG:colcon.colcon_core.event_handler.log_command:Invoked command in '/home/ugv/Desktop/OperationTouchdown/ugv_ws/build/depthai_ros_msgs' returned '0': CMAKE_PREFIX_PATH=${CMAKE_PREFIX_PATH}:/home/ugv/Desktop/OperationTouchdown/ugv_ws/install/my_ugv_hardware:/home/ugv/Desktop/OperationTouchdown/ugv_ws/install/my_ugv_vision:/opt/ros/jazzy DEBUGINFOD_URLS=https://debuginfod.ubuntu.com /usr/bin/cmake --install /home/ugv/Desktop/OperationTouchdown/ugv_ws/build/depthai_ros_msgs
[5.084s] Level 1:colcon.colcon_core.environment:checking '/home/ugv/Desktop/OperationTouchdown/ugv_ws/install/depthai_ros_msgs' for CMake config files
[5.085s] Level 1:colcon.colcon_core.shell:create_environment_hook('depthai_ros_msgs', 'cmake_prefix_path')
[5.086s] INFO:colcon.colcon_core.shell:Creating environment hook '/home/ugv/Desktop/OperationTouchdown/ugv_ws/install/depthai_ros_msgs/share/depthai_ros_msgs/hook/cmake_prefix_path.ps1'
[5.086s] INFO:colcon.colcon_core.shell:Creating environment descriptor '/home/ugv/Desktop/OperationTouchdown/ugv_ws/install/depthai_ros_msgs/share/depthai_ros_msgs/hook/cmake_prefix_path.dsv'
[5.087s] INFO:colcon.colcon_core.shell:Creating environment hook '/home/ugv/Desktop/OperationTouchdown/ugv_ws/install/depthai_ros_msgs/share/depthai_ros_msgs/hook/cmake_prefix_path.sh'
[5.088s] Level 1:colcon.colcon_core.environment:checking '/home/ugv/Desktop/OperationTouchdown/ugv_ws/install/depthai_ros_msgs/lib'
[5.088s] Level 1:colcon.colcon_core.shell:create_environment_hook('depthai_ros_msgs', 'ld_library_path_lib')
[5.088s] INFO:colcon.colcon_core.shell:Creating environment hook '/home/ugv/Desktop/OperationTouchdown/ugv_ws/install/depthai_ros_msgs/share/depthai_ros_msgs/hook/ld_library_path_lib.ps1'
[5.089s] INFO:colcon.colcon_core.shell:Creating environment descriptor '/home/ugv/Desktop/OperationTouchdown/ugv_ws/install/depthai_ros_msgs/share/depthai_ros_msgs/hook/ld_library_path_lib.dsv'
[5.090s] INFO:colcon.colcon_core.shell:Creating environment hook '/home/ugv/Desktop/OperationTouchdown/ugv_ws/install/depthai_ros_msgs/share/depthai_ros_msgs/hook/ld_library_path_lib.sh'
[5.090s] Level 1:colcon.colcon_core.environment:checking '/home/ugv/Desktop/OperationTouchdown/ugv_ws/install/depthai_ros_msgs/bin'
[5.090s] Level 1:colcon.colcon_core.environment:checking '/home/ugv/Desktop/OperationTouchdown/ugv_ws/install/depthai_ros_msgs/lib/pkgconfig/depthai_ros_msgs.pc'
[5.091s] Level 1:colcon.colcon_core.environment:checking '/home/ugv/Desktop/OperationTouchdown/ugv_ws/install/depthai_ros_msgs/lib/python3.12/site-packages'
[5.091s] Level 1:colcon.colcon_core.shell:create_environment_hook('depthai_ros_msgs', 'pythonpath')
[5.091s] INFO:colcon.colcon_core.shell:Creating environment hook '/home/ugv/Desktop/OperationTouchdown/ugv_ws/install/depthai_ros_msgs/share/depthai_ros_msgs/hook/pythonpath.ps1'
[5.092s] INFO:colcon.colcon_core.shell:Creating environment descriptor '/home/ugv/Desktop/OperationTouchdown/ugv_ws/install/depthai_ros_msgs/share/depthai_ros_msgs/hook/pythonpath.dsv'
[5.092s] INFO:colcon.colcon_core.shell:Creating environment hook '/home/ugv/Desktop/OperationTouchdown/ugv_ws/install/depthai_ros_msgs/share/depthai_ros_msgs/hook/pythonpath.sh'
[5.094s] Level 1:colcon.colcon_core.environment:checking '/home/ugv/Desktop/OperationTouchdown/ugv_ws/install/depthai_ros_msgs/bin'
[5.094s] INFO:colcon.colcon_core.shell:Creating package script '/home/ugv/Desktop/OperationTouchdown/ugv_ws/install/depthai_ros_msgs/share/depthai_ros_msgs/package.ps1'
[5.095s] INFO:colcon.colcon_core.shell:Creating package descriptor '/home/ugv/Desktop/OperationTouchdown/ugv_ws/install/depthai_ros_msgs/share/depthai_ros_msgs/package.dsv'
[5.096s] INFO:colcon.colcon_core.shell:Creating package script '/home/ugv/Desktop/OperationTouchdown/ugv_ws/install/depthai_ros_msgs/share/depthai_ros_msgs/package.sh'
[5.096s] INFO:colcon.colcon_core.shell:Creating package script '/home/ugv/Desktop/OperationTouchdown/ugv_ws/install/depthai_ros_msgs/share/depthai_ros_msgs/package.bash'
[5.097s] INFO:colcon.colcon_core.shell:Creating package script '/home/ugv/Desktop/OperationTouchdown/ugv_ws/install/depthai_ros_msgs/share/depthai_ros_msgs/package.zsh'
[5.098s] Level 1:colcon.colcon_core.environment:create_file_with_runtime_dependencies(/home/ugv/Desktop/OperationTouchdown/ugv_ws/install/depthai_ros_msgs/share/colcon-core/packages/depthai_ros_msgs)
[5.099s] Level 1:colcon.colcon_core.environment:create_environment_scripts_only(depthai_ros_msgs)
[5.099s] Level 1:colcon.colcon_core.environment:checking '/home/ugv/Desktop/OperationTouchdown/ugv_ws/install/depthai_ros_msgs' for CMake module files
[5.100s] Level 1:colcon.colcon_core.environment:checking '/home/ugv/Desktop/OperationTouchdown/ugv_ws/install/depthai_ros_msgs' for CMake config files
[5.101s] Level 1:colcon.colcon_core.shell:create_environment_hook('depthai_ros_msgs', 'cmake_prefix_path')
[5.101s] INFO:colcon.colcon_core.shell:Creating environment hook '/home/ugv/Desktop/OperationTouchdown/ugv_ws/install/depthai_ros_msgs/share/depthai_ros_msgs/hook/cmake_prefix_path.ps1'
[5.102s] INFO:colcon.colcon_core.shell:Creating environment descriptor '/home/ugv/Desktop/OperationTouchdown/ugv_ws/install/depthai_ros_msgs/share/depthai_ros_msgs/hook/cmake_prefix_path.dsv'
[5.103s] INFO:colcon.colcon_core.shell:Creating environment hook '/home/ugv/Desktop/OperationTouchdown/ugv_ws/install/depthai_ros_msgs/share/depthai_ros_msgs/hook/cmake_prefix_path.sh'
[5.104s] Level 1:colcon.colcon_core.environment:checking '/home/ugv/Desktop/OperationTouchdown/ugv_ws/install/depthai_ros_msgs/lib'
[5.104s] Level 1:colcon.colcon_core.shell:create_environment_hook('depthai_ros_msgs', 'ld_library_path_lib')
[5.104s] INFO:colcon.colcon_core.shell:Creating environment hook '/home/ugv/Desktop/OperationTouchdown/ugv_ws/install/depthai_ros_msgs/share/depthai_ros_msgs/hook/ld_library_path_lib.ps1'
[5.104s] INFO:colcon.colcon_core.shell:Creating environment descriptor '/home/ugv/Desktop/OperationTouchdown/ugv_ws/install/depthai_ros_msgs/share/depthai_ros_msgs/hook/ld_library_path_lib.dsv'
[5.105s] INFO:colcon.colcon_core.shell:Creating environment hook '/home/ugv/Desktop/OperationTouchdown/ugv_ws/install/depthai_ros_msgs/share/depthai_ros_msgs/hook/ld_library_path_lib.sh'
[5.106s] Level 1:colcon.colcon_core.environment:checking '/home/ugv/Desktop/OperationTouchdown/ugv_ws/install/depthai_ros_msgs/bin'
[5.106s] Level 1:colcon.colcon_core.environment:checking '/home/ugv/Desktop/OperationTouchdown/ugv_ws/install/depthai_ros_msgs/lib/pkgconfig/depthai_ros_msgs.pc'
[5.106s] Level 1:colcon.colcon_core.environment:checking '/home/ugv/Desktop/OperationTouchdown/ugv_ws/install/depthai_ros_msgs/lib/python3.12/site-packages'
[5.106s] Level 1:colcon.colcon_core.shell:create_environment_hook('depthai_ros_msgs', 'pythonpath')
[5.106s] INFO:colcon.colcon_core.shell:Creating environment hook '/home/ugv/Desktop/OperationTouchdown/ugv_ws/install/depthai_ros_msgs/share/depthai_ros_msgs/hook/pythonpath.ps1'
[5.107s] INFO:colcon.colcon_core.shell:Creating environment descriptor '/home/ugv/Desktop/OperationTouchdown/ugv_ws/install/depthai_ros_msgs/share/depthai_ros_msgs/hook/pythonpath.dsv'
[5.107s] INFO:colcon.colcon_core.shell:Creating environment hook '/home/ugv/Desktop/OperationTouchdown/ugv_ws/install/depthai_ros_msgs/share/depthai_ros_msgs/hook/pythonpath.sh'
[5.108s] Level 1:colcon.colcon_core.environment:checking '/home/ugv/Desktop/OperationTouchdown/ugv_ws/install/depthai_ros_msgs/bin'
[5.109s] INFO:colcon.colcon_core.shell:Creating package script '/home/ugv/Desktop/OperationTouchdown/ugv_ws/install/depthai_ros_msgs/share/depthai_ros_msgs/package.ps1'
[5.110s] INFO:colcon.colcon_core.shell:Creating package descriptor '/home/ugv/Desktop/OperationTouchdown/ugv_ws/install/depthai_ros_msgs/share/depthai_ros_msgs/package.dsv'
[5.110s] INFO:colcon.colcon_core.shell:Creating package script '/home/ugv/Desktop/OperationTouchdown/ugv_ws/install/depthai_ros_msgs/share/depthai_ros_msgs/package.sh'
[5.111s] INFO:colcon.colcon_core.shell:Creating package script '/home/ugv/Desktop/OperationTouchdown/ugv_ws/install/depthai_ros_msgs/share/depthai_ros_msgs/package.bash'
[5.112s] INFO:colcon.colcon_core.shell:Creating package script '/home/ugv/Desktop/OperationTouchdown/ugv_ws/install/depthai_ros_msgs/share/depthai_ros_msgs/package.zsh'
[5.112s] Level 1:colcon.colcon_core.environment:create_file_with_runtime_dependencies(/home/ugv/Desktop/OperationTouchdown/ugv_ws/install/depthai_ros_msgs/share/colcon-core/packages/depthai_ros_msgs)
[5.113s] INFO:colcon.colcon_ros.task.ament_cmake.build:Building ROS package in '/home/ugv/Desktop/OperationTouchdown/ugv_ws/src/depthai-ros/depthai_bridge' with build type 'ament_cmake'
[5.114s] INFO:colcon.colcon_cmake.task.cmake.build:Building CMake package in '/home/ugv/Desktop/OperationTouchdown/ugv_ws/src/depthai-ros/depthai_bridge'
[5.114s] INFO:colcon.colcon_core.shell:Skip shell extension 'powershell' for command environment: Not usable outside of PowerShell
[5.114s] DEBUG:colcon.colcon_core.shell:Skip shell extension 'dsv' for command environment
[5.122s] INFO:colcon.colcon_ros.task.ament_cmake.build:Building ROS package in '/home/ugv/Desktop/OperationTouchdown/ugv_ws/src/depthai-ros/depthai_filters' with build type 'ament_cmake'
[5.123s] INFO:colcon.colcon_cmake.task.cmake.build:Building CMake package in '/home/ugv/Desktop/OperationTouchdown/ugv_ws/src/depthai-ros/depthai_filters'
[5.123s] INFO:colcon.colcon_core.shell:Skip shell extension 'powershell' for command environment: Not usable outside of PowerShell
[5.123s] DEBUG:colcon.colcon_core.shell:Skip shell extension 'dsv' for command environment
[5.136s] DEBUG:colcon.colcon_core.event_handler.log_command:Invoking command in '/home/ugv/Desktop/OperationTouchdown/ugv_ws/build/depthai_bridge': CMAKE_PREFIX_PATH=/home/ugv/Desktop/OperationTouchdown/ugv_ws/install/depthai_ros_msgs:/home/ugv/Desktop/OperationTouchdown/ugv_ws/install/my_ugv_description:/home/ugv/Desktop/OperationTouchdown/ugv_ws/install/my_ugv_bringup:/home/ugv/Desktop/OperationTouchdown/ugv_ws/install/rplidar_ros:/home/ugv/Desktop/OperationTouchdown/ugv_ws/install/roboteq_ros2_driver:/home/ugv/Desktop/OperationTouchdown/ugv_ws/install/dual_laser_merger:/home/ugv/Desktop/OperationTouchdown/ugv_ws/install/depthai-ros:/home/ugv/Desktop/OperationTouchdown/ugv_ws/install/depthai_ros_driver:/home/ugv/Desktop/OperationTouchdown/ugv_ws/install/depthai_filters:/home/ugv/Desktop/OperationTouchdown/ugv_ws/install/depthai_examples:/home/ugv/Desktop/OperationTouchdown/ugv_ws/install/depthai_bridge:/home/ugv/Desktop/OperationTouchdown/ugv_ws/install/depthai_descriptions:/opt/ros/jazzy/opt/gz_sim_vendor:/opt/ros/jazzy/opt/gz_sensors_vendor:/opt/ros/jazzy/opt/gz_physics_vendor:/opt/ros/jazzy/opt/sdformat_vendor:/opt/ros/jazzy/opt/gz_gui_vendor:/opt/ros/jazzy/opt/gz_transport_vendor:/opt/ros/jazzy/opt/gz_rendering_vendor:/opt/ros/jazzy/opt/gz_plugin_vendor:/opt/ros/jazzy/opt/gz_fuel_tools_vendor:/opt/ros/jazzy/opt/gz_msgs_vendor:/opt/ros/jazzy/opt/gz_common_vendor:/opt/ros/jazzy/opt/gz_math_vendor:/opt/ros/jazzy/opt/gz_utils_vendor:/opt/ros/jazzy/opt/gz_tools_vendor:/opt/ros/jazzy/opt/gz_ogre_next_vendor:/opt/ros/jazzy/opt/gz_dartsim_vendor:/opt/ros/jazzy/opt/gz_cmake_vendor:/home/ugv/Desktop/OperationTouchdown/ugv_ws/install/my_ugv_hardware:/home/ugv/Desktop/OperationTouchdown/ugv_ws/install/my_ugv_vision:/opt/ros/jazzy DEBUGINFOD_URLS=https://debuginfod.ubuntu.com LD_LIBRARY_PATH=/home/ugv/Desktop/OperationTouchdown/ugv_ws/install/depthai_ros_msgs/lib:/home/ugv/Desktop/OperationTouchdown/ugv_ws/install/dual_laser_merger/lib:/home/ugv/Desktop/OperationTouchdown/ugv_ws/install/depthai_ros_driver/lib:/home/ugv/Desktop/OperationTouchdown/ugv_ws/install/depthai_filters/lib:/home/ugv/Desktop/OperationTouchdown/ugv_ws/install/depthai_bridge/lib:/opt/ros/jazzy/opt/gz_sim_vendor/lib:/opt/ros/jazzy/opt/gz_sensors_vendor/lib:/opt/ros/jazzy/opt/gz_physics_vendor/lib:/opt/ros/jazzy/opt/sdformat_vendor/lib:/opt/ros/jazzy/opt/rviz_ogre_vendor/lib:/opt/ros/jazzy/lib/aarch64-linux-gnu:/opt/ros/jazzy/opt/gz_gui_vendor/lib:/opt/ros/jazzy/opt/gz_transport_vendor/lib:/opt/ros/jazzy/opt/gz_rendering_vendor/lib:/opt/ros/jazzy/opt/gz_plugin_vendor/lib:/opt/ros/jazzy/opt/gz_fuel_tools_vendor/lib:/opt/ros/jazzy/opt/gz_msgs_vendor/lib:/opt/ros/jazzy/opt/gz_common_vendor/lib:/opt/ros/jazzy/opt/gz_math_vendor/lib:/opt/ros/jazzy/opt/gz_utils_vendor/lib:/opt/ros/jazzy/opt/gz_tools_vendor/lib:/opt/ros/jazzy/opt/gz_ogre_next_vendor/lib:/opt/ros/jazzy/opt/gz_dartsim_vendor/lib:/opt/ros/jazzy/opt/gz_cmake_vendor/lib:/opt/ros/jazzy/lib PYTHONPATH=/home/ugv/Desktop/OperationTouchdown/ugv_ws/install/depthai_ros_msgs/lib/python3.12/site-packages:/home/ugv/Desktop/OperationTouchdown/ugv_ws/build/my_ugv_hardware:/home/ugv/Desktop/OperationTouchdown/ugv_ws/install/my_ugv_hardware/lib/python3.12/site-packages:/home/ugv/Desktop/OperationTouchdown/ugv_ws/build/my_ugv_vision:/home/ugv/Desktop/OperationTouchdown/ugv_ws/install/my_ugv_vision/lib/python3.12/site-packages:/home/ugv/Desktop/OperationTouchdown/ugv_ws/install/depthai_ros_driver/lib/python3.12/site-packages:/opt/ros/jazzy/lib/python3.12/site-packages /usr/bin/cmake /home/ugv/Desktop/OperationTouchdown/ugv_ws/src/depthai-ros/depthai_bridge -DAMENT_CMAKE_SYMLINK_INSTALL=1 -DCMAKE_INSTALL_PREFIX=/home/ugv/Desktop/OperationTouchdown/ugv_ws/install/depthai_bridge
[5.144s] DEBUG:colcon.colcon_core.event_handler.log_command:Invoking command in '/home/ugv/Desktop/OperationTouchdown/ugv_ws/build/depthai_filters': CMAKE_PREFIX_PATH=/home/ugv/Desktop/OperationTouchdown/ugv_ws/install/depthai_ros_msgs:/home/ugv/Desktop/OperationTouchdown/ugv_ws/install/my_ugv_description:/home/ugv/Desktop/OperationTouchdown/ugv_ws/install/my_ugv_bringup:/home/ugv/Desktop/OperationTouchdown/ugv_ws/install/rplidar_ros:/home/ugv/Desktop/OperationTouchdown/ugv_ws/install/roboteq_ros2_driver:/home/ugv/Desktop/OperationTouchdown/ugv_ws/install/dual_laser_merger:/home/ugv/Desktop/OperationTouchdown/ugv_ws/install/depthai-ros:/home/ugv/Desktop/OperationTouchdown/ugv_ws/install/depthai_ros_driver:/home/ugv/Desktop/OperationTouchdown/ugv_ws/install/depthai_filters:/home/ugv/Desktop/OperationTouchdown/ugv_ws/install/depthai_examples:/home/ugv/Desktop/OperationTouchdown/ugv_ws/install/depthai_bridge:/home/ugv/Desktop/OperationTouchdown/ugv_ws/install/depthai_descriptions:/opt/ros/jazzy/opt/gz_sim_vendor:/opt/ros/jazzy/opt/gz_sensors_vendor:/opt/ros/jazzy/opt/gz_physics_vendor:/opt/ros/jazzy/opt/sdformat_vendor:/opt/ros/jazzy/opt/gz_gui_vendor:/opt/ros/jazzy/opt/gz_transport_vendor:/opt/ros/jazzy/opt/gz_rendering_vendor:/opt/ros/jazzy/opt/gz_plugin_vendor:/opt/ros/jazzy/opt/gz_fuel_tools_vendor:/opt/ros/jazzy/opt/gz_msgs_vendor:/opt/ros/jazzy/opt/gz_common_vendor:/opt/ros/jazzy/opt/gz_math_vendor:/opt/ros/jazzy/opt/gz_utils_vendor:/opt/ros/jazzy/opt/gz_tools_vendor:/opt/ros/jazzy/opt/gz_ogre_next_vendor:/opt/ros/jazzy/opt/gz_dartsim_vendor:/opt/ros/jazzy/opt/gz_cmake_vendor:/home/ugv/Desktop/OperationTouchdown/ugv_ws/install/my_ugv_hardware:/home/ugv/Desktop/OperationTouchdown/ugv_ws/install/my_ugv_vision:/opt/ros/jazzy DEBUGINFOD_URLS=https://debuginfod.ubuntu.com LD_LIBRARY_PATH=/home/ugv/Desktop/OperationTouchdown/ugv_ws/install/depthai_ros_msgs/lib:/home/ugv/Desktop/OperationTouchdown/ugv_ws/install/dual_laser_merger/lib:/home/ugv/Desktop/OperationTouchdown/ugv_ws/install/depthai_ros_driver/lib:/home/ugv/Desktop/OperationTouchdown/ugv_ws/install/depthai_filters/lib:/home/ugv/Desktop/OperationTouchdown/ugv_ws/install/depthai_bridge/lib:/opt/ros/jazzy/opt/gz_sim_vendor/lib:/opt/ros/jazzy/opt/gz_sensors_vendor/lib:/opt/ros/jazzy/opt/gz_physics_vendor/lib:/opt/ros/jazzy/opt/sdformat_vendor/lib:/opt/ros/jazzy/opt/rviz_ogre_vendor/lib:/opt/ros/jazzy/lib/aarch64-linux-gnu:/opt/ros/jazzy/opt/gz_gui_vendor/lib:/opt/ros/jazzy/opt/gz_transport_vendor/lib:/opt/ros/jazzy/opt/gz_rendering_vendor/lib:/opt/ros/jazzy/opt/gz_plugin_vendor/lib:/opt/ros/jazzy/opt/gz_fuel_tools_vendor/lib:/opt/ros/jazzy/opt/gz_msgs_vendor/lib:/opt/ros/jazzy/opt/gz_common_vendor/lib:/opt/ros/jazzy/opt/gz_math_vendor/lib:/opt/ros/jazzy/opt/gz_utils_vendor/lib:/opt/ros/jazzy/opt/gz_tools_vendor/lib:/opt/ros/jazzy/opt/gz_ogre_next_vendor/lib:/opt/ros/jazzy/opt/gz_dartsim_vendor/lib:/opt/ros/jazzy/opt/gz_cmake_vendor/lib:/opt/ros/jazzy/lib PYTHONPATH=/home/ugv/Desktop/OperationTouchdown/ugv_ws/install/depthai_ros_msgs/lib/python3.12/site-packages:/home/ugv/Desktop/OperationTouchdown/ugv_ws/build/my_ugv_hardware:/home/ugv/Desktop/OperationTouchdown/ugv_ws/install/my_ugv_hardware/lib/python3.12/site-packages:/home/ugv/Desktop/OperationTouchdown/ugv_ws/build/my_ugv_vision:/home/ugv/Desktop/OperationTouchdown/ugv_ws/install/my_ugv_vision/lib/python3.12/site-packages:/home/ugv/Desktop/OperationTouchdown/ugv_ws/install/depthai_ros_driver/lib/python3.12/site-packages:/opt/ros/jazzy/lib/python3.12/site-packages /usr/bin/cmake /home/ugv/Desktop/OperationTouchdown/ugv_ws/src/depthai-ros/depthai_filters -DAMENT_CMAKE_SYMLINK_INSTALL=1 -DCMAKE_INSTALL_PREFIX=/home/ugv/Desktop/OperationTouchdown/ugv_ws/install/depthai_filters
[6.467s] DEBUG:colcon.colcon_core.event_handler.log_command:Invoked command in '/home/ugv/Desktop/OperationTouchdown/ugv_ws/build/depthai_filters' returned '0': CMAKE_PREFIX_PATH=/home/ugv/Desktop/OperationTouchdown/ugv_ws/install/depthai_ros_msgs:/home/ugv/Desktop/OperationTouchdown/ugv_ws/install/my_ugv_description:/home/ugv/Desktop/OperationTouchdown/ugv_ws/install/my_ugv_bringup:/home/ugv/Desktop/OperationTouchdown/ugv_ws/install/rplidar_ros:/home/ugv/Desktop/OperationTouchdown/ugv_ws/install/roboteq_ros2_driver:/home/ugv/Desktop/OperationTouchdown/ugv_ws/install/dual_laser_merger:/home/ugv/Desktop/OperationTouchdown/ugv_ws/install/depthai-ros:/home/ugv/Desktop/OperationTouchdown/ugv_ws/install/depthai_ros_driver:/home/ugv/Desktop/OperationTouchdown/ugv_ws/install/depthai_filters:/home/ugv/Desktop/OperationTouchdown/ugv_ws/install/depthai_examples:/home/ugv/Desktop/OperationTouchdown/ugv_ws/install/depthai_bridge:/home/ugv/Desktop/OperationTouchdown/ugv_ws/install/depthai_descriptions:/opt/ros/jazzy/opt/gz_sim_vendor:/opt/ros/jazzy/opt/gz_sensors_vendor:/opt/ros/jazzy/opt/gz_physics_vendor:/opt/ros/jazzy/opt/sdformat_vendor:/opt/ros/jazzy/opt/gz_gui_vendor:/opt/ros/jazzy/opt/gz_transport_vendor:/opt/ros/jazzy/opt/gz_rendering_vendor:/opt/ros/jazzy/opt/gz_plugin_vendor:/opt/ros/jazzy/opt/gz_fuel_tools_vendor:/opt/ros/jazzy/opt/gz_msgs_vendor:/opt/ros/jazzy/opt/gz_common_vendor:/opt/ros/jazzy/opt/gz_math_vendor:/opt/ros/jazzy/opt/gz_utils_vendor:/opt/ros/jazzy/opt/gz_tools_vendor:/opt/ros/jazzy/opt/gz_ogre_next_vendor:/opt/ros/jazzy/opt/gz_dartsim_vendor:/opt/ros/jazzy/opt/gz_cmake_vendor:/home/ugv/Desktop/OperationTouchdown/ugv_ws/install/my_ugv_hardware:/home/ugv/Desktop/OperationTouchdown/ugv_ws/install/my_ugv_vision:/opt/ros/jazzy DEBUGINFOD_URLS=https://debuginfod.ubuntu.com LD_LIBRARY_PATH=/home/ugv/Desktop/OperationTouchdown/ugv_ws/install/depthai_ros_msgs/lib:/home/ugv/Desktop/OperationTouchdown/ugv_ws/install/dual_laser_merger/lib:/home/ugv/Desktop/OperationTouchdown/ugv_ws/install/depthai_ros_driver/lib:/home/ugv/Desktop/OperationTouchdown/ugv_ws/install/depthai_filters/lib:/home/ugv/Desktop/OperationTouchdown/ugv_ws/install/depthai_bridge/lib:/opt/ros/jazzy/opt/gz_sim_vendor/lib:/opt/ros/jazzy/opt/gz_sensors_vendor/lib:/opt/ros/jazzy/opt/gz_physics_vendor/lib:/opt/ros/jazzy/opt/sdformat_vendor/lib:/opt/ros/jazzy/opt/rviz_ogre_vendor/lib:/opt/ros/jazzy/lib/aarch64-linux-gnu:/opt/ros/jazzy/opt/gz_gui_vendor/lib:/opt/ros/jazzy/opt/gz_transport_vendor/lib:/opt/ros/jazzy/opt/gz_rendering_vendor/lib:/opt/ros/jazzy/opt/gz_plugin_vendor/lib:/opt/ros/jazzy/opt/gz_fuel_tools_vendor/lib:/opt/ros/jazzy/opt/gz_msgs_vendor/lib:/opt/ros/jazzy/opt/gz_common_vendor/lib:/opt/ros/jazzy/opt/gz_math_vendor/lib:/opt/ros/jazzy/opt/gz_utils_vendor/lib:/opt/ros/jazzy/opt/gz_tools_vendor/lib:/opt/ros/jazzy/opt/gz_ogre_next_vendor/lib:/opt/ros/jazzy/opt/gz_dartsim_vendor/lib:/opt/ros/jazzy/opt/gz_cmake_vendor/lib:/opt/ros/jazzy/lib PYTHONPATH=/home/ugv/Desktop/OperationTouchdown/ugv_ws/install/depthai_ros_msgs/lib/python3.12/site-packages:/home/ugv/Desktop/OperationTouchdown/ugv_ws/build/my_ugv_hardware:/home/ugv/Desktop/OperationTouchdown/ugv_ws/install/my_ugv_hardware/lib/python3.12/site-packages:/home/ugv/Desktop/OperationTouchdown/ugv_ws/build/my_ugv_vision:/home/ugv/Desktop/OperationTouchdown/ugv_ws/install/my_ugv_vision/lib/python3.12/site-packages:/home/ugv/Desktop/OperationTouchdown/ugv_ws/install/depthai_ros_driver/lib/python3.12/site-packages:/opt/ros/jazzy/lib/python3.12/site-packages /usr/bin/cmake /home/ugv/Desktop/OperationTouchdown/ugv_ws/src/depthai-ros/depthai_filters -DAMENT_CMAKE_SYMLINK_INSTALL=1 -DCMAKE_INSTALL_PREFIX=/home/ugv/Desktop/OperationTouchdown/ugv_ws/install/depthai_filters
[6.469s] DEBUG:colcon.colcon_core.event_handler.log_command:Invoking command in '/home/ugv/Desktop/OperationTouchdown/ugv_ws/build/depthai_filters': CMAKE_PREFIX_PATH=/home/ugv/Desktop/OperationTouchdown/ugv_ws/install/depthai_ros_msgs:/home/ugv/Desktop/OperationTouchdown/ugv_ws/install/my_ugv_description:/home/ugv/Desktop/OperationTouchdown/ugv_ws/install/my_ugv_bringup:/home/ugv/Desktop/OperationTouchdown/ugv_ws/install/rplidar_ros:/home/ugv/Desktop/OperationTouchdown/ugv_ws/install/roboteq_ros2_driver:/home/ugv/Desktop/OperationTouchdown/ugv_ws/install/dual_laser_merger:/home/ugv/Desktop/OperationTouchdown/ugv_ws/install/depthai-ros:/home/ugv/Desktop/OperationTouchdown/ugv_ws/install/depthai_ros_driver:/home/ugv/Desktop/OperationTouchdown/ugv_ws/install/depthai_filters:/home/ugv/Desktop/OperationTouchdown/ugv_ws/install/depthai_examples:/home/ugv/Desktop/OperationTouchdown/ugv_ws/install/depthai_bridge:/home/ugv/Desktop/OperationTouchdown/ugv_ws/install/depthai_descriptions:/opt/ros/jazzy/opt/gz_sim_vendor:/opt/ros/jazzy/opt/gz_sensors_vendor:/opt/ros/jazzy/opt/gz_physics_vendor:/opt/ros/jazzy/opt/sdformat_vendor:/opt/ros/jazzy/opt/gz_gui_vendor:/opt/ros/jazzy/opt/gz_transport_vendor:/opt/ros/jazzy/opt/gz_rendering_vendor:/opt/ros/jazzy/opt/gz_plugin_vendor:/opt/ros/jazzy/opt/gz_fuel_tools_vendor:/opt/ros/jazzy/opt/gz_msgs_vendor:/opt/ros/jazzy/opt/gz_common_vendor:/opt/ros/jazzy/opt/gz_math_vendor:/opt/ros/jazzy/opt/gz_utils_vendor:/opt/ros/jazzy/opt/gz_tools_vendor:/opt/ros/jazzy/opt/gz_ogre_next_vendor:/opt/ros/jazzy/opt/gz_dartsim_vendor:/opt/ros/jazzy/opt/gz_cmake_vendor:/home/ugv/Desktop/OperationTouchdown/ugv_ws/install/my_ugv_hardware:/home/ugv/Desktop/OperationTouchdown/ugv_ws/install/my_ugv_vision:/opt/ros/jazzy DEBUGINFOD_URLS=https://debuginfod.ubuntu.com LD_LIBRARY_PATH=/home/ugv/Desktop/OperationTouchdown/ugv_ws/install/depthai_ros_msgs/lib:/home/ugv/Desktop/OperationTouchdown/ugv_ws/install/dual_laser_merger/lib:/home/ugv/Desktop/OperationTouchdown/ugv_ws/install/depthai_ros_driver/lib:/home/ugv/Desktop/OperationTouchdown/ugv_ws/install/depthai_filters/lib:/home/ugv/Desktop/OperationTouchdown/ugv_ws/install/depthai_bridge/lib:/opt/ros/jazzy/opt/gz_sim_vendor/lib:/opt/ros/jazzy/opt/gz_sensors_vendor/lib:/opt/ros/jazzy/opt/gz_physics_vendor/lib:/opt/ros/jazzy/opt/sdformat_vendor/lib:/opt/ros/jazzy/opt/rviz_ogre_vendor/lib:/opt/ros/jazzy/lib/aarch64-linux-gnu:/opt/ros/jazzy/opt/gz_gui_vendor/lib:/opt/ros/jazzy/opt/gz_transport_vendor/lib:/opt/ros/jazzy/opt/gz_rendering_vendor/lib:/opt/ros/jazzy/opt/gz_plugin_vendor/lib:/opt/ros/jazzy/opt/gz_fuel_tools_vendor/lib:/opt/ros/jazzy/opt/gz_msgs_vendor/lib:/opt/ros/jazzy/opt/gz_common_vendor/lib:/opt/ros/jazzy/opt/gz_math_vendor/lib:/opt/ros/jazzy/opt/gz_utils_vendor/lib:/opt/ros/jazzy/opt/gz_tools_vendor/lib:/opt/ros/jazzy/opt/gz_ogre_next_vendor/lib:/opt/ros/jazzy/opt/gz_dartsim_vendor/lib:/opt/ros/jazzy/opt/gz_cmake_vendor/lib:/opt/ros/jazzy/lib PYTHONPATH=/home/ugv/Desktop/OperationTouchdown/ugv_ws/install/depthai_ros_msgs/lib/python3.12/site-packages:/home/ugv/Desktop/OperationTouchdown/ugv_ws/build/my_ugv_hardware:/home/ugv/Desktop/OperationTouchdown/ugv_ws/install/my_ugv_hardware/lib/python3.12/site-packages:/home/ugv/Desktop/OperationTouchdown/ugv_ws/build/my_ugv_vision:/home/ugv/Desktop/OperationTouchdown/ugv_ws/install/my_ugv_vision/lib/python3.12/site-packages:/home/ugv/Desktop/OperationTouchdown/ugv_ws/install/depthai_ros_driver/lib/python3.12/site-packages:/opt/ros/jazzy/lib/python3.12/site-packages /usr/bin/cmake --build /home/ugv/Desktop/OperationTouchdown/ugv_ws/build/depthai_filters -- -j4 -l4
[6.688s] DEBUG:colcon.colcon_core.event_handler.log_command:Invoked command in '/home/ugv/Desktop/OperationTouchdown/ugv_ws/build/depthai_filters' returned '0': CMAKE_PREFIX_PATH=/home/ugv/Desktop/OperationTouchdown/ugv_ws/install/depthai_ros_msgs:/home/ugv/Desktop/OperationTouchdown/ugv_ws/install/my_ugv_description:/home/ugv/Desktop/OperationTouchdown/ugv_ws/install/my_ugv_bringup:/home/ugv/Desktop/OperationTouchdown/ugv_ws/install/rplidar_ros:/home/ugv/Desktop/OperationTouchdown/ugv_ws/install/roboteq_ros2_driver:/home/ugv/Desktop/OperationTouchdown/ugv_ws/install/dual_laser_merger:/home/ugv/Desktop/OperationTouchdown/ugv_ws/install/depthai-ros:/home/ugv/Desktop/OperationTouchdown/ugv_ws/install/depthai_ros_driver:/home/ugv/Desktop/OperationTouchdown/ugv_ws/install/depthai_filters:/home/ugv/Desktop/OperationTouchdown/ugv_ws/install/depthai_examples:/home/ugv/Desktop/OperationTouchdown/ugv_ws/install/depthai_bridge:/home/ugv/Desktop/OperationTouchdown/ugv_ws/install/depthai_descriptions:/opt/ros/jazzy/opt/gz_sim_vendor:/opt/ros/jazzy/opt/gz_sensors_vendor:/opt/ros/jazzy/opt/gz_physics_vendor:/opt/ros/jazzy/opt/sdformat_vendor:/opt/ros/jazzy/opt/gz_gui_vendor:/opt/ros/jazzy/opt/gz_transport_vendor:/opt/ros/jazzy/opt/gz_rendering_vendor:/opt/ros/jazzy/opt/gz_plugin_vendor:/opt/ros/jazzy/opt/gz_fuel_tools_vendor:/opt/ros/jazzy/opt/gz_msgs_vendor:/opt/ros/jazzy/opt/gz_common_vendor:/opt/ros/jazzy/opt/gz_math_vendor:/opt/ros/jazzy/opt/gz_utils_vendor:/opt/ros/jazzy/opt/gz_tools_vendor:/opt/ros/jazzy/opt/gz_ogre_next_vendor:/opt/ros/jazzy/opt/gz_dartsim_vendor:/opt/ros/jazzy/opt/gz_cmake_vendor:/home/ugv/Desktop/OperationTouchdown/ugv_ws/install/my_ugv_hardware:/home/ugv/Desktop/OperationTouchdown/ugv_ws/install/my_ugv_vision:/opt/ros/jazzy DEBUGINFOD_URLS=https://debuginfod.ubuntu.com LD_LIBRARY_PATH=/home/ugv/Desktop/OperationTouchdown/ugv_ws/install/depthai_ros_msgs/lib:/home/ugv/Desktop/OperationTouchdown/ugv_ws/install/dual_laser_merger/lib:/home/ugv/Desktop/OperationTouchdown/ugv_ws/install/depthai_ros_driver/lib:/home/ugv/Desktop/OperationTouchdown/ugv_ws/install/depthai_filters/lib:/home/ugv/Desktop/OperationTouchdown/ugv_ws/install/depthai_bridge/lib:/opt/ros/jazzy/opt/gz_sim_vendor/lib:/opt/ros/jazzy/opt/gz_sensors_vendor/lib:/opt/ros/jazzy/opt/gz_physics_vendor/lib:/opt/ros/jazzy/opt/sdformat_vendor/lib:/opt/ros/jazzy/opt/rviz_ogre_vendor/lib:/opt/ros/jazzy/lib/aarch64-linux-gnu:/opt/ros/jazzy/opt/gz_gui_vendor/lib:/opt/ros/jazzy/opt/gz_transport_vendor/lib:/opt/ros/jazzy/opt/gz_rendering_vendor/lib:/opt/ros/jazzy/opt/gz_plugin_vendor/lib:/opt/ros/jazzy/opt/gz_fuel_tools_vendor/lib:/opt/ros/jazzy/opt/gz_msgs_vendor/lib:/opt/ros/jazzy/opt/gz_common_vendor/lib:/opt/ros/jazzy/opt/gz_math_vendor/lib:/opt/ros/jazzy/opt/gz_utils_vendor/lib:/opt/ros/jazzy/opt/gz_tools_vendor/lib:/opt/ros/jazzy/opt/gz_ogre_next_vendor/lib:/opt/ros/jazzy/opt/gz_dartsim_vendor/lib:/opt/ros/jazzy/opt/gz_cmake_vendor/lib:/opt/ros/jazzy/lib PYTHONPATH=/home/ugv/Desktop/OperationTouchdown/ugv_ws/install/depthai_ros_msgs/lib/python3.12/site-packages:/home/ugv/Desktop/OperationTouchdown/ugv_ws/build/my_ugv_hardware:/home/ugv/Desktop/OperationTouchdown/ugv_ws/install/my_ugv_hardware/lib/python3.12/site-packages:/home/ugv/Desktop/OperationTouchdown/ugv_ws/build/my_ugv_vision:/home/ugv/Desktop/OperationTouchdown/ugv_ws/install/my_ugv_vision/lib/python3.12/site-packages:/home/ugv/Desktop/OperationTouchdown/ugv_ws/install/depthai_ros_driver/lib/python3.12/site-packages:/opt/ros/jazzy/lib/python3.12/site-packages /usr/bin/cmake --build /home/ugv/Desktop/OperationTouchdown/ugv_ws/build/depthai_filters -- -j4 -l4
[6.691s] DEBUG:colcon.colcon_core.event_handler.log_command:Invoking command in '/home/ugv/Desktop/OperationTouchdown/ugv_ws/build/depthai_filters': CMAKE_PREFIX_PATH=/home/ugv/Desktop/OperationTouchdown/ugv_ws/install/depthai_ros_msgs:/home/ugv/Desktop/OperationTouchdown/ugv_ws/install/my_ugv_description:/home/ugv/Desktop/OperationTouchdown/ugv_ws/install/my_ugv_bringup:/home/ugv/Desktop/OperationTouchdown/ugv_ws/install/rplidar_ros:/home/ugv/Desktop/OperationTouchdown/ugv_ws/install/roboteq_ros2_driver:/home/ugv/Desktop/OperationTouchdown/ugv_ws/install/dual_laser_merger:/home/ugv/Desktop/OperationTouchdown/ugv_ws/install/depthai-ros:/home/ugv/Desktop/OperationTouchdown/ugv_ws/install/depthai_ros_driver:/home/ugv/Desktop/OperationTouchdown/ugv_ws/install/depthai_filters:/home/ugv/Desktop/OperationTouchdown/ugv_ws/install/depthai_examples:/home/ugv/Desktop/OperationTouchdown/ugv_ws/install/depthai_bridge:/home/ugv/Desktop/OperationTouchdown/ugv_ws/install/depthai_descriptions:/opt/ros/jazzy/opt/gz_sim_vendor:/opt/ros/jazzy/opt/gz_sensors_vendor:/opt/ros/jazzy/opt/gz_physics_vendor:/opt/ros/jazzy/opt/sdformat_vendor:/opt/ros/jazzy/opt/gz_gui_vendor:/opt/ros/jazzy/opt/gz_transport_vendor:/opt/ros/jazzy/opt/gz_rendering_vendor:/opt/ros/jazzy/opt/gz_plugin_vendor:/opt/ros/jazzy/opt/gz_fuel_tools_vendor:/opt/ros/jazzy/opt/gz_msgs_vendor:/opt/ros/jazzy/opt/gz_common_vendor:/opt/ros/jazzy/opt/gz_math_vendor:/opt/ros/jazzy/opt/gz_utils_vendor:/opt/ros/jazzy/opt/gz_tools_vendor:/opt/ros/jazzy/opt/gz_ogre_next_vendor:/opt/ros/jazzy/opt/gz_dartsim_vendor:/opt/ros/jazzy/opt/gz_cmake_vendor:/home/ugv/Desktop/OperationTouchdown/ugv_ws/install/my_ugv_hardware:/home/ugv/Desktop/OperationTouchdown/ugv_ws/install/my_ugv_vision:/opt/ros/jazzy DEBUGINFOD_URLS=https://debuginfod.ubuntu.com LD_LIBRARY_PATH=/home/ugv/Desktop/OperationTouchdown/ugv_ws/install/depthai_ros_msgs/lib:/home/ugv/Desktop/OperationTouchdown/ugv_ws/install/dual_laser_merger/lib:/home/ugv/Desktop/OperationTouchdown/ugv_ws/install/depthai_ros_driver/lib:/home/ugv/Desktop/OperationTouchdown/ugv_ws/install/depthai_filters/lib:/home/ugv/Desktop/OperationTouchdown/ugv_ws/install/depthai_bridge/lib:/opt/ros/jazzy/opt/gz_sim_vendor/lib:/opt/ros/jazzy/opt/gz_sensors_vendor/lib:/opt/ros/jazzy/opt/gz_physics_vendor/lib:/opt/ros/jazzy/opt/sdformat_vendor/lib:/opt/ros/jazzy/opt/rviz_ogre_vendor/lib:/opt/ros/jazzy/lib/aarch64-linux-gnu:/opt/ros/jazzy/opt/gz_gui_vendor/lib:/opt/ros/jazzy/opt/gz_transport_vendor/lib:/opt/ros/jazzy/opt/gz_rendering_vendor/lib:/opt/ros/jazzy/opt/gz_plugin_vendor/lib:/opt/ros/jazzy/opt/gz_fuel_tools_vendor/lib:/opt/ros/jazzy/opt/gz_msgs_vendor/lib:/opt/ros/jazzy/opt/gz_common_vendor/lib:/opt/ros/jazzy/opt/gz_math_vendor/lib:/opt/ros/jazzy/opt/gz_utils_vendor/lib:/opt/ros/jazzy/opt/gz_tools_vendor/lib:/opt/ros/jazzy/opt/gz_ogre_next_vendor/lib:/opt/ros/jazzy/opt/gz_dartsim_vendor/lib:/opt/ros/jazzy/opt/gz_cmake_vendor/lib:/opt/ros/jazzy/lib PYTHONPATH=/home/ugv/Desktop/OperationTouchdown/ugv_ws/install/depthai_ros_msgs/lib/python3.12/site-packages:/home/ugv/Desktop/OperationTouchdown/ugv_ws/build/my_ugv_hardware:/home/ugv/Desktop/OperationTouchdown/ugv_ws/install/my_ugv_hardware/lib/python3.12/site-packages:/home/ugv/Desktop/OperationTouchdown/ugv_ws/build/my_ugv_vision:/home/ugv/Desktop/OperationTouchdown/ugv_ws/install/my_ugv_vision/lib/python3.12/site-packages:/home/ugv/Desktop/OperationTouchdown/ugv_ws/install/depthai_ros_driver/lib/python3.12/site-packages:/opt/ros/jazzy/lib/python3.12/site-packages /usr/bin/cmake --install /home/ugv/Desktop/OperationTouchdown/ugv_ws/build/depthai_filters
[6.743s] DEBUG:colcon.colcon_core.event_handler.log_command:Invoked command in '/home/ugv/Desktop/OperationTouchdown/ugv_ws/build/depthai_bridge' returned '0': CMAKE_PREFIX_PATH=/home/ugv/Desktop/OperationTouchdown/ugv_ws/install/depthai_ros_msgs:/home/ugv/Desktop/OperationTouchdown/ugv_ws/install/my_ugv_description:/home/ugv/Desktop/OperationTouchdown/ugv_ws/install/my_ugv_bringup:/home/ugv/Desktop/OperationTouchdown/ugv_ws/install/rplidar_ros:/home/ugv/Desktop/OperationTouchdown/ugv_ws/install/roboteq_ros2_driver:/home/ugv/Desktop/OperationTouchdown/ugv_ws/install/dual_laser_merger:/home/ugv/Desktop/OperationTouchdown/ugv_ws/install/depthai-ros:/home/ugv/Desktop/OperationTouchdown/ugv_ws/install/depthai_ros_driver:/home/ugv/Desktop/OperationTouchdown/ugv_ws/install/depthai_filters:/home/ugv/Desktop/OperationTouchdown/ugv_ws/install/depthai_examples:/home/ugv/Desktop/OperationTouchdown/ugv_ws/install/depthai_bridge:/home/ugv/Desktop/OperationTouchdown/ugv_ws/install/depthai_descriptions:/opt/ros/jazzy/opt/gz_sim_vendor:/opt/ros/jazzy/opt/gz_sensors_vendor:/opt/ros/jazzy/opt/gz_physics_vendor:/opt/ros/jazzy/opt/sdformat_vendor:/opt/ros/jazzy/opt/gz_gui_vendor:/opt/ros/jazzy/opt/gz_transport_vendor:/opt/ros/jazzy/opt/gz_rendering_vendor:/opt/ros/jazzy/opt/gz_plugin_vendor:/opt/ros/jazzy/opt/gz_fuel_tools_vendor:/opt/ros/jazzy/opt/gz_msgs_vendor:/opt/ros/jazzy/opt/gz_common_vendor:/opt/ros/jazzy/opt/gz_math_vendor:/opt/ros/jazzy/opt/gz_utils_vendor:/opt/ros/jazzy/opt/gz_tools_vendor:/opt/ros/jazzy/opt/gz_ogre_next_vendor:/opt/ros/jazzy/opt/gz_dartsim_vendor:/opt/ros/jazzy/opt/gz_cmake_vendor:/home/ugv/Desktop/OperationTouchdown/ugv_ws/install/my_ugv_hardware:/home/ugv/Desktop/OperationTouchdown/ugv_ws/install/my_ugv_vision:/opt/ros/jazzy DEBUGINFOD_URLS=https://debuginfod.ubuntu.com LD_LIBRARY_PATH=/home/ugv/Desktop/OperationTouchdown/ugv_ws/install/depthai_ros_msgs/lib:/home/ugv/Desktop/OperationTouchdown/ugv_ws/install/dual_laser_merger/lib:/home/ugv/Desktop/OperationTouchdown/ugv_ws/install/depthai_ros_driver/lib:/home/ugv/Desktop/OperationTouchdown/ugv_ws/install/depthai_filters/lib:/home/ugv/Desktop/OperationTouchdown/ugv_ws/install/depthai_bridge/lib:/opt/ros/jazzy/opt/gz_sim_vendor/lib:/opt/ros/jazzy/opt/gz_sensors_vendor/lib:/opt/ros/jazzy/opt/gz_physics_vendor/lib:/opt/ros/jazzy/opt/sdformat_vendor/lib:/opt/ros/jazzy/opt/rviz_ogre_vendor/lib:/opt/ros/jazzy/lib/aarch64-linux-gnu:/opt/ros/jazzy/opt/gz_gui_vendor/lib:/opt/ros/jazzy/opt/gz_transport_vendor/lib:/opt/ros/jazzy/opt/gz_rendering_vendor/lib:/opt/ros/jazzy/opt/gz_plugin_vendor/lib:/opt/ros/jazzy/opt/gz_fuel_tools_vendor/lib:/opt/ros/jazzy/opt/gz_msgs_vendor/lib:/opt/ros/jazzy/opt/gz_common_vendor/lib:/opt/ros/jazzy/opt/gz_math_vendor/lib:/opt/ros/jazzy/opt/gz_utils_vendor/lib:/opt/ros/jazzy/opt/gz_tools_vendor/lib:/opt/ros/jazzy/opt/gz_ogre_next_vendor/lib:/opt/ros/jazzy/opt/gz_dartsim_vendor/lib:/opt/ros/jazzy/opt/gz_cmake_vendor/lib:/opt/ros/jazzy/lib PYTHONPATH=/home/ugv/Desktop/OperationTouchdown/ugv_ws/install/depthai_ros_msgs/lib/python3.12/site-packages:/home/ugv/Desktop/OperationTouchdown/ugv_ws/build/my_ugv_hardware:/home/ugv/Desktop/OperationTouchdown/ugv_ws/install/my_ugv_hardware/lib/python3.12/site-packages:/home/ugv/Desktop/OperationTouchdown/ugv_ws/build/my_ugv_vision:/home/ugv/Desktop/OperationTouchdown/ugv_ws/install/my_ugv_vision/lib/python3.12/site-packages:/home/ugv/Desktop/OperationTouchdown/ugv_ws/install/depthai_ros_driver/lib/python3.12/site-packages:/opt/ros/jazzy/lib/python3.12/site-packages /usr/bin/cmake /home/ugv/Desktop/OperationTouchdown/ugv_ws/src/depthai-ros/depthai_bridge -DAMENT_CMAKE_SYMLINK_INSTALL=1 -DCMAKE_INSTALL_PREFIX=/home/ugv/Desktop/OperationTouchdown/ugv_ws/install/depthai_bridge
[6.743s] DEBUG:colcon.colcon_core.event_handler.log_command:Invoking command in '/home/ugv/Desktop/OperationTouchdown/ugv_ws/build/depthai_bridge': CMAKE_PREFIX_PATH=/home/ugv/Desktop/OperationTouchdown/ugv_ws/install/depthai_ros_msgs:/home/ugv/Desktop/OperationTouchdown/ugv_ws/install/my_ugv_description:/home/ugv/Desktop/OperationTouchdown/ugv_ws/install/my_ugv_bringup:/home/ugv/Desktop/OperationTouchdown/ugv_ws/install/rplidar_ros:/home/ugv/Desktop/OperationTouchdown/ugv_ws/install/roboteq_ros2_driver:/home/ugv/Desktop/OperationTouchdown/ugv_ws/install/dual_laser_merger:/home/ugv/Desktop/OperationTouchdown/ugv_ws/install/depthai-ros:/home/ugv/Desktop/OperationTouchdown/ugv_ws/install/depthai_ros_driver:/home/ugv/Desktop/OperationTouchdown/ugv_ws/install/depthai_filters:/home/ugv/Desktop/OperationTouchdown/ugv_ws/install/depthai_examples:/home/ugv/Desktop/OperationTouchdown/ugv_ws/install/depthai_bridge:/home/ugv/Desktop/OperationTouchdown/ugv_ws/install/depthai_descriptions:/opt/ros/jazzy/opt/gz_sim_vendor:/opt/ros/jazzy/opt/gz_sensors_vendor:/opt/ros/jazzy/opt/gz_physics_vendor:/opt/ros/jazzy/opt/sdformat_vendor:/opt/ros/jazzy/opt/gz_gui_vendor:/opt/ros/jazzy/opt/gz_transport_vendor:/opt/ros/jazzy/opt/gz_rendering_vendor:/opt/ros/jazzy/opt/gz_plugin_vendor:/opt/ros/jazzy/opt/gz_fuel_tools_vendor:/opt/ros/jazzy/opt/gz_msgs_vendor:/opt/ros/jazzy/opt/gz_common_vendor:/opt/ros/jazzy/opt/gz_math_vendor:/opt/ros/jazzy/opt/gz_utils_vendor:/opt/ros/jazzy/opt/gz_tools_vendor:/opt/ros/jazzy/opt/gz_ogre_next_vendor:/opt/ros/jazzy/opt/gz_dartsim_vendor:/opt/ros/jazzy/opt/gz_cmake_vendor:/home/ugv/Desktop/OperationTouchdown/ugv_ws/install/my_ugv_hardware:/home/ugv/Desktop/OperationTouchdown/ugv_ws/install/my_ugv_vision:/opt/ros/jazzy DEBUGINFOD_URLS=https://debuginfod.ubuntu.com LD_LIBRARY_PATH=/home/ugv/Desktop/OperationTouchdown/ugv_ws/install/depthai_ros_msgs/lib:/home/ugv/Desktop/OperationTouchdown/ugv_ws/install/dual_laser_merger/lib:/home/ugv/Desktop/OperationTouchdown/ugv_ws/install/depthai_ros_driver/lib:/home/ugv/Desktop/OperationTouchdown/ugv_ws/install/depthai_filters/lib:/home/ugv/Desktop/OperationTouchdown/ugv_ws/install/depthai_bridge/lib:/opt/ros/jazzy/opt/gz_sim_vendor/lib:/opt/ros/jazzy/opt/gz_sensors_vendor/lib:/opt/ros/jazzy/opt/gz_physics_vendor/lib:/opt/ros/jazzy/opt/sdformat_vendor/lib:/opt/ros/jazzy/opt/rviz_ogre_vendor/lib:/opt/ros/jazzy/lib/aarch64-linux-gnu:/opt/ros/jazzy/opt/gz_gui_vendor/lib:/opt/ros/jazzy/opt/gz_transport_vendor/lib:/opt/ros/jazzy/opt/gz_rendering_vendor/lib:/opt/ros/jazzy/opt/gz_plugin_vendor/lib:/opt/ros/jazzy/opt/gz_fuel_tools_vendor/lib:/opt/ros/jazzy/opt/gz_msgs_vendor/lib:/opt/ros/jazzy/opt/gz_common_vendor/lib:/opt/ros/jazzy/opt/gz_math_vendor/lib:/opt/ros/jazzy/opt/gz_utils_vendor/lib:/opt/ros/jazzy/opt/gz_tools_vendor/lib:/opt/ros/jazzy/opt/gz_ogre_next_vendor/lib:/opt/ros/jazzy/opt/gz_dartsim_vendor/lib:/opt/ros/jazzy/opt/gz_cmake_vendor/lib:/opt/ros/jazzy/lib PYTHONPATH=/home/ugv/Desktop/OperationTouchdown/ugv_ws/install/depthai_ros_msgs/lib/python3.12/site-packages:/home/ugv/Desktop/OperationTouchdown/ugv_ws/build/my_ugv_hardware:/home/ugv/Desktop/OperationTouchdown/ugv_ws/install/my_ugv_hardware/lib/python3.12/site-packages:/home/ugv/Desktop/OperationTouchdown/ugv_ws/build/my_ugv_vision:/home/ugv/Desktop/OperationTouchdown/ugv_ws/install/my_ugv_vision/lib/python3.12/site-packages:/home/ugv/Desktop/OperationTouchdown/ugv_ws/install/depthai_ros_driver/lib/python3.12/site-packages:/opt/ros/jazzy/lib/python3.12/site-packages /usr/bin/cmake --build /home/ugv/Desktop/OperationTouchdown/ugv_ws/build/depthai_bridge -- -j4 -l4
[6.756s] Level 1:colcon.colcon_core.environment:create_environment_scripts_only(depthai_filters)
[6.756s] Level 1:colcon.colcon_core.environment:checking '/home/ugv/Desktop/OperationTouchdown/ugv_ws/install/depthai_filters' for CMake module files
[6.757s] DEBUG:colcon.colcon_core.event_handler.log_command:Invoked command in '/home/ugv/Desktop/OperationTouchdown/ugv_ws/build/depthai_filters' returned '0': CMAKE_PREFIX_PATH=/home/ugv/Desktop/OperationTouchdown/ugv_ws/install/depthai_ros_msgs:/home/ugv/Desktop/OperationTouchdown/ugv_ws/install/my_ugv_description:/home/ugv/Desktop/OperationTouchdown/ugv_ws/install/my_ugv_bringup:/home/ugv/Desktop/OperationTouchdown/ugv_ws/install/rplidar_ros:/home/ugv/Desktop/OperationTouchdown/ugv_ws/install/roboteq_ros2_driver:/home/ugv/Desktop/OperationTouchdown/ugv_ws/install/dual_laser_merger:/home/ugv/Desktop/OperationTouchdown/ugv_ws/install/depthai-ros:/home/ugv/Desktop/OperationTouchdown/ugv_ws/install/depthai_ros_driver:/home/ugv/Desktop/OperationTouchdown/ugv_ws/install/depthai_filters:/home/ugv/Desktop/OperationTouchdown/ugv_ws/install/depthai_examples:/home/ugv/Desktop/OperationTouchdown/ugv_ws/install/depthai_bridge:/home/ugv/Desktop/OperationTouchdown/ugv_ws/install/depthai_descriptions:/opt/ros/jazzy/opt/gz_sim_vendor:/opt/ros/jazzy/opt/gz_sensors_vendor:/opt/ros/jazzy/opt/gz_physics_vendor:/opt/ros/jazzy/opt/sdformat_vendor:/opt/ros/jazzy/opt/gz_gui_vendor:/opt/ros/jazzy/opt/gz_transport_vendor:/opt/ros/jazzy/opt/gz_rendering_vendor:/opt/ros/jazzy/opt/gz_plugin_vendor:/opt/ros/jazzy/opt/gz_fuel_tools_vendor:/opt/ros/jazzy/opt/gz_msgs_vendor:/opt/ros/jazzy/opt/gz_common_vendor:/opt/ros/jazzy/opt/gz_math_vendor:/opt/ros/jazzy/opt/gz_utils_vendor:/opt/ros/jazzy/opt/gz_tools_vendor:/opt/ros/jazzy/opt/gz_ogre_next_vendor:/opt/ros/jazzy/opt/gz_dartsim_vendor:/opt/ros/jazzy/opt/gz_cmake_vendor:/home/ugv/Desktop/OperationTouchdown/ugv_ws/install/my_ugv_hardware:/home/ugv/Desktop/OperationTouchdown/ugv_ws/install/my_ugv_vision:/opt/ros/jazzy DEBUGINFOD_URLS=https://debuginfod.ubuntu.com LD_LIBRARY_PATH=/home/ugv/Desktop/OperationTouchdown/ugv_ws/install/depthai_ros_msgs/lib:/home/ugv/Desktop/OperationTouchdown/ugv_ws/install/dual_laser_merger/lib:/home/ugv/Desktop/OperationTouchdown/ugv_ws/install/depthai_ros_driver/lib:/home/ugv/Desktop/OperationTouchdown/ugv_ws/install/depthai_filters/lib:/home/ugv/Desktop/OperationTouchdown/ugv_ws/install/depthai_bridge/lib:/opt/ros/jazzy/opt/gz_sim_vendor/lib:/opt/ros/jazzy/opt/gz_sensors_vendor/lib:/opt/ros/jazzy/opt/gz_physics_vendor/lib:/opt/ros/jazzy/opt/sdformat_vendor/lib:/opt/ros/jazzy/opt/rviz_ogre_vendor/lib:/opt/ros/jazzy/lib/aarch64-linux-gnu:/opt/ros/jazzy/opt/gz_gui_vendor/lib:/opt/ros/jazzy/opt/gz_transport_vendor/lib:/opt/ros/jazzy/opt/gz_rendering_vendor/lib:/opt/ros/jazzy/opt/gz_plugin_vendor/lib:/opt/ros/jazzy/opt/gz_fuel_tools_vendor/lib:/opt/ros/jazzy/opt/gz_msgs_vendor/lib:/opt/ros/jazzy/opt/gz_common_vendor/lib:/opt/ros/jazzy/opt/gz_math_vendor/lib:/opt/ros/jazzy/opt/gz_utils_vendor/lib:/opt/ros/jazzy/opt/gz_tools_vendor/lib:/opt/ros/jazzy/opt/gz_ogre_next_vendor/lib:/opt/ros/jazzy/opt/gz_dartsim_vendor/lib:/opt/ros/jazzy/opt/gz_cmake_vendor/lib:/opt/ros/jazzy/lib PYTHONPATH=/home/ugv/Desktop/OperationTouchdown/ugv_ws/install/depthai_ros_msgs/lib/python3.12/site-packages:/home/ugv/Desktop/OperationTouchdown/ugv_ws/build/my_ugv_hardware:/home/ugv/Desktop/OperationTouchdown/ugv_ws/install/my_ugv_hardware/lib/python3.12/site-packages:/home/ugv/Desktop/OperationTouchdown/ugv_ws/build/my_ugv_vision:/home/ugv/Desktop/OperationTouchdown/ugv_ws/install/my_ugv_vision/lib/python3.12/site-packages:/home/ugv/Desktop/OperationTouchdown/ugv_ws/install/depthai_ros_driver/lib/python3.12/site-packages:/opt/ros/jazzy/lib/python3.12/site-packages /usr/bin/cmake --install /home/ugv/Desktop/OperationTouchdown/ugv_ws/build/depthai_filters
[6.758s] Level 1:colcon.colcon_core.environment:checking '/home/ugv/Desktop/OperationTouchdown/ugv_ws/install/depthai_filters' for CMake config files
[6.759s] Level 1:colcon.colcon_core.shell:create_environment_hook('depthai_filters', 'cmake_prefix_path')
[6.759s] INFO:colcon.colcon_core.shell:Creating environment hook '/home/ugv/Desktop/OperationTouchdown/ugv_ws/install/depthai_filters/share/depthai_filters/hook/cmake_prefix_path.ps1'
[6.760s] INFO:colcon.colcon_core.shell:Creating environment descriptor '/home/ugv/Desktop/OperationTouchdown/ugv_ws/install/depthai_filters/share/depthai_filters/hook/cmake_prefix_path.dsv'
[6.761s] INFO:colcon.colcon_core.shell:Creating environment hook '/home/ugv/Desktop/OperationTouchdown/ugv_ws/install/depthai_filters/share/depthai_filters/hook/cmake_prefix_path.sh'
[6.762s] Level 1:colcon.colcon_core.environment:checking '/home/ugv/Desktop/OperationTouchdown/ugv_ws/install/depthai_filters/lib'
[6.763s] Level 1:colcon.colcon_core.shell:create_environment_hook('depthai_filters', 'ld_library_path_lib')
[6.763s] INFO:colcon.colcon_core.shell:Creating environment hook '/home/ugv/Desktop/OperationTouchdown/ugv_ws/install/depthai_filters/share/depthai_filters/hook/ld_library_path_lib.ps1'
[6.764s] INFO:colcon.colcon_core.shell:Creating environment descriptor '/home/ugv/Desktop/OperationTouchdown/ugv_ws/install/depthai_filters/share/depthai_filters/hook/ld_library_path_lib.dsv'
[6.765s] INFO:colcon.colcon_core.shell:Creating environment hook '/home/ugv/Desktop/OperationTouchdown/ugv_ws/install/depthai_filters/share/depthai_filters/hook/ld_library_path_lib.sh'
[6.765s] Level 1:colcon.colcon_core.environment:checking '/home/ugv/Desktop/OperationTouchdown/ugv_ws/install/depthai_filters/bin'
[6.765s] Level 1:colcon.colcon_core.environment:checking '/home/ugv/Desktop/OperationTouchdown/ugv_ws/install/depthai_filters/lib/pkgconfig/depthai_filters.pc'
[6.766s] Level 1:colcon.colcon_core.environment:checking '/home/ugv/Desktop/OperationTouchdown/ugv_ws/install/depthai_filters/lib/python3.12/site-packages'
[6.766s] Level 1:colcon.colcon_core.environment:checking '/home/ugv/Desktop/OperationTouchdown/ugv_ws/install/depthai_filters/bin'
[6.767s] INFO:colcon.colcon_core.shell:Creating package script '/home/ugv/Desktop/OperationTouchdown/ugv_ws/install/depthai_filters/share/depthai_filters/package.ps1'
[6.768s] INFO:colcon.colcon_core.shell:Creating package descriptor '/home/ugv/Desktop/OperationTouchdown/ugv_ws/install/depthai_filters/share/depthai_filters/package.dsv'
[6.768s] INFO:colcon.colcon_core.shell:Creating package script '/home/ugv/Desktop/OperationTouchdown/ugv_ws/install/depthai_filters/share/depthai_filters/package.sh'
[6.769s] INFO:colcon.colcon_core.shell:Creating package script '/home/ugv/Desktop/OperationTouchdown/ugv_ws/install/depthai_filters/share/depthai_filters/package.bash'
[6.770s] INFO:colcon.colcon_core.shell:Creating package script '/home/ugv/Desktop/OperationTouchdown/ugv_ws/install/depthai_filters/share/depthai_filters/package.zsh'
[6.770s] Level 1:colcon.colcon_core.environment:create_file_with_runtime_dependencies(/home/ugv/Desktop/OperationTouchdown/ugv_ws/install/depthai_filters/share/colcon-core/packages/depthai_filters)
[6.771s] Level 1:colcon.colcon_core.environment:create_environment_scripts_only(depthai_filters)
[6.772s] Level 1:colcon.colcon_core.environment:checking '/home/ugv/Desktop/OperationTouchdown/ugv_ws/install/depthai_filters' for CMake module files
[6.772s] Level 1:colcon.colcon_core.environment:checking '/home/ugv/Desktop/OperationTouchdown/ugv_ws/install/depthai_filters' for CMake config files
[6.773s] Level 1:colcon.colcon_core.shell:create_environment_hook('depthai_filters', 'cmake_prefix_path')
[6.773s] INFO:colcon.colcon_core.shell:Creating environment hook '/home/ugv/Desktop/OperationTouchdown/ugv_ws/install/depthai_filters/share/depthai_filters/hook/cmake_prefix_path.ps1'
[6.774s] INFO:colcon.colcon_core.shell:Creating environment descriptor '/home/ugv/Desktop/OperationTouchdown/ugv_ws/install/depthai_filters/share/depthai_filters/hook/cmake_prefix_path.dsv'
[6.775s] INFO:colcon.colcon_core.shell:Creating environment hook '/home/ugv/Desktop/OperationTouchdown/ugv_ws/install/depthai_filters/share/depthai_filters/hook/cmake_prefix_path.sh'
[6.776s] Level 1:colcon.colcon_core.environment:checking '/home/ugv/Desktop/OperationTouchdown/ugv_ws/install/depthai_filters/lib'
[6.776s] Level 1:colcon.colcon_core.shell:create_environment_hook('depthai_filters', 'ld_library_path_lib')
[6.776s] INFO:colcon.colcon_core.shell:Creating environment hook '/home/ugv/Desktop/OperationTouchdown/ugv_ws/install/depthai_filters/share/depthai_filters/hook/ld_library_path_lib.ps1'
[6.777s] INFO:colcon.colcon_core.shell:Creating environment descriptor '/home/ugv/Desktop/OperationTouchdown/ugv_ws/install/depthai_filters/share/depthai_filters/hook/ld_library_path_lib.dsv'
[6.777s] INFO:colcon.colcon_core.shell:Creating environment hook '/home/ugv/Desktop/OperationTouchdown/ugv_ws/install/depthai_filters/share/depthai_filters/hook/ld_library_path_lib.sh'
[6.778s] Level 1:colcon.colcon_core.environment:checking '/home/ugv/Desktop/OperationTouchdown/ugv_ws/install/depthai_filters/bin'
[6.778s] Level 1:colcon.colcon_core.environment:checking '/home/ugv/Desktop/OperationTouchdown/ugv_ws/install/depthai_filters/lib/pkgconfig/depthai_filters.pc'
[6.778s] Level 1:colcon.colcon_core.environment:checking '/home/ugv/Desktop/OperationTouchdown/ugv_ws/install/depthai_filters/lib/python3.12/site-packages'
[6.779s] Level 1:colcon.colcon_core.environment:checking '/home/ugv/Desktop/OperationTouchdown/ugv_ws/install/depthai_filters/bin'
[6.780s] INFO:colcon.colcon_core.shell:Creating package script '/home/ugv/Desktop/OperationTouchdown/ugv_ws/install/depthai_filters/share/depthai_filters/package.ps1'
[6.781s] INFO:colcon.colcon_core.shell:Creating package descriptor '/home/ugv/Desktop/OperationTouchdown/ugv_ws/install/depthai_filters/share/depthai_filters/package.dsv'
[6.781s] INFO:colcon.colcon_core.shell:Creating package script '/home/ugv/Desktop/OperationTouchdown/ugv_ws/install/depthai_filters/share/depthai_filters/package.sh'
[6.782s] INFO:colcon.colcon_core.shell:Creating package script '/home/ugv/Desktop/OperationTouchdown/ugv_ws/install/depthai_filters/share/depthai_filters/package.bash'
[6.783s] INFO:colcon.colcon_core.shell:Creating package script '/home/ugv/Desktop/OperationTouchdown/ugv_ws/install/depthai_filters/share/depthai_filters/package.zsh'
[6.783s] Level 1:colcon.colcon_core.environment:create_file_with_runtime_dependencies(/home/ugv/Desktop/OperationTouchdown/ugv_ws/install/depthai_filters/share/colcon-core/packages/depthai_filters)
[6.963s] DEBUG:colcon.colcon_core.event_handler.log_command:Invoked command in '/home/ugv/Desktop/OperationTouchdown/ugv_ws/build/depthai_bridge' returned '0': CMAKE_PREFIX_PATH=/home/ugv/Desktop/OperationTouchdown/ugv_ws/install/depthai_ros_msgs:/home/ugv/Desktop/OperationTouchdown/ugv_ws/install/my_ugv_description:/home/ugv/Desktop/OperationTouchdown/ugv_ws/install/my_ugv_bringup:/home/ugv/Desktop/OperationTouchdown/ugv_ws/install/rplidar_ros:/home/ugv/Desktop/OperationTouchdown/ugv_ws/install/roboteq_ros2_driver:/home/ugv/Desktop/OperationTouchdown/ugv_ws/install/dual_laser_merger:/home/ugv/Desktop/OperationTouchdown/ugv_ws/install/depthai-ros:/home/ugv/Desktop/OperationTouchdown/ugv_ws/install/depthai_ros_driver:/home/ugv/Desktop/OperationTouchdown/ugv_ws/install/depthai_filters:/home/ugv/Desktop/OperationTouchdown/ugv_ws/install/depthai_examples:/home/ugv/Desktop/OperationTouchdown/ugv_ws/install/depthai_bridge:/home/ugv/Desktop/OperationTouchdown/ugv_ws/install/depthai_descriptions:/opt/ros/jazzy/opt/gz_sim_vendor:/opt/ros/jazzy/opt/gz_sensors_vendor:/opt/ros/jazzy/opt/gz_physics_vendor:/opt/ros/jazzy/opt/sdformat_vendor:/opt/ros/jazzy/opt/gz_gui_vendor:/opt/ros/jazzy/opt/gz_transport_vendor:/opt/ros/jazzy/opt/gz_rendering_vendor:/opt/ros/jazzy/opt/gz_plugin_vendor:/opt/ros/jazzy/opt/gz_fuel_tools_vendor:/opt/ros/jazzy/opt/gz_msgs_vendor:/opt/ros/jazzy/opt/gz_common_vendor:/opt/ros/jazzy/opt/gz_math_vendor:/opt/ros/jazzy/opt/gz_utils_vendor:/opt/ros/jazzy/opt/gz_tools_vendor:/opt/ros/jazzy/opt/gz_ogre_next_vendor:/opt/ros/jazzy/opt/gz_dartsim_vendor:/opt/ros/jazzy/opt/gz_cmake_vendor:/home/ugv/Desktop/OperationTouchdown/ugv_ws/install/my_ugv_hardware:/home/ugv/Desktop/OperationTouchdown/ugv_ws/install/my_ugv_vision:/opt/ros/jazzy DEBUGINFOD_URLS=https://debuginfod.ubuntu.com LD_LIBRARY_PATH=/home/ugv/Desktop/OperationTouchdown/ugv_ws/install/depthai_ros_msgs/lib:/home/ugv/Desktop/OperationTouchdown/ugv_ws/install/dual_laser_merger/lib:/home/ugv/Desktop/OperationTouchdown/ugv_ws/install/depthai_ros_driver/lib:/home/ugv/Desktop/OperationTouchdown/ugv_ws/install/depthai_filters/lib:/home/ugv/Desktop/OperationTouchdown/ugv_ws/install/depthai_bridge/lib:/opt/ros/jazzy/opt/gz_sim_vendor/lib:/opt/ros/jazzy/opt/gz_sensors_vendor/lib:/opt/ros/jazzy/opt/gz_physics_vendor/lib:/opt/ros/jazzy/opt/sdformat_vendor/lib:/opt/ros/jazzy/opt/rviz_ogre_vendor/lib:/opt/ros/jazzy/lib/aarch64-linux-gnu:/opt/ros/jazzy/opt/gz_gui_vendor/lib:/opt/ros/jazzy/opt/gz_transport_vendor/lib:/opt/ros/jazzy/opt/gz_rendering_vendor/lib:/opt/ros/jazzy/opt/gz_plugin_vendor/lib:/opt/ros/jazzy/opt/gz_fuel_tools_vendor/lib:/opt/ros/jazzy/opt/gz_msgs_vendor/lib:/opt/ros/jazzy/opt/gz_common_vendor/lib:/opt/ros/jazzy/opt/gz_math_vendor/lib:/opt/ros/jazzy/opt/gz_utils_vendor/lib:/opt/ros/jazzy/opt/gz_tools_vendor/lib:/opt/ros/jazzy/opt/gz_ogre_next_vendor/lib:/opt/ros/jazzy/opt/gz_dartsim_vendor/lib:/opt/ros/jazzy/opt/gz_cmake_vendor/lib:/opt/ros/jazzy/lib PYTHONPATH=/home/ugv/Desktop/OperationTouchdown/ugv_ws/install/depthai_ros_msgs/lib/python3.12/site-packages:/home/ugv/Desktop/OperationTouchdown/ugv_ws/build/my_ugv_hardware:/home/ugv/Desktop/OperationTouchdown/ugv_ws/install/my_ugv_hardware/lib/python3.12/site-packages:/home/ugv/Desktop/OperationTouchdown/ugv_ws/build/my_ugv_vision:/home/ugv/Desktop/OperationTouchdown/ugv_ws/install/my_ugv_vision/lib/python3.12/site-packages:/home/ugv/Desktop/OperationTouchdown/ugv_ws/install/depthai_ros_driver/lib/python3.12/site-packages:/opt/ros/jazzy/lib/python3.12/site-packages /usr/bin/cmake --build /home/ugv/Desktop/OperationTouchdown/ugv_ws/build/depthai_bridge -- -j4 -l4
[6.965s] DEBUG:colcon.colcon_core.event_handler.log_command:Invoking command in '/home/ugv/Desktop/OperationTouchdown/ugv_ws/build/depthai_bridge': CMAKE_PREFIX_PATH=/home/ugv/Desktop/OperationTouchdown/ugv_ws/install/depthai_ros_msgs:/home/ugv/Desktop/OperationTouchdown/ugv_ws/install/my_ugv_description:/home/ugv/Desktop/OperationTouchdown/ugv_ws/install/my_ugv_bringup:/home/ugv/Desktop/OperationTouchdown/ugv_ws/install/rplidar_ros:/home/ugv/Desktop/OperationTouchdown/ugv_ws/install/roboteq_ros2_driver:/home/ugv/Desktop/OperationTouchdown/ugv_ws/install/dual_laser_merger:/home/ugv/Desktop/OperationTouchdown/ugv_ws/install/depthai-ros:/home/ugv/Desktop/OperationTouchdown/ugv_ws/install/depthai_ros_driver:/home/ugv/Desktop/OperationTouchdown/ugv_ws/install/depthai_filters:/home/ugv/Desktop/OperationTouchdown/ugv_ws/install/depthai_examples:/home/ugv/Desktop/OperationTouchdown/ugv_ws/install/depthai_bridge:/home/ugv/Desktop/OperationTouchdown/ugv_ws/install/depthai_descriptions:/opt/ros/jazzy/opt/gz_sim_vendor:/opt/ros/jazzy/opt/gz_sensors_vendor:/opt/ros/jazzy/opt/gz_physics_vendor:/opt/ros/jazzy/opt/sdformat_vendor:/opt/ros/jazzy/opt/gz_gui_vendor:/opt/ros/jazzy/opt/gz_transport_vendor:/opt/ros/jazzy/opt/gz_rendering_vendor:/opt/ros/jazzy/opt/gz_plugin_vendor:/opt/ros/jazzy/opt/gz_fuel_tools_vendor:/opt/ros/jazzy/opt/gz_msgs_vendor:/opt/ros/jazzy/opt/gz_common_vendor:/opt/ros/jazzy/opt/gz_math_vendor:/opt/ros/jazzy/opt/gz_utils_vendor:/opt/ros/jazzy/opt/gz_tools_vendor:/opt/ros/jazzy/opt/gz_ogre_next_vendor:/opt/ros/jazzy/opt/gz_dartsim_vendor:/opt/ros/jazzy/opt/gz_cmake_vendor:/home/ugv/Desktop/OperationTouchdown/ugv_ws/install/my_ugv_hardware:/home/ugv/Desktop/OperationTouchdown/ugv_ws/install/my_ugv_vision:/opt/ros/jazzy DEBUGINFOD_URLS=https://debuginfod.ubuntu.com LD_LIBRARY_PATH=/home/ugv/Desktop/OperationTouchdown/ugv_ws/install/depthai_ros_msgs/lib:/home/ugv/Desktop/OperationTouchdown/ugv_ws/install/dual_laser_merger/lib:/home/ugv/Desktop/OperationTouchdown/ugv_ws/install/depthai_ros_driver/lib:/home/ugv/Desktop/OperationTouchdown/ugv_ws/install/depthai_filters/lib:/home/ugv/Desktop/OperationTouchdown/ugv_ws/install/depthai_bridge/lib:/opt/ros/jazzy/opt/gz_sim_vendor/lib:/opt/ros/jazzy/opt/gz_sensors_vendor/lib:/opt/ros/jazzy/opt/gz_physics_vendor/lib:/opt/ros/jazzy/opt/sdformat_vendor/lib:/opt/ros/jazzy/opt/rviz_ogre_vendor/lib:/opt/ros/jazzy/lib/aarch64-linux-gnu:/opt/ros/jazzy/opt/gz_gui_vendor/lib:/opt/ros/jazzy/opt/gz_transport_vendor/lib:/opt/ros/jazzy/opt/gz_rendering_vendor/lib:/opt/ros/jazzy/opt/gz_plugin_vendor/lib:/opt/ros/jazzy/opt/gz_fuel_tools_vendor/lib:/opt/ros/jazzy/opt/gz_msgs_vendor/lib:/opt/ros/jazzy/opt/gz_common_vendor/lib:/opt/ros/jazzy/opt/gz_math_vendor/lib:/opt/ros/jazzy/opt/gz_utils_vendor/lib:/opt/ros/jazzy/opt/gz_tools_vendor/lib:/opt/ros/jazzy/opt/gz_ogre_next_vendor/lib:/opt/ros/jazzy/opt/gz_dartsim_vendor/lib:/opt/ros/jazzy/opt/gz_cmake_vendor/lib:/opt/ros/jazzy/lib PYTHONPATH=/home/ugv/Desktop/OperationTouchdown/ugv_ws/install/depthai_ros_msgs/lib/python3.12/site-packages:/home/ugv/Desktop/OperationTouchdown/ugv_ws/build/my_ugv_hardware:/home/ugv/Desktop/OperationTouchdown/ugv_ws/install/my_ugv_hardware/lib/python3.12/site-packages:/home/ugv/Desktop/OperationTouchdown/ugv_ws/build/my_ugv_vision:/home/ugv/Desktop/OperationTouchdown/ugv_ws/install/my_ugv_vision/lib/python3.12/site-packages:/home/ugv/Desktop/OperationTouchdown/ugv_ws/install/depthai_ros_driver/lib/python3.12/site-packages:/opt/ros/jazzy/lib/python3.12/site-packages /usr/bin/cmake --install /home/ugv/Desktop/OperationTouchdown/ugv_ws/build/depthai_bridge
[7.016s] Level 1:colcon.colcon_core.environment:create_environment_scripts_only(depthai_bridge)
[7.016s] Level 1:colcon.colcon_core.environment:checking '/home/ugv/Desktop/OperationTouchdown/ugv_ws/install/depthai_bridge' for CMake module files
[7.017s] DEBUG:colcon.colcon_core.event_handler.log_command:Invoked command in '/home/ugv/Desktop/OperationTouchdown/ugv_ws/build/depthai_bridge' returned '0': CMAKE_PREFIX_PATH=/home/ugv/Desktop/OperationTouchdown/ugv_ws/install/depthai_ros_msgs:/home/ugv/Desktop/OperationTouchdown/ugv_ws/install/my_ugv_description:/home/ugv/Desktop/OperationTouchdown/ugv_ws/install/my_ugv_bringup:/home/ugv/Desktop/OperationTouchdown/ugv_ws/install/rplidar_ros:/home/ugv/Desktop/OperationTouchdown/ugv_ws/install/roboteq_ros2_driver:/home/ugv/Desktop/OperationTouchdown/ugv_ws/install/dual_laser_merger:/home/ugv/Desktop/OperationTouchdown/ugv_ws/install/depthai-ros:/home/ugv/Desktop/OperationTouchdown/ugv_ws/install/depthai_ros_driver:/home/ugv/Desktop/OperationTouchdown/ugv_ws/install/depthai_filters:/home/ugv/Desktop/OperationTouchdown/ugv_ws/install/depthai_examples:/home/ugv/Desktop/OperationTouchdown/ugv_ws/install/depthai_bridge:/home/ugv/Desktop/OperationTouchdown/ugv_ws/install/depthai_descriptions:/opt/ros/jazzy/opt/gz_sim_vendor:/opt/ros/jazzy/opt/gz_sensors_vendor:/opt/ros/jazzy/opt/gz_physics_vendor:/opt/ros/jazzy/opt/sdformat_vendor:/opt/ros/jazzy/opt/gz_gui_vendor:/opt/ros/jazzy/opt/gz_transport_vendor:/opt/ros/jazzy/opt/gz_rendering_vendor:/opt/ros/jazzy/opt/gz_plugin_vendor:/opt/ros/jazzy/opt/gz_fuel_tools_vendor:/opt/ros/jazzy/opt/gz_msgs_vendor:/opt/ros/jazzy/opt/gz_common_vendor:/opt/ros/jazzy/opt/gz_math_vendor:/opt/ros/jazzy/opt/gz_utils_vendor:/opt/ros/jazzy/opt/gz_tools_vendor:/opt/ros/jazzy/opt/gz_ogre_next_vendor:/opt/ros/jazzy/opt/gz_dartsim_vendor:/opt/ros/jazzy/opt/gz_cmake_vendor:/home/ugv/Desktop/OperationTouchdown/ugv_ws/install/my_ugv_hardware:/home/ugv/Desktop/OperationTouchdown/ugv_ws/install/my_ugv_vision:/opt/ros/jazzy DEBUGINFOD_URLS=https://debuginfod.ubuntu.com LD_LIBRARY_PATH=/home/ugv/Desktop/OperationTouchdown/ugv_ws/install/depthai_ros_msgs/lib:/home/ugv/Desktop/OperationTouchdown/ugv_ws/install/dual_laser_merger/lib:/home/ugv/Desktop/OperationTouchdown/ugv_ws/install/depthai_ros_driver/lib:/home/ugv/Desktop/OperationTouchdown/ugv_ws/install/depthai_filters/lib:/home/ugv/Desktop/OperationTouchdown/ugv_ws/install/depthai_bridge/lib:/opt/ros/jazzy/opt/gz_sim_vendor/lib:/opt/ros/jazzy/opt/gz_sensors_vendor/lib:/opt/ros/jazzy/opt/gz_physics_vendor/lib:/opt/ros/jazzy/opt/sdformat_vendor/lib:/opt/ros/jazzy/opt/rviz_ogre_vendor/lib:/opt/ros/jazzy/lib/aarch64-linux-gnu:/opt/ros/jazzy/opt/gz_gui_vendor/lib:/opt/ros/jazzy/opt/gz_transport_vendor/lib:/opt/ros/jazzy/opt/gz_rendering_vendor/lib:/opt/ros/jazzy/opt/gz_plugin_vendor/lib:/opt/ros/jazzy/opt/gz_fuel_tools_vendor/lib:/opt/ros/jazzy/opt/gz_msgs_vendor/lib:/opt/ros/jazzy/opt/gz_common_vendor/lib:/opt/ros/jazzy/opt/gz_math_vendor/lib:/opt/ros/jazzy/opt/gz_utils_vendor/lib:/opt/ros/jazzy/opt/gz_tools_vendor/lib:/opt/ros/jazzy/opt/gz_ogre_next_vendor/lib:/opt/ros/jazzy/opt/gz_dartsim_vendor/lib:/opt/ros/jazzy/opt/gz_cmake_vendor/lib:/opt/ros/jazzy/lib PYTHONPATH=/home/ugv/Desktop/OperationTouchdown/ugv_ws/install/depthai_ros_msgs/lib/python3.12/site-packages:/home/ugv/Desktop/OperationTouchdown/ugv_ws/build/my_ugv_hardware:/home/ugv/Desktop/OperationTouchdown/ugv_ws/install/my_ugv_hardware/lib/python3.12/site-packages:/home/ugv/Desktop/OperationTouchdown/ugv_ws/build/my_ugv_vision:/home/ugv/Desktop/OperationTouchdown/ugv_ws/install/my_ugv_vision/lib/python3.12/site-packages:/home/ugv/Desktop/OperationTouchdown/ugv_ws/install/depthai_ros_driver/lib/python3.12/site-packages:/opt/ros/jazzy/lib/python3.12/site-packages /usr/bin/cmake --install /home/ugv/Desktop/OperationTouchdown/ugv_ws/build/depthai_bridge
[7.017s] Level 1:colcon.colcon_core.environment:checking '/home/ugv/Desktop/OperationTouchdown/ugv_ws/install/depthai_bridge' for CMake config files
[7.018s] Level 1:colcon.colcon_core.shell:create_environment_hook('depthai_bridge', 'cmake_prefix_path')
[7.018s] INFO:colcon.colcon_core.shell:Creating environment hook '/home/ugv/Desktop/OperationTouchdown/ugv_ws/install/depthai_bridge/share/depthai_bridge/hook/cmake_prefix_path.ps1'
[7.019s] INFO:colcon.colcon_core.shell:Creating environment descriptor '/home/ugv/Desktop/OperationTouchdown/ugv_ws/install/depthai_bridge/share/depthai_bridge/hook/cmake_prefix_path.dsv'
[7.019s] INFO:colcon.colcon_core.shell:Creating environment hook '/home/ugv/Desktop/OperationTouchdown/ugv_ws/install/depthai_bridge/share/depthai_bridge/hook/cmake_prefix_path.sh'
[7.020s] Level 1:colcon.colcon_core.environment:checking '/home/ugv/Desktop/OperationTouchdown/ugv_ws/install/depthai_bridge/lib'
[7.021s] Level 1:colcon.colcon_core.shell:create_environment_hook('depthai_bridge', 'ld_library_path_lib')
[7.021s] INFO:colcon.colcon_core.shell:Creating environment hook '/home/ugv/Desktop/OperationTouchdown/ugv_ws/install/depthai_bridge/share/depthai_bridge/hook/ld_library_path_lib.ps1'
[7.022s] INFO:colcon.colcon_core.shell:Creating environment descriptor '/home/ugv/Desktop/OperationTouchdown/ugv_ws/install/depthai_bridge/share/depthai_bridge/hook/ld_library_path_lib.dsv'
[7.022s] INFO:colcon.colcon_core.shell:Creating environment hook '/home/ugv/Desktop/OperationTouchdown/ugv_ws/install/depthai_bridge/share/depthai_bridge/hook/ld_library_path_lib.sh'
[7.023s] Level 1:colcon.colcon_core.environment:checking '/home/ugv/Desktop/OperationTouchdown/ugv_ws/install/depthai_bridge/bin'
[7.023s] Level 1:colcon.colcon_core.environment:checking '/home/ugv/Desktop/OperationTouchdown/ugv_ws/install/depthai_bridge/lib/pkgconfig/depthai_bridge.pc'
[7.023s] Level 1:colcon.colcon_core.environment:checking '/home/ugv/Desktop/OperationTouchdown/ugv_ws/install/depthai_bridge/lib/python3.12/site-packages'
[7.024s] Level 1:colcon.colcon_core.environment:checking '/home/ugv/Desktop/OperationTouchdown/ugv_ws/install/depthai_bridge/bin'
[7.024s] INFO:colcon.colcon_core.shell:Creating package script '/home/ugv/Desktop/OperationTouchdown/ugv_ws/install/depthai_bridge/share/depthai_bridge/package.ps1'
[7.025s] INFO:colcon.colcon_core.shell:Creating package descriptor '/home/ugv/Desktop/OperationTouchdown/ugv_ws/install/depthai_bridge/share/depthai_bridge/package.dsv'
[7.026s] INFO:colcon.colcon_core.shell:Creating package script '/home/ugv/Desktop/OperationTouchdown/ugv_ws/install/depthai_bridge/share/depthai_bridge/package.sh'
[7.026s] INFO:colcon.colcon_core.shell:Creating package script '/home/ugv/Desktop/OperationTouchdown/ugv_ws/install/depthai_bridge/share/depthai_bridge/package.bash'
[7.027s] INFO:colcon.colcon_core.shell:Creating package script '/home/ugv/Desktop/OperationTouchdown/ugv_ws/install/depthai_bridge/share/depthai_bridge/package.zsh'
[7.028s] Level 1:colcon.colcon_core.environment:create_file_with_runtime_dependencies(/home/ugv/Desktop/OperationTouchdown/ugv_ws/install/depthai_bridge/share/colcon-core/packages/depthai_bridge)
[7.029s] Level 1:colcon.colcon_core.environment:create_environment_scripts_only(depthai_bridge)
[7.029s] Level 1:colcon.colcon_core.environment:checking '/home/ugv/Desktop/OperationTouchdown/ugv_ws/install/depthai_bridge' for CMake module files
[7.030s] Level 1:colcon.colcon_core.environment:checking '/home/ugv/Desktop/OperationTouchdown/ugv_ws/install/depthai_bridge' for CMake config files
[7.030s] Level 1:colcon.colcon_core.shell:create_environment_hook('depthai_bridge', 'cmake_prefix_path')
[7.030s] INFO:colcon.colcon_core.shell:Creating environment hook '/home/ugv/Desktop/OperationTouchdown/ugv_ws/install/depthai_bridge/share/depthai_bridge/hook/cmake_prefix_path.ps1'
[7.031s] INFO:colcon.colcon_core.shell:Creating environment descriptor '/home/ugv/Desktop/OperationTouchdown/ugv_ws/install/depthai_bridge/share/depthai_bridge/hook/cmake_prefix_path.dsv'
[7.031s] INFO:colcon.colcon_core.shell:Creating environment hook '/home/ugv/Desktop/OperationTouchdown/ugv_ws/install/depthai_bridge/share/depthai_bridge/hook/cmake_prefix_path.sh'
[7.032s] Level 1:colcon.colcon_core.environment:checking '/home/ugv/Desktop/OperationTouchdown/ugv_ws/install/depthai_bridge/lib'
[7.033s] Level 1:colcon.colcon_core.shell:create_environment_hook('depthai_bridge', 'ld_library_path_lib')
[7.033s] INFO:colcon.colcon_core.shell:Creating environment hook '/home/ugv/Desktop/OperationTouchdown/ugv_ws/install/depthai_bridge/share/depthai_bridge/hook/ld_library_path_lib.ps1'
[7.033s] INFO:colcon.colcon_core.shell:Creating environment descriptor '/home/ugv/Desktop/OperationTouchdown/ugv_ws/install/depthai_bridge/share/depthai_bridge/hook/ld_library_path_lib.dsv'
[7.034s] INFO:colcon.colcon_core.shell:Creating environment hook '/home/ugv/Desktop/OperationTouchdown/ugv_ws/install/depthai_bridge/share/depthai_bridge/hook/ld_library_path_lib.sh'
[7.034s] Level 1:colcon.colcon_core.environment:checking '/home/ugv/Desktop/OperationTouchdown/ugv_ws/install/depthai_bridge/bin'
[7.035s] Level 1:colcon.colcon_core.environment:checking '/home/ugv/Desktop/OperationTouchdown/ugv_ws/install/depthai_bridge/lib/pkgconfig/depthai_bridge.pc'
[7.035s] Level 1:colcon.colcon_core.environment:checking '/home/ugv/Desktop/OperationTouchdown/ugv_ws/install/depthai_bridge/lib/python3.12/site-packages'
[7.035s] Level 1:colcon.colcon_core.environment:checking '/home/ugv/Desktop/OperationTouchdown/ugv_ws/install/depthai_bridge/bin'
[7.036s] INFO:colcon.colcon_core.shell:Creating package script '/home/ugv/Desktop/OperationTouchdown/ugv_ws/install/depthai_bridge/share/depthai_bridge/package.ps1'
[7.037s] INFO:colcon.colcon_core.shell:Creating package descriptor '/home/ugv/Desktop/OperationTouchdown/ugv_ws/install/depthai_bridge/share/depthai_bridge/package.dsv'
[7.037s] INFO:colcon.colcon_core.shell:Creating package script '/home/ugv/Desktop/OperationTouchdown/ugv_ws/install/depthai_bridge/share/depthai_bridge/package.sh'
[7.038s] INFO:colcon.colcon_core.shell:Creating package script '/home/ugv/Desktop/OperationTouchdown/ugv_ws/install/depthai_bridge/share/depthai_bridge/package.bash'
[7.039s] INFO:colcon.colcon_core.shell:Creating package script '/home/ugv/Desktop/OperationTouchdown/ugv_ws/install/depthai_bridge/share/depthai_bridge/package.zsh'
[7.039s] Level 1:colcon.colcon_core.environment:create_file_with_runtime_dependencies(/home/ugv/Desktop/OperationTouchdown/ugv_ws/install/depthai_bridge/share/colcon-core/packages/depthai_bridge)
[7.040s] INFO:colcon.colcon_ros.task.ament_cmake.build:Building ROS package in '/home/ugv/Desktop/OperationTouchdown/ugv_ws/src/depthai-ros/depthai_examples' with build type 'ament_cmake'
[7.041s] INFO:colcon.colcon_cmake.task.cmake.build:Building CMake package in '/home/ugv/Desktop/OperationTouchdown/ugv_ws/src/depthai-ros/depthai_examples'
[7.041s] INFO:colcon.colcon_core.shell:Skip shell extension 'powershell' for command environment: Not usable outside of PowerShell
[7.041s] DEBUG:colcon.colcon_core.shell:Skip shell extension 'dsv' for command environment
[7.065s] DEBUG:colcon.colcon_core.event_handler.log_command:Invoking command in '/home/ugv/Desktop/OperationTouchdown/ugv_ws/build/depthai_examples': CMAKE_PREFIX_PATH=/home/ugv/Desktop/OperationTouchdown/ugv_ws/install/depthai_bridge:/home/ugv/Desktop/OperationTouchdown/ugv_ws/install/depthai_ros_msgs:/home/ugv/Desktop/OperationTouchdown/ugv_ws/install/depthai_descriptions:/home/ugv/Desktop/OperationTouchdown/ugv_ws/install/my_ugv_description:/home/ugv/Desktop/OperationTouchdown/ugv_ws/install/my_ugv_bringup:/home/ugv/Desktop/OperationTouchdown/ugv_ws/install/rplidar_ros:/home/ugv/Desktop/OperationTouchdown/ugv_ws/install/roboteq_ros2_driver:/home/ugv/Desktop/OperationTouchdown/ugv_ws/install/dual_laser_merger:/home/ugv/Desktop/OperationTouchdown/ugv_ws/install/depthai-ros:/home/ugv/Desktop/OperationTouchdown/ugv_ws/install/depthai_ros_driver:/home/ugv/Desktop/OperationTouchdown/ugv_ws/install/depthai_filters:/home/ugv/Desktop/OperationTouchdown/ugv_ws/install/depthai_examples:/opt/ros/jazzy/opt/gz_sim_vendor:/opt/ros/jazzy/opt/gz_sensors_vendor:/opt/ros/jazzy/opt/gz_physics_vendor:/opt/ros/jazzy/opt/sdformat_vendor:/opt/ros/jazzy/opt/gz_gui_vendor:/opt/ros/jazzy/opt/gz_transport_vendor:/opt/ros/jazzy/opt/gz_rendering_vendor:/opt/ros/jazzy/opt/gz_plugin_vendor:/opt/ros/jazzy/opt/gz_fuel_tools_vendor:/opt/ros/jazzy/opt/gz_msgs_vendor:/opt/ros/jazzy/opt/gz_common_vendor:/opt/ros/jazzy/opt/gz_math_vendor:/opt/ros/jazzy/opt/gz_utils_vendor:/opt/ros/jazzy/opt/gz_tools_vendor:/opt/ros/jazzy/opt/gz_ogre_next_vendor:/opt/ros/jazzy/opt/gz_dartsim_vendor:/opt/ros/jazzy/opt/gz_cmake_vendor:/home/ugv/Desktop/OperationTouchdown/ugv_ws/install/my_ugv_hardware:/home/ugv/Desktop/OperationTouchdown/ugv_ws/install/my_ugv_vision:/opt/ros/jazzy DEBUGINFOD_URLS=https://debuginfod.ubuntu.com GAZEBO_MODEL_PATH=/home/ugv/Desktop/OperationTouchdown/ugv_ws/install/depthai_descriptions:${GAZEBO_MODEL_PATH} GAZEBO_RESOURCE_PATH=/home/ugv/Desktop/OperationTouchdown/ugv_ws/install/depthai_descriptions:${GAZEBO_RESOURCE_PATH} IGN_GAZEBO_MODEL_PATH=/home/ugv/Desktop/OperationTouchdown/ugv_ws/install/depthai_descriptions:${IGN_GAZEBO_MODEL_PATH} IGN_GAZEBO_RESOURCE_PATH=/home/ugv/Desktop/OperationTouchdown/ugv_ws/install/depthai_descriptions:${IGN_GAZEBO_RESOURCE_PATH} LD_LIBRARY_PATH=/home/ugv/Desktop/OperationTouchdown/ugv_ws/install/depthai_bridge/lib:/home/ugv/Desktop/OperationTouchdown/ugv_ws/install/depthai_ros_msgs/lib:/home/ugv/Desktop/OperationTouchdown/ugv_ws/install/dual_laser_merger/lib:/home/ugv/Desktop/OperationTouchdown/ugv_ws/install/depthai_ros_driver/lib:/home/ugv/Desktop/OperationTouchdown/ugv_ws/install/depthai_filters/lib:/opt/ros/jazzy/opt/gz_sim_vendor/lib:/opt/ros/jazzy/opt/gz_sensors_vendor/lib:/opt/ros/jazzy/opt/gz_physics_vendor/lib:/opt/ros/jazzy/opt/sdformat_vendor/lib:/opt/ros/jazzy/opt/rviz_ogre_vendor/lib:/opt/ros/jazzy/lib/aarch64-linux-gnu:/opt/ros/jazzy/opt/gz_gui_vendor/lib:/opt/ros/jazzy/opt/gz_transport_vendor/lib:/opt/ros/jazzy/opt/gz_rendering_vendor/lib:/opt/ros/jazzy/opt/gz_plugin_vendor/lib:/opt/ros/jazzy/opt/gz_fuel_tools_vendor/lib:/opt/ros/jazzy/opt/gz_msgs_vendor/lib:/opt/ros/jazzy/opt/gz_common_vendor/lib:/opt/ros/jazzy/opt/gz_math_vendor/lib:/opt/ros/jazzy/opt/gz_utils_vendor/lib:/opt/ros/jazzy/opt/gz_tools_vendor/lib:/opt/ros/jazzy/opt/gz_ogre_next_vendor/lib:/opt/ros/jazzy/opt/gz_dartsim_vendor/lib:/opt/ros/jazzy/opt/gz_cmake_vendor/lib:/opt/ros/jazzy/lib PYTHONPATH=/home/ugv/Desktop/OperationTouchdown/ugv_ws/install/depthai_ros_msgs/lib/python3.12/site-packages:/home/ugv/Desktop/OperationTouchdown/ugv_ws/build/my_ugv_hardware:/home/ugv/Desktop/OperationTouchdown/ugv_ws/install/my_ugv_hardware/lib/python3.12/site-packages:/home/ugv/Desktop/OperationTouchdown/ugv_ws/build/my_ugv_vision:/home/ugv/Desktop/OperationTouchdown/ugv_ws/install/my_ugv_vision/lib/python3.12/site-packages:/home/ugv/Desktop/OperationTouchdown/ugv_ws/install/depthai_ros_driver/lib/python3.12/site-packages:/opt/ros/jazzy/lib/python3.12/site-packages /usr/bin/cmake /home/ugv/Desktop/OperationTouchdown/ugv_ws/src/depthai-ros/depthai_examples -DAMENT_CMAKE_SYMLINK_INSTALL=1 -DCMAKE_INSTALL_PREFIX=/home/ugv/Desktop/OperationTouchdown/ugv_ws/install/depthai_examples
[8.743s] DEBUG:colcon.colcon_core.event_handler.log_command:Invoked command in '/home/ugv/Desktop/OperationTouchdown/ugv_ws/build/depthai_examples' returned '0': CMAKE_PREFIX_PATH=/home/ugv/Desktop/OperationTouchdown/ugv_ws/install/depthai_bridge:/home/ugv/Desktop/OperationTouchdown/ugv_ws/install/depthai_ros_msgs:/home/ugv/Desktop/OperationTouchdown/ugv_ws/install/depthai_descriptions:/home/ugv/Desktop/OperationTouchdown/ugv_ws/install/my_ugv_description:/home/ugv/Desktop/OperationTouchdown/ugv_ws/install/my_ugv_bringup:/home/ugv/Desktop/OperationTouchdown/ugv_ws/install/rplidar_ros:/home/ugv/Desktop/OperationTouchdown/ugv_ws/install/roboteq_ros2_driver:/home/ugv/Desktop/OperationTouchdown/ugv_ws/install/dual_laser_merger:/home/ugv/Desktop/OperationTouchdown/ugv_ws/install/depthai-ros:/home/ugv/Desktop/OperationTouchdown/ugv_ws/install/depthai_ros_driver:/home/ugv/Desktop/OperationTouchdown/ugv_ws/install/depthai_filters:/home/ugv/Desktop/OperationTouchdown/ugv_ws/install/depthai_examples:/opt/ros/jazzy/opt/gz_sim_vendor:/opt/ros/jazzy/opt/gz_sensors_vendor:/opt/ros/jazzy/opt/gz_physics_vendor:/opt/ros/jazzy/opt/sdformat_vendor:/opt/ros/jazzy/opt/gz_gui_vendor:/opt/ros/jazzy/opt/gz_transport_vendor:/opt/ros/jazzy/opt/gz_rendering_vendor:/opt/ros/jazzy/opt/gz_plugin_vendor:/opt/ros/jazzy/opt/gz_fuel_tools_vendor:/opt/ros/jazzy/opt/gz_msgs_vendor:/opt/ros/jazzy/opt/gz_common_vendor:/opt/ros/jazzy/opt/gz_math_vendor:/opt/ros/jazzy/opt/gz_utils_vendor:/opt/ros/jazzy/opt/gz_tools_vendor:/opt/ros/jazzy/opt/gz_ogre_next_vendor:/opt/ros/jazzy/opt/gz_dartsim_vendor:/opt/ros/jazzy/opt/gz_cmake_vendor:/home/ugv/Desktop/OperationTouchdown/ugv_ws/install/my_ugv_hardware:/home/ugv/Desktop/OperationTouchdown/ugv_ws/install/my_ugv_vision:/opt/ros/jazzy DEBUGINFOD_URLS=https://debuginfod.ubuntu.com GAZEBO_MODEL_PATH=/home/ugv/Desktop/OperationTouchdown/ugv_ws/install/depthai_descriptions:${GAZEBO_MODEL_PATH} GAZEBO_RESOURCE_PATH=/home/ugv/Desktop/OperationTouchdown/ugv_ws/install/depthai_descriptions:${GAZEBO_RESOURCE_PATH} IGN_GAZEBO_MODEL_PATH=/home/ugv/Desktop/OperationTouchdown/ugv_ws/install/depthai_descriptions:${IGN_GAZEBO_MODEL_PATH} IGN_GAZEBO_RESOURCE_PATH=/home/ugv/Desktop/OperationTouchdown/ugv_ws/install/depthai_descriptions:${IGN_GAZEBO_RESOURCE_PATH} LD_LIBRARY_PATH=/home/ugv/Desktop/OperationTouchdown/ugv_ws/install/depthai_bridge/lib:/home/ugv/Desktop/OperationTouchdown/ugv_ws/install/depthai_ros_msgs/lib:/home/ugv/Desktop/OperationTouchdown/ugv_ws/install/dual_laser_merger/lib:/home/ugv/Desktop/OperationTouchdown/ugv_ws/install/depthai_ros_driver/lib:/home/ugv/Desktop/OperationTouchdown/ugv_ws/install/depthai_filters/lib:/opt/ros/jazzy/opt/gz_sim_vendor/lib:/opt/ros/jazzy/opt/gz_sensors_vendor/lib:/opt/ros/jazzy/opt/gz_physics_vendor/lib:/opt/ros/jazzy/opt/sdformat_vendor/lib:/opt/ros/jazzy/opt/rviz_ogre_vendor/lib:/opt/ros/jazzy/lib/aarch64-linux-gnu:/opt/ros/jazzy/opt/gz_gui_vendor/lib:/opt/ros/jazzy/opt/gz_transport_vendor/lib:/opt/ros/jazzy/opt/gz_rendering_vendor/lib:/opt/ros/jazzy/opt/gz_plugin_vendor/lib:/opt/ros/jazzy/opt/gz_fuel_tools_vendor/lib:/opt/ros/jazzy/opt/gz_msgs_vendor/lib:/opt/ros/jazzy/opt/gz_common_vendor/lib:/opt/ros/jazzy/opt/gz_math_vendor/lib:/opt/ros/jazzy/opt/gz_utils_vendor/lib:/opt/ros/jazzy/opt/gz_tools_vendor/lib:/opt/ros/jazzy/opt/gz_ogre_next_vendor/lib:/opt/ros/jazzy/opt/gz_dartsim_vendor/lib:/opt/ros/jazzy/opt/gz_cmake_vendor/lib:/opt/ros/jazzy/lib PYTHONPATH=/home/ugv/Desktop/OperationTouchdown/ugv_ws/install/depthai_ros_msgs/lib/python3.12/site-packages:/home/ugv/Desktop/OperationTouchdown/ugv_ws/build/my_ugv_hardware:/home/ugv/Desktop/OperationTouchdown/ugv_ws/install/my_ugv_hardware/lib/python3.12/site-packages:/home/ugv/Desktop/OperationTouchdown/ugv_ws/build/my_ugv_vision:/home/ugv/Desktop/OperationTouchdown/ugv_ws/install/my_ugv_vision/lib/python3.12/site-packages:/home/ugv/Desktop/OperationTouchdown/ugv_ws/install/depthai_ros_driver/lib/python3.12/site-packages:/opt/ros/jazzy/lib/python3.12/site-packages /usr/bin/cmake /home/ugv/Desktop/OperationTouchdown/ugv_ws/src/depthai-ros/depthai_examples -DAMENT_CMAKE_SYMLINK_INSTALL=1 -DCMAKE_INSTALL_PREFIX=/home/ugv/Desktop/OperationTouchdown/ugv_ws/install/depthai_examples
[8.745s] DEBUG:colcon.colcon_core.event_handler.log_command:Invoking command in '/home/ugv/Desktop/OperationTouchdown/ugv_ws/build/depthai_examples': CMAKE_PREFIX_PATH=/home/ugv/Desktop/OperationTouchdown/ugv_ws/install/depthai_bridge:/home/ugv/Desktop/OperationTouchdown/ugv_ws/install/depthai_ros_msgs:/home/ugv/Desktop/OperationTouchdown/ugv_ws/install/depthai_descriptions:/home/ugv/Desktop/OperationTouchdown/ugv_ws/install/my_ugv_description:/home/ugv/Desktop/OperationTouchdown/ugv_ws/install/my_ugv_bringup:/home/ugv/Desktop/OperationTouchdown/ugv_ws/install/rplidar_ros:/home/ugv/Desktop/OperationTouchdown/ugv_ws/install/roboteq_ros2_driver:/home/ugv/Desktop/OperationTouchdown/ugv_ws/install/dual_laser_merger:/home/ugv/Desktop/OperationTouchdown/ugv_ws/install/depthai-ros:/home/ugv/Desktop/OperationTouchdown/ugv_ws/install/depthai_ros_driver:/home/ugv/Desktop/OperationTouchdown/ugv_ws/install/depthai_filters:/home/ugv/Desktop/OperationTouchdown/ugv_ws/install/depthai_examples:/opt/ros/jazzy/opt/gz_sim_vendor:/opt/ros/jazzy/opt/gz_sensors_vendor:/opt/ros/jazzy/opt/gz_physics_vendor:/opt/ros/jazzy/opt/sdformat_vendor:/opt/ros/jazzy/opt/gz_gui_vendor:/opt/ros/jazzy/opt/gz_transport_vendor:/opt/ros/jazzy/opt/gz_rendering_vendor:/opt/ros/jazzy/opt/gz_plugin_vendor:/opt/ros/jazzy/opt/gz_fuel_tools_vendor:/opt/ros/jazzy/opt/gz_msgs_vendor:/opt/ros/jazzy/opt/gz_common_vendor:/opt/ros/jazzy/opt/gz_math_vendor:/opt/ros/jazzy/opt/gz_utils_vendor:/opt/ros/jazzy/opt/gz_tools_vendor:/opt/ros/jazzy/opt/gz_ogre_next_vendor:/opt/ros/jazzy/opt/gz_dartsim_vendor:/opt/ros/jazzy/opt/gz_cmake_vendor:/home/ugv/Desktop/OperationTouchdown/ugv_ws/install/my_ugv_hardware:/home/ugv/Desktop/OperationTouchdown/ugv_ws/install/my_ugv_vision:/opt/ros/jazzy DEBUGINFOD_URLS=https://debuginfod.ubuntu.com GAZEBO_MODEL_PATH=/home/ugv/Desktop/OperationTouchdown/ugv_ws/install/depthai_descriptions:${GAZEBO_MODEL_PATH} GAZEBO_RESOURCE_PATH=/home/ugv/Desktop/OperationTouchdown/ugv_ws/install/depthai_descriptions:${GAZEBO_RESOURCE_PATH} IGN_GAZEBO_MODEL_PATH=/home/ugv/Desktop/OperationTouchdown/ugv_ws/install/depthai_descriptions:${IGN_GAZEBO_MODEL_PATH} IGN_GAZEBO_RESOURCE_PATH=/home/ugv/Desktop/OperationTouchdown/ugv_ws/install/depthai_descriptions:${IGN_GAZEBO_RESOURCE_PATH} LD_LIBRARY_PATH=/home/ugv/Desktop/OperationTouchdown/ugv_ws/install/depthai_bridge/lib:/home/ugv/Desktop/OperationTouchdown/ugv_ws/install/depthai_ros_msgs/lib:/home/ugv/Desktop/OperationTouchdown/ugv_ws/install/dual_laser_merger/lib:/home/ugv/Desktop/OperationTouchdown/ugv_ws/install/depthai_ros_driver/lib:/home/ugv/Desktop/OperationTouchdown/ugv_ws/install/depthai_filters/lib:/opt/ros/jazzy/opt/gz_sim_vendor/lib:/opt/ros/jazzy/opt/gz_sensors_vendor/lib:/opt/ros/jazzy/opt/gz_physics_vendor/lib:/opt/ros/jazzy/opt/sdformat_vendor/lib:/opt/ros/jazzy/opt/rviz_ogre_vendor/lib:/opt/ros/jazzy/lib/aarch64-linux-gnu:/opt/ros/jazzy/opt/gz_gui_vendor/lib:/opt/ros/jazzy/opt/gz_transport_vendor/lib:/opt/ros/jazzy/opt/gz_rendering_vendor/lib:/opt/ros/jazzy/opt/gz_plugin_vendor/lib:/opt/ros/jazzy/opt/gz_fuel_tools_vendor/lib:/opt/ros/jazzy/opt/gz_msgs_vendor/lib:/opt/ros/jazzy/opt/gz_common_vendor/lib:/opt/ros/jazzy/opt/gz_math_vendor/lib:/opt/ros/jazzy/opt/gz_utils_vendor/lib:/opt/ros/jazzy/opt/gz_tools_vendor/lib:/opt/ros/jazzy/opt/gz_ogre_next_vendor/lib:/opt/ros/jazzy/opt/gz_dartsim_vendor/lib:/opt/ros/jazzy/opt/gz_cmake_vendor/lib:/opt/ros/jazzy/lib PYTHONPATH=/home/ugv/Desktop/OperationTouchdown/ugv_ws/install/depthai_ros_msgs/lib/python3.12/site-packages:/home/ugv/Desktop/OperationTouchdown/ugv_ws/build/my_ugv_hardware:/home/ugv/Desktop/OperationTouchdown/ugv_ws/install/my_ugv_hardware/lib/python3.12/site-packages:/home/ugv/Desktop/OperationTouchdown/ugv_ws/build/my_ugv_vision:/home/ugv/Desktop/OperationTouchdown/ugv_ws/install/my_ugv_vision/lib/python3.12/site-packages:/home/ugv/Desktop/OperationTouchdown/ugv_ws/install/depthai_ros_driver/lib/python3.12/site-packages:/opt/ros/jazzy/lib/python3.12/site-packages /usr/bin/cmake --build /home/ugv/Desktop/OperationTouchdown/ugv_ws/build/depthai_examples -- -j4 -l4
[9.067s] DEBUG:colcon.colcon_core.event_handler.log_command:Invoked command in '/home/ugv/Desktop/OperationTouchdown/ugv_ws/build/depthai_examples' returned '0': CMAKE_PREFIX_PATH=/home/ugv/Desktop/OperationTouchdown/ugv_ws/install/depthai_bridge:/home/ugv/Desktop/OperationTouchdown/ugv_ws/install/depthai_ros_msgs:/home/ugv/Desktop/OperationTouchdown/ugv_ws/install/depthai_descriptions:/home/ugv/Desktop/OperationTouchdown/ugv_ws/install/my_ugv_description:/home/ugv/Desktop/OperationTouchdown/ugv_ws/install/my_ugv_bringup:/home/ugv/Desktop/OperationTouchdown/ugv_ws/install/rplidar_ros:/home/ugv/Desktop/OperationTouchdown/ugv_ws/install/roboteq_ros2_driver:/home/ugv/Desktop/OperationTouchdown/ugv_ws/install/dual_laser_merger:/home/ugv/Desktop/OperationTouchdown/ugv_ws/install/depthai-ros:/home/ugv/Desktop/OperationTouchdown/ugv_ws/install/depthai_ros_driver:/home/ugv/Desktop/OperationTouchdown/ugv_ws/install/depthai_filters:/home/ugv/Desktop/OperationTouchdown/ugv_ws/install/depthai_examples:/opt/ros/jazzy/opt/gz_sim_vendor:/opt/ros/jazzy/opt/gz_sensors_vendor:/opt/ros/jazzy/opt/gz_physics_vendor:/opt/ros/jazzy/opt/sdformat_vendor:/opt/ros/jazzy/opt/gz_gui_vendor:/opt/ros/jazzy/opt/gz_transport_vendor:/opt/ros/jazzy/opt/gz_rendering_vendor:/opt/ros/jazzy/opt/gz_plugin_vendor:/opt/ros/jazzy/opt/gz_fuel_tools_vendor:/opt/ros/jazzy/opt/gz_msgs_vendor:/opt/ros/jazzy/opt/gz_common_vendor:/opt/ros/jazzy/opt/gz_math_vendor:/opt/ros/jazzy/opt/gz_utils_vendor:/opt/ros/jazzy/opt/gz_tools_vendor:/opt/ros/jazzy/opt/gz_ogre_next_vendor:/opt/ros/jazzy/opt/gz_dartsim_vendor:/opt/ros/jazzy/opt/gz_cmake_vendor:/home/ugv/Desktop/OperationTouchdown/ugv_ws/install/my_ugv_hardware:/home/ugv/Desktop/OperationTouchdown/ugv_ws/install/my_ugv_vision:/opt/ros/jazzy DEBUGINFOD_URLS=https://debuginfod.ubuntu.com GAZEBO_MODEL_PATH=/home/ugv/Desktop/OperationTouchdown/ugv_ws/install/depthai_descriptions:${GAZEBO_MODEL_PATH} GAZEBO_RESOURCE_PATH=/home/ugv/Desktop/OperationTouchdown/ugv_ws/install/depthai_descriptions:${GAZEBO_RESOURCE_PATH} IGN_GAZEBO_MODEL_PATH=/home/ugv/Desktop/OperationTouchdown/ugv_ws/install/depthai_descriptions:${IGN_GAZEBO_MODEL_PATH} IGN_GAZEBO_RESOURCE_PATH=/home/ugv/Desktop/OperationTouchdown/ugv_ws/install/depthai_descriptions:${IGN_GAZEBO_RESOURCE_PATH} LD_LIBRARY_PATH=/home/ugv/Desktop/OperationTouchdown/ugv_ws/install/depthai_bridge/lib:/home/ugv/Desktop/OperationTouchdown/ugv_ws/install/depthai_ros_msgs/lib:/home/ugv/Desktop/OperationTouchdown/ugv_ws/install/dual_laser_merger/lib:/home/ugv/Desktop/OperationTouchdown/ugv_ws/install/depthai_ros_driver/lib:/home/ugv/Desktop/OperationTouchdown/ugv_ws/install/depthai_filters/lib:/opt/ros/jazzy/opt/gz_sim_vendor/lib:/opt/ros/jazzy/opt/gz_sensors_vendor/lib:/opt/ros/jazzy/opt/gz_physics_vendor/lib:/opt/ros/jazzy/opt/sdformat_vendor/lib:/opt/ros/jazzy/opt/rviz_ogre_vendor/lib:/opt/ros/jazzy/lib/aarch64-linux-gnu:/opt/ros/jazzy/opt/gz_gui_vendor/lib:/opt/ros/jazzy/opt/gz_transport_vendor/lib:/opt/ros/jazzy/opt/gz_rendering_vendor/lib:/opt/ros/jazzy/opt/gz_plugin_vendor/lib:/opt/ros/jazzy/opt/gz_fuel_tools_vendor/lib:/opt/ros/jazzy/opt/gz_msgs_vendor/lib:/opt/ros/jazzy/opt/gz_common_vendor/lib:/opt/ros/jazzy/opt/gz_math_vendor/lib:/opt/ros/jazzy/opt/gz_utils_vendor/lib:/opt/ros/jazzy/opt/gz_tools_vendor/lib:/opt/ros/jazzy/opt/gz_ogre_next_vendor/lib:/opt/ros/jazzy/opt/gz_dartsim_vendor/lib:/opt/ros/jazzy/opt/gz_cmake_vendor/lib:/opt/ros/jazzy/lib PYTHONPATH=/home/ugv/Desktop/OperationTouchdown/ugv_ws/install/depthai_ros_msgs/lib/python3.12/site-packages:/home/ugv/Desktop/OperationTouchdown/ugv_ws/build/my_ugv_hardware:/home/ugv/Desktop/OperationTouchdown/ugv_ws/install/my_ugv_hardware/lib/python3.12/site-packages:/home/ugv/Desktop/OperationTouchdown/ugv_ws/build/my_ugv_vision:/home/ugv/Desktop/OperationTouchdown/ugv_ws/install/my_ugv_vision/lib/python3.12/site-packages:/home/ugv/Desktop/OperationTouchdown/ugv_ws/install/depthai_ros_driver/lib/python3.12/site-packages:/opt/ros/jazzy/lib/python3.12/site-packages /usr/bin/cmake --build /home/ugv/Desktop/OperationTouchdown/ugv_ws/build/depthai_examples -- -j4 -l4
[9.069s] DEBUG:colcon.colcon_core.event_handler.log_command:Invoking command in '/home/ugv/Desktop/OperationTouchdown/ugv_ws/build/depthai_examples': CMAKE_PREFIX_PATH=/home/ugv/Desktop/OperationTouchdown/ugv_ws/install/depthai_bridge:/home/ugv/Desktop/OperationTouchdown/ugv_ws/install/depthai_ros_msgs:/home/ugv/Desktop/OperationTouchdown/ugv_ws/install/depthai_descriptions:/home/ugv/Desktop/OperationTouchdown/ugv_ws/install/my_ugv_description:/home/ugv/Desktop/OperationTouchdown/ugv_ws/install/my_ugv_bringup:/home/ugv/Desktop/OperationTouchdown/ugv_ws/install/rplidar_ros:/home/ugv/Desktop/OperationTouchdown/ugv_ws/install/roboteq_ros2_driver:/home/ugv/Desktop/OperationTouchdown/ugv_ws/install/dual_laser_merger:/home/ugv/Desktop/OperationTouchdown/ugv_ws/install/depthai-ros:/home/ugv/Desktop/OperationTouchdown/ugv_ws/install/depthai_ros_driver:/home/ugv/Desktop/OperationTouchdown/ugv_ws/install/depthai_filters:/home/ugv/Desktop/OperationTouchdown/ugv_ws/install/depthai_examples:/opt/ros/jazzy/opt/gz_sim_vendor:/opt/ros/jazzy/opt/gz_sensors_vendor:/opt/ros/jazzy/opt/gz_physics_vendor:/opt/ros/jazzy/opt/sdformat_vendor:/opt/ros/jazzy/opt/gz_gui_vendor:/opt/ros/jazzy/opt/gz_transport_vendor:/opt/ros/jazzy/opt/gz_rendering_vendor:/opt/ros/jazzy/opt/gz_plugin_vendor:/opt/ros/jazzy/opt/gz_fuel_tools_vendor:/opt/ros/jazzy/opt/gz_msgs_vendor:/opt/ros/jazzy/opt/gz_common_vendor:/opt/ros/jazzy/opt/gz_math_vendor:/opt/ros/jazzy/opt/gz_utils_vendor:/opt/ros/jazzy/opt/gz_tools_vendor:/opt/ros/jazzy/opt/gz_ogre_next_vendor:/opt/ros/jazzy/opt/gz_dartsim_vendor:/opt/ros/jazzy/opt/gz_cmake_vendor:/home/ugv/Desktop/OperationTouchdown/ugv_ws/install/my_ugv_hardware:/home/ugv/Desktop/OperationTouchdown/ugv_ws/install/my_ugv_vision:/opt/ros/jazzy DEBUGINFOD_URLS=https://debuginfod.ubuntu.com GAZEBO_MODEL_PATH=/home/ugv/Desktop/OperationTouchdown/ugv_ws/install/depthai_descriptions:${GAZEBO_MODEL_PATH} GAZEBO_RESOURCE_PATH=/home/ugv/Desktop/OperationTouchdown/ugv_ws/install/depthai_descriptions:${GAZEBO_RESOURCE_PATH} IGN_GAZEBO_MODEL_PATH=/home/ugv/Desktop/OperationTouchdown/ugv_ws/install/depthai_descriptions:${IGN_GAZEBO_MODEL_PATH} IGN_GAZEBO_RESOURCE_PATH=/home/ugv/Desktop/OperationTouchdown/ugv_ws/install/depthai_descriptions:${IGN_GAZEBO_RESOURCE_PATH} LD_LIBRARY_PATH=/home/ugv/Desktop/OperationTouchdown/ugv_ws/install/depthai_bridge/lib:/home/ugv/Desktop/OperationTouchdown/ugv_ws/install/depthai_ros_msgs/lib:/home/ugv/Desktop/OperationTouchdown/ugv_ws/install/dual_laser_merger/lib:/home/ugv/Desktop/OperationTouchdown/ugv_ws/install/depthai_ros_driver/lib:/home/ugv/Desktop/OperationTouchdown/ugv_ws/install/depthai_filters/lib:/opt/ros/jazzy/opt/gz_sim_vendor/lib:/opt/ros/jazzy/opt/gz_sensors_vendor/lib:/opt/ros/jazzy/opt/gz_physics_vendor/lib:/opt/ros/jazzy/opt/sdformat_vendor/lib:/opt/ros/jazzy/opt/rviz_ogre_vendor/lib:/opt/ros/jazzy/lib/aarch64-linux-gnu:/opt/ros/jazzy/opt/gz_gui_vendor/lib:/opt/ros/jazzy/opt/gz_transport_vendor/lib:/opt/ros/jazzy/opt/gz_rendering_vendor/lib:/opt/ros/jazzy/opt/gz_plugin_vendor/lib:/opt/ros/jazzy/opt/gz_fuel_tools_vendor/lib:/opt/ros/jazzy/opt/gz_msgs_vendor/lib:/opt/ros/jazzy/opt/gz_common_vendor/lib:/opt/ros/jazzy/opt/gz_math_vendor/lib:/opt/ros/jazzy/opt/gz_utils_vendor/lib:/opt/ros/jazzy/opt/gz_tools_vendor/lib:/opt/ros/jazzy/opt/gz_ogre_next_vendor/lib:/opt/ros/jazzy/opt/gz_dartsim_vendor/lib:/opt/ros/jazzy/opt/gz_cmake_vendor/lib:/opt/ros/jazzy/lib PYTHONPATH=/home/ugv/Desktop/OperationTouchdown/ugv_ws/install/depthai_ros_msgs/lib/python3.12/site-packages:/home/ugv/Desktop/OperationTouchdown/ugv_ws/build/my_ugv_hardware:/home/ugv/Desktop/OperationTouchdown/ugv_ws/install/my_ugv_hardware/lib/python3.12/site-packages:/home/ugv/Desktop/OperationTouchdown/ugv_ws/build/my_ugv_vision:/home/ugv/Desktop/OperationTouchdown/ugv_ws/install/my_ugv_vision/lib/python3.12/site-packages:/home/ugv/Desktop/OperationTouchdown/ugv_ws/install/depthai_ros_driver/lib/python3.12/site-packages:/opt/ros/jazzy/lib/python3.12/site-packages /usr/bin/cmake --install /home/ugv/Desktop/OperationTouchdown/ugv_ws/build/depthai_examples
[9.120s] Level 1:colcon.colcon_core.environment:create_environment_scripts_only(depthai_examples)
[9.121s] Level 1:colcon.colcon_core.environment:checking '/home/ugv/Desktop/OperationTouchdown/ugv_ws/install/depthai_examples' for CMake module files
[9.121s] DEBUG:colcon.colcon_core.event_handler.log_command:Invoked command in '/home/ugv/Desktop/OperationTouchdown/ugv_ws/build/depthai_examples' returned '0': CMAKE_PREFIX_PATH=/home/ugv/Desktop/OperationTouchdown/ugv_ws/install/depthai_bridge:/home/ugv/Desktop/OperationTouchdown/ugv_ws/install/depthai_ros_msgs:/home/ugv/Desktop/OperationTouchdown/ugv_ws/install/depthai_descriptions:/home/ugv/Desktop/OperationTouchdown/ugv_ws/install/my_ugv_description:/home/ugv/Desktop/OperationTouchdown/ugv_ws/install/my_ugv_bringup:/home/ugv/Desktop/OperationTouchdown/ugv_ws/install/rplidar_ros:/home/ugv/Desktop/OperationTouchdown/ugv_ws/install/roboteq_ros2_driver:/home/ugv/Desktop/OperationTouchdown/ugv_ws/install/dual_laser_merger:/home/ugv/Desktop/OperationTouchdown/ugv_ws/install/depthai-ros:/home/ugv/Desktop/OperationTouchdown/ugv_ws/install/depthai_ros_driver:/home/ugv/Desktop/OperationTouchdown/ugv_ws/install/depthai_filters:/home/ugv/Desktop/OperationTouchdown/ugv_ws/install/depthai_examples:/opt/ros/jazzy/opt/gz_sim_vendor:/opt/ros/jazzy/opt/gz_sensors_vendor:/opt/ros/jazzy/opt/gz_physics_vendor:/opt/ros/jazzy/opt/sdformat_vendor:/opt/ros/jazzy/opt/gz_gui_vendor:/opt/ros/jazzy/opt/gz_transport_vendor:/opt/ros/jazzy/opt/gz_rendering_vendor:/opt/ros/jazzy/opt/gz_plugin_vendor:/opt/ros/jazzy/opt/gz_fuel_tools_vendor:/opt/ros/jazzy/opt/gz_msgs_vendor:/opt/ros/jazzy/opt/gz_common_vendor:/opt/ros/jazzy/opt/gz_math_vendor:/opt/ros/jazzy/opt/gz_utils_vendor:/opt/ros/jazzy/opt/gz_tools_vendor:/opt/ros/jazzy/opt/gz_ogre_next_vendor:/opt/ros/jazzy/opt/gz_dartsim_vendor:/opt/ros/jazzy/opt/gz_cmake_vendor:/home/ugv/Desktop/OperationTouchdown/ugv_ws/install/my_ugv_hardware:/home/ugv/Desktop/OperationTouchdown/ugv_ws/install/my_ugv_vision:/opt/ros/jazzy DEBUGINFOD_URLS=https://debuginfod.ubuntu.com GAZEBO_MODEL_PATH=/home/ugv/Desktop/OperationTouchdown/ugv_ws/install/depthai_descriptions:${GAZEBO_MODEL_PATH} GAZEBO_RESOURCE_PATH=/home/ugv/Desktop/OperationTouchdown/ugv_ws/install/depthai_descriptions:${GAZEBO_RESOURCE_PATH} IGN_GAZEBO_MODEL_PATH=/home/ugv/Desktop/OperationTouchdown/ugv_ws/install/depthai_descriptions:${IGN_GAZEBO_MODEL_PATH} IGN_GAZEBO_RESOURCE_PATH=/home/ugv/Desktop/OperationTouchdown/ugv_ws/install/depthai_descriptions:${IGN_GAZEBO_RESOURCE_PATH} LD_LIBRARY_PATH=/home/ugv/Desktop/OperationTouchdown/ugv_ws/install/depthai_bridge/lib:/home/ugv/Desktop/OperationTouchdown/ugv_ws/install/depthai_ros_msgs/lib:/home/ugv/Desktop/OperationTouchdown/ugv_ws/install/dual_laser_merger/lib:/home/ugv/Desktop/OperationTouchdown/ugv_ws/install/depthai_ros_driver/lib:/home/ugv/Desktop/OperationTouchdown/ugv_ws/install/depthai_filters/lib:/opt/ros/jazzy/opt/gz_sim_vendor/lib:/opt/ros/jazzy/opt/gz_sensors_vendor/lib:/opt/ros/jazzy/opt/gz_physics_vendor/lib:/opt/ros/jazzy/opt/sdformat_vendor/lib:/opt/ros/jazzy/opt/rviz_ogre_vendor/lib:/opt/ros/jazzy/lib/aarch64-linux-gnu:/opt/ros/jazzy/opt/gz_gui_vendor/lib:/opt/ros/jazzy/opt/gz_transport_vendor/lib:/opt/ros/jazzy/opt/gz_rendering_vendor/lib:/opt/ros/jazzy/opt/gz_plugin_vendor/lib:/opt/ros/jazzy/opt/gz_fuel_tools_vendor/lib:/opt/ros/jazzy/opt/gz_msgs_vendor/lib:/opt/ros/jazzy/opt/gz_common_vendor/lib:/opt/ros/jazzy/opt/gz_math_vendor/lib:/opt/ros/jazzy/opt/gz_utils_vendor/lib:/opt/ros/jazzy/opt/gz_tools_vendor/lib:/opt/ros/jazzy/opt/gz_ogre_next_vendor/lib:/opt/ros/jazzy/opt/gz_dartsim_vendor/lib:/opt/ros/jazzy/opt/gz_cmake_vendor/lib:/opt/ros/jazzy/lib PYTHONPATH=/home/ugv/Desktop/OperationTouchdown/ugv_ws/install/depthai_ros_msgs/lib/python3.12/site-packages:/home/ugv/Desktop/OperationTouchdown/ugv_ws/build/my_ugv_hardware:/home/ugv/Desktop/OperationTouchdown/ugv_ws/install/my_ugv_hardware/lib/python3.12/site-packages:/home/ugv/Desktop/OperationTouchdown/ugv_ws/build/my_ugv_vision:/home/ugv/Desktop/OperationTouchdown/ugv_ws/install/my_ugv_vision/lib/python3.12/site-packages:/home/ugv/Desktop/OperationTouchdown/ugv_ws/install/depthai_ros_driver/lib/python3.12/site-packages:/opt/ros/jazzy/lib/python3.12/site-packages /usr/bin/cmake --install /home/ugv/Desktop/OperationTouchdown/ugv_ws/build/depthai_examples
[9.122s] Level 1:colcon.colcon_core.environment:checking '/home/ugv/Desktop/OperationTouchdown/ugv_ws/install/depthai_examples' for CMake config files
[9.123s] Level 1:colcon.colcon_core.shell:create_environment_hook('depthai_examples', 'cmake_prefix_path')
[9.123s] INFO:colcon.colcon_core.shell:Creating environment hook '/home/ugv/Desktop/OperationTouchdown/ugv_ws/install/depthai_examples/share/depthai_examples/hook/cmake_prefix_path.ps1'
[9.124s] INFO:colcon.colcon_core.shell:Creating environment descriptor '/home/ugv/Desktop/OperationTouchdown/ugv_ws/install/depthai_examples/share/depthai_examples/hook/cmake_prefix_path.dsv'
[9.125s] INFO:colcon.colcon_core.shell:Creating environment hook '/home/ugv/Desktop/OperationTouchdown/ugv_ws/install/depthai_examples/share/depthai_examples/hook/cmake_prefix_path.sh'
[9.126s] Level 1:colcon.colcon_core.environment:checking '/home/ugv/Desktop/OperationTouchdown/ugv_ws/install/depthai_examples/lib'
[9.126s] Level 1:colcon.colcon_core.environment:checking '/home/ugv/Desktop/OperationTouchdown/ugv_ws/install/depthai_examples/bin'
[9.126s] Level 1:colcon.colcon_core.environment:checking '/home/ugv/Desktop/OperationTouchdown/ugv_ws/install/depthai_examples/lib/pkgconfig/depthai_examples.pc'
[9.127s] Level 1:colcon.colcon_core.environment:checking '/home/ugv/Desktop/OperationTouchdown/ugv_ws/install/depthai_examples/lib/python3.12/site-packages'
[9.127s] Level 1:colcon.colcon_core.environment:checking '/home/ugv/Desktop/OperationTouchdown/ugv_ws/install/depthai_examples/bin'
[9.128s] INFO:colcon.colcon_core.shell:Creating package script '/home/ugv/Desktop/OperationTouchdown/ugv_ws/install/depthai_examples/share/depthai_examples/package.ps1'
[9.129s] INFO:colcon.colcon_core.shell:Creating package descriptor '/home/ugv/Desktop/OperationTouchdown/ugv_ws/install/depthai_examples/share/depthai_examples/package.dsv'
[9.129s] INFO:colcon.colcon_core.shell:Creating package script '/home/ugv/Desktop/OperationTouchdown/ugv_ws/install/depthai_examples/share/depthai_examples/package.sh'
[9.130s] INFO:colcon.colcon_core.shell:Creating package script '/home/ugv/Desktop/OperationTouchdown/ugv_ws/install/depthai_examples/share/depthai_examples/package.bash'
[9.130s] INFO:colcon.colcon_core.shell:Creating package script '/home/ugv/Desktop/OperationTouchdown/ugv_ws/install/depthai_examples/share/depthai_examples/package.zsh'
[9.131s] Level 1:colcon.colcon_core.environment:create_file_with_runtime_dependencies(/home/ugv/Desktop/OperationTouchdown/ugv_ws/install/depthai_examples/share/colcon-core/packages/depthai_examples)
[9.132s] Level 1:colcon.colcon_core.environment:create_environment_scripts_only(depthai_examples)
[9.132s] Level 1:colcon.colcon_core.environment:checking '/home/ugv/Desktop/OperationTouchdown/ugv_ws/install/depthai_examples' for CMake module files
[9.133s] Level 1:colcon.colcon_core.environment:checking '/home/ugv/Desktop/OperationTouchdown/ugv_ws/install/depthai_examples' for CMake config files
[9.134s] Level 1:colcon.colcon_core.shell:create_environment_hook('depthai_examples', 'cmake_prefix_path')
[9.134s] INFO:colcon.colcon_core.shell:Creating environment hook '/home/ugv/Desktop/OperationTouchdown/ugv_ws/install/depthai_examples/share/depthai_examples/hook/cmake_prefix_path.ps1'
[9.134s] INFO:colcon.colcon_core.shell:Creating environment descriptor '/home/ugv/Desktop/OperationTouchdown/ugv_ws/install/depthai_examples/share/depthai_examples/hook/cmake_prefix_path.dsv'
[9.135s] INFO:colcon.colcon_core.shell:Creating environment hook '/home/ugv/Desktop/OperationTouchdown/ugv_ws/install/depthai_examples/share/depthai_examples/hook/cmake_prefix_path.sh'
[9.136s] Level 1:colcon.colcon_core.environment:checking '/home/ugv/Desktop/OperationTouchdown/ugv_ws/install/depthai_examples/lib'
[9.136s] Level 1:colcon.colcon_core.environment:checking '/home/ugv/Desktop/OperationTouchdown/ugv_ws/install/depthai_examples/bin'
[9.136s] Level 1:colcon.colcon_core.environment:checking '/home/ugv/Desktop/OperationTouchdown/ugv_ws/install/depthai_examples/lib/pkgconfig/depthai_examples.pc'
[9.136s] Level 1:colcon.colcon_core.environment:checking '/home/ugv/Desktop/OperationTouchdown/ugv_ws/install/depthai_examples/lib/python3.12/site-packages'
[9.137s] Level 1:colcon.colcon_core.environment:checking '/home/ugv/Desktop/OperationTouchdown/ugv_ws/install/depthai_examples/bin'
[9.137s] INFO:colcon.colcon_core.shell:Creating package script '/home/ugv/Desktop/OperationTouchdown/ugv_ws/install/depthai_examples/share/depthai_examples/package.ps1'
[9.138s] INFO:colcon.colcon_core.shell:Creating package descriptor '/home/ugv/Desktop/OperationTouchdown/ugv_ws/install/depthai_examples/share/depthai_examples/package.dsv'
[9.139s] INFO:colcon.colcon_core.shell:Creating package script '/home/ugv/Desktop/OperationTouchdown/ugv_ws/install/depthai_examples/share/depthai_examples/package.sh'
[9.140s] INFO:colcon.colcon_core.shell:Creating package script '/home/ugv/Desktop/OperationTouchdown/ugv_ws/install/depthai_examples/share/depthai_examples/package.bash'
[9.140s] INFO:colcon.colcon_core.shell:Creating package script '/home/ugv/Desktop/OperationTouchdown/ugv_ws/install/depthai_examples/share/depthai_examples/package.zsh'
[9.141s] Level 1:colcon.colcon_core.environment:create_file_with_runtime_dependencies(/home/ugv/Desktop/OperationTouchdown/ugv_ws/install/depthai_examples/share/colcon-core/packages/depthai_examples)
[9.142s] INFO:colcon.colcon_ros.task.ament_cmake.build:Building ROS package in '/home/ugv/Desktop/OperationTouchdown/ugv_ws/src/depthai-ros/depthai_ros_driver' with build type 'ament_cmake'
[9.142s] INFO:colcon.colcon_cmake.task.cmake.build:Building CMake package in '/home/ugv/Desktop/OperationTouchdown/ugv_ws/src/depthai-ros/depthai_ros_driver'
[9.142s] INFO:colcon.colcon_core.shell:Skip shell extension 'powershell' for command environment: Not usable outside of PowerShell
[9.143s] DEBUG:colcon.colcon_core.shell:Skip shell extension 'dsv' for command environment
[9.168s] DEBUG:colcon.colcon_core.event_handler.log_command:Invoking command in '/home/ugv/Desktop/OperationTouchdown/ugv_ws/build/depthai_ros_driver': CMAKE_PREFIX_PATH=/home/ugv/Desktop/OperationTouchdown/ugv_ws/install/depthai_examples:/home/ugv/Desktop/OperationTouchdown/ugv_ws/install/depthai_bridge:/home/ugv/Desktop/OperationTouchdown/ugv_ws/install/depthai_ros_msgs:/home/ugv/Desktop/OperationTouchdown/ugv_ws/install/depthai_descriptions:/home/ugv/Desktop/OperationTouchdown/ugv_ws/install/my_ugv_description:/home/ugv/Desktop/OperationTouchdown/ugv_ws/install/my_ugv_bringup:/home/ugv/Desktop/OperationTouchdown/ugv_ws/install/rplidar_ros:/home/ugv/Desktop/OperationTouchdown/ugv_ws/install/roboteq_ros2_driver:/home/ugv/Desktop/OperationTouchdown/ugv_ws/install/dual_laser_merger:/home/ugv/Desktop/OperationTouchdown/ugv_ws/install/depthai-ros:/home/ugv/Desktop/OperationTouchdown/ugv_ws/install/depthai_ros_driver:/home/ugv/Desktop/OperationTouchdown/ugv_ws/install/depthai_filters:/opt/ros/jazzy/opt/gz_sim_vendor:/opt/ros/jazzy/opt/gz_sensors_vendor:/opt/ros/jazzy/opt/gz_physics_vendor:/opt/ros/jazzy/opt/sdformat_vendor:/opt/ros/jazzy/opt/gz_gui_vendor:/opt/ros/jazzy/opt/gz_transport_vendor:/opt/ros/jazzy/opt/gz_rendering_vendor:/opt/ros/jazzy/opt/gz_plugin_vendor:/opt/ros/jazzy/opt/gz_fuel_tools_vendor:/opt/ros/jazzy/opt/gz_msgs_vendor:/opt/ros/jazzy/opt/gz_common_vendor:/opt/ros/jazzy/opt/gz_math_vendor:/opt/ros/jazzy/opt/gz_utils_vendor:/opt/ros/jazzy/opt/gz_tools_vendor:/opt/ros/jazzy/opt/gz_ogre_next_vendor:/opt/ros/jazzy/opt/gz_dartsim_vendor:/opt/ros/jazzy/opt/gz_cmake_vendor:/home/ugv/Desktop/OperationTouchdown/ugv_ws/install/my_ugv_hardware:/home/ugv/Desktop/OperationTouchdown/ugv_ws/install/my_ugv_vision:/opt/ros/jazzy DEBUGINFOD_URLS=https://debuginfod.ubuntu.com GAZEBO_MODEL_PATH=/home/ugv/Desktop/OperationTouchdown/ugv_ws/install/depthai_descriptions:${GAZEBO_MODEL_PATH} GAZEBO_RESOURCE_PATH=/home/ugv/Desktop/OperationTouchdown/ugv_ws/install/depthai_descriptions:${GAZEBO_RESOURCE_PATH} IGN_GAZEBO_MODEL_PATH=/home/ugv/Desktop/OperationTouchdown/ugv_ws/install/depthai_descriptions:${IGN_GAZEBO_MODEL_PATH} IGN_GAZEBO_RESOURCE_PATH=/home/ugv/Desktop/OperationTouchdown/ugv_ws/install/depthai_descriptions:${IGN_GAZEBO_RESOURCE_PATH} LD_LIBRARY_PATH=/home/ugv/Desktop/OperationTouchdown/ugv_ws/install/depthai_bridge/lib:/home/ugv/Desktop/OperationTouchdown/ugv_ws/install/depthai_ros_msgs/lib:/home/ugv/Desktop/OperationTouchdown/ugv_ws/install/dual_laser_merger/lib:/home/ugv/Desktop/OperationTouchdown/ugv_ws/install/depthai_ros_driver/lib:/home/ugv/Desktop/OperationTouchdown/ugv_ws/install/depthai_filters/lib:/opt/ros/jazzy/opt/gz_sim_vendor/lib:/opt/ros/jazzy/opt/gz_sensors_vendor/lib:/opt/ros/jazzy/opt/gz_physics_vendor/lib:/opt/ros/jazzy/opt/sdformat_vendor/lib:/opt/ros/jazzy/opt/rviz_ogre_vendor/lib:/opt/ros/jazzy/lib/aarch64-linux-gnu:/opt/ros/jazzy/opt/gz_gui_vendor/lib:/opt/ros/jazzy/opt/gz_transport_vendor/lib:/opt/ros/jazzy/opt/gz_rendering_vendor/lib:/opt/ros/jazzy/opt/gz_plugin_vendor/lib:/opt/ros/jazzy/opt/gz_fuel_tools_vendor/lib:/opt/ros/jazzy/opt/gz_msgs_vendor/lib:/opt/ros/jazzy/opt/gz_common_vendor/lib:/opt/ros/jazzy/opt/gz_math_vendor/lib:/opt/ros/jazzy/opt/gz_utils_vendor/lib:/opt/ros/jazzy/opt/gz_tools_vendor/lib:/opt/ros/jazzy/opt/gz_ogre_next_vendor/lib:/opt/ros/jazzy/opt/gz_dartsim_vendor/lib:/opt/ros/jazzy/opt/gz_cmake_vendor/lib:/opt/ros/jazzy/lib PYTHONPATH=/home/ugv/Desktop/OperationTouchdown/ugv_ws/install/depthai_ros_msgs/lib/python3.12/site-packages:/home/ugv/Desktop/OperationTouchdown/ugv_ws/build/my_ugv_hardware:/home/ugv/Desktop/OperationTouchdown/ugv_ws/install/my_ugv_hardware/lib/python3.12/site-packages:/home/ugv/Desktop/OperationTouchdown/ugv_ws/build/my_ugv_vision:/home/ugv/Desktop/OperationTouchdown/ugv_ws/install/my_ugv_vision/lib/python3.12/site-packages:/home/ugv/Desktop/OperationTouchdown/ugv_ws/install/depthai_ros_driver/lib/python3.12/site-packages:/opt/ros/jazzy/lib/python3.12/site-packages /usr/bin/cmake /home/ugv/Desktop/OperationTouchdown/ugv_ws/src/depthai-ros/depthai_ros_driver -DAMENT_CMAKE_SYMLINK_INSTALL=1 -DCMAKE_INSTALL_PREFIX=/home/ugv/Desktop/OperationTouchdown/ugv_ws/install/depthai_ros_driver
[10.820s] DEBUG:colcon.colcon_core.event_handler.log_command:Invoked command in '/home/ugv/Desktop/OperationTouchdown/ugv_ws/build/depthai_ros_driver' returned '0': CMAKE_PREFIX_PATH=/home/ugv/Desktop/OperationTouchdown/ugv_ws/install/depthai_examples:/home/ugv/Desktop/OperationTouchdown/ugv_ws/install/depthai_bridge:/home/ugv/Desktop/OperationTouchdown/ugv_ws/install/depthai_ros_msgs:/home/ugv/Desktop/OperationTouchdown/ugv_ws/install/depthai_descriptions:/home/ugv/Desktop/OperationTouchdown/ugv_ws/install/my_ugv_description:/home/ugv/Desktop/OperationTouchdown/ugv_ws/install/my_ugv_bringup:/home/ugv/Desktop/OperationTouchdown/ugv_ws/install/rplidar_ros:/home/ugv/Desktop/OperationTouchdown/ugv_ws/install/roboteq_ros2_driver:/home/ugv/Desktop/OperationTouchdown/ugv_ws/install/dual_laser_merger:/home/ugv/Desktop/OperationTouchdown/ugv_ws/install/depthai-ros:/home/ugv/Desktop/OperationTouchdown/ugv_ws/install/depthai_ros_driver:/home/ugv/Desktop/OperationTouchdown/ugv_ws/install/depthai_filters:/opt/ros/jazzy/opt/gz_sim_vendor:/opt/ros/jazzy/opt/gz_sensors_vendor:/opt/ros/jazzy/opt/gz_physics_vendor:/opt/ros/jazzy/opt/sdformat_vendor:/opt/ros/jazzy/opt/gz_gui_vendor:/opt/ros/jazzy/opt/gz_transport_vendor:/opt/ros/jazzy/opt/gz_rendering_vendor:/opt/ros/jazzy/opt/gz_plugin_vendor:/opt/ros/jazzy/opt/gz_fuel_tools_vendor:/opt/ros/jazzy/opt/gz_msgs_vendor:/opt/ros/jazzy/opt/gz_common_vendor:/opt/ros/jazzy/opt/gz_math_vendor:/opt/ros/jazzy/opt/gz_utils_vendor:/opt/ros/jazzy/opt/gz_tools_vendor:/opt/ros/jazzy/opt/gz_ogre_next_vendor:/opt/ros/jazzy/opt/gz_dartsim_vendor:/opt/ros/jazzy/opt/gz_cmake_vendor:/home/ugv/Desktop/OperationTouchdown/ugv_ws/install/my_ugv_hardware:/home/ugv/Desktop/OperationTouchdown/ugv_ws/install/my_ugv_vision:/opt/ros/jazzy DEBUGINFOD_URLS=https://debuginfod.ubuntu.com GAZEBO_MODEL_PATH=/home/ugv/Desktop/OperationTouchdown/ugv_ws/install/depthai_descriptions:${GAZEBO_MODEL_PATH} GAZEBO_RESOURCE_PATH=/home/ugv/Desktop/OperationTouchdown/ugv_ws/install/depthai_descriptions:${GAZEBO_RESOURCE_PATH} IGN_GAZEBO_MODEL_PATH=/home/ugv/Desktop/OperationTouchdown/ugv_ws/install/depthai_descriptions:${IGN_GAZEBO_MODEL_PATH} IGN_GAZEBO_RESOURCE_PATH=/home/ugv/Desktop/OperationTouchdown/ugv_ws/install/depthai_descriptions:${IGN_GAZEBO_RESOURCE_PATH} LD_LIBRARY_PATH=/home/ugv/Desktop/OperationTouchdown/ugv_ws/install/depthai_bridge/lib:/home/ugv/Desktop/OperationTouchdown/ugv_ws/install/depthai_ros_msgs/lib:/home/ugv/Desktop/OperationTouchdown/ugv_ws/install/dual_laser_merger/lib:/home/ugv/Desktop/OperationTouchdown/ugv_ws/install/depthai_ros_driver/lib:/home/ugv/Desktop/OperationTouchdown/ugv_ws/install/depthai_filters/lib:/opt/ros/jazzy/opt/gz_sim_vendor/lib:/opt/ros/jazzy/opt/gz_sensors_vendor/lib:/opt/ros/jazzy/opt/gz_physics_vendor/lib:/opt/ros/jazzy/opt/sdformat_vendor/lib:/opt/ros/jazzy/opt/rviz_ogre_vendor/lib:/opt/ros/jazzy/lib/aarch64-linux-gnu:/opt/ros/jazzy/opt/gz_gui_vendor/lib:/opt/ros/jazzy/opt/gz_transport_vendor/lib:/opt/ros/jazzy/opt/gz_rendering_vendor/lib:/opt/ros/jazzy/opt/gz_plugin_vendor/lib:/opt/ros/jazzy/opt/gz_fuel_tools_vendor/lib:/opt/ros/jazzy/opt/gz_msgs_vendor/lib:/opt/ros/jazzy/opt/gz_common_vendor/lib:/opt/ros/jazzy/opt/gz_math_vendor/lib:/opt/ros/jazzy/opt/gz_utils_vendor/lib:/opt/ros/jazzy/opt/gz_tools_vendor/lib:/opt/ros/jazzy/opt/gz_ogre_next_vendor/lib:/opt/ros/jazzy/opt/gz_dartsim_vendor/lib:/opt/ros/jazzy/opt/gz_cmake_vendor/lib:/opt/ros/jazzy/lib PYTHONPATH=/home/ugv/Desktop/OperationTouchdown/ugv_ws/install/depthai_ros_msgs/lib/python3.12/site-packages:/home/ugv/Desktop/OperationTouchdown/ugv_ws/build/my_ugv_hardware:/home/ugv/Desktop/OperationTouchdown/ugv_ws/install/my_ugv_hardware/lib/python3.12/site-packages:/home/ugv/Desktop/OperationTouchdown/ugv_ws/build/my_ugv_vision:/home/ugv/Desktop/OperationTouchdown/ugv_ws/install/my_ugv_vision/lib/python3.12/site-packages:/home/ugv/Desktop/OperationTouchdown/ugv_ws/install/depthai_ros_driver/lib/python3.12/site-packages:/opt/ros/jazzy/lib/python3.12/site-packages /usr/bin/cmake /home/ugv/Desktop/OperationTouchdown/ugv_ws/src/depthai-ros/depthai_ros_driver -DAMENT_CMAKE_SYMLINK_INSTALL=1 -DCMAKE_INSTALL_PREFIX=/home/ugv/Desktop/OperationTouchdown/ugv_ws/install/depthai_ros_driver
[10.822s] DEBUG:colcon.colcon_core.event_handler.log_command:Invoking command in '/home/ugv/Desktop/OperationTouchdown/ugv_ws/build/depthai_ros_driver': CMAKE_PREFIX_PATH=/home/ugv/Desktop/OperationTouchdown/ugv_ws/install/depthai_examples:/home/ugv/Desktop/OperationTouchdown/ugv_ws/install/depthai_bridge:/home/ugv/Desktop/OperationTouchdown/ugv_ws/install/depthai_ros_msgs:/home/ugv/Desktop/OperationTouchdown/ugv_ws/install/depthai_descriptions:/home/ugv/Desktop/OperationTouchdown/ugv_ws/install/my_ugv_description:/home/ugv/Desktop/OperationTouchdown/ugv_ws/install/my_ugv_bringup:/home/ugv/Desktop/OperationTouchdown/ugv_ws/install/rplidar_ros:/home/ugv/Desktop/OperationTouchdown/ugv_ws/install/roboteq_ros2_driver:/home/ugv/Desktop/OperationTouchdown/ugv_ws/install/dual_laser_merger:/home/ugv/Desktop/OperationTouchdown/ugv_ws/install/depthai-ros:/home/ugv/Desktop/OperationTouchdown/ugv_ws/install/depthai_ros_driver:/home/ugv/Desktop/OperationTouchdown/ugv_ws/install/depthai_filters:/opt/ros/jazzy/opt/gz_sim_vendor:/opt/ros/jazzy/opt/gz_sensors_vendor:/opt/ros/jazzy/opt/gz_physics_vendor:/opt/ros/jazzy/opt/sdformat_vendor:/opt/ros/jazzy/opt/gz_gui_vendor:/opt/ros/jazzy/opt/gz_transport_vendor:/opt/ros/jazzy/opt/gz_rendering_vendor:/opt/ros/jazzy/opt/gz_plugin_vendor:/opt/ros/jazzy/opt/gz_fuel_tools_vendor:/opt/ros/jazzy/opt/gz_msgs_vendor:/opt/ros/jazzy/opt/gz_common_vendor:/opt/ros/jazzy/opt/gz_math_vendor:/opt/ros/jazzy/opt/gz_utils_vendor:/opt/ros/jazzy/opt/gz_tools_vendor:/opt/ros/jazzy/opt/gz_ogre_next_vendor:/opt/ros/jazzy/opt/gz_dartsim_vendor:/opt/ros/jazzy/opt/gz_cmake_vendor:/home/ugv/Desktop/OperationTouchdown/ugv_ws/install/my_ugv_hardware:/home/ugv/Desktop/OperationTouchdown/ugv_ws/install/my_ugv_vision:/opt/ros/jazzy DEBUGINFOD_URLS=https://debuginfod.ubuntu.com GAZEBO_MODEL_PATH=/home/ugv/Desktop/OperationTouchdown/ugv_ws/install/depthai_descriptions:${GAZEBO_MODEL_PATH} GAZEBO_RESOURCE_PATH=/home/ugv/Desktop/OperationTouchdown/ugv_ws/install/depthai_descriptions:${GAZEBO_RESOURCE_PATH} IGN_GAZEBO_MODEL_PATH=/home/ugv/Desktop/OperationTouchdown/ugv_ws/install/depthai_descriptions:${IGN_GAZEBO_MODEL_PATH} IGN_GAZEBO_RESOURCE_PATH=/home/ugv/Desktop/OperationTouchdown/ugv_ws/install/depthai_descriptions:${IGN_GAZEBO_RESOURCE_PATH} LD_LIBRARY_PATH=/home/ugv/Desktop/OperationTouchdown/ugv_ws/install/depthai_bridge/lib:/home/ugv/Desktop/OperationTouchdown/ugv_ws/install/depthai_ros_msgs/lib:/home/ugv/Desktop/OperationTouchdown/ugv_ws/install/dual_laser_merger/lib:/home/ugv/Desktop/OperationTouchdown/ugv_ws/install/depthai_ros_driver/lib:/home/ugv/Desktop/OperationTouchdown/ugv_ws/install/depthai_filters/lib:/opt/ros/jazzy/opt/gz_sim_vendor/lib:/opt/ros/jazzy/opt/gz_sensors_vendor/lib:/opt/ros/jazzy/opt/gz_physics_vendor/lib:/opt/ros/jazzy/opt/sdformat_vendor/lib:/opt/ros/jazzy/opt/rviz_ogre_vendor/lib:/opt/ros/jazzy/lib/aarch64-linux-gnu:/opt/ros/jazzy/opt/gz_gui_vendor/lib:/opt/ros/jazzy/opt/gz_transport_vendor/lib:/opt/ros/jazzy/opt/gz_rendering_vendor/lib:/opt/ros/jazzy/opt/gz_plugin_vendor/lib:/opt/ros/jazzy/opt/gz_fuel_tools_vendor/lib:/opt/ros/jazzy/opt/gz_msgs_vendor/lib:/opt/ros/jazzy/opt/gz_common_vendor/lib:/opt/ros/jazzy/opt/gz_math_vendor/lib:/opt/ros/jazzy/opt/gz_utils_vendor/lib:/opt/ros/jazzy/opt/gz_tools_vendor/lib:/opt/ros/jazzy/opt/gz_ogre_next_vendor/lib:/opt/ros/jazzy/opt/gz_dartsim_vendor/lib:/opt/ros/jazzy/opt/gz_cmake_vendor/lib:/opt/ros/jazzy/lib PYTHONPATH=/home/ugv/Desktop/OperationTouchdown/ugv_ws/install/depthai_ros_msgs/lib/python3.12/site-packages:/home/ugv/Desktop/OperationTouchdown/ugv_ws/build/my_ugv_hardware:/home/ugv/Desktop/OperationTouchdown/ugv_ws/install/my_ugv_hardware/lib/python3.12/site-packages:/home/ugv/Desktop/OperationTouchdown/ugv_ws/build/my_ugv_vision:/home/ugv/Desktop/OperationTouchdown/ugv_ws/install/my_ugv_vision/lib/python3.12/site-packages:/home/ugv/Desktop/OperationTouchdown/ugv_ws/install/depthai_ros_driver/lib/python3.12/site-packages:/opt/ros/jazzy/lib/python3.12/site-packages /usr/bin/cmake --build /home/ugv/Desktop/OperationTouchdown/ugv_ws/build/depthai_ros_driver -- -j4 -l4
[11.519s] DEBUG:colcon.colcon_core.event_handler.log_command:Invoked command in '/home/ugv/Desktop/OperationTouchdown/ugv_ws/build/depthai_ros_driver' returned '0': CMAKE_PREFIX_PATH=/home/ugv/Desktop/OperationTouchdown/ugv_ws/install/depthai_examples:/home/ugv/Desktop/OperationTouchdown/ugv_ws/install/depthai_bridge:/home/ugv/Desktop/OperationTouchdown/ugv_ws/install/depthai_ros_msgs:/home/ugv/Desktop/OperationTouchdown/ugv_ws/install/depthai_descriptions:/home/ugv/Desktop/OperationTouchdown/ugv_ws/install/my_ugv_description:/home/ugv/Desktop/OperationTouchdown/ugv_ws/install/my_ugv_bringup:/home/ugv/Desktop/OperationTouchdown/ugv_ws/install/rplidar_ros:/home/ugv/Desktop/OperationTouchdown/ugv_ws/install/roboteq_ros2_driver:/home/ugv/Desktop/OperationTouchdown/ugv_ws/install/dual_laser_merger:/home/ugv/Desktop/OperationTouchdown/ugv_ws/install/depthai-ros:/home/ugv/Desktop/OperationTouchdown/ugv_ws/install/depthai_ros_driver:/home/ugv/Desktop/OperationTouchdown/ugv_ws/install/depthai_filters:/opt/ros/jazzy/opt/gz_sim_vendor:/opt/ros/jazzy/opt/gz_sensors_vendor:/opt/ros/jazzy/opt/gz_physics_vendor:/opt/ros/jazzy/opt/sdformat_vendor:/opt/ros/jazzy/opt/gz_gui_vendor:/opt/ros/jazzy/opt/gz_transport_vendor:/opt/ros/jazzy/opt/gz_rendering_vendor:/opt/ros/jazzy/opt/gz_plugin_vendor:/opt/ros/jazzy/opt/gz_fuel_tools_vendor:/opt/ros/jazzy/opt/gz_msgs_vendor:/opt/ros/jazzy/opt/gz_common_vendor:/opt/ros/jazzy/opt/gz_math_vendor:/opt/ros/jazzy/opt/gz_utils_vendor:/opt/ros/jazzy/opt/gz_tools_vendor:/opt/ros/jazzy/opt/gz_ogre_next_vendor:/opt/ros/jazzy/opt/gz_dartsim_vendor:/opt/ros/jazzy/opt/gz_cmake_vendor:/home/ugv/Desktop/OperationTouchdown/ugv_ws/install/my_ugv_hardware:/home/ugv/Desktop/OperationTouchdown/ugv_ws/install/my_ugv_vision:/opt/ros/jazzy DEBUGINFOD_URLS=https://debuginfod.ubuntu.com GAZEBO_MODEL_PATH=/home/ugv/Desktop/OperationTouchdown/ugv_ws/install/depthai_descriptions:${GAZEBO_MODEL_PATH} GAZEBO_RESOURCE_PATH=/home/ugv/Desktop/OperationTouchdown/ugv_ws/install/depthai_descriptions:${GAZEBO_RESOURCE_PATH} IGN_GAZEBO_MODEL_PATH=/home/ugv/Desktop/OperationTouchdown/ugv_ws/install/depthai_descriptions:${IGN_GAZEBO_MODEL_PATH} IGN_GAZEBO_RESOURCE_PATH=/home/ugv/Desktop/OperationTouchdown/ugv_ws/install/depthai_descriptions:${IGN_GAZEBO_RESOURCE_PATH} LD_LIBRARY_PATH=/home/ugv/Desktop/OperationTouchdown/ugv_ws/install/depthai_bridge/lib:/home/ugv/Desktop/OperationTouchdown/ugv_ws/install/depthai_ros_msgs/lib:/home/ugv/Desktop/OperationTouchdown/ugv_ws/install/dual_laser_merger/lib:/home/ugv/Desktop/OperationTouchdown/ugv_ws/install/depthai_ros_driver/lib:/home/ugv/Desktop/OperationTouchdown/ugv_ws/install/depthai_filters/lib:/opt/ros/jazzy/opt/gz_sim_vendor/lib:/opt/ros/jazzy/opt/gz_sensors_vendor/lib:/opt/ros/jazzy/opt/gz_physics_vendor/lib:/opt/ros/jazzy/opt/sdformat_vendor/lib:/opt/ros/jazzy/opt/rviz_ogre_vendor/lib:/opt/ros/jazzy/lib/aarch64-linux-gnu:/opt/ros/jazzy/opt/gz_gui_vendor/lib:/opt/ros/jazzy/opt/gz_transport_vendor/lib:/opt/ros/jazzy/opt/gz_rendering_vendor/lib:/opt/ros/jazzy/opt/gz_plugin_vendor/lib:/opt/ros/jazzy/opt/gz_fuel_tools_vendor/lib:/opt/ros/jazzy/opt/gz_msgs_vendor/lib:/opt/ros/jazzy/opt/gz_common_vendor/lib:/opt/ros/jazzy/opt/gz_math_vendor/lib:/opt/ros/jazzy/opt/gz_utils_vendor/lib:/opt/ros/jazzy/opt/gz_tools_vendor/lib:/opt/ros/jazzy/opt/gz_ogre_next_vendor/lib:/opt/ros/jazzy/opt/gz_dartsim_vendor/lib:/opt/ros/jazzy/opt/gz_cmake_vendor/lib:/opt/ros/jazzy/lib PYTHONPATH=/home/ugv/Desktop/OperationTouchdown/ugv_ws/install/depthai_ros_msgs/lib/python3.12/site-packages:/home/ugv/Desktop/OperationTouchdown/ugv_ws/build/my_ugv_hardware:/home/ugv/Desktop/OperationTouchdown/ugv_ws/install/my_ugv_hardware/lib/python3.12/site-packages:/home/ugv/Desktop/OperationTouchdown/ugv_ws/build/my_ugv_vision:/home/ugv/Desktop/OperationTouchdown/ugv_ws/install/my_ugv_vision/lib/python3.12/site-packages:/home/ugv/Desktop/OperationTouchdown/ugv_ws/install/depthai_ros_driver/lib/python3.12/site-packages:/opt/ros/jazzy/lib/python3.12/site-packages /usr/bin/cmake --build /home/ugv/Desktop/OperationTouchdown/ugv_ws/build/depthai_ros_driver -- -j4 -l4
[11.521s] DEBUG:colcon.colcon_core.event_handler.log_command:Invoking command in '/home/ugv/Desktop/OperationTouchdown/ugv_ws/build/depthai_ros_driver': CMAKE_PREFIX_PATH=/home/ugv/Desktop/OperationTouchdown/ugv_ws/install/depthai_examples:/home/ugv/Desktop/OperationTouchdown/ugv_ws/install/depthai_bridge:/home/ugv/Desktop/OperationTouchdown/ugv_ws/install/depthai_ros_msgs:/home/ugv/Desktop/OperationTouchdown/ugv_ws/install/depthai_descriptions:/home/ugv/Desktop/OperationTouchdown/ugv_ws/install/my_ugv_description:/home/ugv/Desktop/OperationTouchdown/ugv_ws/install/my_ugv_bringup:/home/ugv/Desktop/OperationTouchdown/ugv_ws/install/rplidar_ros:/home/ugv/Desktop/OperationTouchdown/ugv_ws/install/roboteq_ros2_driver:/home/ugv/Desktop/OperationTouchdown/ugv_ws/install/dual_laser_merger:/home/ugv/Desktop/OperationTouchdown/ugv_ws/install/depthai-ros:/home/ugv/Desktop/OperationTouchdown/ugv_ws/install/depthai_ros_driver:/home/ugv/Desktop/OperationTouchdown/ugv_ws/install/depthai_filters:/opt/ros/jazzy/opt/gz_sim_vendor:/opt/ros/jazzy/opt/gz_sensors_vendor:/opt/ros/jazzy/opt/gz_physics_vendor:/opt/ros/jazzy/opt/sdformat_vendor:/opt/ros/jazzy/opt/gz_gui_vendor:/opt/ros/jazzy/opt/gz_transport_vendor:/opt/ros/jazzy/opt/gz_rendering_vendor:/opt/ros/jazzy/opt/gz_plugin_vendor:/opt/ros/jazzy/opt/gz_fuel_tools_vendor:/opt/ros/jazzy/opt/gz_msgs_vendor:/opt/ros/jazzy/opt/gz_common_vendor:/opt/ros/jazzy/opt/gz_math_vendor:/opt/ros/jazzy/opt/gz_utils_vendor:/opt/ros/jazzy/opt/gz_tools_vendor:/opt/ros/jazzy/opt/gz_ogre_next_vendor:/opt/ros/jazzy/opt/gz_dartsim_vendor:/opt/ros/jazzy/opt/gz_cmake_vendor:/home/ugv/Desktop/OperationTouchdown/ugv_ws/install/my_ugv_hardware:/home/ugv/Desktop/OperationTouchdown/ugv_ws/install/my_ugv_vision:/opt/ros/jazzy DEBUGINFOD_URLS=https://debuginfod.ubuntu.com GAZEBO_MODEL_PATH=/home/ugv/Desktop/OperationTouchdown/ugv_ws/install/depthai_descriptions:${GAZEBO_MODEL_PATH} GAZEBO_RESOURCE_PATH=/home/ugv/Desktop/OperationTouchdown/ugv_ws/install/depthai_descriptions:${GAZEBO_RESOURCE_PATH} IGN_GAZEBO_MODEL_PATH=/home/ugv/Desktop/OperationTouchdown/ugv_ws/install/depthai_descriptions:${IGN_GAZEBO_MODEL_PATH} IGN_GAZEBO_RESOURCE_PATH=/home/ugv/Desktop/OperationTouchdown/ugv_ws/install/depthai_descriptions:${IGN_GAZEBO_RESOURCE_PATH} LD_LIBRARY_PATH=/home/ugv/Desktop/OperationTouchdown/ugv_ws/install/depthai_bridge/lib:/home/ugv/Desktop/OperationTouchdown/ugv_ws/install/depthai_ros_msgs/lib:/home/ugv/Desktop/OperationTouchdown/ugv_ws/install/dual_laser_merger/lib:/home/ugv/Desktop/OperationTouchdown/ugv_ws/install/depthai_ros_driver/lib:/home/ugv/Desktop/OperationTouchdown/ugv_ws/install/depthai_filters/lib:/opt/ros/jazzy/opt/gz_sim_vendor/lib:/opt/ros/jazzy/opt/gz_sensors_vendor/lib:/opt/ros/jazzy/opt/gz_physics_vendor/lib:/opt/ros/jazzy/opt/sdformat_vendor/lib:/opt/ros/jazzy/opt/rviz_ogre_vendor/lib:/opt/ros/jazzy/lib/aarch64-linux-gnu:/opt/ros/jazzy/opt/gz_gui_vendor/lib:/opt/ros/jazzy/opt/gz_transport_vendor/lib:/opt/ros/jazzy/opt/gz_rendering_vendor/lib:/opt/ros/jazzy/opt/gz_plugin_vendor/lib:/opt/ros/jazzy/opt/gz_fuel_tools_vendor/lib:/opt/ros/jazzy/opt/gz_msgs_vendor/lib:/opt/ros/jazzy/opt/gz_common_vendor/lib:/opt/ros/jazzy/opt/gz_math_vendor/lib:/opt/ros/jazzy/opt/gz_utils_vendor/lib:/opt/ros/jazzy/opt/gz_tools_vendor/lib:/opt/ros/jazzy/opt/gz_ogre_next_vendor/lib:/opt/ros/jazzy/opt/gz_dartsim_vendor/lib:/opt/ros/jazzy/opt/gz_cmake_vendor/lib:/opt/ros/jazzy/lib PYTHONPATH=/home/ugv/Desktop/OperationTouchdown/ugv_ws/install/depthai_ros_msgs/lib/python3.12/site-packages:/home/ugv/Desktop/OperationTouchdown/ugv_ws/build/my_ugv_hardware:/home/ugv/Desktop/OperationTouchdown/ugv_ws/install/my_ugv_hardware/lib/python3.12/site-packages:/home/ugv/Desktop/OperationTouchdown/ugv_ws/build/my_ugv_vision:/home/ugv/Desktop/OperationTouchdown/ugv_ws/install/my_ugv_vision/lib/python3.12/site-packages:/home/ugv/Desktop/OperationTouchdown/ugv_ws/install/depthai_ros_driver/lib/python3.12/site-packages:/opt/ros/jazzy/lib/python3.12/site-packages /usr/bin/cmake --install /home/ugv/Desktop/OperationTouchdown/ugv_ws/build/depthai_ros_driver
[11.654s] Level 1:colcon.colcon_core.environment:create_environment_scripts_only(depthai_ros_driver)
[11.654s] Level 1:colcon.colcon_core.environment:checking '/home/ugv/Desktop/OperationTouchdown/ugv_ws/install/depthai_ros_driver' for CMake module files
[11.655s] DEBUG:colcon.colcon_core.event_handler.log_command:Invoked command in '/home/ugv/Desktop/OperationTouchdown/ugv_ws/build/depthai_ros_driver' returned '0': CMAKE_PREFIX_PATH=/home/ugv/Desktop/OperationTouchdown/ugv_ws/install/depthai_examples:/home/ugv/Desktop/OperationTouchdown/ugv_ws/install/depthai_bridge:/home/ugv/Desktop/OperationTouchdown/ugv_ws/install/depthai_ros_msgs:/home/ugv/Desktop/OperationTouchdown/ugv_ws/install/depthai_descriptions:/home/ugv/Desktop/OperationTouchdown/ugv_ws/install/my_ugv_description:/home/ugv/Desktop/OperationTouchdown/ugv_ws/install/my_ugv_bringup:/home/ugv/Desktop/OperationTouchdown/ugv_ws/install/rplidar_ros:/home/ugv/Desktop/OperationTouchdown/ugv_ws/install/roboteq_ros2_driver:/home/ugv/Desktop/OperationTouchdown/ugv_ws/install/dual_laser_merger:/home/ugv/Desktop/OperationTouchdown/ugv_ws/install/depthai-ros:/home/ugv/Desktop/OperationTouchdown/ugv_ws/install/depthai_ros_driver:/home/ugv/Desktop/OperationTouchdown/ugv_ws/install/depthai_filters:/opt/ros/jazzy/opt/gz_sim_vendor:/opt/ros/jazzy/opt/gz_sensors_vendor:/opt/ros/jazzy/opt/gz_physics_vendor:/opt/ros/jazzy/opt/sdformat_vendor:/opt/ros/jazzy/opt/gz_gui_vendor:/opt/ros/jazzy/opt/gz_transport_vendor:/opt/ros/jazzy/opt/gz_rendering_vendor:/opt/ros/jazzy/opt/gz_plugin_vendor:/opt/ros/jazzy/opt/gz_fuel_tools_vendor:/opt/ros/jazzy/opt/gz_msgs_vendor:/opt/ros/jazzy/opt/gz_common_vendor:/opt/ros/jazzy/opt/gz_math_vendor:/opt/ros/jazzy/opt/gz_utils_vendor:/opt/ros/jazzy/opt/gz_tools_vendor:/opt/ros/jazzy/opt/gz_ogre_next_vendor:/opt/ros/jazzy/opt/gz_dartsim_vendor:/opt/ros/jazzy/opt/gz_cmake_vendor:/home/ugv/Desktop/OperationTouchdown/ugv_ws/install/my_ugv_hardware:/home/ugv/Desktop/OperationTouchdown/ugv_ws/install/my_ugv_vision:/opt/ros/jazzy DEBUGINFOD_URLS=https://debuginfod.ubuntu.com GAZEBO_MODEL_PATH=/home/ugv/Desktop/OperationTouchdown/ugv_ws/install/depthai_descriptions:${GAZEBO_MODEL_PATH} GAZEBO_RESOURCE_PATH=/home/ugv/Desktop/OperationTouchdown/ugv_ws/install/depthai_descriptions:${GAZEBO_RESOURCE_PATH} IGN_GAZEBO_MODEL_PATH=/home/ugv/Desktop/OperationTouchdown/ugv_ws/install/depthai_descriptions:${IGN_GAZEBO_MODEL_PATH} IGN_GAZEBO_RESOURCE_PATH=/home/ugv/Desktop/OperationTouchdown/ugv_ws/install/depthai_descriptions:${IGN_GAZEBO_RESOURCE_PATH} LD_LIBRARY_PATH=/home/ugv/Desktop/OperationTouchdown/ugv_ws/install/depthai_bridge/lib:/home/ugv/Desktop/OperationTouchdown/ugv_ws/install/depthai_ros_msgs/lib:/home/ugv/Desktop/OperationTouchdown/ugv_ws/install/dual_laser_merger/lib:/home/ugv/Desktop/OperationTouchdown/ugv_ws/install/depthai_ros_driver/lib:/home/ugv/Desktop/OperationTouchdown/ugv_ws/install/depthai_filters/lib:/opt/ros/jazzy/opt/gz_sim_vendor/lib:/opt/ros/jazzy/opt/gz_sensors_vendor/lib:/opt/ros/jazzy/opt/gz_physics_vendor/lib:/opt/ros/jazzy/opt/sdformat_vendor/lib:/opt/ros/jazzy/opt/rviz_ogre_vendor/lib:/opt/ros/jazzy/lib/aarch64-linux-gnu:/opt/ros/jazzy/opt/gz_gui_vendor/lib:/opt/ros/jazzy/opt/gz_transport_vendor/lib:/opt/ros/jazzy/opt/gz_rendering_vendor/lib:/opt/ros/jazzy/opt/gz_plugin_vendor/lib:/opt/ros/jazzy/opt/gz_fuel_tools_vendor/lib:/opt/ros/jazzy/opt/gz_msgs_vendor/lib:/opt/ros/jazzy/opt/gz_common_vendor/lib:/opt/ros/jazzy/opt/gz_math_vendor/lib:/opt/ros/jazzy/opt/gz_utils_vendor/lib:/opt/ros/jazzy/opt/gz_tools_vendor/lib:/opt/ros/jazzy/opt/gz_ogre_next_vendor/lib:/opt/ros/jazzy/opt/gz_dartsim_vendor/lib:/opt/ros/jazzy/opt/gz_cmake_vendor/lib:/opt/ros/jazzy/lib PYTHONPATH=/home/ugv/Desktop/OperationTouchdown/ugv_ws/install/depthai_ros_msgs/lib/python3.12/site-packages:/home/ugv/Desktop/OperationTouchdown/ugv_ws/build/my_ugv_hardware:/home/ugv/Desktop/OperationTouchdown/ugv_ws/install/my_ugv_hardware/lib/python3.12/site-packages:/home/ugv/Desktop/OperationTouchdown/ugv_ws/build/my_ugv_vision:/home/ugv/Desktop/OperationTouchdown/ugv_ws/install/my_ugv_vision/lib/python3.12/site-packages:/home/ugv/Desktop/OperationTouchdown/ugv_ws/install/depthai_ros_driver/lib/python3.12/site-packages:/opt/ros/jazzy/lib/python3.12/site-packages /usr/bin/cmake --install /home/ugv/Desktop/OperationTouchdown/ugv_ws/build/depthai_ros_driver
[11.655s] Level 1:colcon.colcon_core.environment:checking '/home/ugv/Desktop/OperationTouchdown/ugv_ws/install/depthai_ros_driver' for CMake config files
[11.656s] Level 1:colcon.colcon_core.shell:create_environment_hook('depthai_ros_driver', 'cmake_prefix_path')
[11.656s] INFO:colcon.colcon_core.shell:Creating environment hook '/home/ugv/Desktop/OperationTouchdown/ugv_ws/install/depthai_ros_driver/share/depthai_ros_driver/hook/cmake_prefix_path.ps1'
[11.657s] INFO:colcon.colcon_core.shell:Creating environment descriptor '/home/ugv/Desktop/OperationTouchdown/ugv_ws/install/depthai_ros_driver/share/depthai_ros_driver/hook/cmake_prefix_path.dsv'
[11.658s] INFO:colcon.colcon_core.shell:Creating environment hook '/home/ugv/Desktop/OperationTouchdown/ugv_ws/install/depthai_ros_driver/share/depthai_ros_driver/hook/cmake_prefix_path.sh'
[11.659s] Level 1:colcon.colcon_core.environment:checking '/home/ugv/Desktop/OperationTouchdown/ugv_ws/install/depthai_ros_driver/lib'
[11.659s] Level 1:colcon.colcon_core.shell:create_environment_hook('depthai_ros_driver', 'ld_library_path_lib')
[11.659s] INFO:colcon.colcon_core.shell:Creating environment hook '/home/ugv/Desktop/OperationTouchdown/ugv_ws/install/depthai_ros_driver/share/depthai_ros_driver/hook/ld_library_path_lib.ps1'
[11.660s] INFO:colcon.colcon_core.shell:Creating environment descriptor '/home/ugv/Desktop/OperationTouchdown/ugv_ws/install/depthai_ros_driver/share/depthai_ros_driver/hook/ld_library_path_lib.dsv'
[11.660s] INFO:colcon.colcon_core.shell:Creating environment hook '/home/ugv/Desktop/OperationTouchdown/ugv_ws/install/depthai_ros_driver/share/depthai_ros_driver/hook/ld_library_path_lib.sh'
[11.661s] Level 1:colcon.colcon_core.environment:checking '/home/ugv/Desktop/OperationTouchdown/ugv_ws/install/depthai_ros_driver/bin'
[11.661s] Level 1:colcon.colcon_core.environment:checking '/home/ugv/Desktop/OperationTouchdown/ugv_ws/install/depthai_ros_driver/lib/pkgconfig/depthai_ros_driver.pc'
[11.661s] Level 1:colcon.colcon_core.environment:checking '/home/ugv/Desktop/OperationTouchdown/ugv_ws/install/depthai_ros_driver/lib/python3.12/site-packages'
[11.661s] Level 1:colcon.colcon_core.shell:create_environment_hook('depthai_ros_driver', 'pythonpath')
[11.662s] INFO:colcon.colcon_core.shell:Creating environment hook '/home/ugv/Desktop/OperationTouchdown/ugv_ws/install/depthai_ros_driver/share/depthai_ros_driver/hook/pythonpath.ps1'
[11.662s] INFO:colcon.colcon_core.shell:Creating environment descriptor '/home/ugv/Desktop/OperationTouchdown/ugv_ws/install/depthai_ros_driver/share/depthai_ros_driver/hook/pythonpath.dsv'
[11.663s] INFO:colcon.colcon_core.shell:Creating environment hook '/home/ugv/Desktop/OperationTouchdown/ugv_ws/install/depthai_ros_driver/share/depthai_ros_driver/hook/pythonpath.sh'
[11.664s] Level 1:colcon.colcon_core.environment:checking '/home/ugv/Desktop/OperationTouchdown/ugv_ws/install/depthai_ros_driver/bin'
[11.664s] INFO:colcon.colcon_core.shell:Creating package script '/home/ugv/Desktop/OperationTouchdown/ugv_ws/install/depthai_ros_driver/share/depthai_ros_driver/package.ps1'
[11.665s] INFO:colcon.colcon_core.shell:Creating package descriptor '/home/ugv/Desktop/OperationTouchdown/ugv_ws/install/depthai_ros_driver/share/depthai_ros_driver/package.dsv'
[11.666s] INFO:colcon.colcon_core.shell:Creating package script '/home/ugv/Desktop/OperationTouchdown/ugv_ws/install/depthai_ros_driver/share/depthai_ros_driver/package.sh'
[11.667s] INFO:colcon.colcon_core.shell:Creating package script '/home/ugv/Desktop/OperationTouchdown/ugv_ws/install/depthai_ros_driver/share/depthai_ros_driver/package.bash'
[11.667s] INFO:colcon.colcon_core.shell:Creating package script '/home/ugv/Desktop/OperationTouchdown/ugv_ws/install/depthai_ros_driver/share/depthai_ros_driver/package.zsh'
[11.668s] Level 1:colcon.colcon_core.environment:create_file_with_runtime_dependencies(/home/ugv/Desktop/OperationTouchdown/ugv_ws/install/depthai_ros_driver/share/colcon-core/packages/depthai_ros_driver)
[11.669s] Level 1:colcon.colcon_core.environment:create_environment_scripts_only(depthai_ros_driver)
[11.669s] Level 1:colcon.colcon_core.environment:checking '/home/ugv/Desktop/OperationTouchdown/ugv_ws/install/depthai_ros_driver' for CMake module files
[11.670s] Level 1:colcon.colcon_core.environment:checking '/home/ugv/Desktop/OperationTouchdown/ugv_ws/install/depthai_ros_driver' for CMake config files
[11.671s] Level 1:colcon.colcon_core.shell:create_environment_hook('depthai_ros_driver', 'cmake_prefix_path')
[11.671s] INFO:colcon.colcon_core.shell:Creating environment hook '/home/ugv/Desktop/OperationTouchdown/ugv_ws/install/depthai_ros_driver/share/depthai_ros_driver/hook/cmake_prefix_path.ps1'
[11.672s] INFO:colcon.colcon_core.shell:Creating environment descriptor '/home/ugv/Desktop/OperationTouchdown/ugv_ws/install/depthai_ros_driver/share/depthai_ros_driver/hook/cmake_prefix_path.dsv'
[11.672s] INFO:colcon.colcon_core.shell:Creating environment hook '/home/ugv/Desktop/OperationTouchdown/ugv_ws/install/depthai_ros_driver/share/depthai_ros_driver/hook/cmake_prefix_path.sh'
[11.673s] Level 1:colcon.colcon_core.environment:checking '/home/ugv/Desktop/OperationTouchdown/ugv_ws/install/depthai_ros_driver/lib'
[11.674s] Level 1:colcon.colcon_core.shell:create_environment_hook('depthai_ros_driver', 'ld_library_path_lib')
[11.674s] INFO:colcon.colcon_core.shell:Creating environment hook '/home/ugv/Desktop/OperationTouchdown/ugv_ws/install/depthai_ros_driver/share/depthai_ros_driver/hook/ld_library_path_lib.ps1'
[11.674s] INFO:colcon.colcon_core.shell:Creating environment descriptor '/home/ugv/Desktop/OperationTouchdown/ugv_ws/install/depthai_ros_driver/share/depthai_ros_driver/hook/ld_library_path_lib.dsv'
[11.675s] INFO:colcon.colcon_core.shell:Creating environment hook '/home/ugv/Desktop/OperationTouchdown/ugv_ws/install/depthai_ros_driver/share/depthai_ros_driver/hook/ld_library_path_lib.sh'
[11.675s] Level 1:colcon.colcon_core.environment:checking '/home/ugv/Desktop/OperationTouchdown/ugv_ws/install/depthai_ros_driver/bin'
[11.675s] Level 1:colcon.colcon_core.environment:checking '/home/ugv/Desktop/OperationTouchdown/ugv_ws/install/depthai_ros_driver/lib/pkgconfig/depthai_ros_driver.pc'
[11.676s] Level 1:colcon.colcon_core.environment:checking '/home/ugv/Desktop/OperationTouchdown/ugv_ws/install/depthai_ros_driver/lib/python3.12/site-packages'
[11.676s] Level 1:colcon.colcon_core.shell:create_environment_hook('depthai_ros_driver', 'pythonpath')
[11.676s] INFO:colcon.colcon_core.shell:Creating environment hook '/home/ugv/Desktop/OperationTouchdown/ugv_ws/install/depthai_ros_driver/share/depthai_ros_driver/hook/pythonpath.ps1'
[11.677s] INFO:colcon.colcon_core.shell:Creating environment descriptor '/home/ugv/Desktop/OperationTouchdown/ugv_ws/install/depthai_ros_driver/share/depthai_ros_driver/hook/pythonpath.dsv'
[11.677s] INFO:colcon.colcon_core.shell:Creating environment hook '/home/ugv/Desktop/OperationTouchdown/ugv_ws/install/depthai_ros_driver/share/depthai_ros_driver/hook/pythonpath.sh'
[11.678s] Level 1:colcon.colcon_core.environment:checking '/home/ugv/Desktop/OperationTouchdown/ugv_ws/install/depthai_ros_driver/bin'
[11.679s] INFO:colcon.colcon_core.shell:Creating package script '/home/ugv/Desktop/OperationTouchdown/ugv_ws/install/depthai_ros_driver/share/depthai_ros_driver/package.ps1'
[11.680s] INFO:colcon.colcon_core.shell:Creating package descriptor '/home/ugv/Desktop/OperationTouchdown/ugv_ws/install/depthai_ros_driver/share/depthai_ros_driver/package.dsv'
[11.680s] INFO:colcon.colcon_core.shell:Creating package script '/home/ugv/Desktop/OperationTouchdown/ugv_ws/install/depthai_ros_driver/share/depthai_ros_driver/package.sh'
[11.681s] INFO:colcon.colcon_core.shell:Creating package script '/home/ugv/Desktop/OperationTouchdown/ugv_ws/install/depthai_ros_driver/share/depthai_ros_driver/package.bash'
[11.682s] INFO:colcon.colcon_core.shell:Creating package script '/home/ugv/Desktop/OperationTouchdown/ugv_ws/install/depthai_ros_driver/share/depthai_ros_driver/package.zsh'
[11.682s] Level 1:colcon.colcon_core.environment:create_file_with_runtime_dependencies(/home/ugv/Desktop/OperationTouchdown/ugv_ws/install/depthai_ros_driver/share/colcon-core/packages/depthai_ros_driver)
[11.683s] INFO:colcon.colcon_ros.task.ament_cmake.build:Building ROS package in '/home/ugv/Desktop/OperationTouchdown/ugv_ws/src/depthai-ros/depthai-ros' with build type 'ament_cmake'
[11.683s] INFO:colcon.colcon_cmake.task.cmake.build:Building CMake package in '/home/ugv/Desktop/OperationTouchdown/ugv_ws/src/depthai-ros/depthai-ros'
[11.684s] INFO:colcon.colcon_core.shell:Skip shell extension 'powershell' for command environment: Not usable outside of PowerShell
[11.684s] DEBUG:colcon.colcon_core.shell:Skip shell extension 'dsv' for command environment
[11.691s] INFO:colcon.colcon_ros.task.ament_cmake.build:Building ROS package in '/home/ugv/Desktop/OperationTouchdown/ugv_ws/src/my_ugv_bringup' with build type 'ament_cmake'
[11.692s] INFO:colcon.colcon_cmake.task.cmake.build:Building CMake package in '/home/ugv/Desktop/OperationTouchdown/ugv_ws/src/my_ugv_bringup'
[11.692s] INFO:colcon.colcon_core.shell:Skip shell extension 'powershell' for command environment: Not usable outside of PowerShell
[11.692s] DEBUG:colcon.colcon_core.shell:Skip shell extension 'dsv' for command environment
[11.719s] DEBUG:colcon.colcon_core.event_handler.log_command:Invoking command in '/home/ugv/Desktop/OperationTouchdown/ugv_ws/build/depthai-ros': CMAKE_PREFIX_PATH=/home/ugv/Desktop/OperationTouchdown/ugv_ws/install/depthai_ros_driver:/home/ugv/Desktop/OperationTouchdown/ugv_ws/install/depthai_examples:/home/ugv/Desktop/OperationTouchdown/ugv_ws/install/depthai_filters:/home/ugv/Desktop/OperationTouchdown/ugv_ws/install/depthai_bridge:/home/ugv/Desktop/OperationTouchdown/ugv_ws/install/depthai_ros_msgs:/home/ugv/Desktop/OperationTouchdown/ugv_ws/install/depthai_descriptions:/home/ugv/Desktop/OperationTouchdown/ugv_ws/install/my_ugv_description:/home/ugv/Desktop/OperationTouchdown/ugv_ws/install/my_ugv_bringup:/home/ugv/Desktop/OperationTouchdown/ugv_ws/install/rplidar_ros:/home/ugv/Desktop/OperationTouchdown/ugv_ws/install/roboteq_ros2_driver:/home/ugv/Desktop/OperationTouchdown/ugv_ws/install/dual_laser_merger:/home/ugv/Desktop/OperationTouchdown/ugv_ws/install/depthai-ros:/opt/ros/jazzy/opt/gz_sim_vendor:/opt/ros/jazzy/opt/gz_sensors_vendor:/opt/ros/jazzy/opt/gz_physics_vendor:/opt/ros/jazzy/opt/sdformat_vendor:/opt/ros/jazzy/opt/gz_gui_vendor:/opt/ros/jazzy/opt/gz_transport_vendor:/opt/ros/jazzy/opt/gz_rendering_vendor:/opt/ros/jazzy/opt/gz_plugin_vendor:/opt/ros/jazzy/opt/gz_fuel_tools_vendor:/opt/ros/jazzy/opt/gz_msgs_vendor:/opt/ros/jazzy/opt/gz_common_vendor:/opt/ros/jazzy/opt/gz_math_vendor:/opt/ros/jazzy/opt/gz_utils_vendor:/opt/ros/jazzy/opt/gz_tools_vendor:/opt/ros/jazzy/opt/gz_ogre_next_vendor:/opt/ros/jazzy/opt/gz_dartsim_vendor:/opt/ros/jazzy/opt/gz_cmake_vendor:/home/ugv/Desktop/OperationTouchdown/ugv_ws/install/my_ugv_hardware:/home/ugv/Desktop/OperationTouchdown/ugv_ws/install/my_ugv_vision:/opt/ros/jazzy DEBUGINFOD_URLS=https://debuginfod.ubuntu.com GAZEBO_MODEL_PATH=/home/ugv/Desktop/OperationTouchdown/ugv_ws/install/depthai_descriptions:${GAZEBO_MODEL_PATH} GAZEBO_RESOURCE_PATH=/home/ugv/Desktop/OperationTouchdown/ugv_ws/install/depthai_descriptions:${GAZEBO_RESOURCE_PATH} IGN_GAZEBO_MODEL_PATH=/home/ugv/Desktop/OperationTouchdown/ugv_ws/install/depthai_descriptions:${IGN_GAZEBO_MODEL_PATH} IGN_GAZEBO_RESOURCE_PATH=/home/ugv/Desktop/OperationTouchdown/ugv_ws/install/depthai_descriptions:${IGN_GAZEBO_RESOURCE_PATH} LD_LIBRARY_PATH=/home/ugv/Desktop/OperationTouchdown/ugv_ws/install/depthai_ros_driver/lib:/home/ugv/Desktop/OperationTouchdown/ugv_ws/install/depthai_filters/lib:/home/ugv/Desktop/OperationTouchdown/ugv_ws/install/depthai_bridge/lib:/home/ugv/Desktop/OperationTouchdown/ugv_ws/install/depthai_ros_msgs/lib:/home/ugv/Desktop/OperationTouchdown/ugv_ws/install/dual_laser_merger/lib:/opt/ros/jazzy/opt/gz_sim_vendor/lib:/opt/ros/jazzy/opt/gz_sensors_vendor/lib:/opt/ros/jazzy/opt/gz_physics_vendor/lib:/opt/ros/jazzy/opt/sdformat_vendor/lib:/opt/ros/jazzy/opt/rviz_ogre_vendor/lib:/opt/ros/jazzy/lib/aarch64-linux-gnu:/opt/ros/jazzy/opt/gz_gui_vendor/lib:/opt/ros/jazzy/opt/gz_transport_vendor/lib:/opt/ros/jazzy/opt/gz_rendering_vendor/lib:/opt/ros/jazzy/opt/gz_plugin_vendor/lib:/opt/ros/jazzy/opt/gz_fuel_tools_vendor/lib:/opt/ros/jazzy/opt/gz_msgs_vendor/lib:/opt/ros/jazzy/opt/gz_common_vendor/lib:/opt/ros/jazzy/opt/gz_math_vendor/lib:/opt/ros/jazzy/opt/gz_utils_vendor/lib:/opt/ros/jazzy/opt/gz_tools_vendor/lib:/opt/ros/jazzy/opt/gz_ogre_next_vendor/lib:/opt/ros/jazzy/opt/gz_dartsim_vendor/lib:/opt/ros/jazzy/opt/gz_cmake_vendor/lib:/opt/ros/jazzy/lib PYTHONPATH=/home/ugv/Desktop/OperationTouchdown/ugv_ws/install/depthai_ros_driver/lib/python3.12/site-packages:/home/ugv/Desktop/OperationTouchdown/ugv_ws/install/depthai_ros_msgs/lib/python3.12/site-packages:/home/ugv/Desktop/OperationTouchdown/ugv_ws/build/my_ugv_hardware:/home/ugv/Desktop/OperationTouchdown/ugv_ws/install/my_ugv_hardware/lib/python3.12/site-packages:/home/ugv/Desktop/OperationTouchdown/ugv_ws/build/my_ugv_vision:/home/ugv/Desktop/OperationTouchdown/ugv_ws/install/my_ugv_vision/lib/python3.12/site-packages:/opt/ros/jazzy/lib/python3.12/site-packages /usr/bin/cmake /home/ugv/Desktop/OperationTouchdown/ugv_ws/src/depthai-ros/depthai-ros -DAMENT_CMAKE_SYMLINK_INSTALL=1 -DCMAKE_INSTALL_PREFIX=/home/ugv/Desktop/OperationTouchdown/ugv_ws/install/depthai-ros
[11.740s] DEBUG:colcon.colcon_core.event_handler.log_command:Invoking command in '/home/ugv/Desktop/OperationTouchdown/ugv_ws/build/my_ugv_bringup': CMAKE_PREFIX_PATH=/home/ugv/Desktop/OperationTouchdown/ugv_ws/install/depthai_ros_driver:/home/ugv/Desktop/OperationTouchdown/ugv_ws/install/depthai_examples:/home/ugv/Desktop/OperationTouchdown/ugv_ws/install/depthai_bridge:/home/ugv/Desktop/OperationTouchdown/ugv_ws/install/rplidar_ros:/home/ugv/Desktop/OperationTouchdown/ugv_ws/install/roboteq_ros2_driver:/home/ugv/Desktop/OperationTouchdown/ugv_ws/install/my_ugv_description:/home/ugv/Desktop/OperationTouchdown/ugv_ws/install/dual_laser_merger:/home/ugv/Desktop/OperationTouchdown/ugv_ws/install/depthai_ros_msgs:/home/ugv/Desktop/OperationTouchdown/ugv_ws/install/depthai_descriptions:/home/ugv/Desktop/OperationTouchdown/ugv_ws/install/my_ugv_bringup:/home/ugv/Desktop/OperationTouchdown/ugv_ws/install/depthai-ros:/home/ugv/Desktop/OperationTouchdown/ugv_ws/install/depthai_filters:/opt/ros/jazzy/opt/gz_sim_vendor:/opt/ros/jazzy/opt/gz_sensors_vendor:/opt/ros/jazzy/opt/gz_physics_vendor:/opt/ros/jazzy/opt/sdformat_vendor:/opt/ros/jazzy/opt/gz_gui_vendor:/opt/ros/jazzy/opt/gz_transport_vendor:/opt/ros/jazzy/opt/gz_rendering_vendor:/opt/ros/jazzy/opt/gz_plugin_vendor:/opt/ros/jazzy/opt/gz_fuel_tools_vendor:/opt/ros/jazzy/opt/gz_msgs_vendor:/opt/ros/jazzy/opt/gz_common_vendor:/opt/ros/jazzy/opt/gz_math_vendor:/opt/ros/jazzy/opt/gz_utils_vendor:/opt/ros/jazzy/opt/gz_tools_vendor:/opt/ros/jazzy/opt/gz_ogre_next_vendor:/opt/ros/jazzy/opt/gz_dartsim_vendor:/opt/ros/jazzy/opt/gz_cmake_vendor:/home/ugv/Desktop/OperationTouchdown/ugv_ws/install/my_ugv_hardware:/home/ugv/Desktop/OperationTouchdown/ugv_ws/install/my_ugv_vision:/opt/ros/jazzy DEBUGINFOD_URLS=https://debuginfod.ubuntu.com GAZEBO_MODEL_PATH=/home/ugv/Desktop/OperationTouchdown/ugv_ws/install/depthai_descriptions:${GAZEBO_MODEL_PATH} GAZEBO_RESOURCE_PATH=/home/ugv/Desktop/OperationTouchdown/ugv_ws/install/depthai_descriptions:${GAZEBO_RESOURCE_PATH} IGN_GAZEBO_MODEL_PATH=/home/ugv/Desktop/OperationTouchdown/ugv_ws/install/depthai_descriptions:${IGN_GAZEBO_MODEL_PATH} IGN_GAZEBO_RESOURCE_PATH=/home/ugv/Desktop/OperationTouchdown/ugv_ws/install/depthai_descriptions:${IGN_GAZEBO_RESOURCE_PATH} LD_LIBRARY_PATH=/home/ugv/Desktop/OperationTouchdown/ugv_ws/install/depthai_ros_driver/lib:/home/ugv/Desktop/OperationTouchdown/ugv_ws/install/depthai_bridge/lib:/home/ugv/Desktop/OperationTouchdown/ugv_ws/install/dual_laser_merger/lib:/home/ugv/Desktop/OperationTouchdown/ugv_ws/install/depthai_ros_msgs/lib:/home/ugv/Desktop/OperationTouchdown/ugv_ws/install/depthai_filters/lib:/opt/ros/jazzy/opt/gz_sim_vendor/lib:/opt/ros/jazzy/opt/gz_sensors_vendor/lib:/opt/ros/jazzy/opt/gz_physics_vendor/lib:/opt/ros/jazzy/opt/sdformat_vendor/lib:/opt/ros/jazzy/opt/rviz_ogre_vendor/lib:/opt/ros/jazzy/lib/aarch64-linux-gnu:/opt/ros/jazzy/opt/gz_gui_vendor/lib:/opt/ros/jazzy/opt/gz_transport_vendor/lib:/opt/ros/jazzy/opt/gz_rendering_vendor/lib:/opt/ros/jazzy/opt/gz_plugin_vendor/lib:/opt/ros/jazzy/opt/gz_fuel_tools_vendor/lib:/opt/ros/jazzy/opt/gz_msgs_vendor/lib:/opt/ros/jazzy/opt/gz_common_vendor/lib:/opt/ros/jazzy/opt/gz_math_vendor/lib:/opt/ros/jazzy/opt/gz_utils_vendor/lib:/opt/ros/jazzy/opt/gz_tools_vendor/lib:/opt/ros/jazzy/opt/gz_ogre_next_vendor/lib:/opt/ros/jazzy/opt/gz_dartsim_vendor/lib:/opt/ros/jazzy/opt/gz_cmake_vendor/lib:/opt/ros/jazzy/lib PYTHONPATH=/home/ugv/Desktop/OperationTouchdown/ugv_ws/install/depthai_ros_driver/lib/python3.12/site-packages:/home/ugv/Desktop/OperationTouchdown/ugv_ws/build/my_ugv_hardware:/home/ugv/Desktop/OperationTouchdown/ugv_ws/install/my_ugv_hardware/lib/python3.12/site-packages:/home/ugv/Desktop/OperationTouchdown/ugv_ws/install/depthai_ros_msgs/lib/python3.12/site-packages:/home/ugv/Desktop/OperationTouchdown/ugv_ws/build/my_ugv_vision:/home/ugv/Desktop/OperationTouchdown/ugv_ws/install/my_ugv_vision/lib/python3.12/site-packages:/opt/ros/jazzy/lib/python3.12/site-packages /usr/bin/cmake --build /home/ugv/Desktop/OperationTouchdown/ugv_ws/build/my_ugv_bringup -- -j4 -l4
[11.823s] DEBUG:colcon.colcon_core.event_handler.log_command:Invoked command in '/home/ugv/Desktop/OperationTouchdown/ugv_ws/build/my_ugv_bringup' returned '0': CMAKE_PREFIX_PATH=/home/ugv/Desktop/OperationTouchdown/ugv_ws/install/depthai_ros_driver:/home/ugv/Desktop/OperationTouchdown/ugv_ws/install/depthai_examples:/home/ugv/Desktop/OperationTouchdown/ugv_ws/install/depthai_bridge:/home/ugv/Desktop/OperationTouchdown/ugv_ws/install/rplidar_ros:/home/ugv/Desktop/OperationTouchdown/ugv_ws/install/roboteq_ros2_driver:/home/ugv/Desktop/OperationTouchdown/ugv_ws/install/my_ugv_description:/home/ugv/Desktop/OperationTouchdown/ugv_ws/install/dual_laser_merger:/home/ugv/Desktop/OperationTouchdown/ugv_ws/install/depthai_ros_msgs:/home/ugv/Desktop/OperationTouchdown/ugv_ws/install/depthai_descriptions:/home/ugv/Desktop/OperationTouchdown/ugv_ws/install/my_ugv_bringup:/home/ugv/Desktop/OperationTouchdown/ugv_ws/install/depthai-ros:/home/ugv/Desktop/OperationTouchdown/ugv_ws/install/depthai_filters:/opt/ros/jazzy/opt/gz_sim_vendor:/opt/ros/jazzy/opt/gz_sensors_vendor:/opt/ros/jazzy/opt/gz_physics_vendor:/opt/ros/jazzy/opt/sdformat_vendor:/opt/ros/jazzy/opt/gz_gui_vendor:/opt/ros/jazzy/opt/gz_transport_vendor:/opt/ros/jazzy/opt/gz_rendering_vendor:/opt/ros/jazzy/opt/gz_plugin_vendor:/opt/ros/jazzy/opt/gz_fuel_tools_vendor:/opt/ros/jazzy/opt/gz_msgs_vendor:/opt/ros/jazzy/opt/gz_common_vendor:/opt/ros/jazzy/opt/gz_math_vendor:/opt/ros/jazzy/opt/gz_utils_vendor:/opt/ros/jazzy/opt/gz_tools_vendor:/opt/ros/jazzy/opt/gz_ogre_next_vendor:/opt/ros/jazzy/opt/gz_dartsim_vendor:/opt/ros/jazzy/opt/gz_cmake_vendor:/home/ugv/Desktop/OperationTouchdown/ugv_ws/install/my_ugv_hardware:/home/ugv/Desktop/OperationTouchdown/ugv_ws/install/my_ugv_vision:/opt/ros/jazzy DEBUGINFOD_URLS=https://debuginfod.ubuntu.com GAZEBO_MODEL_PATH=/home/ugv/Desktop/OperationTouchdown/ugv_ws/install/depthai_descriptions:${GAZEBO_MODEL_PATH} GAZEBO_RESOURCE_PATH=/home/ugv/Desktop/OperationTouchdown/ugv_ws/install/depthai_descriptions:${GAZEBO_RESOURCE_PATH} IGN_GAZEBO_MODEL_PATH=/home/ugv/Desktop/OperationTouchdown/ugv_ws/install/depthai_descriptions:${IGN_GAZEBO_MODEL_PATH} IGN_GAZEBO_RESOURCE_PATH=/home/ugv/Desktop/OperationTouchdown/ugv_ws/install/depthai_descriptions:${IGN_GAZEBO_RESOURCE_PATH} LD_LIBRARY_PATH=/home/ugv/Desktop/OperationTouchdown/ugv_ws/install/depthai_ros_driver/lib:/home/ugv/Desktop/OperationTouchdown/ugv_ws/install/depthai_bridge/lib:/home/ugv/Desktop/OperationTouchdown/ugv_ws/install/dual_laser_merger/lib:/home/ugv/Desktop/OperationTouchdown/ugv_ws/install/depthai_ros_msgs/lib:/home/ugv/Desktop/OperationTouchdown/ugv_ws/install/depthai_filters/lib:/opt/ros/jazzy/opt/gz_sim_vendor/lib:/opt/ros/jazzy/opt/gz_sensors_vendor/lib:/opt/ros/jazzy/opt/gz_physics_vendor/lib:/opt/ros/jazzy/opt/sdformat_vendor/lib:/opt/ros/jazzy/opt/rviz_ogre_vendor/lib:/opt/ros/jazzy/lib/aarch64-linux-gnu:/opt/ros/jazzy/opt/gz_gui_vendor/lib:/opt/ros/jazzy/opt/gz_transport_vendor/lib:/opt/ros/jazzy/opt/gz_rendering_vendor/lib:/opt/ros/jazzy/opt/gz_plugin_vendor/lib:/opt/ros/jazzy/opt/gz_fuel_tools_vendor/lib:/opt/ros/jazzy/opt/gz_msgs_vendor/lib:/opt/ros/jazzy/opt/gz_common_vendor/lib:/opt/ros/jazzy/opt/gz_math_vendor/lib:/opt/ros/jazzy/opt/gz_utils_vendor/lib:/opt/ros/jazzy/opt/gz_tools_vendor/lib:/opt/ros/jazzy/opt/gz_ogre_next_vendor/lib:/opt/ros/jazzy/opt/gz_dartsim_vendor/lib:/opt/ros/jazzy/opt/gz_cmake_vendor/lib:/opt/ros/jazzy/lib PYTHONPATH=/home/ugv/Desktop/OperationTouchdown/ugv_ws/install/depthai_ros_driver/lib/python3.12/site-packages:/home/ugv/Desktop/OperationTouchdown/ugv_ws/build/my_ugv_hardware:/home/ugv/Desktop/OperationTouchdown/ugv_ws/install/my_ugv_hardware/lib/python3.12/site-packages:/home/ugv/Desktop/OperationTouchdown/ugv_ws/install/depthai_ros_msgs/lib/python3.12/site-packages:/home/ugv/Desktop/OperationTouchdown/ugv_ws/build/my_ugv_vision:/home/ugv/Desktop/OperationTouchdown/ugv_ws/install/my_ugv_vision/lib/python3.12/site-packages:/opt/ros/jazzy/lib/python3.12/site-packages /usr/bin/cmake --build /home/ugv/Desktop/OperationTouchdown/ugv_ws/build/my_ugv_bringup -- -j4 -l4
[11.825s] DEBUG:colcon.colcon_core.event_handler.log_command:Invoking command in '/home/ugv/Desktop/OperationTouchdown/ugv_ws/build/my_ugv_bringup': CMAKE_PREFIX_PATH=/home/ugv/Desktop/OperationTouchdown/ugv_ws/install/depthai_ros_driver:/home/ugv/Desktop/OperationTouchdown/ugv_ws/install/depthai_examples:/home/ugv/Desktop/OperationTouchdown/ugv_ws/install/depthai_bridge:/home/ugv/Desktop/OperationTouchdown/ugv_ws/install/rplidar_ros:/home/ugv/Desktop/OperationTouchdown/ugv_ws/install/roboteq_ros2_driver:/home/ugv/Desktop/OperationTouchdown/ugv_ws/install/my_ugv_description:/home/ugv/Desktop/OperationTouchdown/ugv_ws/install/dual_laser_merger:/home/ugv/Desktop/OperationTouchdown/ugv_ws/install/depthai_ros_msgs:/home/ugv/Desktop/OperationTouchdown/ugv_ws/install/depthai_descriptions:/home/ugv/Desktop/OperationTouchdown/ugv_ws/install/my_ugv_bringup:/home/ugv/Desktop/OperationTouchdown/ugv_ws/install/depthai-ros:/home/ugv/Desktop/OperationTouchdown/ugv_ws/install/depthai_filters:/opt/ros/jazzy/opt/gz_sim_vendor:/opt/ros/jazzy/opt/gz_sensors_vendor:/opt/ros/jazzy/opt/gz_physics_vendor:/opt/ros/jazzy/opt/sdformat_vendor:/opt/ros/jazzy/opt/gz_gui_vendor:/opt/ros/jazzy/opt/gz_transport_vendor:/opt/ros/jazzy/opt/gz_rendering_vendor:/opt/ros/jazzy/opt/gz_plugin_vendor:/opt/ros/jazzy/opt/gz_fuel_tools_vendor:/opt/ros/jazzy/opt/gz_msgs_vendor:/opt/ros/jazzy/opt/gz_common_vendor:/opt/ros/jazzy/opt/gz_math_vendor:/opt/ros/jazzy/opt/gz_utils_vendor:/opt/ros/jazzy/opt/gz_tools_vendor:/opt/ros/jazzy/opt/gz_ogre_next_vendor:/opt/ros/jazzy/opt/gz_dartsim_vendor:/opt/ros/jazzy/opt/gz_cmake_vendor:/home/ugv/Desktop/OperationTouchdown/ugv_ws/install/my_ugv_hardware:/home/ugv/Desktop/OperationTouchdown/ugv_ws/install/my_ugv_vision:/opt/ros/jazzy DEBUGINFOD_URLS=https://debuginfod.ubuntu.com GAZEBO_MODEL_PATH=/home/ugv/Desktop/OperationTouchdown/ugv_ws/install/depthai_descriptions:${GAZEBO_MODEL_PATH} GAZEBO_RESOURCE_PATH=/home/ugv/Desktop/OperationTouchdown/ugv_ws/install/depthai_descriptions:${GAZEBO_RESOURCE_PATH} IGN_GAZEBO_MODEL_PATH=/home/ugv/Desktop/OperationTouchdown/ugv_ws/install/depthai_descriptions:${IGN_GAZEBO_MODEL_PATH} IGN_GAZEBO_RESOURCE_PATH=/home/ugv/Desktop/OperationTouchdown/ugv_ws/install/depthai_descriptions:${IGN_GAZEBO_RESOURCE_PATH} LD_LIBRARY_PATH=/home/ugv/Desktop/OperationTouchdown/ugv_ws/install/depthai_ros_driver/lib:/home/ugv/Desktop/OperationTouchdown/ugv_ws/install/depthai_bridge/lib:/home/ugv/Desktop/OperationTouchdown/ugv_ws/install/dual_laser_merger/lib:/home/ugv/Desktop/OperationTouchdown/ugv_ws/install/depthai_ros_msgs/lib:/home/ugv/Desktop/OperationTouchdown/ugv_ws/install/depthai_filters/lib:/opt/ros/jazzy/opt/gz_sim_vendor/lib:/opt/ros/jazzy/opt/gz_sensors_vendor/lib:/opt/ros/jazzy/opt/gz_physics_vendor/lib:/opt/ros/jazzy/opt/sdformat_vendor/lib:/opt/ros/jazzy/opt/rviz_ogre_vendor/lib:/opt/ros/jazzy/lib/aarch64-linux-gnu:/opt/ros/jazzy/opt/gz_gui_vendor/lib:/opt/ros/jazzy/opt/gz_transport_vendor/lib:/opt/ros/jazzy/opt/gz_rendering_vendor/lib:/opt/ros/jazzy/opt/gz_plugin_vendor/lib:/opt/ros/jazzy/opt/gz_fuel_tools_vendor/lib:/opt/ros/jazzy/opt/gz_msgs_vendor/lib:/opt/ros/jazzy/opt/gz_common_vendor/lib:/opt/ros/jazzy/opt/gz_math_vendor/lib:/opt/ros/jazzy/opt/gz_utils_vendor/lib:/opt/ros/jazzy/opt/gz_tools_vendor/lib:/opt/ros/jazzy/opt/gz_ogre_next_vendor/lib:/opt/ros/jazzy/opt/gz_dartsim_vendor/lib:/opt/ros/jazzy/opt/gz_cmake_vendor/lib:/opt/ros/jazzy/lib PYTHONPATH=/home/ugv/Desktop/OperationTouchdown/ugv_ws/install/depthai_ros_driver/lib/python3.12/site-packages:/home/ugv/Desktop/OperationTouchdown/ugv_ws/build/my_ugv_hardware:/home/ugv/Desktop/OperationTouchdown/ugv_ws/install/my_ugv_hardware/lib/python3.12/site-packages:/home/ugv/Desktop/OperationTouchdown/ugv_ws/install/depthai_ros_msgs/lib/python3.12/site-packages:/home/ugv/Desktop/OperationTouchdown/ugv_ws/build/my_ugv_vision:/home/ugv/Desktop/OperationTouchdown/ugv_ws/install/my_ugv_vision/lib/python3.12/site-packages:/opt/ros/jazzy/lib/python3.12/site-packages /usr/bin/cmake --install /home/ugv/Desktop/OperationTouchdown/ugv_ws/build/my_ugv_bringup
[11.938s] Level 1:colcon.colcon_core.environment:create_environment_scripts_only(my_ugv_bringup)
[11.938s] Level 1:colcon.colcon_core.environment:checking '/home/ugv/Desktop/OperationTouchdown/ugv_ws/install/my_ugv_bringup' for CMake module files
[11.939s] DEBUG:colcon.colcon_core.event_handler.log_command:Invoked command in '/home/ugv/Desktop/OperationTouchdown/ugv_ws/build/my_ugv_bringup' returned '0': CMAKE_PREFIX_PATH=/home/ugv/Desktop/OperationTouchdown/ugv_ws/install/depthai_ros_driver:/home/ugv/Desktop/OperationTouchdown/ugv_ws/install/depthai_examples:/home/ugv/Desktop/OperationTouchdown/ugv_ws/install/depthai_bridge:/home/ugv/Desktop/OperationTouchdown/ugv_ws/install/rplidar_ros:/home/ugv/Desktop/OperationTouchdown/ugv_ws/install/roboteq_ros2_driver:/home/ugv/Desktop/OperationTouchdown/ugv_ws/install/my_ugv_description:/home/ugv/Desktop/OperationTouchdown/ugv_ws/install/dual_laser_merger:/home/ugv/Desktop/OperationTouchdown/ugv_ws/install/depthai_ros_msgs:/home/ugv/Desktop/OperationTouchdown/ugv_ws/install/depthai_descriptions:/home/ugv/Desktop/OperationTouchdown/ugv_ws/install/my_ugv_bringup:/home/ugv/Desktop/OperationTouchdown/ugv_ws/install/depthai-ros:/home/ugv/Desktop/OperationTouchdown/ugv_ws/install/depthai_filters:/opt/ros/jazzy/opt/gz_sim_vendor:/opt/ros/jazzy/opt/gz_sensors_vendor:/opt/ros/jazzy/opt/gz_physics_vendor:/opt/ros/jazzy/opt/sdformat_vendor:/opt/ros/jazzy/opt/gz_gui_vendor:/opt/ros/jazzy/opt/gz_transport_vendor:/opt/ros/jazzy/opt/gz_rendering_vendor:/opt/ros/jazzy/opt/gz_plugin_vendor:/opt/ros/jazzy/opt/gz_fuel_tools_vendor:/opt/ros/jazzy/opt/gz_msgs_vendor:/opt/ros/jazzy/opt/gz_common_vendor:/opt/ros/jazzy/opt/gz_math_vendor:/opt/ros/jazzy/opt/gz_utils_vendor:/opt/ros/jazzy/opt/gz_tools_vendor:/opt/ros/jazzy/opt/gz_ogre_next_vendor:/opt/ros/jazzy/opt/gz_dartsim_vendor:/opt/ros/jazzy/opt/gz_cmake_vendor:/home/ugv/Desktop/OperationTouchdown/ugv_ws/install/my_ugv_hardware:/home/ugv/Desktop/OperationTouchdown/ugv_ws/install/my_ugv_vision:/opt/ros/jazzy DEBUGINFOD_URLS=https://debuginfod.ubuntu.com GAZEBO_MODEL_PATH=/home/ugv/Desktop/OperationTouchdown/ugv_ws/install/depthai_descriptions:${GAZEBO_MODEL_PATH} GAZEBO_RESOURCE_PATH=/home/ugv/Desktop/OperationTouchdown/ugv_ws/install/depthai_descriptions:${GAZEBO_RESOURCE_PATH} IGN_GAZEBO_MODEL_PATH=/home/ugv/Desktop/OperationTouchdown/ugv_ws/install/depthai_descriptions:${IGN_GAZEBO_MODEL_PATH} IGN_GAZEBO_RESOURCE_PATH=/home/ugv/Desktop/OperationTouchdown/ugv_ws/install/depthai_descriptions:${IGN_GAZEBO_RESOURCE_PATH} LD_LIBRARY_PATH=/home/ugv/Desktop/OperationTouchdown/ugv_ws/install/depthai_ros_driver/lib:/home/ugv/Desktop/OperationTouchdown/ugv_ws/install/depthai_bridge/lib:/home/ugv/Desktop/OperationTouchdown/ugv_ws/install/dual_laser_merger/lib:/home/ugv/Desktop/OperationTouchdown/ugv_ws/install/depthai_ros_msgs/lib:/home/ugv/Desktop/OperationTouchdown/ugv_ws/install/depthai_filters/lib:/opt/ros/jazzy/opt/gz_sim_vendor/lib:/opt/ros/jazzy/opt/gz_sensors_vendor/lib:/opt/ros/jazzy/opt/gz_physics_vendor/lib:/opt/ros/jazzy/opt/sdformat_vendor/lib:/opt/ros/jazzy/opt/rviz_ogre_vendor/lib:/opt/ros/jazzy/lib/aarch64-linux-gnu:/opt/ros/jazzy/opt/gz_gui_vendor/lib:/opt/ros/jazzy/opt/gz_transport_vendor/lib:/opt/ros/jazzy/opt/gz_rendering_vendor/lib:/opt/ros/jazzy/opt/gz_plugin_vendor/lib:/opt/ros/jazzy/opt/gz_fuel_tools_vendor/lib:/opt/ros/jazzy/opt/gz_msgs_vendor/lib:/opt/ros/jazzy/opt/gz_common_vendor/lib:/opt/ros/jazzy/opt/gz_math_vendor/lib:/opt/ros/jazzy/opt/gz_utils_vendor/lib:/opt/ros/jazzy/opt/gz_tools_vendor/lib:/opt/ros/jazzy/opt/gz_ogre_next_vendor/lib:/opt/ros/jazzy/opt/gz_dartsim_vendor/lib:/opt/ros/jazzy/opt/gz_cmake_vendor/lib:/opt/ros/jazzy/lib PYTHONPATH=/home/ugv/Desktop/OperationTouchdown/ugv_ws/install/depthai_ros_driver/lib/python3.12/site-packages:/home/ugv/Desktop/OperationTouchdown/ugv_ws/build/my_ugv_hardware:/home/ugv/Desktop/OperationTouchdown/ugv_ws/install/my_ugv_hardware/lib/python3.12/site-packages:/home/ugv/Desktop/OperationTouchdown/ugv_ws/install/depthai_ros_msgs/lib/python3.12/site-packages:/home/ugv/Desktop/OperationTouchdown/ugv_ws/build/my_ugv_vision:/home/ugv/Desktop/OperationTouchdown/ugv_ws/install/my_ugv_vision/lib/python3.12/site-packages:/opt/ros/jazzy/lib/python3.12/site-packages /usr/bin/cmake --install /home/ugv/Desktop/OperationTouchdown/ugv_ws/build/my_ugv_bringup
[11.940s] Level 1:colcon.colcon_core.environment:checking '/home/ugv/Desktop/OperationTouchdown/ugv_ws/install/my_ugv_bringup' for CMake config files
[11.941s] Level 1:colcon.colcon_core.shell:create_environment_hook('my_ugv_bringup', 'cmake_prefix_path')
[11.941s] INFO:colcon.colcon_core.shell:Creating environment hook '/home/ugv/Desktop/OperationTouchdown/ugv_ws/install/my_ugv_bringup/share/my_ugv_bringup/hook/cmake_prefix_path.ps1'
[11.942s] INFO:colcon.colcon_core.shell:Creating environment descriptor '/home/ugv/Desktop/OperationTouchdown/ugv_ws/install/my_ugv_bringup/share/my_ugv_bringup/hook/cmake_prefix_path.dsv'
[11.943s] INFO:colcon.colcon_core.shell:Creating environment hook '/home/ugv/Desktop/OperationTouchdown/ugv_ws/install/my_ugv_bringup/share/my_ugv_bringup/hook/cmake_prefix_path.sh'
[11.944s] Level 1:colcon.colcon_core.environment:checking '/home/ugv/Desktop/OperationTouchdown/ugv_ws/install/my_ugv_bringup/lib'
[11.944s] Level 1:colcon.colcon_core.environment:checking '/home/ugv/Desktop/OperationTouchdown/ugv_ws/install/my_ugv_bringup/bin'
[11.944s] Level 1:colcon.colcon_core.environment:checking '/home/ugv/Desktop/OperationTouchdown/ugv_ws/install/my_ugv_bringup/lib/pkgconfig/my_ugv_bringup.pc'
[11.944s] Level 1:colcon.colcon_core.environment:checking '/home/ugv/Desktop/OperationTouchdown/ugv_ws/install/my_ugv_bringup/lib/python3.12/site-packages'
[11.945s] Level 1:colcon.colcon_core.environment:checking '/home/ugv/Desktop/OperationTouchdown/ugv_ws/install/my_ugv_bringup/bin'
[11.945s] INFO:colcon.colcon_core.shell:Creating package script '/home/ugv/Desktop/OperationTouchdown/ugv_ws/install/my_ugv_bringup/share/my_ugv_bringup/package.ps1'
[11.946s] INFO:colcon.colcon_core.shell:Creating package descriptor '/home/ugv/Desktop/OperationTouchdown/ugv_ws/install/my_ugv_bringup/share/my_ugv_bringup/package.dsv'
[11.947s] INFO:colcon.colcon_core.shell:Creating package script '/home/ugv/Desktop/OperationTouchdown/ugv_ws/install/my_ugv_bringup/share/my_ugv_bringup/package.sh'
[11.947s] INFO:colcon.colcon_core.shell:Creating package script '/home/ugv/Desktop/OperationTouchdown/ugv_ws/install/my_ugv_bringup/share/my_ugv_bringup/package.bash'
[11.948s] INFO:colcon.colcon_core.shell:Creating package script '/home/ugv/Desktop/OperationTouchdown/ugv_ws/install/my_ugv_bringup/share/my_ugv_bringup/package.zsh'
[11.948s] Level 1:colcon.colcon_core.environment:create_file_with_runtime_dependencies(/home/ugv/Desktop/OperationTouchdown/ugv_ws/install/my_ugv_bringup/share/colcon-core/packages/my_ugv_bringup)
[11.950s] Level 1:colcon.colcon_core.environment:create_environment_scripts_only(my_ugv_bringup)
[11.950s] Level 1:colcon.colcon_core.environment:checking '/home/ugv/Desktop/OperationTouchdown/ugv_ws/install/my_ugv_bringup' for CMake module files
[11.951s] Level 1:colcon.colcon_core.environment:checking '/home/ugv/Desktop/OperationTouchdown/ugv_ws/install/my_ugv_bringup' for CMake config files
[11.952s] Level 1:colcon.colcon_core.shell:create_environment_hook('my_ugv_bringup', 'cmake_prefix_path')
[11.952s] INFO:colcon.colcon_core.shell:Creating environment hook '/home/ugv/Desktop/OperationTouchdown/ugv_ws/install/my_ugv_bringup/share/my_ugv_bringup/hook/cmake_prefix_path.ps1'
[11.953s] INFO:colcon.colcon_core.shell:Creating environment descriptor '/home/ugv/Desktop/OperationTouchdown/ugv_ws/install/my_ugv_bringup/share/my_ugv_bringup/hook/cmake_prefix_path.dsv'
[11.953s] INFO:colcon.colcon_core.shell:Creating environment hook '/home/ugv/Desktop/OperationTouchdown/ugv_ws/install/my_ugv_bringup/share/my_ugv_bringup/hook/cmake_prefix_path.sh'
[11.954s] Level 1:colcon.colcon_core.environment:checking '/home/ugv/Desktop/OperationTouchdown/ugv_ws/install/my_ugv_bringup/lib'
[11.954s] Level 1:colcon.colcon_core.environment:checking '/home/ugv/Desktop/OperationTouchdown/ugv_ws/install/my_ugv_bringup/bin'
[11.954s] Level 1:colcon.colcon_core.environment:checking '/home/ugv/Desktop/OperationTouchdown/ugv_ws/install/my_ugv_bringup/lib/pkgconfig/my_ugv_bringup.pc'
[11.955s] Level 1:colcon.colcon_core.environment:checking '/home/ugv/Desktop/OperationTouchdown/ugv_ws/install/my_ugv_bringup/lib/python3.12/site-packages'
[11.955s] Level 1:colcon.colcon_core.environment:checking '/home/ugv/Desktop/OperationTouchdown/ugv_ws/install/my_ugv_bringup/bin'
[11.955s] INFO:colcon.colcon_core.shell:Creating package script '/home/ugv/Desktop/OperationTouchdown/ugv_ws/install/my_ugv_bringup/share/my_ugv_bringup/package.ps1'
[11.956s] INFO:colcon.colcon_core.shell:Creating package descriptor '/home/ugv/Desktop/OperationTouchdown/ugv_ws/install/my_ugv_bringup/share/my_ugv_bringup/package.dsv'
[11.957s] INFO:colcon.colcon_core.shell:Creating package script '/home/ugv/Desktop/OperationTouchdown/ugv_ws/install/my_ugv_bringup/share/my_ugv_bringup/package.sh'
[11.958s] INFO:colcon.colcon_core.shell:Creating package script '/home/ugv/Desktop/OperationTouchdown/ugv_ws/install/my_ugv_bringup/share/my_ugv_bringup/package.bash'
[11.958s] INFO:colcon.colcon_core.shell:Creating package script '/home/ugv/Desktop/OperationTouchdown/ugv_ws/install/my_ugv_bringup/share/my_ugv_bringup/package.zsh'
[11.959s] Level 1:colcon.colcon_core.environment:create_file_with_runtime_dependencies(/home/ugv/Desktop/OperationTouchdown/ugv_ws/install/my_ugv_bringup/share/colcon-core/packages/my_ugv_bringup)
[12.296s] DEBUG:colcon.colcon_core.event_handler.log_command:Invoked command in '/home/ugv/Desktop/OperationTouchdown/ugv_ws/build/depthai-ros' returned '0': CMAKE_PREFIX_PATH=/home/ugv/Desktop/OperationTouchdown/ugv_ws/install/depthai_ros_driver:/home/ugv/Desktop/OperationTouchdown/ugv_ws/install/depthai_examples:/home/ugv/Desktop/OperationTouchdown/ugv_ws/install/depthai_filters:/home/ugv/Desktop/OperationTouchdown/ugv_ws/install/depthai_bridge:/home/ugv/Desktop/OperationTouchdown/ugv_ws/install/depthai_ros_msgs:/home/ugv/Desktop/OperationTouchdown/ugv_ws/install/depthai_descriptions:/home/ugv/Desktop/OperationTouchdown/ugv_ws/install/my_ugv_description:/home/ugv/Desktop/OperationTouchdown/ugv_ws/install/my_ugv_bringup:/home/ugv/Desktop/OperationTouchdown/ugv_ws/install/rplidar_ros:/home/ugv/Desktop/OperationTouchdown/ugv_ws/install/roboteq_ros2_driver:/home/ugv/Desktop/OperationTouchdown/ugv_ws/install/dual_laser_merger:/home/ugv/Desktop/OperationTouchdown/ugv_ws/install/depthai-ros:/opt/ros/jazzy/opt/gz_sim_vendor:/opt/ros/jazzy/opt/gz_sensors_vendor:/opt/ros/jazzy/opt/gz_physics_vendor:/opt/ros/jazzy/opt/sdformat_vendor:/opt/ros/jazzy/opt/gz_gui_vendor:/opt/ros/jazzy/opt/gz_transport_vendor:/opt/ros/jazzy/opt/gz_rendering_vendor:/opt/ros/jazzy/opt/gz_plugin_vendor:/opt/ros/jazzy/opt/gz_fuel_tools_vendor:/opt/ros/jazzy/opt/gz_msgs_vendor:/opt/ros/jazzy/opt/gz_common_vendor:/opt/ros/jazzy/opt/gz_math_vendor:/opt/ros/jazzy/opt/gz_utils_vendor:/opt/ros/jazzy/opt/gz_tools_vendor:/opt/ros/jazzy/opt/gz_ogre_next_vendor:/opt/ros/jazzy/opt/gz_dartsim_vendor:/opt/ros/jazzy/opt/gz_cmake_vendor:/home/ugv/Desktop/OperationTouchdown/ugv_ws/install/my_ugv_hardware:/home/ugv/Desktop/OperationTouchdown/ugv_ws/install/my_ugv_vision:/opt/ros/jazzy DEBUGINFOD_URLS=https://debuginfod.ubuntu.com GAZEBO_MODEL_PATH=/home/ugv/Desktop/OperationTouchdown/ugv_ws/install/depthai_descriptions:${GAZEBO_MODEL_PATH} GAZEBO_RESOURCE_PATH=/home/ugv/Desktop/OperationTouchdown/ugv_ws/install/depthai_descriptions:${GAZEBO_RESOURCE_PATH} IGN_GAZEBO_MODEL_PATH=/home/ugv/Desktop/OperationTouchdown/ugv_ws/install/depthai_descriptions:${IGN_GAZEBO_MODEL_PATH} IGN_GAZEBO_RESOURCE_PATH=/home/ugv/Desktop/OperationTouchdown/ugv_ws/install/depthai_descriptions:${IGN_GAZEBO_RESOURCE_PATH} LD_LIBRARY_PATH=/home/ugv/Desktop/OperationTouchdown/ugv_ws/install/depthai_ros_driver/lib:/home/ugv/Desktop/OperationTouchdown/ugv_ws/install/depthai_filters/lib:/home/ugv/Desktop/OperationTouchdown/ugv_ws/install/depthai_bridge/lib:/home/ugv/Desktop/OperationTouchdown/ugv_ws/install/depthai_ros_msgs/lib:/home/ugv/Desktop/OperationTouchdown/ugv_ws/install/dual_laser_merger/lib:/opt/ros/jazzy/opt/gz_sim_vendor/lib:/opt/ros/jazzy/opt/gz_sensors_vendor/lib:/opt/ros/jazzy/opt/gz_physics_vendor/lib:/opt/ros/jazzy/opt/sdformat_vendor/lib:/opt/ros/jazzy/opt/rviz_ogre_vendor/lib:/opt/ros/jazzy/lib/aarch64-linux-gnu:/opt/ros/jazzy/opt/gz_gui_vendor/lib:/opt/ros/jazzy/opt/gz_transport_vendor/lib:/opt/ros/jazzy/opt/gz_rendering_vendor/lib:/opt/ros/jazzy/opt/gz_plugin_vendor/lib:/opt/ros/jazzy/opt/gz_fuel_tools_vendor/lib:/opt/ros/jazzy/opt/gz_msgs_vendor/lib:/opt/ros/jazzy/opt/gz_common_vendor/lib:/opt/ros/jazzy/opt/gz_math_vendor/lib:/opt/ros/jazzy/opt/gz_utils_vendor/lib:/opt/ros/jazzy/opt/gz_tools_vendor/lib:/opt/ros/jazzy/opt/gz_ogre_next_vendor/lib:/opt/ros/jazzy/opt/gz_dartsim_vendor/lib:/opt/ros/jazzy/opt/gz_cmake_vendor/lib:/opt/ros/jazzy/lib PYTHONPATH=/home/ugv/Desktop/OperationTouchdown/ugv_ws/install/depthai_ros_driver/lib/python3.12/site-packages:/home/ugv/Desktop/OperationTouchdown/ugv_ws/install/depthai_ros_msgs/lib/python3.12/site-packages:/home/ugv/Desktop/OperationTouchdown/ugv_ws/build/my_ugv_hardware:/home/ugv/Desktop/OperationTouchdown/ugv_ws/install/my_ugv_hardware/lib/python3.12/site-packages:/home/ugv/Desktop/OperationTouchdown/ugv_ws/build/my_ugv_vision:/home/ugv/Desktop/OperationTouchdown/ugv_ws/install/my_ugv_vision/lib/python3.12/site-packages:/opt/ros/jazzy/lib/python3.12/site-packages /usr/bin/cmake /home/ugv/Desktop/OperationTouchdown/ugv_ws/src/depthai-ros/depthai-ros -DAMENT_CMAKE_SYMLINK_INSTALL=1 -DCMAKE_INSTALL_PREFIX=/home/ugv/Desktop/OperationTouchdown/ugv_ws/install/depthai-ros
[12.298s] DEBUG:colcon.colcon_core.event_handler.log_command:Invoking command in '/home/ugv/Desktop/OperationTouchdown/ugv_ws/build/depthai-ros': CMAKE_PREFIX_PATH=/home/ugv/Desktop/OperationTouchdown/ugv_ws/install/depthai_ros_driver:/home/ugv/Desktop/OperationTouchdown/ugv_ws/install/depthai_examples:/home/ugv/Desktop/OperationTouchdown/ugv_ws/install/depthai_filters:/home/ugv/Desktop/OperationTouchdown/ugv_ws/install/depthai_bridge:/home/ugv/Desktop/OperationTouchdown/ugv_ws/install/depthai_ros_msgs:/home/ugv/Desktop/OperationTouchdown/ugv_ws/install/depthai_descriptions:/home/ugv/Desktop/OperationTouchdown/ugv_ws/install/my_ugv_description:/home/ugv/Desktop/OperationTouchdown/ugv_ws/install/my_ugv_bringup:/home/ugv/Desktop/OperationTouchdown/ugv_ws/install/rplidar_ros:/home/ugv/Desktop/OperationTouchdown/ugv_ws/install/roboteq_ros2_driver:/home/ugv/Desktop/OperationTouchdown/ugv_ws/install/dual_laser_merger:/home/ugv/Desktop/OperationTouchdown/ugv_ws/install/depthai-ros:/opt/ros/jazzy/opt/gz_sim_vendor:/opt/ros/jazzy/opt/gz_sensors_vendor:/opt/ros/jazzy/opt/gz_physics_vendor:/opt/ros/jazzy/opt/sdformat_vendor:/opt/ros/jazzy/opt/gz_gui_vendor:/opt/ros/jazzy/opt/gz_transport_vendor:/opt/ros/jazzy/opt/gz_rendering_vendor:/opt/ros/jazzy/opt/gz_plugin_vendor:/opt/ros/jazzy/opt/gz_fuel_tools_vendor:/opt/ros/jazzy/opt/gz_msgs_vendor:/opt/ros/jazzy/opt/gz_common_vendor:/opt/ros/jazzy/opt/gz_math_vendor:/opt/ros/jazzy/opt/gz_utils_vendor:/opt/ros/jazzy/opt/gz_tools_vendor:/opt/ros/jazzy/opt/gz_ogre_next_vendor:/opt/ros/jazzy/opt/gz_dartsim_vendor:/opt/ros/jazzy/opt/gz_cmake_vendor:/home/ugv/Desktop/OperationTouchdown/ugv_ws/install/my_ugv_hardware:/home/ugv/Desktop/OperationTouchdown/ugv_ws/install/my_ugv_vision:/opt/ros/jazzy DEBUGINFOD_URLS=https://debuginfod.ubuntu.com GAZEBO_MODEL_PATH=/home/ugv/Desktop/OperationTouchdown/ugv_ws/install/depthai_descriptions:${GAZEBO_MODEL_PATH} GAZEBO_RESOURCE_PATH=/home/ugv/Desktop/OperationTouchdown/ugv_ws/install/depthai_descriptions:${GAZEBO_RESOURCE_PATH} IGN_GAZEBO_MODEL_PATH=/home/ugv/Desktop/OperationTouchdown/ugv_ws/install/depthai_descriptions:${IGN_GAZEBO_MODEL_PATH} IGN_GAZEBO_RESOURCE_PATH=/home/ugv/Desktop/OperationTouchdown/ugv_ws/install/depthai_descriptions:${IGN_GAZEBO_RESOURCE_PATH} LD_LIBRARY_PATH=/home/ugv/Desktop/OperationTouchdown/ugv_ws/install/depthai_ros_driver/lib:/home/ugv/Desktop/OperationTouchdown/ugv_ws/install/depthai_filters/lib:/home/ugv/Desktop/OperationTouchdown/ugv_ws/install/depthai_bridge/lib:/home/ugv/Desktop/OperationTouchdown/ugv_ws/install/depthai_ros_msgs/lib:/home/ugv/Desktop/OperationTouchdown/ugv_ws/install/dual_laser_merger/lib:/opt/ros/jazzy/opt/gz_sim_vendor/lib:/opt/ros/jazzy/opt/gz_sensors_vendor/lib:/opt/ros/jazzy/opt/gz_physics_vendor/lib:/opt/ros/jazzy/opt/sdformat_vendor/lib:/opt/ros/jazzy/opt/rviz_ogre_vendor/lib:/opt/ros/jazzy/lib/aarch64-linux-gnu:/opt/ros/jazzy/opt/gz_gui_vendor/lib:/opt/ros/jazzy/opt/gz_transport_vendor/lib:/opt/ros/jazzy/opt/gz_rendering_vendor/lib:/opt/ros/jazzy/opt/gz_plugin_vendor/lib:/opt/ros/jazzy/opt/gz_fuel_tools_vendor/lib:/opt/ros/jazzy/opt/gz_msgs_vendor/lib:/opt/ros/jazzy/opt/gz_common_vendor/lib:/opt/ros/jazzy/opt/gz_math_vendor/lib:/opt/ros/jazzy/opt/gz_utils_vendor/lib:/opt/ros/jazzy/opt/gz_tools_vendor/lib:/opt/ros/jazzy/opt/gz_ogre_next_vendor/lib:/opt/ros/jazzy/opt/gz_dartsim_vendor/lib:/opt/ros/jazzy/opt/gz_cmake_vendor/lib:/opt/ros/jazzy/lib PYTHONPATH=/home/ugv/Desktop/OperationTouchdown/ugv_ws/install/depthai_ros_driver/lib/python3.12/site-packages:/home/ugv/Desktop/OperationTouchdown/ugv_ws/install/depthai_ros_msgs/lib/python3.12/site-packages:/home/ugv/Desktop/OperationTouchdown/ugv_ws/build/my_ugv_hardware:/home/ugv/Desktop/OperationTouchdown/ugv_ws/install/my_ugv_hardware/lib/python3.12/site-packages:/home/ugv/Desktop/OperationTouchdown/ugv_ws/build/my_ugv_vision:/home/ugv/Desktop/OperationTouchdown/ugv_ws/install/my_ugv_vision/lib/python3.12/site-packages:/opt/ros/jazzy/lib/python3.12/site-packages /usr/bin/cmake --build /home/ugv/Desktop/OperationTouchdown/ugv_ws/build/depthai-ros -- -j4 -l4
[12.378s] DEBUG:colcon.colcon_core.event_handler.log_command:Invoked command in '/home/ugv/Desktop/OperationTouchdown/ugv_ws/build/depthai-ros' returned '0': CMAKE_PREFIX_PATH=/home/ugv/Desktop/OperationTouchdown/ugv_ws/install/depthai_ros_driver:/home/ugv/Desktop/OperationTouchdown/ugv_ws/install/depthai_examples:/home/ugv/Desktop/OperationTouchdown/ugv_ws/install/depthai_filters:/home/ugv/Desktop/OperationTouchdown/ugv_ws/install/depthai_bridge:/home/ugv/Desktop/OperationTouchdown/ugv_ws/install/depthai_ros_msgs:/home/ugv/Desktop/OperationTouchdown/ugv_ws/install/depthai_descriptions:/home/ugv/Desktop/OperationTouchdown/ugv_ws/install/my_ugv_description:/home/ugv/Desktop/OperationTouchdown/ugv_ws/install/my_ugv_bringup:/home/ugv/Desktop/OperationTouchdown/ugv_ws/install/rplidar_ros:/home/ugv/Desktop/OperationTouchdown/ugv_ws/install/roboteq_ros2_driver:/home/ugv/Desktop/OperationTouchdown/ugv_ws/install/dual_laser_merger:/home/ugv/Desktop/OperationTouchdown/ugv_ws/install/depthai-ros:/opt/ros/jazzy/opt/gz_sim_vendor:/opt/ros/jazzy/opt/gz_sensors_vendor:/opt/ros/jazzy/opt/gz_physics_vendor:/opt/ros/jazzy/opt/sdformat_vendor:/opt/ros/jazzy/opt/gz_gui_vendor:/opt/ros/jazzy/opt/gz_transport_vendor:/opt/ros/jazzy/opt/gz_rendering_vendor:/opt/ros/jazzy/opt/gz_plugin_vendor:/opt/ros/jazzy/opt/gz_fuel_tools_vendor:/opt/ros/jazzy/opt/gz_msgs_vendor:/opt/ros/jazzy/opt/gz_common_vendor:/opt/ros/jazzy/opt/gz_math_vendor:/opt/ros/jazzy/opt/gz_utils_vendor:/opt/ros/jazzy/opt/gz_tools_vendor:/opt/ros/jazzy/opt/gz_ogre_next_vendor:/opt/ros/jazzy/opt/gz_dartsim_vendor:/opt/ros/jazzy/opt/gz_cmake_vendor:/home/ugv/Desktop/OperationTouchdown/ugv_ws/install/my_ugv_hardware:/home/ugv/Desktop/OperationTouchdown/ugv_ws/install/my_ugv_vision:/opt/ros/jazzy DEBUGINFOD_URLS=https://debuginfod.ubuntu.com GAZEBO_MODEL_PATH=/home/ugv/Desktop/OperationTouchdown/ugv_ws/install/depthai_descriptions:${GAZEBO_MODEL_PATH} GAZEBO_RESOURCE_PATH=/home/ugv/Desktop/OperationTouchdown/ugv_ws/install/depthai_descriptions:${GAZEBO_RESOURCE_PATH} IGN_GAZEBO_MODEL_PATH=/home/ugv/Desktop/OperationTouchdown/ugv_ws/install/depthai_descriptions:${IGN_GAZEBO_MODEL_PATH} IGN_GAZEBO_RESOURCE_PATH=/home/ugv/Desktop/OperationTouchdown/ugv_ws/install/depthai_descriptions:${IGN_GAZEBO_RESOURCE_PATH} LD_LIBRARY_PATH=/home/ugv/Desktop/OperationTouchdown/ugv_ws/install/depthai_ros_driver/lib:/home/ugv/Desktop/OperationTouchdown/ugv_ws/install/depthai_filters/lib:/home/ugv/Desktop/OperationTouchdown/ugv_ws/install/depthai_bridge/lib:/home/ugv/Desktop/OperationTouchdown/ugv_ws/install/depthai_ros_msgs/lib:/home/ugv/Desktop/OperationTouchdown/ugv_ws/install/dual_laser_merger/lib:/opt/ros/jazzy/opt/gz_sim_vendor/lib:/opt/ros/jazzy/opt/gz_sensors_vendor/lib:/opt/ros/jazzy/opt/gz_physics_vendor/lib:/opt/ros/jazzy/opt/sdformat_vendor/lib:/opt/ros/jazzy/opt/rviz_ogre_vendor/lib:/opt/ros/jazzy/lib/aarch64-linux-gnu:/opt/ros/jazzy/opt/gz_gui_vendor/lib:/opt/ros/jazzy/opt/gz_transport_vendor/lib:/opt/ros/jazzy/opt/gz_rendering_vendor/lib:/opt/ros/jazzy/opt/gz_plugin_vendor/lib:/opt/ros/jazzy/opt/gz_fuel_tools_vendor/lib:/opt/ros/jazzy/opt/gz_msgs_vendor/lib:/opt/ros/jazzy/opt/gz_common_vendor/lib:/opt/ros/jazzy/opt/gz_math_vendor/lib:/opt/ros/jazzy/opt/gz_utils_vendor/lib:/opt/ros/jazzy/opt/gz_tools_vendor/lib:/opt/ros/jazzy/opt/gz_ogre_next_vendor/lib:/opt/ros/jazzy/opt/gz_dartsim_vendor/lib:/opt/ros/jazzy/opt/gz_cmake_vendor/lib:/opt/ros/jazzy/lib PYTHONPATH=/home/ugv/Desktop/OperationTouchdown/ugv_ws/install/depthai_ros_driver/lib/python3.12/site-packages:/home/ugv/Desktop/OperationTouchdown/ugv_ws/install/depthai_ros_msgs/lib/python3.12/site-packages:/home/ugv/Desktop/OperationTouchdown/ugv_ws/build/my_ugv_hardware:/home/ugv/Desktop/OperationTouchdown/ugv_ws/install/my_ugv_hardware/lib/python3.12/site-packages:/home/ugv/Desktop/OperationTouchdown/ugv_ws/build/my_ugv_vision:/home/ugv/Desktop/OperationTouchdown/ugv_ws/install/my_ugv_vision/lib/python3.12/site-packages:/opt/ros/jazzy/lib/python3.12/site-packages /usr/bin/cmake --build /home/ugv/Desktop/OperationTouchdown/ugv_ws/build/depthai-ros -- -j4 -l4
[12.380s] DEBUG:colcon.colcon_core.event_handler.log_command:Invoking command in '/home/ugv/Desktop/OperationTouchdown/ugv_ws/build/depthai-ros': CMAKE_PREFIX_PATH=/home/ugv/Desktop/OperationTouchdown/ugv_ws/install/depthai_ros_driver:/home/ugv/Desktop/OperationTouchdown/ugv_ws/install/depthai_examples:/home/ugv/Desktop/OperationTouchdown/ugv_ws/install/depthai_filters:/home/ugv/Desktop/OperationTouchdown/ugv_ws/install/depthai_bridge:/home/ugv/Desktop/OperationTouchdown/ugv_ws/install/depthai_ros_msgs:/home/ugv/Desktop/OperationTouchdown/ugv_ws/install/depthai_descriptions:/home/ugv/Desktop/OperationTouchdown/ugv_ws/install/my_ugv_description:/home/ugv/Desktop/OperationTouchdown/ugv_ws/install/my_ugv_bringup:/home/ugv/Desktop/OperationTouchdown/ugv_ws/install/rplidar_ros:/home/ugv/Desktop/OperationTouchdown/ugv_ws/install/roboteq_ros2_driver:/home/ugv/Desktop/OperationTouchdown/ugv_ws/install/dual_laser_merger:/home/ugv/Desktop/OperationTouchdown/ugv_ws/install/depthai-ros:/opt/ros/jazzy/opt/gz_sim_vendor:/opt/ros/jazzy/opt/gz_sensors_vendor:/opt/ros/jazzy/opt/gz_physics_vendor:/opt/ros/jazzy/opt/sdformat_vendor:/opt/ros/jazzy/opt/gz_gui_vendor:/opt/ros/jazzy/opt/gz_transport_vendor:/opt/ros/jazzy/opt/gz_rendering_vendor:/opt/ros/jazzy/opt/gz_plugin_vendor:/opt/ros/jazzy/opt/gz_fuel_tools_vendor:/opt/ros/jazzy/opt/gz_msgs_vendor:/opt/ros/jazzy/opt/gz_common_vendor:/opt/ros/jazzy/opt/gz_math_vendor:/opt/ros/jazzy/opt/gz_utils_vendor:/opt/ros/jazzy/opt/gz_tools_vendor:/opt/ros/jazzy/opt/gz_ogre_next_vendor:/opt/ros/jazzy/opt/gz_dartsim_vendor:/opt/ros/jazzy/opt/gz_cmake_vendor:/home/ugv/Desktop/OperationTouchdown/ugv_ws/install/my_ugv_hardware:/home/ugv/Desktop/OperationTouchdown/ugv_ws/install/my_ugv_vision:/opt/ros/jazzy DEBUGINFOD_URLS=https://debuginfod.ubuntu.com GAZEBO_MODEL_PATH=/home/ugv/Desktop/OperationTouchdown/ugv_ws/install/depthai_descriptions:${GAZEBO_MODEL_PATH} GAZEBO_RESOURCE_PATH=/home/ugv/Desktop/OperationTouchdown/ugv_ws/install/depthai_descriptions:${GAZEBO_RESOURCE_PATH} IGN_GAZEBO_MODEL_PATH=/home/ugv/Desktop/OperationTouchdown/ugv_ws/install/depthai_descriptions:${IGN_GAZEBO_MODEL_PATH} IGN_GAZEBO_RESOURCE_PATH=/home/ugv/Desktop/OperationTouchdown/ugv_ws/install/depthai_descriptions:${IGN_GAZEBO_RESOURCE_PATH} LD_LIBRARY_PATH=/home/ugv/Desktop/OperationTouchdown/ugv_ws/install/depthai_ros_driver/lib:/home/ugv/Desktop/OperationTouchdown/ugv_ws/install/depthai_filters/lib:/home/ugv/Desktop/OperationTouchdown/ugv_ws/install/depthai_bridge/lib:/home/ugv/Desktop/OperationTouchdown/ugv_ws/install/depthai_ros_msgs/lib:/home/ugv/Desktop/OperationTouchdown/ugv_ws/install/dual_laser_merger/lib:/opt/ros/jazzy/opt/gz_sim_vendor/lib:/opt/ros/jazzy/opt/gz_sensors_vendor/lib:/opt/ros/jazzy/opt/gz_physics_vendor/lib:/opt/ros/jazzy/opt/sdformat_vendor/lib:/opt/ros/jazzy/opt/rviz_ogre_vendor/lib:/opt/ros/jazzy/lib/aarch64-linux-gnu:/opt/ros/jazzy/opt/gz_gui_vendor/lib:/opt/ros/jazzy/opt/gz_transport_vendor/lib:/opt/ros/jazzy/opt/gz_rendering_vendor/lib:/opt/ros/jazzy/opt/gz_plugin_vendor/lib:/opt/ros/jazzy/opt/gz_fuel_tools_vendor/lib:/opt/ros/jazzy/opt/gz_msgs_vendor/lib:/opt/ros/jazzy/opt/gz_common_vendor/lib:/opt/ros/jazzy/opt/gz_math_vendor/lib:/opt/ros/jazzy/opt/gz_utils_vendor/lib:/opt/ros/jazzy/opt/gz_tools_vendor/lib:/opt/ros/jazzy/opt/gz_ogre_next_vendor/lib:/opt/ros/jazzy/opt/gz_dartsim_vendor/lib:/opt/ros/jazzy/opt/gz_cmake_vendor/lib:/opt/ros/jazzy/lib PYTHONPATH=/home/ugv/Desktop/OperationTouchdown/ugv_ws/install/depthai_ros_driver/lib/python3.12/site-packages:/home/ugv/Desktop/OperationTouchdown/ugv_ws/install/depthai_ros_msgs/lib/python3.12/site-packages:/home/ugv/Desktop/OperationTouchdown/ugv_ws/build/my_ugv_hardware:/home/ugv/Desktop/OperationTouchdown/ugv_ws/install/my_ugv_hardware/lib/python3.12/site-packages:/home/ugv/Desktop/OperationTouchdown/ugv_ws/build/my_ugv_vision:/home/ugv/Desktop/OperationTouchdown/ugv_ws/install/my_ugv_vision/lib/python3.12/site-packages:/opt/ros/jazzy/lib/python3.12/site-packages /usr/bin/cmake --install /home/ugv/Desktop/OperationTouchdown/ugv_ws/build/depthai-ros
[12.422s] Level 1:colcon.colcon_core.environment:create_environment_scripts_only(depthai-ros)
[12.423s] Level 1:colcon.colcon_core.environment:checking '/home/ugv/Desktop/OperationTouchdown/ugv_ws/install/depthai-ros' for CMake module files
[12.424s] DEBUG:colcon.colcon_core.event_handler.log_command:Invoked command in '/home/ugv/Desktop/OperationTouchdown/ugv_ws/build/depthai-ros' returned '0': CMAKE_PREFIX_PATH=/home/ugv/Desktop/OperationTouchdown/ugv_ws/install/depthai_ros_driver:/home/ugv/Desktop/OperationTouchdown/ugv_ws/install/depthai_examples:/home/ugv/Desktop/OperationTouchdown/ugv_ws/install/depthai_filters:/home/ugv/Desktop/OperationTouchdown/ugv_ws/install/depthai_bridge:/home/ugv/Desktop/OperationTouchdown/ugv_ws/install/depthai_ros_msgs:/home/ugv/Desktop/OperationTouchdown/ugv_ws/install/depthai_descriptions:/home/ugv/Desktop/OperationTouchdown/ugv_ws/install/my_ugv_description:/home/ugv/Desktop/OperationTouchdown/ugv_ws/install/my_ugv_bringup:/home/ugv/Desktop/OperationTouchdown/ugv_ws/install/rplidar_ros:/home/ugv/Desktop/OperationTouchdown/ugv_ws/install/roboteq_ros2_driver:/home/ugv/Desktop/OperationTouchdown/ugv_ws/install/dual_laser_merger:/home/ugv/Desktop/OperationTouchdown/ugv_ws/install/depthai-ros:/opt/ros/jazzy/opt/gz_sim_vendor:/opt/ros/jazzy/opt/gz_sensors_vendor:/opt/ros/jazzy/opt/gz_physics_vendor:/opt/ros/jazzy/opt/sdformat_vendor:/opt/ros/jazzy/opt/gz_gui_vendor:/opt/ros/jazzy/opt/gz_transport_vendor:/opt/ros/jazzy/opt/gz_rendering_vendor:/opt/ros/jazzy/opt/gz_plugin_vendor:/opt/ros/jazzy/opt/gz_fuel_tools_vendor:/opt/ros/jazzy/opt/gz_msgs_vendor:/opt/ros/jazzy/opt/gz_common_vendor:/opt/ros/jazzy/opt/gz_math_vendor:/opt/ros/jazzy/opt/gz_utils_vendor:/opt/ros/jazzy/opt/gz_tools_vendor:/opt/ros/jazzy/opt/gz_ogre_next_vendor:/opt/ros/jazzy/opt/gz_dartsim_vendor:/opt/ros/jazzy/opt/gz_cmake_vendor:/home/ugv/Desktop/OperationTouchdown/ugv_ws/install/my_ugv_hardware:/home/ugv/Desktop/OperationTouchdown/ugv_ws/install/my_ugv_vision:/opt/ros/jazzy DEBUGINFOD_URLS=https://debuginfod.ubuntu.com GAZEBO_MODEL_PATH=/home/ugv/Desktop/OperationTouchdown/ugv_ws/install/depthai_descriptions:${GAZEBO_MODEL_PATH} GAZEBO_RESOURCE_PATH=/home/ugv/Desktop/OperationTouchdown/ugv_ws/install/depthai_descriptions:${GAZEBO_RESOURCE_PATH} IGN_GAZEBO_MODEL_PATH=/home/ugv/Desktop/OperationTouchdown/ugv_ws/install/depthai_descriptions:${IGN_GAZEBO_MODEL_PATH} IGN_GAZEBO_RESOURCE_PATH=/home/ugv/Desktop/OperationTouchdown/ugv_ws/install/depthai_descriptions:${IGN_GAZEBO_RESOURCE_PATH} LD_LIBRARY_PATH=/home/ugv/Desktop/OperationTouchdown/ugv_ws/install/depthai_ros_driver/lib:/home/ugv/Desktop/OperationTouchdown/ugv_ws/install/depthai_filters/lib:/home/ugv/Desktop/OperationTouchdown/ugv_ws/install/depthai_bridge/lib:/home/ugv/Desktop/OperationTouchdown/ugv_ws/install/depthai_ros_msgs/lib:/home/ugv/Desktop/OperationTouchdown/ugv_ws/install/dual_laser_merger/lib:/opt/ros/jazzy/opt/gz_sim_vendor/lib:/opt/ros/jazzy/opt/gz_sensors_vendor/lib:/opt/ros/jazzy/opt/gz_physics_vendor/lib:/opt/ros/jazzy/opt/sdformat_vendor/lib:/opt/ros/jazzy/opt/rviz_ogre_vendor/lib:/opt/ros/jazzy/lib/aarch64-linux-gnu:/opt/ros/jazzy/opt/gz_gui_vendor/lib:/opt/ros/jazzy/opt/gz_transport_vendor/lib:/opt/ros/jazzy/opt/gz_rendering_vendor/lib:/opt/ros/jazzy/opt/gz_plugin_vendor/lib:/opt/ros/jazzy/opt/gz_fuel_tools_vendor/lib:/opt/ros/jazzy/opt/gz_msgs_vendor/lib:/opt/ros/jazzy/opt/gz_common_vendor/lib:/opt/ros/jazzy/opt/gz_math_vendor/lib:/opt/ros/jazzy/opt/gz_utils_vendor/lib:/opt/ros/jazzy/opt/gz_tools_vendor/lib:/opt/ros/jazzy/opt/gz_ogre_next_vendor/lib:/opt/ros/jazzy/opt/gz_dartsim_vendor/lib:/opt/ros/jazzy/opt/gz_cmake_vendor/lib:/opt/ros/jazzy/lib PYTHONPATH=/home/ugv/Desktop/OperationTouchdown/ugv_ws/install/depthai_ros_driver/lib/python3.12/site-packages:/home/ugv/Desktop/OperationTouchdown/ugv_ws/install/depthai_ros_msgs/lib/python3.12/site-packages:/home/ugv/Desktop/OperationTouchdown/ugv_ws/build/my_ugv_hardware:/home/ugv/Desktop/OperationTouchdown/ugv_ws/install/my_ugv_hardware/lib/python3.12/site-packages:/home/ugv/Desktop/OperationTouchdown/ugv_ws/build/my_ugv_vision:/home/ugv/Desktop/OperationTouchdown/ugv_ws/install/my_ugv_vision/lib/python3.12/site-packages:/opt/ros/jazzy/lib/python3.12/site-packages /usr/bin/cmake --install /home/ugv/Desktop/OperationTouchdown/ugv_ws/build/depthai-ros
[12.424s] Level 1:colcon.colcon_core.environment:checking '/home/ugv/Desktop/OperationTouchdown/ugv_ws/install/depthai-ros' for CMake config files
[12.425s] Level 1:colcon.colcon_core.shell:create_environment_hook('depthai-ros', 'cmake_prefix_path')
[12.425s] INFO:colcon.colcon_core.shell:Creating environment hook '/home/ugv/Desktop/OperationTouchdown/ugv_ws/install/depthai-ros/share/depthai-ros/hook/cmake_prefix_path.ps1'
[12.426s] INFO:colcon.colcon_core.shell:Creating environment descriptor '/home/ugv/Desktop/OperationTouchdown/ugv_ws/install/depthai-ros/share/depthai-ros/hook/cmake_prefix_path.dsv'
[12.426s] INFO:colcon.colcon_core.shell:Creating environment hook '/home/ugv/Desktop/OperationTouchdown/ugv_ws/install/depthai-ros/share/depthai-ros/hook/cmake_prefix_path.sh'
[12.427s] Level 1:colcon.colcon_core.environment:checking '/home/ugv/Desktop/OperationTouchdown/ugv_ws/install/depthai-ros/bin'
[12.427s] Level 1:colcon.colcon_core.environment:checking '/home/ugv/Desktop/OperationTouchdown/ugv_ws/install/depthai-ros/lib/pkgconfig/depthai-ros.pc'
[12.427s] Level 1:colcon.colcon_core.environment:checking '/home/ugv/Desktop/OperationTouchdown/ugv_ws/install/depthai-ros/lib/python3.12/site-packages'
[12.428s] Level 1:colcon.colcon_core.environment:checking '/home/ugv/Desktop/OperationTouchdown/ugv_ws/install/depthai-ros/bin'
[12.428s] INFO:colcon.colcon_core.shell:Creating package script '/home/ugv/Desktop/OperationTouchdown/ugv_ws/install/depthai-ros/share/depthai-ros/package.ps1'
[12.429s] INFO:colcon.colcon_core.shell:Creating package descriptor '/home/ugv/Desktop/OperationTouchdown/ugv_ws/install/depthai-ros/share/depthai-ros/package.dsv'
[12.430s] INFO:colcon.colcon_core.shell:Creating package script '/home/ugv/Desktop/OperationTouchdown/ugv_ws/install/depthai-ros/share/depthai-ros/package.sh'
[12.431s] INFO:colcon.colcon_core.shell:Creating package script '/home/ugv/Desktop/OperationTouchdown/ugv_ws/install/depthai-ros/share/depthai-ros/package.bash'
[12.431s] INFO:colcon.colcon_core.shell:Creating package script '/home/ugv/Desktop/OperationTouchdown/ugv_ws/install/depthai-ros/share/depthai-ros/package.zsh'
[12.432s] Level 1:colcon.colcon_core.environment:create_file_with_runtime_dependencies(/home/ugv/Desktop/OperationTouchdown/ugv_ws/install/depthai-ros/share/colcon-core/packages/depthai-ros)
[12.433s] Level 1:colcon.colcon_core.environment:create_environment_scripts_only(depthai-ros)
[12.433s] Level 1:colcon.colcon_core.environment:checking '/home/ugv/Desktop/OperationTouchdown/ugv_ws/install/depthai-ros' for CMake module files
[12.434s] Level 1:colcon.colcon_core.environment:checking '/home/ugv/Desktop/OperationTouchdown/ugv_ws/install/depthai-ros' for CMake config files
[12.435s] Level 1:colcon.colcon_core.shell:create_environment_hook('depthai-ros', 'cmake_prefix_path')
[12.435s] INFO:colcon.colcon_core.shell:Creating environment hook '/home/ugv/Desktop/OperationTouchdown/ugv_ws/install/depthai-ros/share/depthai-ros/hook/cmake_prefix_path.ps1'
[12.435s] INFO:colcon.colcon_core.shell:Creating environment descriptor '/home/ugv/Desktop/OperationTouchdown/ugv_ws/install/depthai-ros/share/depthai-ros/hook/cmake_prefix_path.dsv'
[12.436s] INFO:colcon.colcon_core.shell:Creating environment hook '/home/ugv/Desktop/OperationTouchdown/ugv_ws/install/depthai-ros/share/depthai-ros/hook/cmake_prefix_path.sh'
[12.437s] Level 1:colcon.colcon_core.environment:checking '/home/ugv/Desktop/OperationTouchdown/ugv_ws/install/depthai-ros/bin'
[12.437s] Level 1:colcon.colcon_core.environment:checking '/home/ugv/Desktop/OperationTouchdown/ugv_ws/install/depthai-ros/lib/pkgconfig/depthai-ros.pc'
[12.437s] Level 1:colcon.colcon_core.environment:checking '/home/ugv/Desktop/OperationTouchdown/ugv_ws/install/depthai-ros/lib/python3.12/site-packages'
[12.438s] Level 1:colcon.colcon_core.environment:checking '/home/ugv/Desktop/OperationTouchdown/ugv_ws/install/depthai-ros/bin'
[12.438s] INFO:colcon.colcon_core.shell:Creating package script '/home/ugv/Desktop/OperationTouchdown/ugv_ws/install/depthai-ros/share/depthai-ros/package.ps1'
[12.439s] INFO:colcon.colcon_core.shell:Creating package descriptor '/home/ugv/Desktop/OperationTouchdown/ugv_ws/install/depthai-ros/share/depthai-ros/package.dsv'
[12.440s] INFO:colcon.colcon_core.shell:Creating package script '/home/ugv/Desktop/OperationTouchdown/ugv_ws/install/depthai-ros/share/depthai-ros/package.sh'
[12.440s] INFO:colcon.colcon_core.shell:Creating package script '/home/ugv/Desktop/OperationTouchdown/ugv_ws/install/depthai-ros/share/depthai-ros/package.bash'
[12.441s] INFO:colcon.colcon_core.shell:Creating package script '/home/ugv/Desktop/OperationTouchdown/ugv_ws/install/depthai-ros/share/depthai-ros/package.zsh'
[12.442s] Level 1:colcon.colcon_core.environment:create_file_with_runtime_dependencies(/home/ugv/Desktop/OperationTouchdown/ugv_ws/install/depthai-ros/share/colcon-core/packages/depthai-ros)
[12.443s] DEBUG:colcon.colcon_parallel_executor.executor.parallel:closing loop
[12.443s] DEBUG:colcon.colcon_parallel_executor.executor.parallel:loop closed
[12.444s] DEBUG:colcon.colcon_parallel_executor.executor.parallel:run_until_complete finished with '0'
[12.444s] DEBUG:colcon.colcon_core.event_reactor:joining thread
[12.446s] DEBUG:colcon.colcon_core.event_reactor:joined thread
[12.447s] INFO:colcon.colcon_core.shell:Creating prefix script '/home/ugv/Desktop/OperationTouchdown/ugv_ws/install/local_setup.ps1'
[12.449s] INFO:colcon.colcon_core.shell:Creating prefix util module '/home/ugv/Desktop/OperationTouchdown/ugv_ws/install/_local_setup_util_ps1.py'
[12.450s] INFO:colcon.colcon_core.shell:Creating prefix chain script '/home/ugv/Desktop/OperationTouchdown/ugv_ws/install/setup.ps1'
[12.453s] INFO:colcon.colcon_core.shell:Creating prefix script '/home/ugv/Desktop/OperationTouchdown/ugv_ws/install/local_setup.sh'
[12.454s] INFO:colcon.colcon_core.shell:Creating prefix util module '/home/ugv/Desktop/OperationTouchdown/ugv_ws/install/_local_setup_util_sh.py'
[12.455s] INFO:colcon.colcon_core.shell:Creating prefix chain script '/home/ugv/Desktop/OperationTouchdown/ugv_ws/install/setup.sh'
[12.458s] INFO:colcon.colcon_core.shell:Creating prefix script '/home/ugv/Desktop/OperationTouchdown/ugv_ws/install/local_setup.bash'
[12.459s] INFO:colcon.colcon_core.shell:Creating prefix chain script '/home/ugv/Desktop/OperationTouchdown/ugv_ws/install/setup.bash'
[12.461s] INFO:colcon.colcon_core.shell:Creating prefix script '/home/ugv/Desktop/OperationTouchdown/ugv_ws/install/local_setup.zsh'
[12.462s] INFO:colcon.colcon_core.shell:Creating prefix chain script '/home/ugv/Desktop/OperationTouchdown/ugv_ws/install/setup.zsh'
