[0.152s] DEBUG:colcon:Command line arguments: ['/usr/bin/colcon', 'build', '--symlink-install']
[0.152s] DEBUG:colcon:Parsed command line arguments: Namespace(log_base=None, log_level=None, verb_name='build', build_base='build', install_base='install', merge_install=False, symlink_install=True, test_result_base=None, continue_on_error=False, executor='parallel', parallel_workers=4, event_handlers=None, ignore_user_meta=False, metas=['./colcon.meta'], base_paths=['.'], packages_ignore=None, packages_ignore_regex=None, paths=None, packages_up_to=None, packages_up_to_regex=None, packages_above=None, packages_above_and_dependencies=None, packages_above_depth=None, packages_select_by_dep=None, packages_skip_by_dep=None, packages_skip_up_to=None, packages_select_build_failed=False, packages_skip_build_finished=False, packages_select_test_failures=False, packages_skip_test_passed=False, packages_select=None, packages_skip=None, packages_select_regex=None, packages_skip_regex=None, packages_start=None, packages_end=None, allow_overriding=[], cmake_args=None, cmake_target=None, cmake_target_skip_unavailable=False, cmake_clean_cache=False, cmake_clean_first=False, cmake_force_configure=False, ament_cmake_args=None, catkin_cmake_args=None, catkin_skip_building_tests=False, mixin_files=None, mixin=None, verb_parser=<colcon_mixin.mixin.mixin_argument.MixinArgumentDecorator object at 0xffffb1121520>, verb_extension=<colcon_core.verb.build.BuildVerb object at 0xffffb12e59a0>, main=<bound method BuildVerb.main of <colcon_core.verb.build.BuildVerb object at 0xffffb12e59a0>>, mixin_verb=('build',))
[0.208s] Level 1:colcon.colcon_core.package_discovery:discover_packages(colcon_meta) check parameters
[0.209s] Level 1:colcon.colcon_core.package_discovery:discover_packages(recursive) check parameters
[0.209s] Level 1:colcon.colcon_core.package_discovery:discover_packages(ignore) check parameters
[0.209s] Level 1:colcon.colcon_core.package_discovery:discover_packages(path) check parameters
[0.209s] Level 1:colcon.colcon_core.package_discovery:discover_packages(colcon_meta) discover
[0.209s] Level 1:colcon.colcon_core.package_discovery:discover_packages(recursive) discover
[0.209s] INFO:colcon.colcon_core.package_discovery:Crawling recursively for packages in '/home/ground/ugv_repo/OperationTouchdown/ugv_ws'
[0.209s] Level 1:colcon.colcon_core.package_identification:_identify(.) by extensions ['ignore', 'ignore_ament_install']
[0.209s] Level 1:colcon.colcon_core.package_identification:_identify(.) by extension 'ignore'
[0.209s] Level 1:colcon.colcon_core.package_identification:_identify(.) by extension 'ignore_ament_install'
[0.209s] Level 1:colcon.colcon_core.package_identification:_identify(.) by extensions ['colcon_pkg']
[0.209s] Level 1:colcon.colcon_core.package_identification:_identify(.) by extension 'colcon_pkg'
[0.209s] Level 1:colcon.colcon_core.package_identification:_identify(.) by extensions ['colcon_meta']
[0.209s] Level 1:colcon.colcon_core.package_identification:_identify(.) by extension 'colcon_meta'
[0.209s] Level 1:colcon.colcon_core.package_identification:_identify(.) by extensions ['ros']
[0.209s] Level 1:colcon.colcon_core.package_identification:_identify(.) by extension 'ros'
[0.248s] Level 1:colcon.colcon_core.package_identification:_identify(.) by extensions ['cmake', 'python']
[0.248s] Level 1:colcon.colcon_core.package_identification:_identify(.) by extension 'cmake'
[0.248s] Level 1:colcon.colcon_core.package_identification:_identify(.) by extension 'python'
[0.248s] Level 1:colcon.colcon_core.package_identification:_identify(.) by extensions ['python_setup_py']
[0.248s] Level 1:colcon.colcon_core.package_identification:_identify(.) by extension 'python_setup_py'
[0.249s] Level 1:colcon.colcon_core.package_identification:_identify(build) by extensions ['ignore', 'ignore_ament_install']
[0.249s] Level 1:colcon.colcon_core.package_identification:_identify(build) by extension 'ignore'
[0.249s] Level 1:colcon.colcon_core.package_identification:_identify(build) ignored
[0.249s] Level 1:colcon.colcon_core.package_identification:_identify(install) by extensions ['ignore', 'ignore_ament_install']
[0.249s] Level 1:colcon.colcon_core.package_identification:_identify(install) by extension 'ignore'
[0.249s] Level 1:colcon.colcon_core.package_identification:_identify(install) ignored
[0.249s] Level 1:colcon.colcon_core.package_identification:_identify(isaac _communication) by extensions ['ignore', 'ignore_ament_install']
[0.249s] Level 1:colcon.colcon_core.package_identification:_identify(isaac _communication) by extension 'ignore'
[0.249s] Level 1:colcon.colcon_core.package_identification:_identify(isaac _communication) by extension 'ignore_ament_install'
[0.249s] Level 1:colcon.colcon_core.package_identification:_identify(isaac _communication) by extensions ['colcon_pkg']
[0.249s] Level 1:colcon.colcon_core.package_identification:_identify(isaac _communication) by extension 'colcon_pkg'
[0.250s] Level 1:colcon.colcon_core.package_identification:_identify(isaac _communication) by extensions ['colcon_meta']
[0.250s] Level 1:colcon.colcon_core.package_identification:_identify(isaac _communication) by extension 'colcon_meta'
[0.250s] Level 1:colcon.colcon_core.package_identification:_identify(isaac _communication) by extensions ['ros']
[0.250s] Level 1:colcon.colcon_core.package_identification:_identify(isaac _communication) by extension 'ros'
[0.250s] Level 1:colcon.colcon_core.package_identification:_identify(isaac _communication) by extensions ['cmake', 'python']
[0.250s] Level 1:colcon.colcon_core.package_identification:_identify(isaac _communication) by extension 'cmake'
[0.250s] Level 1:colcon.colcon_core.package_identification:_identify(isaac _communication) by extension 'python'
[0.250s] Level 1:colcon.colcon_core.package_identification:_identify(isaac _communication) by extensions ['python_setup_py']
[0.250s] Level 1:colcon.colcon_core.package_identification:_identify(isaac _communication) by extension 'python_setup_py'
[0.250s] Level 1:colcon.colcon_core.package_identification:_identify(log) by extensions ['ignore', 'ignore_ament_install']
[0.250s] Level 1:colcon.colcon_core.package_identification:_identify(log) by extension 'ignore'
[0.250s] Level 1:colcon.colcon_core.package_identification:_identify(log) ignored
[0.250s] Level 1:colcon.colcon_core.package_identification:_identify(src) by extensions ['ignore', 'ignore_ament_install']
[0.250s] Level 1:colcon.colcon_core.package_identification:_identify(src) by extension 'ignore'
[0.250s] Level 1:colcon.colcon_core.package_identification:_identify(src) by extension 'ignore_ament_install'
[0.251s] Level 1:colcon.colcon_core.package_identification:_identify(src) by extensions ['colcon_pkg']
[0.251s] Level 1:colcon.colcon_core.package_identification:_identify(src) by extension 'colcon_pkg'
[0.251s] Level 1:colcon.colcon_core.package_identification:_identify(src) by extensions ['colcon_meta']
[0.251s] Level 1:colcon.colcon_core.package_identification:_identify(src) by extension 'colcon_meta'
[0.251s] Level 1:colcon.colcon_core.package_identification:_identify(src) by extensions ['ros']
[0.251s] Level 1:colcon.colcon_core.package_identification:_identify(src) by extension 'ros'
[0.251s] Level 1:colcon.colcon_core.package_identification:_identify(src) by extensions ['cmake', 'python']
[0.251s] Level 1:colcon.colcon_core.package_identification:_identify(src) by extension 'cmake'
[0.251s] Level 1:colcon.colcon_core.package_identification:_identify(src) by extension 'python'
[0.251s] Level 1:colcon.colcon_core.package_identification:_identify(src) by extensions ['python_setup_py']
[0.251s] Level 1:colcon.colcon_core.package_identification:_identify(src) by extension 'python_setup_py'
[0.251s] Level 1:colcon.colcon_core.package_identification:_identify(src/build) by extensions ['ignore', 'ignore_ament_install']
[0.251s] Level 1:colcon.colcon_core.package_identification:_identify(src/build) by extension 'ignore'
[0.251s] Level 1:colcon.colcon_core.package_identification:_identify(src/build) ignored
[0.251s] Level 1:colcon.colcon_core.package_identification:_identify(src/depthai-ros) by extensions ['ignore', 'ignore_ament_install']
[0.251s] Level 1:colcon.colcon_core.package_identification:_identify(src/depthai-ros) by extension 'ignore'
[0.251s] Level 1:colcon.colcon_core.package_identification:_identify(src/depthai-ros) by extension 'ignore_ament_install'
[0.252s] Level 1:colcon.colcon_core.package_identification:_identify(src/depthai-ros) by extensions ['colcon_pkg']
[0.252s] Level 1:colcon.colcon_core.package_identification:_identify(src/depthai-ros) by extension 'colcon_pkg'
[0.252s] Level 1:colcon.colcon_core.package_identification:_identify(src/depthai-ros) by extensions ['colcon_meta']
[0.252s] Level 1:colcon.colcon_core.package_identification:_identify(src/depthai-ros) by extension 'colcon_meta'
[0.252s] Level 1:colcon.colcon_core.package_identification:_identify(src/depthai-ros) by extensions ['ros']
[0.252s] Level 1:colcon.colcon_core.package_identification:_identify(src/depthai-ros) by extension 'ros'
[0.252s] Level 1:colcon.colcon_core.package_identification:_identify(src/depthai-ros) by extensions ['cmake', 'python']
[0.252s] Level 1:colcon.colcon_core.package_identification:_identify(src/depthai-ros) by extension 'cmake'
[0.252s] Level 1:colcon.colcon_core.package_identification:_identify(src/depthai-ros) by extension 'python'
[0.252s] Level 1:colcon.colcon_core.package_identification:_identify(src/depthai-ros) by extensions ['python_setup_py']
[0.252s] Level 1:colcon.colcon_core.package_identification:_identify(src/depthai-ros) by extension 'python_setup_py'
[0.252s] Level 1:colcon.colcon_core.package_identification:_identify(src/depthai-ros/depthai-ros) by extensions ['ignore', 'ignore_ament_install']
[0.252s] Level 1:colcon.colcon_core.package_identification:_identify(src/depthai-ros/depthai-ros) by extension 'ignore'
[0.252s] Level 1:colcon.colcon_core.package_identification:_identify(src/depthai-ros/depthai-ros) by extension 'ignore_ament_install'
[0.252s] Level 1:colcon.colcon_core.package_identification:_identify(src/depthai-ros/depthai-ros) by extensions ['colcon_pkg']
[0.252s] Level 1:colcon.colcon_core.package_identification:_identify(src/depthai-ros/depthai-ros) by extension 'colcon_pkg'
[0.252s] Level 1:colcon.colcon_core.package_identification:_identify(src/depthai-ros/depthai-ros) by extensions ['colcon_meta']
[0.252s] Level 1:colcon.colcon_core.package_identification:_identify(src/depthai-ros/depthai-ros) by extension 'colcon_meta'
[0.252s] Level 1:colcon.colcon_core.package_identification:_identify(src/depthai-ros/depthai-ros) by extensions ['ros']
[0.252s] Level 1:colcon.colcon_core.package_identification:_identify(src/depthai-ros/depthai-ros) by extension 'ros'
[0.256s] DEBUG:colcon.colcon_core.package_identification:Package 'src/depthai-ros/depthai-ros' with type 'ros.ament_cmake' and name 'depthai-ros'
[0.256s] Level 1:colcon.colcon_core.package_identification:_identify(src/depthai-ros/depthai_bridge) by extensions ['ignore', 'ignore_ament_install']
[0.256s] Level 1:colcon.colcon_core.package_identification:_identify(src/depthai-ros/depthai_bridge) by extension 'ignore'
[0.256s] Level 1:colcon.colcon_core.package_identification:_identify(src/depthai-ros/depthai_bridge) by extension 'ignore_ament_install'
[0.256s] Level 1:colcon.colcon_core.package_identification:_identify(src/depthai-ros/depthai_bridge) by extensions ['colcon_pkg']
[0.256s] Level 1:colcon.colcon_core.package_identification:_identify(src/depthai-ros/depthai_bridge) by extension 'colcon_pkg'
[0.256s] Level 1:colcon.colcon_core.package_identification:_identify(src/depthai-ros/depthai_bridge) by extensions ['colcon_meta']
[0.256s] Level 1:colcon.colcon_core.package_identification:_identify(src/depthai-ros/depthai_bridge) by extension 'colcon_meta'
[0.256s] Level 1:colcon.colcon_core.package_identification:_identify(src/depthai-ros/depthai_bridge) by extensions ['ros']
[0.256s] Level 1:colcon.colcon_core.package_identification:_identify(src/depthai-ros/depthai_bridge) by extension 'ros'
[0.258s] DEBUG:colcon.colcon_core.package_identification:Package 'src/depthai-ros/depthai_bridge' with type 'ros.ament_cmake' and name 'depthai_bridge'
[0.258s] Level 1:colcon.colcon_core.package_identification:_identify(src/depthai-ros/depthai_descriptions) by extensions ['ignore', 'ignore_ament_install']
[0.258s] Level 1:colcon.colcon_core.package_identification:_identify(src/depthai-ros/depthai_descriptions) by extension 'ignore'
[0.259s] Level 1:colcon.colcon_core.package_identification:_identify(src/depthai-ros/depthai_descriptions) by extension 'ignore_ament_install'
[0.259s] Level 1:colcon.colcon_core.package_identification:_identify(src/depthai-ros/depthai_descriptions) by extensions ['colcon_pkg']
[0.259s] Level 1:colcon.colcon_core.package_identification:_identify(src/depthai-ros/depthai_descriptions) by extension 'colcon_pkg'
[0.259s] Level 1:colcon.colcon_core.package_identification:_identify(src/depthai-ros/depthai_descriptions) by extensions ['colcon_meta']
[0.259s] Level 1:colcon.colcon_core.package_identification:_identify(src/depthai-ros/depthai_descriptions) by extension 'colcon_meta'
[0.259s] Level 1:colcon.colcon_core.package_identification:_identify(src/depthai-ros/depthai_descriptions) by extensions ['ros']
[0.259s] Level 1:colcon.colcon_core.package_identification:_identify(src/depthai-ros/depthai_descriptions) by extension 'ros'
[0.259s] DEBUG:colcon.colcon_core.package_identification:Package 'src/depthai-ros/depthai_descriptions' with type 'ros.ament_cmake' and name 'depthai_descriptions'
[0.260s] Level 1:colcon.colcon_core.package_identification:_identify(src/depthai-ros/depthai_examples) by extensions ['ignore', 'ignore_ament_install']
[0.260s] Level 1:colcon.colcon_core.package_identification:_identify(src/depthai-ros/depthai_examples) by extension 'ignore'
[0.260s] Level 1:colcon.colcon_core.package_identification:_identify(src/depthai-ros/depthai_examples) by extension 'ignore_ament_install'
[0.260s] Level 1:colcon.colcon_core.package_identification:_identify(src/depthai-ros/depthai_examples) by extensions ['colcon_pkg']
[0.260s] Level 1:colcon.colcon_core.package_identification:_identify(src/depthai-ros/depthai_examples) by extension 'colcon_pkg'
[0.260s] Level 1:colcon.colcon_core.package_identification:_identify(src/depthai-ros/depthai_examples) by extensions ['colcon_meta']
[0.260s] Level 1:colcon.colcon_core.package_identification:_identify(src/depthai-ros/depthai_examples) by extension 'colcon_meta'
[0.260s] Level 1:colcon.colcon_core.package_identification:_identify(src/depthai-ros/depthai_examples) by extensions ['ros']
[0.260s] Level 1:colcon.colcon_core.package_identification:_identify(src/depthai-ros/depthai_examples) by extension 'ros'
[0.262s] DEBUG:colcon.colcon_core.package_identification:Package 'src/depthai-ros/depthai_examples' with type 'ros.ament_cmake' and name 'depthai_examples'
[0.262s] Level 1:colcon.colcon_core.package_identification:_identify(src/depthai-ros/depthai_filters) by extensions ['ignore', 'ignore_ament_install']
[0.262s] Level 1:colcon.colcon_core.package_identification:_identify(src/depthai-ros/depthai_filters) by extension 'ignore'
[0.262s] Level 1:colcon.colcon_core.package_identification:_identify(src/depthai-ros/depthai_filters) by extension 'ignore_ament_install'
[0.262s] Level 1:colcon.colcon_core.package_identification:_identify(src/depthai-ros/depthai_filters) by extensions ['colcon_pkg']
[0.262s] Level 1:colcon.colcon_core.package_identification:_identify(src/depthai-ros/depthai_filters) by extension 'colcon_pkg'
[0.262s] Level 1:colcon.colcon_core.package_identification:_identify(src/depthai-ros/depthai_filters) by extensions ['colcon_meta']
[0.262s] Level 1:colcon.colcon_core.package_identification:_identify(src/depthai-ros/depthai_filters) by extension 'colcon_meta'
[0.262s] Level 1:colcon.colcon_core.package_identification:_identify(src/depthai-ros/depthai_filters) by extensions ['ros']
[0.262s] Level 1:colcon.colcon_core.package_identification:_identify(src/depthai-ros/depthai_filters) by extension 'ros'
[0.264s] DEBUG:colcon.colcon_core.package_identification:Package 'src/depthai-ros/depthai_filters' with type 'ros.ament_cmake' and name 'depthai_filters'
[0.264s] Level 1:colcon.colcon_core.package_identification:_identify(src/depthai-ros/depthai_ros_driver) by extensions ['ignore', 'ignore_ament_install']
[0.264s] Level 1:colcon.colcon_core.package_identification:_identify(src/depthai-ros/depthai_ros_driver) by extension 'ignore'
[0.264s] Level 1:colcon.colcon_core.package_identification:_identify(src/depthai-ros/depthai_ros_driver) by extension 'ignore_ament_install'
[0.264s] Level 1:colcon.colcon_core.package_identification:_identify(src/depthai-ros/depthai_ros_driver) by extensions ['colcon_pkg']
[0.264s] Level 1:colcon.colcon_core.package_identification:_identify(src/depthai-ros/depthai_ros_driver) by extension 'colcon_pkg'
[0.264s] Level 1:colcon.colcon_core.package_identification:_identify(src/depthai-ros/depthai_ros_driver) by extensions ['colcon_meta']
[0.264s] Level 1:colcon.colcon_core.package_identification:_identify(src/depthai-ros/depthai_ros_driver) by extension 'colcon_meta'
[0.264s] Level 1:colcon.colcon_core.package_identification:_identify(src/depthai-ros/depthai_ros_driver) by extensions ['ros']
[0.264s] Level 1:colcon.colcon_core.package_identification:_identify(src/depthai-ros/depthai_ros_driver) by extension 'ros'
[0.267s] DEBUG:colcon.colcon_core.package_identification:Package 'src/depthai-ros/depthai_ros_driver' with type 'ros.ament_cmake' and name 'depthai_ros_driver'
[0.267s] Level 1:colcon.colcon_core.package_identification:_identify(src/depthai-ros/depthai_ros_msgs) by extensions ['ignore', 'ignore_ament_install']
[0.267s] Level 1:colcon.colcon_core.package_identification:_identify(src/depthai-ros/depthai_ros_msgs) by extension 'ignore'
[0.267s] Level 1:colcon.colcon_core.package_identification:_identify(src/depthai-ros/depthai_ros_msgs) by extension 'ignore_ament_install'
[0.267s] Level 1:colcon.colcon_core.package_identification:_identify(src/depthai-ros/depthai_ros_msgs) by extensions ['colcon_pkg']
[0.267s] Level 1:colcon.colcon_core.package_identification:_identify(src/depthai-ros/depthai_ros_msgs) by extension 'colcon_pkg'
[0.267s] Level 1:colcon.colcon_core.package_identification:_identify(src/depthai-ros/depthai_ros_msgs) by extensions ['colcon_meta']
[0.267s] Level 1:colcon.colcon_core.package_identification:_identify(src/depthai-ros/depthai_ros_msgs) by extension 'colcon_meta'
[0.267s] Level 1:colcon.colcon_core.package_identification:_identify(src/depthai-ros/depthai_ros_msgs) by extensions ['ros']
[0.267s] Level 1:colcon.colcon_core.package_identification:_identify(src/depthai-ros/depthai_ros_msgs) by extension 'ros'
[0.269s] DEBUG:colcon.colcon_core.package_identification:Package 'src/depthai-ros/depthai_ros_msgs' with type 'ros.ament_cmake' and name 'depthai_ros_msgs'
[0.269s] Level 1:colcon.colcon_core.package_identification:_identify(src/dual_laser_merger) by extensions ['ignore', 'ignore_ament_install']
[0.269s] Level 1:colcon.colcon_core.package_identification:_identify(src/dual_laser_merger) by extension 'ignore'
[0.269s] Level 1:colcon.colcon_core.package_identification:_identify(src/dual_laser_merger) by extension 'ignore_ament_install'
[0.269s] Level 1:colcon.colcon_core.package_identification:_identify(src/dual_laser_merger) by extensions ['colcon_pkg']
[0.269s] Level 1:colcon.colcon_core.package_identification:_identify(src/dual_laser_merger) by extension 'colcon_pkg'
[0.269s] Level 1:colcon.colcon_core.package_identification:_identify(src/dual_laser_merger) by extensions ['colcon_meta']
[0.269s] Level 1:colcon.colcon_core.package_identification:_identify(src/dual_laser_merger) by extension 'colcon_meta'
[0.269s] Level 1:colcon.colcon_core.package_identification:_identify(src/dual_laser_merger) by extensions ['ros']
[0.269s] Level 1:colcon.colcon_core.package_identification:_identify(src/dual_laser_merger) by extension 'ros'
[0.270s] DEBUG:colcon.colcon_core.package_identification:Package 'src/dual_laser_merger' with type 'ros.ament_cmake' and name 'dual_laser_merger'
[0.271s] Level 1:colcon.colcon_core.package_identification:_identify(src/install) by extensions ['ignore', 'ignore_ament_install']
[0.271s] Level 1:colcon.colcon_core.package_identification:_identify(src/install) by extension 'ignore'
[0.271s] Level 1:colcon.colcon_core.package_identification:_identify(src/install) ignored
[0.271s] Level 1:colcon.colcon_core.package_identification:_identify(src/log) by extensions ['ignore', 'ignore_ament_install']
[0.271s] Level 1:colcon.colcon_core.package_identification:_identify(src/log) by extension 'ignore'
[0.271s] Level 1:colcon.colcon_core.package_identification:_identify(src/log) ignored
[0.271s] Level 1:colcon.colcon_core.package_identification:_identify(src/my_ugv_bringup) by extensions ['ignore', 'ignore_ament_install']
[0.271s] Level 1:colcon.colcon_core.package_identification:_identify(src/my_ugv_bringup) by extension 'ignore'
[0.271s] Level 1:colcon.colcon_core.package_identification:_identify(src/my_ugv_bringup) by extension 'ignore_ament_install'
[0.271s] Level 1:colcon.colcon_core.package_identification:_identify(src/my_ugv_bringup) by extensions ['colcon_pkg']
[0.271s] Level 1:colcon.colcon_core.package_identification:_identify(src/my_ugv_bringup) by extension 'colcon_pkg'
[0.271s] Level 1:colcon.colcon_core.package_identification:_identify(src/my_ugv_bringup) by extensions ['colcon_meta']
[0.271s] Level 1:colcon.colcon_core.package_identification:_identify(src/my_ugv_bringup) by extension 'colcon_meta'
[0.271s] Level 1:colcon.colcon_core.package_identification:_identify(src/my_ugv_bringup) by extensions ['ros']
[0.272s] Level 1:colcon.colcon_core.package_identification:_identify(src/my_ugv_bringup) by extension 'ros'
[0.272s] DEBUG:colcon.colcon_core.package_identification:Package 'src/my_ugv_bringup' with type 'ros.ament_cmake' and name 'my_ugv_bringup'
[0.272s] Level 1:colcon.colcon_core.package_identification:_identify(src/my_ugv_description) by extensions ['ignore', 'ignore_ament_install']
[0.272s] Level 1:colcon.colcon_core.package_identification:_identify(src/my_ugv_description) by extension 'ignore'
[0.272s] Level 1:colcon.colcon_core.package_identification:_identify(src/my_ugv_description) by extension 'ignore_ament_install'
[0.272s] Level 1:colcon.colcon_core.package_identification:_identify(src/my_ugv_description) by extensions ['colcon_pkg']
[0.272s] Level 1:colcon.colcon_core.package_identification:_identify(src/my_ugv_description) by extension 'colcon_pkg'
[0.272s] Level 1:colcon.colcon_core.package_identification:_identify(src/my_ugv_description) by extensions ['colcon_meta']
[0.273s] Level 1:colcon.colcon_core.package_identification:_identify(src/my_ugv_description) by extension 'colcon_meta'
[0.273s] Level 1:colcon.colcon_core.package_identification:_identify(src/my_ugv_description) by extensions ['ros']
[0.273s] Level 1:colcon.colcon_core.package_identification:_identify(src/my_ugv_description) by extension 'ros'
[0.273s] DEBUG:colcon.colcon_core.package_identification:Package 'src/my_ugv_description' with type 'ros.ament_cmake' and name 'my_ugv_description'
[0.273s] Level 1:colcon.colcon_core.package_identification:_identify(src/my_ugv_hardware) by extensions ['ignore', 'ignore_ament_install']
[0.274s] Level 1:colcon.colcon_core.package_identification:_identify(src/my_ugv_hardware) by extension 'ignore'
[0.274s] Level 1:colcon.colcon_core.package_identification:_identify(src/my_ugv_hardware) by extension 'ignore_ament_install'
[0.274s] Level 1:colcon.colcon_core.package_identification:_identify(src/my_ugv_hardware) by extensions ['colcon_pkg']
[0.274s] Level 1:colcon.colcon_core.package_identification:_identify(src/my_ugv_hardware) by extension 'colcon_pkg'
[0.274s] Level 1:colcon.colcon_core.package_identification:_identify(src/my_ugv_hardware) by extensions ['colcon_meta']
[0.274s] Level 1:colcon.colcon_core.package_identification:_identify(src/my_ugv_hardware) by extension 'colcon_meta'
[0.274s] Level 1:colcon.colcon_core.package_identification:_identify(src/my_ugv_hardware) by extensions ['ros']
[0.274s] Level 1:colcon.colcon_core.package_identification:_identify(src/my_ugv_hardware) by extension 'ros'
[0.275s] DEBUG:colcon.colcon_core.package_identification:Package 'src/my_ugv_hardware' with type 'ros.ament_python' and name 'my_ugv_hardware'
[0.275s] Level 1:colcon.colcon_core.package_identification:_identify(src/my_ugv_vision) by extensions ['ignore', 'ignore_ament_install']
[0.275s] Level 1:colcon.colcon_core.package_identification:_identify(src/my_ugv_vision) by extension 'ignore'
[0.275s] Level 1:colcon.colcon_core.package_identification:_identify(src/my_ugv_vision) by extension 'ignore_ament_install'
[0.275s] Level 1:colcon.colcon_core.package_identification:_identify(src/my_ugv_vision) by extensions ['colcon_pkg']
[0.275s] Level 1:colcon.colcon_core.package_identification:_identify(src/my_ugv_vision) by extension 'colcon_pkg'
[0.275s] Level 1:colcon.colcon_core.package_identification:_identify(src/my_ugv_vision) by extensions ['colcon_meta']
[0.275s] Level 1:colcon.colcon_core.package_identification:_identify(src/my_ugv_vision) by extension 'colcon_meta'
[0.275s] Level 1:colcon.colcon_core.package_identification:_identify(src/my_ugv_vision) by extensions ['ros']
[0.275s] Level 1:colcon.colcon_core.package_identification:_identify(src/my_ugv_vision) by extension 'ros'
[0.276s] DEBUG:colcon.colcon_core.package_identification:Package 'src/my_ugv_vision' with type 'ros.ament_python' and name 'my_ugv_vision'
[0.276s] Level 1:colcon.colcon_core.package_identification:_identify(src/roboteq_ros2_driver) by extensions ['ignore', 'ignore_ament_install']
[0.276s] Level 1:colcon.colcon_core.package_identification:_identify(src/roboteq_ros2_driver) by extension 'ignore'
[0.276s] Level 1:colcon.colcon_core.package_identification:_identify(src/roboteq_ros2_driver) by extension 'ignore_ament_install'
[0.276s] Level 1:colcon.colcon_core.package_identification:_identify(src/roboteq_ros2_driver) by extensions ['colcon_pkg']
[0.276s] Level 1:colcon.colcon_core.package_identification:_identify(src/roboteq_ros2_driver) by extension 'colcon_pkg'
[0.276s] Level 1:colcon.colcon_core.package_identification:_identify(src/roboteq_ros2_driver) by extensions ['colcon_meta']
[0.276s] Level 1:colcon.colcon_core.package_identification:_identify(src/roboteq_ros2_driver) by extension 'colcon_meta'
[0.276s] Level 1:colcon.colcon_core.package_identification:_identify(src/roboteq_ros2_driver) by extensions ['ros']
[0.276s] Level 1:colcon.colcon_core.package_identification:_identify(src/roboteq_ros2_driver) by extension 'ros'
[0.277s] DEBUG:colcon.colcon_core.package_identification:Package 'src/roboteq_ros2_driver' with type 'ros.ament_cmake' and name 'roboteq_ros2_driver'
[0.277s] Level 1:colcon.colcon_core.package_identification:_identify(src/rplidar_ros) by extensions ['ignore', 'ignore_ament_install']
[0.277s] Level 1:colcon.colcon_core.package_identification:_identify(src/rplidar_ros) by extension 'ignore'
[0.277s] Level 1:colcon.colcon_core.package_identification:_identify(src/rplidar_ros) by extension 'ignore_ament_install'
[0.277s] Level 1:colcon.colcon_core.package_identification:_identify(src/rplidar_ros) by extensions ['colcon_pkg']
[0.277s] Level 1:colcon.colcon_core.package_identification:_identify(src/rplidar_ros) by extension 'colcon_pkg'
[0.277s] Level 1:colcon.colcon_core.package_identification:_identify(src/rplidar_ros) by extensions ['colcon_meta']
[0.277s] Level 1:colcon.colcon_core.package_identification:_identify(src/rplidar_ros) by extension 'colcon_meta'
[0.277s] Level 1:colcon.colcon_core.package_identification:_identify(src/rplidar_ros) by extensions ['ros']
[0.277s] Level 1:colcon.colcon_core.package_identification:_identify(src/rplidar_ros) by extension 'ros'
[0.278s] DEBUG:colcon.colcon_core.package_identification:Package 'src/rplidar_ros' with type 'ros.ament_cmake' and name 'rplidar_ros'
[0.278s] Level 1:colcon.colcon_core.package_discovery:discover_packages(recursive) using defaults
[0.278s] Level 1:colcon.colcon_core.package_discovery:discover_packages(ignore) discover
[0.278s] Level 1:colcon.colcon_core.package_discovery:discover_packages(ignore) using defaults
[0.278s] Level 1:colcon.colcon_core.package_discovery:discover_packages(path) discover
[0.278s] Level 1:colcon.colcon_core.package_discovery:discover_packages(path) using defaults
[0.309s] Level 1:colcon.colcon_core.package_discovery:discover_packages(prefix_path) check parameters
[0.309s] Level 1:colcon.colcon_core.package_discovery:discover_packages(prefix_path) discover
[0.312s] DEBUG:colcon.colcon_installed_package_information.package_discovery:Found 14 installed packages in /home/ground/ugv_repo/OperationTouchdown/ugv_ws/install
[0.315s] DEBUG:colcon.colcon_installed_package_information.package_discovery:Found 415 installed packages in /opt/ros/jazzy
[0.317s] Level 1:colcon.colcon_core.package_discovery:discover_packages(prefix_path) using defaults
[0.397s] Level 5:colcon.colcon_core.verb:set package 'depthai_descriptions' build argument 'cmake_args' from command line to 'None'
[0.397s] Level 5:colcon.colcon_core.verb:set package 'depthai_descriptions' build argument 'cmake_target' from command line to 'None'
[0.397s] Level 5:colcon.colcon_core.verb:set package 'depthai_descriptions' build argument 'cmake_target_skip_unavailable' from command line to 'False'
[0.397s] Level 5:colcon.colcon_core.verb:set package 'depthai_descriptions' build argument 'cmake_clean_cache' from command line to 'False'
[0.397s] Level 5:colcon.colcon_core.verb:set package 'depthai_descriptions' build argument 'cmake_clean_first' from command line to 'False'
[0.397s] Level 5:colcon.colcon_core.verb:set package 'depthai_descriptions' build argument 'cmake_force_configure' from command line to 'False'
[0.397s] Level 5:colcon.colcon_core.verb:set package 'depthai_descriptions' build argument 'ament_cmake_args' from command line to 'None'
[0.397s] Level 5:colcon.colcon_core.verb:set package 'depthai_descriptions' build argument 'catkin_cmake_args' from command line to 'None'
[0.397s] Level 5:colcon.colcon_core.verb:set package 'depthai_descriptions' build argument 'catkin_skip_building_tests' from command line to 'False'
[0.397s] DEBUG:colcon.colcon_core.verb:Building package 'depthai_descriptions' with the following arguments: {'ament_cmake_args': None, 'build_base': '/home/ground/ugv_repo/OperationTouchdown/ugv_ws/build/depthai_descriptions', 'catkin_cmake_args': None, 'catkin_skip_building_tests': False, 'cmake_args': None, 'cmake_clean_cache': False, 'cmake_clean_first': False, 'cmake_force_configure': False, 'cmake_target': None, 'cmake_target_skip_unavailable': False, 'install_base': '/home/ground/ugv_repo/OperationTouchdown/ugv_ws/install/depthai_descriptions', 'merge_install': False, 'path': '/home/ground/ugv_repo/OperationTouchdown/ugv_ws/src/depthai-ros/depthai_descriptions', 'symlink_install': True, 'test_result_base': None}
[0.398s] Level 5:colcon.colcon_core.verb:set package 'depthai_ros_msgs' build argument 'cmake_args' from command line to 'None'
[0.398s] Level 5:colcon.colcon_core.verb:set package 'depthai_ros_msgs' build argument 'cmake_target' from command line to 'None'
[0.398s] Level 5:colcon.colcon_core.verb:set package 'depthai_ros_msgs' build argument 'cmake_target_skip_unavailable' from command line to 'False'
[0.398s] Level 5:colcon.colcon_core.verb:set package 'depthai_ros_msgs' build argument 'cmake_clean_cache' from command line to 'False'
[0.398s] Level 5:colcon.colcon_core.verb:set package 'depthai_ros_msgs' build argument 'cmake_clean_first' from command line to 'False'
[0.398s] Level 5:colcon.colcon_core.verb:set package 'depthai_ros_msgs' build argument 'cmake_force_configure' from command line to 'False'
[0.398s] Level 5:colcon.colcon_core.verb:set package 'depthai_ros_msgs' build argument 'ament_cmake_args' from command line to 'None'
[0.398s] Level 5:colcon.colcon_core.verb:set package 'depthai_ros_msgs' build argument 'catkin_cmake_args' from command line to 'None'
[0.398s] Level 5:colcon.colcon_core.verb:set package 'depthai_ros_msgs' build argument 'catkin_skip_building_tests' from command line to 'False'
[0.398s] DEBUG:colcon.colcon_core.verb:Building package 'depthai_ros_msgs' with the following arguments: {'ament_cmake_args': None, 'build_base': '/home/ground/ugv_repo/OperationTouchdown/ugv_ws/build/depthai_ros_msgs', 'catkin_cmake_args': None, 'catkin_skip_building_tests': False, 'cmake_args': None, 'cmake_clean_cache': False, 'cmake_clean_first': False, 'cmake_force_configure': False, 'cmake_target': None, 'cmake_target_skip_unavailable': False, 'install_base': '/home/ground/ugv_repo/OperationTouchdown/ugv_ws/install/depthai_ros_msgs', 'merge_install': False, 'path': '/home/ground/ugv_repo/OperationTouchdown/ugv_ws/src/depthai-ros/depthai_ros_msgs', 'symlink_install': True, 'test_result_base': None}
[0.398s] Level 5:colcon.colcon_core.verb:set package 'dual_laser_merger' build argument 'cmake_args' from command line to 'None'
[0.398s] Level 5:colcon.colcon_core.verb:set package 'dual_laser_merger' build argument 'cmake_target' from command line to 'None'
[0.398s] Level 5:colcon.colcon_core.verb:set package 'dual_laser_merger' build argument 'cmake_target_skip_unavailable' from command line to 'False'
[0.398s] Level 5:colcon.colcon_core.verb:set package 'dual_laser_merger' build argument 'cmake_clean_cache' from command line to 'False'
[0.398s] Level 5:colcon.colcon_core.verb:set package 'dual_laser_merger' build argument 'cmake_clean_first' from command line to 'False'
[0.398s] Level 5:colcon.colcon_core.verb:set package 'dual_laser_merger' build argument 'cmake_force_configure' from command line to 'False'
[0.398s] Level 5:colcon.colcon_core.verb:set package 'dual_laser_merger' build argument 'ament_cmake_args' from command line to 'None'
[0.398s] Level 5:colcon.colcon_core.verb:set package 'dual_laser_merger' build argument 'catkin_cmake_args' from command line to 'None'
[0.398s] Level 5:colcon.colcon_core.verb:set package 'dual_laser_merger' build argument 'catkin_skip_building_tests' from command line to 'False'
[0.398s] DEBUG:colcon.colcon_core.verb:Building package 'dual_laser_merger' with the following arguments: {'ament_cmake_args': None, 'build_base': '/home/ground/ugv_repo/OperationTouchdown/ugv_ws/build/dual_laser_merger', 'catkin_cmake_args': None, 'catkin_skip_building_tests': False, 'cmake_args': None, 'cmake_clean_cache': False, 'cmake_clean_first': False, 'cmake_force_configure': False, 'cmake_target': None, 'cmake_target_skip_unavailable': False, 'install_base': '/home/ground/ugv_repo/OperationTouchdown/ugv_ws/install/dual_laser_merger', 'merge_install': False, 'path': '/home/ground/ugv_repo/OperationTouchdown/ugv_ws/src/dual_laser_merger', 'symlink_install': True, 'test_result_base': None}
[0.399s] Level 5:colcon.colcon_core.verb:set package 'my_ugv_description' build argument 'cmake_args' from command line to 'None'
[0.399s] Level 5:colcon.colcon_core.verb:set package 'my_ugv_description' build argument 'cmake_target' from command line to 'None'
[0.399s] Level 5:colcon.colcon_core.verb:set package 'my_ugv_description' build argument 'cmake_target_skip_unavailable' from command line to 'False'
[0.399s] Level 5:colcon.colcon_core.verb:set package 'my_ugv_description' build argument 'cmake_clean_cache' from command line to 'False'
[0.399s] Level 5:colcon.colcon_core.verb:set package 'my_ugv_description' build argument 'cmake_clean_first' from command line to 'False'
[0.399s] Level 5:colcon.colcon_core.verb:set package 'my_ugv_description' build argument 'cmake_force_configure' from command line to 'False'
[0.399s] Level 5:colcon.colcon_core.verb:set package 'my_ugv_description' build argument 'ament_cmake_args' from command line to 'None'
[0.399s] Level 5:colcon.colcon_core.verb:set package 'my_ugv_description' build argument 'catkin_cmake_args' from command line to 'None'
[0.399s] Level 5:colcon.colcon_core.verb:set package 'my_ugv_description' build argument 'catkin_skip_building_tests' from command line to 'False'
[0.399s] DEBUG:colcon.colcon_core.verb:Building package 'my_ugv_description' with the following arguments: {'ament_cmake_args': None, 'build_base': '/home/ground/ugv_repo/OperationTouchdown/ugv_ws/build/my_ugv_description', 'catkin_cmake_args': None, 'catkin_skip_building_tests': False, 'cmake_args': None, 'cmake_clean_cache': False, 'cmake_clean_first': False, 'cmake_force_configure': False, 'cmake_target': None, 'cmake_target_skip_unavailable': False, 'install_base': '/home/ground/ugv_repo/OperationTouchdown/ugv_ws/install/my_ugv_description', 'merge_install': False, 'path': '/home/ground/ugv_repo/OperationTouchdown/ugv_ws/src/my_ugv_description', 'symlink_install': True, 'test_result_base': None}
[0.399s] Level 5:colcon.colcon_core.verb:set package 'my_ugv_hardware' build argument 'cmake_args' from command line to 'None'
[0.399s] Level 5:colcon.colcon_core.verb:set package 'my_ugv_hardware' build argument 'cmake_target' from command line to 'None'
[0.399s] Level 5:colcon.colcon_core.verb:set package 'my_ugv_hardware' build argument 'cmake_target_skip_unavailable' from command line to 'False'
[0.399s] Level 5:colcon.colcon_core.verb:set package 'my_ugv_hardware' build argument 'cmake_clean_cache' from command line to 'False'
[0.399s] Level 5:colcon.colcon_core.verb:set package 'my_ugv_hardware' build argument 'cmake_clean_first' from command line to 'False'
[0.399s] Level 5:colcon.colcon_core.verb:set package 'my_ugv_hardware' build argument 'cmake_force_configure' from command line to 'False'
[0.399s] Level 5:colcon.colcon_core.verb:set package 'my_ugv_hardware' build argument 'ament_cmake_args' from command line to 'None'
[0.399s] Level 5:colcon.colcon_core.verb:set package 'my_ugv_hardware' build argument 'catkin_cmake_args' from command line to 'None'
[0.399s] Level 5:colcon.colcon_core.verb:set package 'my_ugv_hardware' build argument 'catkin_skip_building_tests' from command line to 'False'
[0.400s] DEBUG:colcon.colcon_core.verb:Building package 'my_ugv_hardware' with the following arguments: {'ament_cmake_args': None, 'build_base': '/home/ground/ugv_repo/OperationTouchdown/ugv_ws/build/my_ugv_hardware', 'catkin_cmake_args': None, 'catkin_skip_building_tests': False, 'cmake_args': None, 'cmake_clean_cache': False, 'cmake_clean_first': False, 'cmake_force_configure': False, 'cmake_target': None, 'cmake_target_skip_unavailable': False, 'install_base': '/home/ground/ugv_repo/OperationTouchdown/ugv_ws/install/my_ugv_hardware', 'merge_install': False, 'path': '/home/ground/ugv_repo/OperationTouchdown/ugv_ws/src/my_ugv_hardware', 'symlink_install': True, 'test_result_base': None}
[0.400s] Level 5:colcon.colcon_core.verb:set package 'my_ugv_vision' build argument 'cmake_args' from command line to 'None'
[0.400s] Level 5:colcon.colcon_core.verb:set package 'my_ugv_vision' build argument 'cmake_target' from command line to 'None'
[0.400s] Level 5:colcon.colcon_core.verb:set package 'my_ugv_vision' build argument 'cmake_target_skip_unavailable' from command line to 'False'
[0.400s] Level 5:colcon.colcon_core.verb:set package 'my_ugv_vision' build argument 'cmake_clean_cache' from command line to 'False'
[0.400s] Level 5:colcon.colcon_core.verb:set package 'my_ugv_vision' build argument 'cmake_clean_first' from command line to 'False'
[0.400s] Level 5:colcon.colcon_core.verb:set package 'my_ugv_vision' build argument 'cmake_force_configure' from command line to 'False'
[0.400s] Level 5:colcon.colcon_core.verb:set package 'my_ugv_vision' build argument 'ament_cmake_args' from command line to 'None'
[0.400s] Level 5:colcon.colcon_core.verb:set package 'my_ugv_vision' build argument 'catkin_cmake_args' from command line to 'None'
[0.400s] Level 5:colcon.colcon_core.verb:set package 'my_ugv_vision' build argument 'catkin_skip_building_tests' from command line to 'False'
[0.400s] DEBUG:colcon.colcon_core.verb:Building package 'my_ugv_vision' with the following arguments: {'ament_cmake_args': None, 'build_base': '/home/ground/ugv_repo/OperationTouchdown/ugv_ws/build/my_ugv_vision', 'catkin_cmake_args': None, 'catkin_skip_building_tests': False, 'cmake_args': None, 'cmake_clean_cache': False, 'cmake_clean_first': False, 'cmake_force_configure': False, 'cmake_target': None, 'cmake_target_skip_unavailable': False, 'install_base': '/home/ground/ugv_repo/OperationTouchdown/ugv_ws/install/my_ugv_vision', 'merge_install': False, 'path': '/home/ground/ugv_repo/OperationTouchdown/ugv_ws/src/my_ugv_vision', 'symlink_install': True, 'test_result_base': None}
[0.400s] Level 5:colcon.colcon_core.verb:set package 'roboteq_ros2_driver' build argument 'cmake_args' from command line to 'None'
[0.400s] Level 5:colcon.colcon_core.verb:set package 'roboteq_ros2_driver' build argument 'cmake_target' from command line to 'None'
[0.400s] Level 5:colcon.colcon_core.verb:set package 'roboteq_ros2_driver' build argument 'cmake_target_skip_unavailable' from command line to 'False'
[0.400s] Level 5:colcon.colcon_core.verb:set package 'roboteq_ros2_driver' build argument 'cmake_clean_cache' from command line to 'False'
[0.400s] Level 5:colcon.colcon_core.verb:set package 'roboteq_ros2_driver' build argument 'cmake_clean_first' from command line to 'False'
[0.400s] Level 5:colcon.colcon_core.verb:set package 'roboteq_ros2_driver' build argument 'cmake_force_configure' from command line to 'False'
[0.400s] Level 5:colcon.colcon_core.verb:set package 'roboteq_ros2_driver' build argument 'ament_cmake_args' from command line to 'None'
[0.401s] Level 5:colcon.colcon_core.verb:set package 'roboteq_ros2_driver' build argument 'catkin_cmake_args' from command line to 'None'
[0.401s] Level 5:colcon.colcon_core.verb:set package 'roboteq_ros2_driver' build argument 'catkin_skip_building_tests' from command line to 'False'
[0.401s] DEBUG:colcon.colcon_core.verb:Building package 'roboteq_ros2_driver' with the following arguments: {'ament_cmake_args': None, 'build_base': '/home/ground/ugv_repo/OperationTouchdown/ugv_ws/build/roboteq_ros2_driver', 'catkin_cmake_args': None, 'catkin_skip_building_tests': False, 'cmake_args': None, 'cmake_clean_cache': False, 'cmake_clean_first': False, 'cmake_force_configure': False, 'cmake_target': None, 'cmake_target_skip_unavailable': False, 'install_base': '/home/ground/ugv_repo/OperationTouchdown/ugv_ws/install/roboteq_ros2_driver', 'merge_install': False, 'path': '/home/ground/ugv_repo/OperationTouchdown/ugv_ws/src/roboteq_ros2_driver', 'symlink_install': True, 'test_result_base': None}
[0.401s] Level 5:colcon.colcon_core.verb:set package 'rplidar_ros' build argument 'cmake_args' from command line to 'None'
[0.401s] Level 5:colcon.colcon_core.verb:set package 'rplidar_ros' build argument 'cmake_target' from command line to 'None'
[0.401s] Level 5:colcon.colcon_core.verb:set package 'rplidar_ros' build argument 'cmake_target_skip_unavailable' from command line to 'False'
[0.401s] Level 5:colcon.colcon_core.verb:set package 'rplidar_ros' build argument 'cmake_clean_cache' from command line to 'False'
[0.401s] Level 5:colcon.colcon_core.verb:set package 'rplidar_ros' build argument 'cmake_clean_first' from command line to 'False'
[0.401s] Level 5:colcon.colcon_core.verb:set package 'rplidar_ros' build argument 'cmake_force_configure' from command line to 'False'
[0.401s] Level 5:colcon.colcon_core.verb:set package 'rplidar_ros' build argument 'ament_cmake_args' from command line to 'None'
[0.401s] Level 5:colcon.colcon_core.verb:set package 'rplidar_ros' build argument 'catkin_cmake_args' from command line to 'None'
[0.401s] Level 5:colcon.colcon_core.verb:set package 'rplidar_ros' build argument 'catkin_skip_building_tests' from command line to 'False'
[0.401s] DEBUG:colcon.colcon_core.verb:Building package 'rplidar_ros' with the following arguments: {'ament_cmake_args': None, 'build_base': '/home/ground/ugv_repo/OperationTouchdown/ugv_ws/build/rplidar_ros', 'catkin_cmake_args': None, 'catkin_skip_building_tests': False, 'cmake_args': None, 'cmake_clean_cache': False, 'cmake_clean_first': False, 'cmake_force_configure': False, 'cmake_target': None, 'cmake_target_skip_unavailable': False, 'install_base': '/home/ground/ugv_repo/OperationTouchdown/ugv_ws/install/rplidar_ros', 'merge_install': False, 'path': '/home/ground/ugv_repo/OperationTouchdown/ugv_ws/src/rplidar_ros', 'symlink_install': True, 'test_result_base': None}
[0.401s] Level 5:colcon.colcon_core.verb:set package 'depthai_bridge' build argument 'cmake_args' from command line to 'None'
[0.401s] Level 5:colcon.colcon_core.verb:set package 'depthai_bridge' build argument 'cmake_target' from command line to 'None'
[0.401s] Level 5:colcon.colcon_core.verb:set package 'depthai_bridge' build argument 'cmake_target_skip_unavailable' from command line to 'False'
[0.401s] Level 5:colcon.colcon_core.verb:set package 'depthai_bridge' build argument 'cmake_clean_cache' from command line to 'False'
[0.402s] Level 5:colcon.colcon_core.verb:set package 'depthai_bridge' build argument 'cmake_clean_first' from command line to 'False'
[0.402s] Level 5:colcon.colcon_core.verb:set package 'depthai_bridge' build argument 'cmake_force_configure' from command line to 'False'
[0.402s] Level 5:colcon.colcon_core.verb:set package 'depthai_bridge' build argument 'ament_cmake_args' from command line to 'None'
[0.402s] Level 5:colcon.colcon_core.verb:set package 'depthai_bridge' build argument 'catkin_cmake_args' from command line to 'None'
[0.402s] Level 5:colcon.colcon_core.verb:set package 'depthai_bridge' build argument 'catkin_skip_building_tests' from command line to 'False'
[0.402s] DEBUG:colcon.colcon_core.verb:Building package 'depthai_bridge' with the following arguments: {'ament_cmake_args': None, 'build_base': '/home/ground/ugv_repo/OperationTouchdown/ugv_ws/build/depthai_bridge', 'catkin_cmake_args': None, 'catkin_skip_building_tests': False, 'cmake_args': None, 'cmake_clean_cache': False, 'cmake_clean_first': False, 'cmake_force_configure': False, 'cmake_target': None, 'cmake_target_skip_unavailable': False, 'install_base': '/home/ground/ugv_repo/OperationTouchdown/ugv_ws/install/depthai_bridge', 'merge_install': False, 'path': '/home/ground/ugv_repo/OperationTouchdown/ugv_ws/src/depthai-ros/depthai_bridge', 'symlink_install': True, 'test_result_base': None}
[0.402s] Level 5:colcon.colcon_core.verb:set package 'depthai_filters' build argument 'cmake_args' from command line to 'None'
[0.402s] Level 5:colcon.colcon_core.verb:set package 'depthai_filters' build argument 'cmake_target' from command line to 'None'
[0.402s] Level 5:colcon.colcon_core.verb:set package 'depthai_filters' build argument 'cmake_target_skip_unavailable' from command line to 'False'
[0.402s] Level 5:colcon.colcon_core.verb:set package 'depthai_filters' build argument 'cmake_clean_cache' from command line to 'False'
[0.402s] Level 5:colcon.colcon_core.verb:set package 'depthai_filters' build argument 'cmake_clean_first' from command line to 'False'
[0.402s] Level 5:colcon.colcon_core.verb:set package 'depthai_filters' build argument 'cmake_force_configure' from command line to 'False'
[0.402s] Level 5:colcon.colcon_core.verb:set package 'depthai_filters' build argument 'ament_cmake_args' from command line to 'None'
[0.402s] Level 5:colcon.colcon_core.verb:set package 'depthai_filters' build argument 'catkin_cmake_args' from command line to 'None'
[0.402s] Level 5:colcon.colcon_core.verb:set package 'depthai_filters' build argument 'catkin_skip_building_tests' from command line to 'False'
[0.402s] DEBUG:colcon.colcon_core.verb:Building package 'depthai_filters' with the following arguments: {'ament_cmake_args': None, 'build_base': '/home/ground/ugv_repo/OperationTouchdown/ugv_ws/build/depthai_filters', 'catkin_cmake_args': None, 'catkin_skip_building_tests': False, 'cmake_args': None, 'cmake_clean_cache': False, 'cmake_clean_first': False, 'cmake_force_configure': False, 'cmake_target': None, 'cmake_target_skip_unavailable': False, 'install_base': '/home/ground/ugv_repo/OperationTouchdown/ugv_ws/install/depthai_filters', 'merge_install': False, 'path': '/home/ground/ugv_repo/OperationTouchdown/ugv_ws/src/depthai-ros/depthai_filters', 'symlink_install': True, 'test_result_base': None}
[0.402s] Level 5:colcon.colcon_core.verb:set package 'my_ugv_bringup' build argument 'cmake_args' from command line to 'None'
[0.402s] Level 5:colcon.colcon_core.verb:set package 'my_ugv_bringup' build argument 'cmake_target' from command line to 'None'
[0.403s] Level 5:colcon.colcon_core.verb:set package 'my_ugv_bringup' build argument 'cmake_target_skip_unavailable' from command line to 'False'
[0.403s] Level 5:colcon.colcon_core.verb:set package 'my_ugv_bringup' build argument 'cmake_clean_cache' from command line to 'False'
[0.403s] Level 5:colcon.colcon_core.verb:set package 'my_ugv_bringup' build argument 'cmake_clean_first' from command line to 'False'
[0.403s] Level 5:colcon.colcon_core.verb:set package 'my_ugv_bringup' build argument 'cmake_force_configure' from command line to 'False'
[0.403s] Level 5:colcon.colcon_core.verb:set package 'my_ugv_bringup' build argument 'ament_cmake_args' from command line to 'None'
[0.403s] Level 5:colcon.colcon_core.verb:set package 'my_ugv_bringup' build argument 'catkin_cmake_args' from command line to 'None'
[0.403s] Level 5:colcon.colcon_core.verb:set package 'my_ugv_bringup' build argument 'catkin_skip_building_tests' from command line to 'False'
[0.403s] DEBUG:colcon.colcon_core.verb:Building package 'my_ugv_bringup' with the following arguments: {'ament_cmake_args': None, 'build_base': '/home/ground/ugv_repo/OperationTouchdown/ugv_ws/build/my_ugv_bringup', 'catkin_cmake_args': None, 'catkin_skip_building_tests': False, 'cmake_args': None, 'cmake_clean_cache': False, 'cmake_clean_first': False, 'cmake_force_configure': False, 'cmake_target': None, 'cmake_target_skip_unavailable': False, 'install_base': '/home/ground/ugv_repo/OperationTouchdown/ugv_ws/install/my_ugv_bringup', 'merge_install': False, 'path': '/home/ground/ugv_repo/OperationTouchdown/ugv_ws/src/my_ugv_bringup', 'symlink_install': True, 'test_result_base': None}
[0.403s] Level 5:colcon.colcon_core.verb:set package 'depthai_examples' build argument 'cmake_args' from command line to 'None'
[0.403s] Level 5:colcon.colcon_core.verb:set package 'depthai_examples' build argument 'cmake_target' from command line to 'None'
[0.403s] Level 5:colcon.colcon_core.verb:set package 'depthai_examples' build argument 'cmake_target_skip_unavailable' from command line to 'False'
[0.403s] Level 5:colcon.colcon_core.verb:set package 'depthai_examples' build argument 'cmake_clean_cache' from command line to 'False'
[0.403s] Level 5:colcon.colcon_core.verb:set package 'depthai_examples' build argument 'cmake_clean_first' from command line to 'False'
[0.403s] Level 5:colcon.colcon_core.verb:set package 'depthai_examples' build argument 'cmake_force_configure' from command line to 'False'
[0.403s] Level 5:colcon.colcon_core.verb:set package 'depthai_examples' build argument 'ament_cmake_args' from command line to 'None'
[0.403s] Level 5:colcon.colcon_core.verb:set package 'depthai_examples' build argument 'catkin_cmake_args' from command line to 'None'
[0.403s] Level 5:colcon.colcon_core.verb:set package 'depthai_examples' build argument 'catkin_skip_building_tests' from command line to 'False'
[0.403s] DEBUG:colcon.colcon_core.verb:Building package 'depthai_examples' with the following arguments: {'ament_cmake_args': None, 'build_base': '/home/ground/ugv_repo/OperationTouchdown/ugv_ws/build/depthai_examples', 'catkin_cmake_args': None, 'catkin_skip_building_tests': False, 'cmake_args': None, 'cmake_clean_cache': False, 'cmake_clean_first': False, 'cmake_force_configure': False, 'cmake_target': None, 'cmake_target_skip_unavailable': False, 'install_base': '/home/ground/ugv_repo/OperationTouchdown/ugv_ws/install/depthai_examples', 'merge_install': False, 'path': '/home/ground/ugv_repo/OperationTouchdown/ugv_ws/src/depthai-ros/depthai_examples', 'symlink_install': True, 'test_result_base': None}
[0.404s] Level 5:colcon.colcon_core.verb:set package 'depthai_ros_driver' build argument 'cmake_args' from command line to 'None'
[0.404s] Level 5:colcon.colcon_core.verb:set package 'depthai_ros_driver' build argument 'cmake_target' from command line to 'None'
[0.404s] Level 5:colcon.colcon_core.verb:set package 'depthai_ros_driver' build argument 'cmake_target_skip_unavailable' from command line to 'False'
[0.404s] Level 5:colcon.colcon_core.verb:set package 'depthai_ros_driver' build argument 'cmake_clean_cache' from command line to 'False'
[0.404s] Level 5:colcon.colcon_core.verb:set package 'depthai_ros_driver' build argument 'cmake_clean_first' from command line to 'False'
[0.404s] Level 5:colcon.colcon_core.verb:set package 'depthai_ros_driver' build argument 'cmake_force_configure' from command line to 'False'
[0.404s] Level 5:colcon.colcon_core.verb:set package 'depthai_ros_driver' build argument 'ament_cmake_args' from command line to 'None'
[0.404s] Level 5:colcon.colcon_core.verb:set package 'depthai_ros_driver' build argument 'catkin_cmake_args' from command line to 'None'
[0.404s] Level 5:colcon.colcon_core.verb:set package 'depthai_ros_driver' build argument 'catkin_skip_building_tests' from command line to 'False'
[0.404s] DEBUG:colcon.colcon_core.verb:Building package 'depthai_ros_driver' with the following arguments: {'ament_cmake_args': None, 'build_base': '/home/ground/ugv_repo/OperationTouchdown/ugv_ws/build/depthai_ros_driver', 'catkin_cmake_args': None, 'catkin_skip_building_tests': False, 'cmake_args': None, 'cmake_clean_cache': False, 'cmake_clean_first': False, 'cmake_force_configure': False, 'cmake_target': None, 'cmake_target_skip_unavailable': False, 'install_base': '/home/ground/ugv_repo/OperationTouchdown/ugv_ws/install/depthai_ros_driver', 'merge_install': False, 'path': '/home/ground/ugv_repo/OperationTouchdown/ugv_ws/src/depthai-ros/depthai_ros_driver', 'symlink_install': True, 'test_result_base': None}
[0.404s] Level 5:colcon.colcon_core.verb:set package 'depthai-ros' build argument 'cmake_args' from command line to 'None'
[0.404s] Level 5:colcon.colcon_core.verb:set package 'depthai-ros' build argument 'cmake_target' from command line to 'None'
[0.404s] Level 5:colcon.colcon_core.verb:set package 'depthai-ros' build argument 'cmake_target_skip_unavailable' from command line to 'False'
[0.404s] Level 5:colcon.colcon_core.verb:set package 'depthai-ros' build argument 'cmake_clean_cache' from command line to 'False'
[0.404s] Level 5:colcon.colcon_core.verb:set package 'depthai-ros' build argument 'cmake_clean_first' from command line to 'False'
[0.404s] Level 5:colcon.colcon_core.verb:set package 'depthai-ros' build argument 'cmake_force_configure' from command line to 'False'
[0.404s] Level 5:colcon.colcon_core.verb:set package 'depthai-ros' build argument 'ament_cmake_args' from command line to 'None'
[0.404s] Level 5:colcon.colcon_core.verb:set package 'depthai-ros' build argument 'catkin_cmake_args' from command line to 'None'
[0.404s] Level 5:colcon.colcon_core.verb:set package 'depthai-ros' build argument 'catkin_skip_building_tests' from command line to 'False'
[0.404s] DEBUG:colcon.colcon_core.verb:Building package 'depthai-ros' with the following arguments: {'ament_cmake_args': None, 'build_base': '/home/ground/ugv_repo/OperationTouchdown/ugv_ws/build/depthai-ros', 'catkin_cmake_args': None, 'catkin_skip_building_tests': False, 'cmake_args': None, 'cmake_clean_cache': False, 'cmake_clean_first': False, 'cmake_force_configure': False, 'cmake_target': None, 'cmake_target_skip_unavailable': False, 'install_base': '/home/ground/ugv_repo/OperationTouchdown/ugv_ws/install/depthai-ros', 'merge_install': False, 'path': '/home/ground/ugv_repo/OperationTouchdown/ugv_ws/src/depthai-ros/depthai-ros', 'symlink_install': True, 'test_result_base': None}
[0.404s] INFO:colcon.colcon_core.executor:Executing jobs using 'parallel' executor
[0.406s] DEBUG:colcon.colcon_parallel_executor.executor.parallel:run_until_complete
[0.406s] INFO:colcon.colcon_ros.task.ament_cmake.build:Building ROS package in '/home/ground/ugv_repo/OperationTouchdown/ugv_ws/src/depthai-ros/depthai_ros_msgs' with build type 'ament_cmake'
[0.406s] INFO:colcon.colcon_cmake.task.cmake.build:Building CMake package in '/home/ground/ugv_repo/OperationTouchdown/ugv_ws/src/depthai-ros/depthai_ros_msgs'
[0.409s] INFO:colcon.colcon_core.plugin_system:Skipping extension 'colcon_core.shell.bat': Not used on non-Windows systems
[0.410s] INFO:colcon.colcon_core.shell:Skip shell extension 'powershell' for command environment: Not usable outside of PowerShell
[0.410s] DEBUG:colcon.colcon_core.shell:Skip shell extension 'dsv' for command environment
[0.445s] INFO:colcon.colcon_ros.task.ament_cmake.build:Building ROS package in '/home/ground/ugv_repo/OperationTouchdown/ugv_ws/src/depthai-ros/depthai_descriptions' with build type 'ament_cmake'
[0.445s] INFO:colcon.colcon_cmake.task.cmake.build:Building CMake package in '/home/ground/ugv_repo/OperationTouchdown/ugv_ws/src/depthai-ros/depthai_descriptions'
[0.446s] INFO:colcon.colcon_core.shell:Skip shell extension 'powershell' for command environment: Not usable outside of PowerShell
[0.446s] DEBUG:colcon.colcon_core.shell:Skip shell extension 'dsv' for command environment
[0.453s] INFO:colcon.colcon_ros.task.ament_cmake.build:Building ROS package in '/home/ground/ugv_repo/OperationTouchdown/ugv_ws/src/my_ugv_description' with build type 'ament_cmake'
[0.453s] INFO:colcon.colcon_cmake.task.cmake.build:Building CMake package in '/home/ground/ugv_repo/OperationTouchdown/ugv_ws/src/my_ugv_description'
[0.453s] INFO:colcon.colcon_core.shell:Skip shell extension 'powershell' for command environment: Not usable outside of PowerShell
[0.453s] DEBUG:colcon.colcon_core.shell:Skip shell extension 'dsv' for command environment
[0.460s] INFO:colcon.colcon_ros.task.ament_python.build:Building ROS package in '/home/ground/ugv_repo/OperationTouchdown/ugv_ws/src/my_ugv_hardware' with build type 'ament_python'
[0.460s] Level 1:colcon.colcon_core.shell:create_environment_hook('my_ugv_hardware', 'ament_prefix_path')
[0.461s] INFO:colcon.colcon_core.shell:Creating environment hook '/home/ground/ugv_repo/OperationTouchdown/ugv_ws/install/my_ugv_hardware/share/my_ugv_hardware/hook/ament_prefix_path.ps1'
[0.462s] INFO:colcon.colcon_core.shell:Creating environment descriptor '/home/ground/ugv_repo/OperationTouchdown/ugv_ws/install/my_ugv_hardware/share/my_ugv_hardware/hook/ament_prefix_path.dsv'
[0.462s] INFO:colcon.colcon_core.shell:Creating environment hook '/home/ground/ugv_repo/OperationTouchdown/ugv_ws/install/my_ugv_hardware/share/my_ugv_hardware/hook/ament_prefix_path.sh'
[0.463s] INFO:colcon.colcon_core.shell:Skip shell extension 'powershell' for command environment: Not usable outside of PowerShell
[0.464s] DEBUG:colcon.colcon_core.shell:Skip shell extension 'dsv' for command environment
[0.477s] DEBUG:colcon.colcon_core.event_handler.log_command:Invoking command in '/home/ground/ugv_repo/OperationTouchdown/ugv_ws/build/depthai_ros_msgs': CMAKE_PREFIX_PATH=${CMAKE_PREFIX_PATH}:/home/ground/ugv_repo/OperationTouchdown/ugv_ws/install/my_ugv_vision:/home/ground/ugv_repo/OperationTouchdown/ugv_ws/install/my_ugv_hardware:/opt/ros/jazzy DEBUGINFOD_URLS=https://debuginfod.ubuntu.com /usr/bin/cmake --build /home/ground/ugv_repo/OperationTouchdown/ugv_ws/build/depthai_ros_msgs -- -j4 -l4
[0.482s] DEBUG:colcon.colcon_core.event_handler.log_command:Invoking command in '/home/ground/ugv_repo/OperationTouchdown/ugv_ws/build/depthai_descriptions': CMAKE_PREFIX_PATH=${CMAKE_PREFIX_PATH}:/home/ground/ugv_repo/OperationTouchdown/ugv_ws/install/my_ugv_vision:/home/ground/ugv_repo/OperationTouchdown/ugv_ws/install/my_ugv_hardware:/opt/ros/jazzy DEBUGINFOD_URLS=https://debuginfod.ubuntu.com /usr/bin/cmake --build /home/ground/ugv_repo/OperationTouchdown/ugv_ws/build/depthai_descriptions -- -j4 -l4
[0.487s] DEBUG:colcon.colcon_core.event_handler.log_command:Invoking command in '/home/ground/ugv_repo/OperationTouchdown/ugv_ws/build/my_ugv_description': CMAKE_PREFIX_PATH=${CMAKE_PREFIX_PATH}:/home/ground/ugv_repo/OperationTouchdown/ugv_ws/install/my_ugv_vision:/home/ground/ugv_repo/OperationTouchdown/ugv_ws/install/my_ugv_hardware:/opt/ros/jazzy DEBUGINFOD_URLS=https://debuginfod.ubuntu.com /usr/bin/cmake --build /home/ground/ugv_repo/OperationTouchdown/ugv_ws/build/my_ugv_description -- -j4 -l4
[1.032s] INFO:colcon.colcon_core.task.python.build:Building Python package in '/home/ground/ugv_repo/OperationTouchdown/ugv_ws/src/my_ugv_hardware'
[1.033s] INFO:colcon.colcon_core.shell:Skip shell extension 'powershell' for command environment: Not usable outside of PowerShell
[1.033s] DEBUG:colcon.colcon_core.shell:Skip shell extension 'dsv' for command environment
[1.094s] DEBUG:colcon.colcon_core.event_handler.log_command:Invoked command in '/home/ground/ugv_repo/OperationTouchdown/ugv_ws/build/depthai_descriptions' returned '0': CMAKE_PREFIX_PATH=${CMAKE_PREFIX_PATH}:/home/ground/ugv_repo/OperationTouchdown/ugv_ws/install/my_ugv_vision:/home/ground/ugv_repo/OperationTouchdown/ugv_ws/install/my_ugv_hardware:/opt/ros/jazzy DEBUGINFOD_URLS=https://debuginfod.ubuntu.com /usr/bin/cmake --build /home/ground/ugv_repo/OperationTouchdown/ugv_ws/build/depthai_descriptions -- -j4 -l4
[1.143s] DEBUG:colcon.colcon_core.event_handler.log_command:Invoking command in '/home/ground/ugv_repo/OperationTouchdown/ugv_ws/build/depthai_descriptions': CMAKE_PREFIX_PATH=${CMAKE_PREFIX_PATH}:/home/ground/ugv_repo/OperationTouchdown/ugv_ws/install/my_ugv_vision:/home/ground/ugv_repo/OperationTouchdown/ugv_ws/install/my_ugv_hardware:/opt/ros/jazzy DEBUGINFOD_URLS=https://debuginfod.ubuntu.com /usr/bin/cmake --install /home/ground/ugv_repo/OperationTouchdown/ugv_ws/build/depthai_descriptions
[1.145s] DEBUG:colcon.colcon_core.event_handler.log_command:Invoked command in '/home/ground/ugv_repo/OperationTouchdown/ugv_ws/build/my_ugv_description' returned '0': CMAKE_PREFIX_PATH=${CMAKE_PREFIX_PATH}:/home/ground/ugv_repo/OperationTouchdown/ugv_ws/install/my_ugv_vision:/home/ground/ugv_repo/OperationTouchdown/ugv_ws/install/my_ugv_hardware:/opt/ros/jazzy DEBUGINFOD_URLS=https://debuginfod.ubuntu.com /usr/bin/cmake --build /home/ground/ugv_repo/OperationTouchdown/ugv_ws/build/my_ugv_description -- -j4 -l4
[1.147s] DEBUG:colcon.colcon_core.event_handler.log_command:Invoking command in '/home/ground/ugv_repo/OperationTouchdown/ugv_ws/build/my_ugv_description': CMAKE_PREFIX_PATH=${CMAKE_PREFIX_PATH}:/home/ground/ugv_repo/OperationTouchdown/ugv_ws/install/my_ugv_vision:/home/ground/ugv_repo/OperationTouchdown/ugv_ws/install/my_ugv_hardware:/opt/ros/jazzy DEBUGINFOD_URLS=https://debuginfod.ubuntu.com /usr/bin/cmake --install /home/ground/ugv_repo/OperationTouchdown/ugv_ws/build/my_ugv_description
[1.209s] Level 1:colcon.colcon_core.environment:create_environment_scripts_only(depthai_descriptions)
[1.210s] DEBUG:colcon.colcon_core.event_handler.log_command:Invoked command in '/home/ground/ugv_repo/OperationTouchdown/ugv_ws/build/depthai_descriptions' returned '0': CMAKE_PREFIX_PATH=${CMAKE_PREFIX_PATH}:/home/ground/ugv_repo/OperationTouchdown/ugv_ws/install/my_ugv_vision:/home/ground/ugv_repo/OperationTouchdown/ugv_ws/install/my_ugv_hardware:/opt/ros/jazzy DEBUGINFOD_URLS=https://debuginfod.ubuntu.com /usr/bin/cmake --install /home/ground/ugv_repo/OperationTouchdown/ugv_ws/build/depthai_descriptions
[1.214s] Level 1:colcon.colcon_core.environment:checking '/home/ground/ugv_repo/OperationTouchdown/ugv_ws/install/depthai_descriptions' for CMake module files
[1.215s] Level 1:colcon.colcon_core.environment:checking '/home/ground/ugv_repo/OperationTouchdown/ugv_ws/install/depthai_descriptions' for CMake config files
[1.217s] Level 1:colcon.colcon_core.shell:create_environment_hook('depthai_descriptions', 'cmake_prefix_path')
[1.217s] INFO:colcon.colcon_core.shell:Creating environment hook '/home/ground/ugv_repo/OperationTouchdown/ugv_ws/install/depthai_descriptions/share/depthai_descriptions/hook/cmake_prefix_path.ps1'
[1.219s] INFO:colcon.colcon_core.shell:Creating environment descriptor '/home/ground/ugv_repo/OperationTouchdown/ugv_ws/install/depthai_descriptions/share/depthai_descriptions/hook/cmake_prefix_path.dsv'
[1.220s] INFO:colcon.colcon_core.shell:Creating environment hook '/home/ground/ugv_repo/OperationTouchdown/ugv_ws/install/depthai_descriptions/share/depthai_descriptions/hook/cmake_prefix_path.sh'
[1.222s] Level 1:colcon.colcon_core.environment:checking '/home/ground/ugv_repo/OperationTouchdown/ugv_ws/install/depthai_descriptions/bin'
[1.222s] Level 1:colcon.colcon_core.environment:checking '/home/ground/ugv_repo/OperationTouchdown/ugv_ws/install/depthai_descriptions/lib/pkgconfig/depthai_descriptions.pc'
[1.222s] Level 1:colcon.colcon_core.environment:checking '/home/ground/ugv_repo/OperationTouchdown/ugv_ws/install/depthai_descriptions/lib/python3.12/site-packages'
[1.223s] Level 1:colcon.colcon_core.environment:checking '/home/ground/ugv_repo/OperationTouchdown/ugv_ws/install/depthai_descriptions/bin'
[1.224s] INFO:colcon.colcon_core.shell:Creating package script '/home/ground/ugv_repo/OperationTouchdown/ugv_ws/install/depthai_descriptions/share/depthai_descriptions/package.ps1'
[1.226s] INFO:colcon.colcon_core.shell:Creating package descriptor '/home/ground/ugv_repo/OperationTouchdown/ugv_ws/install/depthai_descriptions/share/depthai_descriptions/package.dsv'
[1.227s] INFO:colcon.colcon_core.shell:Creating package script '/home/ground/ugv_repo/OperationTouchdown/ugv_ws/install/depthai_descriptions/share/depthai_descriptions/package.sh'
[1.232s] INFO:colcon.colcon_core.shell:Creating package script '/home/ground/ugv_repo/OperationTouchdown/ugv_ws/install/depthai_descriptions/share/depthai_descriptions/package.bash'
[1.236s] INFO:colcon.colcon_core.shell:Creating package script '/home/ground/ugv_repo/OperationTouchdown/ugv_ws/install/depthai_descriptions/share/depthai_descriptions/package.zsh'
[1.237s] Level 1:colcon.colcon_core.environment:create_file_with_runtime_dependencies(/home/ground/ugv_repo/OperationTouchdown/ugv_ws/install/depthai_descriptions/share/colcon-core/packages/depthai_descriptions)
[1.238s] Level 1:colcon.colcon_core.environment:create_environment_scripts_only(depthai_descriptions)
[1.239s] Level 1:colcon.colcon_core.environment:checking '/home/ground/ugv_repo/OperationTouchdown/ugv_ws/install/depthai_descriptions' for CMake module files
[1.239s] Level 1:colcon.colcon_core.environment:checking '/home/ground/ugv_repo/OperationTouchdown/ugv_ws/install/depthai_descriptions' for CMake config files
[1.240s] Level 1:colcon.colcon_core.shell:create_environment_hook('depthai_descriptions', 'cmake_prefix_path')
[1.241s] INFO:colcon.colcon_core.shell:Creating environment hook '/home/ground/ugv_repo/OperationTouchdown/ugv_ws/install/depthai_descriptions/share/depthai_descriptions/hook/cmake_prefix_path.ps1'
[1.241s] INFO:colcon.colcon_core.shell:Creating environment descriptor '/home/ground/ugv_repo/OperationTouchdown/ugv_ws/install/depthai_descriptions/share/depthai_descriptions/hook/cmake_prefix_path.dsv'
[1.242s] INFO:colcon.colcon_core.shell:Creating environment hook '/home/ground/ugv_repo/OperationTouchdown/ugv_ws/install/depthai_descriptions/share/depthai_descriptions/hook/cmake_prefix_path.sh'
[1.243s] Level 1:colcon.colcon_core.environment:checking '/home/ground/ugv_repo/OperationTouchdown/ugv_ws/install/depthai_descriptions/bin'
[1.243s] Level 1:colcon.colcon_core.environment:checking '/home/ground/ugv_repo/OperationTouchdown/ugv_ws/install/depthai_descriptions/lib/pkgconfig/depthai_descriptions.pc'
[1.243s] Level 1:colcon.colcon_core.environment:checking '/home/ground/ugv_repo/OperationTouchdown/ugv_ws/install/depthai_descriptions/lib/python3.12/site-packages'
[1.244s] Level 1:colcon.colcon_core.environment:checking '/home/ground/ugv_repo/OperationTouchdown/ugv_ws/install/depthai_descriptions/bin'
[1.244s] INFO:colcon.colcon_core.shell:Creating package script '/home/ground/ugv_repo/OperationTouchdown/ugv_ws/install/depthai_descriptions/share/depthai_descriptions/package.ps1'
[1.245s] INFO:colcon.colcon_core.shell:Creating package descriptor '/home/ground/ugv_repo/OperationTouchdown/ugv_ws/install/depthai_descriptions/share/depthai_descriptions/package.dsv'
[1.246s] INFO:colcon.colcon_core.shell:Creating package script '/home/ground/ugv_repo/OperationTouchdown/ugv_ws/install/depthai_descriptions/share/depthai_descriptions/package.sh'
[1.247s] INFO:colcon.colcon_core.shell:Creating package script '/home/ground/ugv_repo/OperationTouchdown/ugv_ws/install/depthai_descriptions/share/depthai_descriptions/package.bash'
[1.248s] INFO:colcon.colcon_core.shell:Creating package script '/home/ground/ugv_repo/OperationTouchdown/ugv_ws/install/depthai_descriptions/share/depthai_descriptions/package.zsh'
[1.249s] Level 1:colcon.colcon_core.environment:create_file_with_runtime_dependencies(/home/ground/ugv_repo/OperationTouchdown/ugv_ws/install/depthai_descriptions/share/colcon-core/packages/depthai_descriptions)
[1.251s] INFO:colcon.colcon_ros.task.ament_cmake.build:Building ROS package in '/home/ground/ugv_repo/OperationTouchdown/ugv_ws/src/dual_laser_merger' with build type 'ament_cmake'
[1.251s] INFO:colcon.colcon_cmake.task.cmake.build:Building CMake package in '/home/ground/ugv_repo/OperationTouchdown/ugv_ws/src/dual_laser_merger'
[1.251s] INFO:colcon.colcon_core.shell:Skip shell extension 'powershell' for command environment: Not usable outside of PowerShell
[1.252s] DEBUG:colcon.colcon_core.shell:Skip shell extension 'dsv' for command environment
[1.259s] Level 1:colcon.colcon_core.environment:create_environment_scripts_only(my_ugv_description)
[1.260s] Level 1:colcon.colcon_core.environment:checking '/home/ground/ugv_repo/OperationTouchdown/ugv_ws/install/my_ugv_description' for CMake module files
[1.260s] DEBUG:colcon.colcon_core.event_handler.log_command:Invoked command in '/home/ground/ugv_repo/OperationTouchdown/ugv_ws/build/my_ugv_description' returned '0': CMAKE_PREFIX_PATH=${CMAKE_PREFIX_PATH}:/home/ground/ugv_repo/OperationTouchdown/ugv_ws/install/my_ugv_vision:/home/ground/ugv_repo/OperationTouchdown/ugv_ws/install/my_ugv_hardware:/opt/ros/jazzy DEBUGINFOD_URLS=https://debuginfod.ubuntu.com /usr/bin/cmake --install /home/ground/ugv_repo/OperationTouchdown/ugv_ws/build/my_ugv_description
[1.265s] Level 1:colcon.colcon_core.environment:checking '/home/ground/ugv_repo/OperationTouchdown/ugv_ws/install/my_ugv_description' for CMake config files
[1.265s] Level 1:colcon.colcon_core.shell:create_environment_hook('my_ugv_description', 'cmake_prefix_path')
[1.266s] INFO:colcon.colcon_core.shell:Creating environment hook '/home/ground/ugv_repo/OperationTouchdown/ugv_ws/install/my_ugv_description/share/my_ugv_description/hook/cmake_prefix_path.ps1'
[1.267s] INFO:colcon.colcon_core.shell:Creating environment descriptor '/home/ground/ugv_repo/OperationTouchdown/ugv_ws/install/my_ugv_description/share/my_ugv_description/hook/cmake_prefix_path.dsv'
[1.268s] INFO:colcon.colcon_core.shell:Creating environment hook '/home/ground/ugv_repo/OperationTouchdown/ugv_ws/install/my_ugv_description/share/my_ugv_description/hook/cmake_prefix_path.sh'
[1.269s] Level 1:colcon.colcon_core.environment:checking '/home/ground/ugv_repo/OperationTouchdown/ugv_ws/install/my_ugv_description/bin'
[1.269s] Level 1:colcon.colcon_core.environment:checking '/home/ground/ugv_repo/OperationTouchdown/ugv_ws/install/my_ugv_description/lib/pkgconfig/my_ugv_description.pc'
[1.270s] Level 1:colcon.colcon_core.environment:checking '/home/ground/ugv_repo/OperationTouchdown/ugv_ws/install/my_ugv_description/lib/python3.12/site-packages'
[1.270s] Level 1:colcon.colcon_core.environment:checking '/home/ground/ugv_repo/OperationTouchdown/ugv_ws/install/my_ugv_description/bin'
[1.271s] INFO:colcon.colcon_core.shell:Creating package script '/home/ground/ugv_repo/OperationTouchdown/ugv_ws/install/my_ugv_description/share/my_ugv_description/package.ps1'
[1.271s] INFO:colcon.colcon_core.shell:Creating package descriptor '/home/ground/ugv_repo/OperationTouchdown/ugv_ws/install/my_ugv_description/share/my_ugv_description/package.dsv'
[1.272s] INFO:colcon.colcon_core.shell:Creating package script '/home/ground/ugv_repo/OperationTouchdown/ugv_ws/install/my_ugv_description/share/my_ugv_description/package.sh'
[1.273s] INFO:colcon.colcon_core.shell:Creating package script '/home/ground/ugv_repo/OperationTouchdown/ugv_ws/install/my_ugv_description/share/my_ugv_description/package.bash'
[1.274s] INFO:colcon.colcon_core.shell:Creating package script '/home/ground/ugv_repo/OperationTouchdown/ugv_ws/install/my_ugv_description/share/my_ugv_description/package.zsh'
[1.274s] Level 1:colcon.colcon_core.environment:create_file_with_runtime_dependencies(/home/ground/ugv_repo/OperationTouchdown/ugv_ws/install/my_ugv_description/share/colcon-core/packages/my_ugv_description)
[1.276s] Level 1:colcon.colcon_core.environment:create_environment_scripts_only(my_ugv_description)
[1.276s] Level 1:colcon.colcon_core.environment:checking '/home/ground/ugv_repo/OperationTouchdown/ugv_ws/install/my_ugv_description' for CMake module files
[1.277s] Level 1:colcon.colcon_core.environment:checking '/home/ground/ugv_repo/OperationTouchdown/ugv_ws/install/my_ugv_description' for CMake config files
[1.278s] Level 1:colcon.colcon_core.shell:create_environment_hook('my_ugv_description', 'cmake_prefix_path')
[1.278s] INFO:colcon.colcon_core.shell:Creating environment hook '/home/ground/ugv_repo/OperationTouchdown/ugv_ws/install/my_ugv_description/share/my_ugv_description/hook/cmake_prefix_path.ps1'
[1.279s] INFO:colcon.colcon_core.shell:Creating environment descriptor '/home/ground/ugv_repo/OperationTouchdown/ugv_ws/install/my_ugv_description/share/my_ugv_description/hook/cmake_prefix_path.dsv'
[1.280s] INFO:colcon.colcon_core.shell:Creating environment hook '/home/ground/ugv_repo/OperationTouchdown/ugv_ws/install/my_ugv_description/share/my_ugv_description/hook/cmake_prefix_path.sh'
[1.281s] Level 1:colcon.colcon_core.environment:checking '/home/ground/ugv_repo/OperationTouchdown/ugv_ws/install/my_ugv_description/bin'
[1.281s] Level 1:colcon.colcon_core.environment:checking '/home/ground/ugv_repo/OperationTouchdown/ugv_ws/install/my_ugv_description/lib/pkgconfig/my_ugv_description.pc'
[1.282s] Level 1:colcon.colcon_core.environment:checking '/home/ground/ugv_repo/OperationTouchdown/ugv_ws/install/my_ugv_description/lib/python3.12/site-packages'
[1.282s] Level 1:colcon.colcon_core.environment:checking '/home/ground/ugv_repo/OperationTouchdown/ugv_ws/install/my_ugv_description/bin'
[1.283s] INFO:colcon.colcon_core.shell:Creating package script '/home/ground/ugv_repo/OperationTouchdown/ugv_ws/install/my_ugv_description/share/my_ugv_description/package.ps1'
[1.284s] INFO:colcon.colcon_core.shell:Creating package descriptor '/home/ground/ugv_repo/OperationTouchdown/ugv_ws/install/my_ugv_description/share/my_ugv_description/package.dsv'
[1.285s] INFO:colcon.colcon_core.shell:Creating package script '/home/ground/ugv_repo/OperationTouchdown/ugv_ws/install/my_ugv_description/share/my_ugv_description/package.sh'
[1.286s] INFO:colcon.colcon_core.shell:Creating package script '/home/ground/ugv_repo/OperationTouchdown/ugv_ws/install/my_ugv_description/share/my_ugv_description/package.bash'
[1.287s] INFO:colcon.colcon_core.shell:Creating package script '/home/ground/ugv_repo/OperationTouchdown/ugv_ws/install/my_ugv_description/share/my_ugv_description/package.zsh'
[1.287s] Level 1:colcon.colcon_core.environment:create_file_with_runtime_dependencies(/home/ground/ugv_repo/OperationTouchdown/ugv_ws/install/my_ugv_description/share/colcon-core/packages/my_ugv_description)
[1.289s] INFO:colcon.colcon_ros.task.ament_python.build:Building ROS package in '/home/ground/ugv_repo/OperationTouchdown/ugv_ws/src/my_ugv_vision' with build type 'ament_python'
[1.290s] Level 1:colcon.colcon_core.shell:create_environment_hook('my_ugv_vision', 'ament_prefix_path')
[1.290s] INFO:colcon.colcon_core.shell:Creating environment hook '/home/ground/ugv_repo/OperationTouchdown/ugv_ws/install/my_ugv_vision/share/my_ugv_vision/hook/ament_prefix_path.ps1'
[1.292s] INFO:colcon.colcon_core.shell:Creating environment descriptor '/home/ground/ugv_repo/OperationTouchdown/ugv_ws/install/my_ugv_vision/share/my_ugv_vision/hook/ament_prefix_path.dsv'
[1.292s] INFO:colcon.colcon_core.shell:Creating environment hook '/home/ground/ugv_repo/OperationTouchdown/ugv_ws/install/my_ugv_vision/share/my_ugv_vision/hook/ament_prefix_path.sh'
[1.294s] INFO:colcon.colcon_core.shell:Skip shell extension 'powershell' for command environment: Not usable outside of PowerShell
[1.294s] DEBUG:colcon.colcon_core.shell:Skip shell extension 'dsv' for command environment
[1.313s] DEBUG:colcon.colcon_core.event_handler.log_command:Invoking command in '/home/ground/ugv_repo/OperationTouchdown/ugv_ws/build/dual_laser_merger': CMAKE_PREFIX_PATH=${CMAKE_PREFIX_PATH}:/home/ground/ugv_repo/OperationTouchdown/ugv_ws/install/my_ugv_vision:/home/ground/ugv_repo/OperationTouchdown/ugv_ws/install/my_ugv_hardware:/opt/ros/jazzy DEBUGINFOD_URLS=https://debuginfod.ubuntu.com /usr/bin/cmake --build /home/ground/ugv_repo/OperationTouchdown/ugv_ws/build/dual_laser_merger -- -j4 -l4
[1.756s] INFO:colcon.colcon_core.task.python.build:Building Python package in '/home/ground/ugv_repo/OperationTouchdown/ugv_ws/src/my_ugv_vision'
[1.757s] INFO:colcon.colcon_core.shell:Skip shell extension 'powershell' for command environment: Not usable outside of PowerShell
[1.757s] DEBUG:colcon.colcon_core.shell:Skip shell extension 'dsv' for command environment
[1.767s] DEBUG:colcon.colcon_core.event_handler.log_command:Invoked command in '/home/ground/ugv_repo/OperationTouchdown/ugv_ws/build/dual_laser_merger' returned '0': CMAKE_PREFIX_PATH=${CMAKE_PREFIX_PATH}:/home/ground/ugv_repo/OperationTouchdown/ugv_ws/install/my_ugv_vision:/home/ground/ugv_repo/OperationTouchdown/ugv_ws/install/my_ugv_hardware:/opt/ros/jazzy DEBUGINFOD_URLS=https://debuginfod.ubuntu.com /usr/bin/cmake --build /home/ground/ugv_repo/OperationTouchdown/ugv_ws/build/dual_laser_merger -- -j4 -l4
[1.768s] DEBUG:colcon.colcon_core.event_handler.log_command:Invoking command in '/home/ground/ugv_repo/OperationTouchdown/ugv_ws/build/dual_laser_merger': CMAKE_PREFIX_PATH=${CMAKE_PREFIX_PATH}:/home/ground/ugv_repo/OperationTouchdown/ugv_ws/install/my_ugv_vision:/home/ground/ugv_repo/OperationTouchdown/ugv_ws/install/my_ugv_hardware:/opt/ros/jazzy DEBUGINFOD_URLS=https://debuginfod.ubuntu.com /usr/bin/cmake --install /home/ground/ugv_repo/OperationTouchdown/ugv_ws/build/dual_laser_merger
[1.769s] DEBUG:colcon.colcon_core.event_handler.log_command:Invoked command in '/home/ground/ugv_repo/OperationTouchdown/ugv_ws/build/depthai_ros_msgs' returned '0': CMAKE_PREFIX_PATH=${CMAKE_PREFIX_PATH}:/home/ground/ugv_repo/OperationTouchdown/ugv_ws/install/my_ugv_vision:/home/ground/ugv_repo/OperationTouchdown/ugv_ws/install/my_ugv_hardware:/opt/ros/jazzy DEBUGINFOD_URLS=https://debuginfod.ubuntu.com /usr/bin/cmake --build /home/ground/ugv_repo/OperationTouchdown/ugv_ws/build/depthai_ros_msgs -- -j4 -l4
[1.772s] DEBUG:colcon.colcon_core.event_handler.log_command:Invoking command in '/home/ground/ugv_repo/OperationTouchdown/ugv_ws/build/depthai_ros_msgs': CMAKE_PREFIX_PATH=${CMAKE_PREFIX_PATH}:/home/ground/ugv_repo/OperationTouchdown/ugv_ws/install/my_ugv_vision:/home/ground/ugv_repo/OperationTouchdown/ugv_ws/install/my_ugv_hardware:/opt/ros/jazzy DEBUGINFOD_URLS=https://debuginfod.ubuntu.com /usr/bin/cmake --install /home/ground/ugv_repo/OperationTouchdown/ugv_ws/build/depthai_ros_msgs
[1.897s] Level 1:colcon.colcon_core.environment:create_environment_scripts_only(dual_laser_merger)
[1.898s] Level 1:colcon.colcon_core.environment:checking '/home/ground/ugv_repo/OperationTouchdown/ugv_ws/install/dual_laser_merger' for CMake module files
[1.899s] Level 1:colcon.colcon_core.environment:checking '/home/ground/ugv_repo/OperationTouchdown/ugv_ws/install/dual_laser_merger' for CMake config files
[1.902s] Level 1:colcon.colcon_core.shell:create_environment_hook('dual_laser_merger', 'cmake_prefix_path')
[1.903s] INFO:colcon.colcon_core.shell:Creating environment hook '/home/ground/ugv_repo/OperationTouchdown/ugv_ws/install/dual_laser_merger/share/dual_laser_merger/hook/cmake_prefix_path.ps1'
[1.908s] INFO:colcon.colcon_core.shell:Creating environment descriptor '/home/ground/ugv_repo/OperationTouchdown/ugv_ws/install/dual_laser_merger/share/dual_laser_merger/hook/cmake_prefix_path.dsv'
[1.909s] INFO:colcon.colcon_core.shell:Creating environment hook '/home/ground/ugv_repo/OperationTouchdown/ugv_ws/install/dual_laser_merger/share/dual_laser_merger/hook/cmake_prefix_path.sh'
[1.913s] Level 1:colcon.colcon_core.environment:checking '/home/ground/ugv_repo/OperationTouchdown/ugv_ws/install/dual_laser_merger/lib'
[1.916s] Level 1:colcon.colcon_core.shell:create_environment_hook('dual_laser_merger', 'ld_library_path_lib')
[1.916s] INFO:colcon.colcon_core.shell:Creating environment hook '/home/ground/ugv_repo/OperationTouchdown/ugv_ws/install/dual_laser_merger/share/dual_laser_merger/hook/ld_library_path_lib.ps1'
[1.918s] INFO:colcon.colcon_core.shell:Creating environment descriptor '/home/ground/ugv_repo/OperationTouchdown/ugv_ws/install/dual_laser_merger/share/dual_laser_merger/hook/ld_library_path_lib.dsv'
[1.922s] INFO:colcon.colcon_core.shell:Creating environment hook '/home/ground/ugv_repo/OperationTouchdown/ugv_ws/install/dual_laser_merger/share/dual_laser_merger/hook/ld_library_path_lib.sh'
[1.925s] Level 1:colcon.colcon_core.environment:checking '/home/ground/ugv_repo/OperationTouchdown/ugv_ws/install/dual_laser_merger/bin'
[1.925s] Level 1:colcon.colcon_core.environment:checking '/home/ground/ugv_repo/OperationTouchdown/ugv_ws/install/dual_laser_merger/lib/pkgconfig/dual_laser_merger.pc'
[1.927s] Level 1:colcon.colcon_core.environment:checking '/home/ground/ugv_repo/OperationTouchdown/ugv_ws/install/dual_laser_merger/lib/python3.12/site-packages'
[1.928s] Level 1:colcon.colcon_core.environment:checking '/home/ground/ugv_repo/OperationTouchdown/ugv_ws/install/dual_laser_merger/bin'
[1.931s] INFO:colcon.colcon_core.shell:Creating package script '/home/ground/ugv_repo/OperationTouchdown/ugv_ws/install/dual_laser_merger/share/dual_laser_merger/package.ps1'
[1.933s] INFO:colcon.colcon_core.shell:Creating package descriptor '/home/ground/ugv_repo/OperationTouchdown/ugv_ws/install/dual_laser_merger/share/dual_laser_merger/package.dsv'
[1.936s] INFO:colcon.colcon_core.shell:Creating package script '/home/ground/ugv_repo/OperationTouchdown/ugv_ws/install/dual_laser_merger/share/dual_laser_merger/package.sh'
[1.939s] INFO:colcon.colcon_core.shell:Creating package script '/home/ground/ugv_repo/OperationTouchdown/ugv_ws/install/dual_laser_merger/share/dual_laser_merger/package.bash'
[1.942s] INFO:colcon.colcon_core.shell:Creating package script '/home/ground/ugv_repo/OperationTouchdown/ugv_ws/install/dual_laser_merger/share/dual_laser_merger/package.zsh'
[1.946s] Level 1:colcon.colcon_core.environment:create_file_with_runtime_dependencies(/home/ground/ugv_repo/OperationTouchdown/ugv_ws/install/dual_laser_merger/share/colcon-core/packages/dual_laser_merger)
[1.947s] Level 1:colcon.colcon_core.environment:create_environment_scripts_only(dual_laser_merger)
[1.948s] Level 1:colcon.colcon_core.environment:checking '/home/ground/ugv_repo/OperationTouchdown/ugv_ws/install/dual_laser_merger' for CMake module files
[1.950s] Level 1:colcon.colcon_core.environment:checking '/home/ground/ugv_repo/OperationTouchdown/ugv_ws/install/dual_laser_merger' for CMake config files
[1.952s] Level 1:colcon.colcon_core.shell:create_environment_hook('dual_laser_merger', 'cmake_prefix_path')
[1.954s] INFO:colcon.colcon_core.shell:Creating environment hook '/home/ground/ugv_repo/OperationTouchdown/ugv_ws/install/dual_laser_merger/share/dual_laser_merger/hook/cmake_prefix_path.ps1'
[1.954s] DEBUG:colcon.colcon_core.event_handler.log_command:Invoked command in '/home/ground/ugv_repo/OperationTouchdown/ugv_ws/build/dual_laser_merger' returned '0': CMAKE_PREFIX_PATH=${CMAKE_PREFIX_PATH}:/home/ground/ugv_repo/OperationTouchdown/ugv_ws/install/my_ugv_vision:/home/ground/ugv_repo/OperationTouchdown/ugv_ws/install/my_ugv_hardware:/opt/ros/jazzy DEBUGINFOD_URLS=https://debuginfod.ubuntu.com /usr/bin/cmake --install /home/ground/ugv_repo/OperationTouchdown/ugv_ws/build/dual_laser_merger
[1.956s] INFO:colcon.colcon_core.shell:Creating environment descriptor '/home/ground/ugv_repo/OperationTouchdown/ugv_ws/install/dual_laser_merger/share/dual_laser_merger/hook/cmake_prefix_path.dsv'
[1.959s] INFO:colcon.colcon_core.shell:Creating environment hook '/home/ground/ugv_repo/OperationTouchdown/ugv_ws/install/dual_laser_merger/share/dual_laser_merger/hook/cmake_prefix_path.sh'
[1.962s] Level 1:colcon.colcon_core.environment:checking '/home/ground/ugv_repo/OperationTouchdown/ugv_ws/install/dual_laser_merger/lib'
[1.964s] Level 1:colcon.colcon_core.shell:create_environment_hook('dual_laser_merger', 'ld_library_path_lib')
[1.965s] INFO:colcon.colcon_core.shell:Creating environment hook '/home/ground/ugv_repo/OperationTouchdown/ugv_ws/install/dual_laser_merger/share/dual_laser_merger/hook/ld_library_path_lib.ps1'
[1.966s] INFO:colcon.colcon_core.shell:Creating environment descriptor '/home/ground/ugv_repo/OperationTouchdown/ugv_ws/install/dual_laser_merger/share/dual_laser_merger/hook/ld_library_path_lib.dsv'
[1.967s] INFO:colcon.colcon_core.shell:Creating environment hook '/home/ground/ugv_repo/OperationTouchdown/ugv_ws/install/dual_laser_merger/share/dual_laser_merger/hook/ld_library_path_lib.sh'
[1.968s] Level 1:colcon.colcon_core.environment:checking '/home/ground/ugv_repo/OperationTouchdown/ugv_ws/install/dual_laser_merger/bin'
[1.969s] Level 1:colcon.colcon_core.environment:checking '/home/ground/ugv_repo/OperationTouchdown/ugv_ws/install/dual_laser_merger/lib/pkgconfig/dual_laser_merger.pc'
[1.969s] Level 1:colcon.colcon_core.environment:checking '/home/ground/ugv_repo/OperationTouchdown/ugv_ws/install/dual_laser_merger/lib/python3.12/site-packages'
[1.970s] Level 1:colcon.colcon_core.environment:checking '/home/ground/ugv_repo/OperationTouchdown/ugv_ws/install/dual_laser_merger/bin'
[1.970s] INFO:colcon.colcon_core.shell:Creating package script '/home/ground/ugv_repo/OperationTouchdown/ugv_ws/install/dual_laser_merger/share/dual_laser_merger/package.ps1'
[1.972s] INFO:colcon.colcon_core.shell:Creating package descriptor '/home/ground/ugv_repo/OperationTouchdown/ugv_ws/install/dual_laser_merger/share/dual_laser_merger/package.dsv'
[1.973s] INFO:colcon.colcon_core.shell:Creating package script '/home/ground/ugv_repo/OperationTouchdown/ugv_ws/install/dual_laser_merger/share/dual_laser_merger/package.sh'
[1.974s] INFO:colcon.colcon_core.shell:Creating package script '/home/ground/ugv_repo/OperationTouchdown/ugv_ws/install/dual_laser_merger/share/dual_laser_merger/package.bash'
[1.975s] INFO:colcon.colcon_core.shell:Creating package script '/home/ground/ugv_repo/OperationTouchdown/ugv_ws/install/dual_laser_merger/share/dual_laser_merger/package.zsh'
[1.976s] Level 1:colcon.colcon_core.environment:create_file_with_runtime_dependencies(/home/ground/ugv_repo/OperationTouchdown/ugv_ws/install/dual_laser_merger/share/colcon-core/packages/dual_laser_merger)
[1.977s] INFO:colcon.colcon_ros.task.ament_cmake.build:Building ROS package in '/home/ground/ugv_repo/OperationTouchdown/ugv_ws/src/roboteq_ros2_driver' with build type 'ament_cmake'
[1.978s] INFO:colcon.colcon_cmake.task.cmake.build:Building CMake package in '/home/ground/ugv_repo/OperationTouchdown/ugv_ws/src/roboteq_ros2_driver'
[1.978s] INFO:colcon.colcon_core.shell:Skip shell extension 'powershell' for command environment: Not usable outside of PowerShell
[1.978s] DEBUG:colcon.colcon_core.shell:Skip shell extension 'dsv' for command environment
[1.997s] DEBUG:colcon.colcon_core.event_handler.log_command:Invoking command in '/home/ground/ugv_repo/OperationTouchdown/ugv_ws/build/roboteq_ros2_driver': CMAKE_PREFIX_PATH=${CMAKE_PREFIX_PATH}:/home/ground/ugv_repo/OperationTouchdown/ugv_ws/install/my_ugv_vision:/home/ground/ugv_repo/OperationTouchdown/ugv_ws/install/my_ugv_hardware:/opt/ros/jazzy DEBUGINFOD_URLS=https://debuginfod.ubuntu.com /usr/bin/cmake --build /home/ground/ugv_repo/OperationTouchdown/ugv_ws/build/roboteq_ros2_driver -- -j4 -l4
[2.044s] Level 1:colcon.colcon_core.environment:create_environment_scripts_only(depthai_ros_msgs)
[2.045s] Level 1:colcon.colcon_core.environment:checking '/home/ground/ugv_repo/OperationTouchdown/ugv_ws/install/depthai_ros_msgs' for CMake module files
[2.046s] Level 1:colcon.colcon_core.environment:checking '/home/ground/ugv_repo/OperationTouchdown/ugv_ws/install/depthai_ros_msgs' for CMake config files
[2.049s] Level 1:colcon.colcon_core.shell:create_environment_hook('depthai_ros_msgs', 'cmake_prefix_path')
[2.052s] INFO:colcon.colcon_core.shell:Creating environment hook '/home/ground/ugv_repo/OperationTouchdown/ugv_ws/install/depthai_ros_msgs/share/depthai_ros_msgs/hook/cmake_prefix_path.ps1'
[2.050s] DEBUG:colcon.colcon_core.event_handler.log_command:Invoked command in '/home/ground/ugv_repo/OperationTouchdown/ugv_ws/build/depthai_ros_msgs' returned '0': CMAKE_PREFIX_PATH=${CMAKE_PREFIX_PATH}:/home/ground/ugv_repo/OperationTouchdown/ugv_ws/install/my_ugv_vision:/home/ground/ugv_repo/OperationTouchdown/ugv_ws/install/my_ugv_hardware:/opt/ros/jazzy DEBUGINFOD_URLS=https://debuginfod.ubuntu.com /usr/bin/cmake --install /home/ground/ugv_repo/OperationTouchdown/ugv_ws/build/depthai_ros_msgs
[2.053s] INFO:colcon.colcon_core.shell:Creating environment descriptor '/home/ground/ugv_repo/OperationTouchdown/ugv_ws/install/depthai_ros_msgs/share/depthai_ros_msgs/hook/cmake_prefix_path.dsv'
[2.054s] INFO:colcon.colcon_core.shell:Creating environment hook '/home/ground/ugv_repo/OperationTouchdown/ugv_ws/install/depthai_ros_msgs/share/depthai_ros_msgs/hook/cmake_prefix_path.sh'
[2.056s] Level 1:colcon.colcon_core.environment:checking '/home/ground/ugv_repo/OperationTouchdown/ugv_ws/install/depthai_ros_msgs/lib'
[2.056s] Level 1:colcon.colcon_core.shell:create_environment_hook('depthai_ros_msgs', 'ld_library_path_lib')
[2.056s] INFO:colcon.colcon_core.shell:Creating environment hook '/home/ground/ugv_repo/OperationTouchdown/ugv_ws/install/depthai_ros_msgs/share/depthai_ros_msgs/hook/ld_library_path_lib.ps1'
[2.058s] INFO:colcon.colcon_core.shell:Creating environment descriptor '/home/ground/ugv_repo/OperationTouchdown/ugv_ws/install/depthai_ros_msgs/share/depthai_ros_msgs/hook/ld_library_path_lib.dsv'
[2.059s] INFO:colcon.colcon_core.shell:Creating environment hook '/home/ground/ugv_repo/OperationTouchdown/ugv_ws/install/depthai_ros_msgs/share/depthai_ros_msgs/hook/ld_library_path_lib.sh'
[2.060s] Level 1:colcon.colcon_core.environment:checking '/home/ground/ugv_repo/OperationTouchdown/ugv_ws/install/depthai_ros_msgs/bin'
[2.060s] Level 1:colcon.colcon_core.environment:checking '/home/ground/ugv_repo/OperationTouchdown/ugv_ws/install/depthai_ros_msgs/lib/pkgconfig/depthai_ros_msgs.pc'
[2.060s] Level 1:colcon.colcon_core.environment:checking '/home/ground/ugv_repo/OperationTouchdown/ugv_ws/install/depthai_ros_msgs/lib/python3.12/site-packages'
[2.061s] Level 1:colcon.colcon_core.shell:create_environment_hook('depthai_ros_msgs', 'pythonpath')
[2.061s] INFO:colcon.colcon_core.shell:Creating environment hook '/home/ground/ugv_repo/OperationTouchdown/ugv_ws/install/depthai_ros_msgs/share/depthai_ros_msgs/hook/pythonpath.ps1'
[2.062s] INFO:colcon.colcon_core.shell:Creating environment descriptor '/home/ground/ugv_repo/OperationTouchdown/ugv_ws/install/depthai_ros_msgs/share/depthai_ros_msgs/hook/pythonpath.dsv'
[2.063s] INFO:colcon.colcon_core.shell:Creating environment hook '/home/ground/ugv_repo/OperationTouchdown/ugv_ws/install/depthai_ros_msgs/share/depthai_ros_msgs/hook/pythonpath.sh'
[2.065s] Level 1:colcon.colcon_core.environment:checking '/home/ground/ugv_repo/OperationTouchdown/ugv_ws/install/depthai_ros_msgs/bin'
[2.065s] INFO:colcon.colcon_core.shell:Creating package script '/home/ground/ugv_repo/OperationTouchdown/ugv_ws/install/depthai_ros_msgs/share/depthai_ros_msgs/package.ps1'
[2.067s] INFO:colcon.colcon_core.shell:Creating package descriptor '/home/ground/ugv_repo/OperationTouchdown/ugv_ws/install/depthai_ros_msgs/share/depthai_ros_msgs/package.dsv'
[2.069s] INFO:colcon.colcon_core.shell:Creating package script '/home/ground/ugv_repo/OperationTouchdown/ugv_ws/install/depthai_ros_msgs/share/depthai_ros_msgs/package.sh'
[2.070s] INFO:colcon.colcon_core.shell:Creating package script '/home/ground/ugv_repo/OperationTouchdown/ugv_ws/install/depthai_ros_msgs/share/depthai_ros_msgs/package.bash'
[2.071s] INFO:colcon.colcon_core.shell:Creating package script '/home/ground/ugv_repo/OperationTouchdown/ugv_ws/install/depthai_ros_msgs/share/depthai_ros_msgs/package.zsh'
[2.072s] Level 1:colcon.colcon_core.environment:create_file_with_runtime_dependencies(/home/ground/ugv_repo/OperationTouchdown/ugv_ws/install/depthai_ros_msgs/share/colcon-core/packages/depthai_ros_msgs)
[2.074s] Level 1:colcon.colcon_core.environment:create_environment_scripts_only(depthai_ros_msgs)
[2.074s] Level 1:colcon.colcon_core.environment:checking '/home/ground/ugv_repo/OperationTouchdown/ugv_ws/install/depthai_ros_msgs' for CMake module files
[2.076s] Level 1:colcon.colcon_core.environment:checking '/home/ground/ugv_repo/OperationTouchdown/ugv_ws/install/depthai_ros_msgs' for CMake config files
[2.077s] Level 1:colcon.colcon_core.shell:create_environment_hook('depthai_ros_msgs', 'cmake_prefix_path')
[2.078s] INFO:colcon.colcon_core.shell:Creating environment hook '/home/ground/ugv_repo/OperationTouchdown/ugv_ws/install/depthai_ros_msgs/share/depthai_ros_msgs/hook/cmake_prefix_path.ps1'
[2.079s] INFO:colcon.colcon_core.shell:Creating environment descriptor '/home/ground/ugv_repo/OperationTouchdown/ugv_ws/install/depthai_ros_msgs/share/depthai_ros_msgs/hook/cmake_prefix_path.dsv'
[2.080s] INFO:colcon.colcon_core.shell:Creating environment hook '/home/ground/ugv_repo/OperationTouchdown/ugv_ws/install/depthai_ros_msgs/share/depthai_ros_msgs/hook/cmake_prefix_path.sh'
[2.082s] Level 1:colcon.colcon_core.environment:checking '/home/ground/ugv_repo/OperationTouchdown/ugv_ws/install/depthai_ros_msgs/lib'
[2.083s] Level 1:colcon.colcon_core.shell:create_environment_hook('depthai_ros_msgs', 'ld_library_path_lib')
[2.083s] INFO:colcon.colcon_core.shell:Creating environment hook '/home/ground/ugv_repo/OperationTouchdown/ugv_ws/install/depthai_ros_msgs/share/depthai_ros_msgs/hook/ld_library_path_lib.ps1'
[2.084s] INFO:colcon.colcon_core.shell:Creating environment descriptor '/home/ground/ugv_repo/OperationTouchdown/ugv_ws/install/depthai_ros_msgs/share/depthai_ros_msgs/hook/ld_library_path_lib.dsv'
[2.085s] INFO:colcon.colcon_core.shell:Creating environment hook '/home/ground/ugv_repo/OperationTouchdown/ugv_ws/install/depthai_ros_msgs/share/depthai_ros_msgs/hook/ld_library_path_lib.sh'
[2.087s] Level 1:colcon.colcon_core.environment:checking '/home/ground/ugv_repo/OperationTouchdown/ugv_ws/install/depthai_ros_msgs/bin'
[2.087s] Level 1:colcon.colcon_core.environment:checking '/home/ground/ugv_repo/OperationTouchdown/ugv_ws/install/depthai_ros_msgs/lib/pkgconfig/depthai_ros_msgs.pc'
[2.087s] Level 1:colcon.colcon_core.environment:checking '/home/ground/ugv_repo/OperationTouchdown/ugv_ws/install/depthai_ros_msgs/lib/python3.12/site-packages'
[2.088s] Level 1:colcon.colcon_core.shell:create_environment_hook('depthai_ros_msgs', 'pythonpath')
[2.088s] INFO:colcon.colcon_core.shell:Creating environment hook '/home/ground/ugv_repo/OperationTouchdown/ugv_ws/install/depthai_ros_msgs/share/depthai_ros_msgs/hook/pythonpath.ps1'
[2.089s] INFO:colcon.colcon_core.shell:Creating environment descriptor '/home/ground/ugv_repo/OperationTouchdown/ugv_ws/install/depthai_ros_msgs/share/depthai_ros_msgs/hook/pythonpath.dsv'
[2.091s] INFO:colcon.colcon_core.shell:Creating environment hook '/home/ground/ugv_repo/OperationTouchdown/ugv_ws/install/depthai_ros_msgs/share/depthai_ros_msgs/hook/pythonpath.sh'
[2.093s] Level 1:colcon.colcon_core.environment:checking '/home/ground/ugv_repo/OperationTouchdown/ugv_ws/install/depthai_ros_msgs/bin'
[2.093s] INFO:colcon.colcon_core.shell:Creating package script '/home/ground/ugv_repo/OperationTouchdown/ugv_ws/install/depthai_ros_msgs/share/depthai_ros_msgs/package.ps1'
[2.095s] INFO:colcon.colcon_core.shell:Creating package descriptor '/home/ground/ugv_repo/OperationTouchdown/ugv_ws/install/depthai_ros_msgs/share/depthai_ros_msgs/package.dsv'
[2.096s] INFO:colcon.colcon_core.shell:Creating package script '/home/ground/ugv_repo/OperationTouchdown/ugv_ws/install/depthai_ros_msgs/share/depthai_ros_msgs/package.sh'
[2.097s] INFO:colcon.colcon_core.shell:Creating package script '/home/ground/ugv_repo/OperationTouchdown/ugv_ws/install/depthai_ros_msgs/share/depthai_ros_msgs/package.bash'
[2.098s] INFO:colcon.colcon_core.shell:Creating package script '/home/ground/ugv_repo/OperationTouchdown/ugv_ws/install/depthai_ros_msgs/share/depthai_ros_msgs/package.zsh'
[2.099s] Level 1:colcon.colcon_core.environment:create_file_with_runtime_dependencies(/home/ground/ugv_repo/OperationTouchdown/ugv_ws/install/depthai_ros_msgs/share/colcon-core/packages/depthai_ros_msgs)
[2.101s] INFO:colcon.colcon_ros.task.ament_cmake.build:Building ROS package in '/home/ground/ugv_repo/OperationTouchdown/ugv_ws/src/depthai-ros/depthai_bridge' with build type 'ament_cmake'
[2.101s] INFO:colcon.colcon_cmake.task.cmake.build:Building CMake package in '/home/ground/ugv_repo/OperationTouchdown/ugv_ws/src/depthai-ros/depthai_bridge'
[2.102s] INFO:colcon.colcon_core.shell:Skip shell extension 'powershell' for command environment: Not usable outside of PowerShell
[2.103s] DEBUG:colcon.colcon_core.shell:Skip shell extension 'dsv' for command environment
[2.123s] DEBUG:colcon.colcon_core.event_handler.log_command:Invoked command in '/home/ground/ugv_repo/OperationTouchdown/ugv_ws/build/roboteq_ros2_driver' returned '0': CMAKE_PREFIX_PATH=${CMAKE_PREFIX_PATH}:/home/ground/ugv_repo/OperationTouchdown/ugv_ws/install/my_ugv_vision:/home/ground/ugv_repo/OperationTouchdown/ugv_ws/install/my_ugv_hardware:/opt/ros/jazzy DEBUGINFOD_URLS=https://debuginfod.ubuntu.com /usr/bin/cmake --build /home/ground/ugv_repo/OperationTouchdown/ugv_ws/build/roboteq_ros2_driver -- -j4 -l4
[2.125s] DEBUG:colcon.colcon_core.event_handler.log_command:Invoking command in '/home/ground/ugv_repo/OperationTouchdown/ugv_ws/build/roboteq_ros2_driver': CMAKE_PREFIX_PATH=${CMAKE_PREFIX_PATH}:/home/ground/ugv_repo/OperationTouchdown/ugv_ws/install/my_ugv_vision:/home/ground/ugv_repo/OperationTouchdown/ugv_ws/install/my_ugv_hardware:/opt/ros/jazzy DEBUGINFOD_URLS=https://debuginfod.ubuntu.com /usr/bin/cmake --install /home/ground/ugv_repo/OperationTouchdown/ugv_ws/build/roboteq_ros2_driver
[2.132s] DEBUG:colcon.colcon_core.event_handler.log_command:Invoking command in '/home/ground/ugv_repo/OperationTouchdown/ugv_ws/build/depthai_bridge': CMAKE_PREFIX_PATH=/home/ground/ugv_repo/OperationTouchdown/ugv_ws/install/depthai_ros_msgs:/home/ground/ugv_repo/OperationTouchdown/ugv_ws/install/dual_laser_merger:/home/ground/ugv_repo/OperationTouchdown/ugv_ws/install/rplidar_ros:/home/ground/ugv_repo/OperationTouchdown/ugv_ws/install/roboteq_ros2_driver:/home/ground/ugv_repo/OperationTouchdown/ugv_ws/install/my_ugv_bringup:/home/ground/ugv_repo/OperationTouchdown/ugv_ws/install/my_ugv_description:/home/ground/ugv_repo/OperationTouchdown/ugv_ws/install/depthai-ros:/home/ground/ugv_repo/OperationTouchdown/ugv_ws/install/depthai_ros_driver:/home/ground/ugv_repo/OperationTouchdown/ugv_ws/install/depthai_filters:/home/ground/ugv_repo/OperationTouchdown/ugv_ws/install/depthai_examples:/home/ground/ugv_repo/OperationTouchdown/ugv_ws/install/depthai_bridge:/home/ground/ugv_repo/OperationTouchdown/ugv_ws/install/depthai_descriptions:/opt/ros/jazzy/opt/gz_sim_vendor:/opt/ros/jazzy/opt/gz_sensors_vendor:/opt/ros/jazzy/opt/gz_physics_vendor:/opt/ros/jazzy/opt/sdformat_vendor:/opt/ros/jazzy/opt/gz_gui_vendor:/opt/ros/jazzy/opt/gz_transport_vendor:/opt/ros/jazzy/opt/gz_rendering_vendor:/opt/ros/jazzy/opt/gz_plugin_vendor:/opt/ros/jazzy/opt/gz_fuel_tools_vendor:/opt/ros/jazzy/opt/gz_msgs_vendor:/opt/ros/jazzy/opt/gz_common_vendor:/opt/ros/jazzy/opt/gz_math_vendor:/opt/ros/jazzy/opt/gz_utils_vendor:/opt/ros/jazzy/opt/gz_tools_vendor:/opt/ros/jazzy/opt/gz_ogre_next_vendor:/opt/ros/jazzy/opt/gz_dartsim_vendor:/opt/ros/jazzy/opt/gz_cmake_vendor:/home/ground/ugv_repo/OperationTouchdown/ugv_ws/install/my_ugv_vision:/home/ground/ugv_repo/OperationTouchdown/ugv_ws/install/my_ugv_hardware:/opt/ros/jazzy DEBUGINFOD_URLS=https://debuginfod.ubuntu.com LD_LIBRARY_PATH=/home/ground/ugv_repo/OperationTouchdown/ugv_ws/install/depthai_ros_msgs/lib:/home/ground/ugv_repo/OperationTouchdown/ugv_ws/install/dual_laser_merger/lib:/home/ground/ugv_repo/OperationTouchdown/ugv_ws/install/depthai_ros_driver/lib:/home/ground/ugv_repo/OperationTouchdown/ugv_ws/install/depthai_filters/lib:/home/ground/ugv_repo/OperationTouchdown/ugv_ws/install/depthai_bridge/lib:/opt/ros/jazzy/opt/gz_sim_vendor/lib:/opt/ros/jazzy/opt/gz_sensors_vendor/lib:/opt/ros/jazzy/opt/gz_physics_vendor/lib:/opt/ros/jazzy/opt/sdformat_vendor/lib:/opt/ros/jazzy/opt/rviz_ogre_vendor/lib:/opt/ros/jazzy/lib/aarch64-linux-gnu:/opt/ros/jazzy/opt/gz_gui_vendor/lib:/opt/ros/jazzy/opt/gz_transport_vendor/lib:/opt/ros/jazzy/opt/gz_rendering_vendor/lib:/opt/ros/jazzy/opt/gz_plugin_vendor/lib:/opt/ros/jazzy/opt/gz_fuel_tools_vendor/lib:/opt/ros/jazzy/opt/gz_msgs_vendor/lib:/opt/ros/jazzy/opt/gz_common_vendor/lib:/opt/ros/jazzy/opt/gz_math_vendor/lib:/opt/ros/jazzy/opt/gz_utils_vendor/lib:/opt/ros/jazzy/opt/gz_tools_vendor/lib:/opt/ros/jazzy/opt/gz_ogre_next_vendor/lib:/opt/ros/jazzy/opt/gz_dartsim_vendor/lib:/opt/ros/jazzy/opt/gz_cmake_vendor/lib:/opt/ros/jazzy/lib PYTHONPATH=/home/ground/ugv_repo/OperationTouchdown/ugv_ws/install/depthai_ros_msgs/lib/python3.12/site-packages:/home/ground/ugv_repo/OperationTouchdown/ugv_ws/build/my_ugv_vision:/home/ground/ugv_repo/OperationTouchdown/ugv_ws/install/my_ugv_vision/lib/python3.12/site-packages:/home/ground/ugv_repo/OperationTouchdown/ugv_ws/build/my_ugv_hardware:/home/ground/ugv_repo/OperationTouchdown/ugv_ws/install/my_ugv_hardware/lib/python3.12/site-packages:/home/ground/ugv_repo/OperationTouchdown/ugv_ws/install/depthai_ros_driver/lib/python3.12/site-packages:/opt/ros/jazzy/lib/python3.12/site-packages /usr/bin/cmake --build /home/ground/ugv_repo/OperationTouchdown/ugv_ws/build/depthai_bridge -- -j4 -l4
[2.183s] Level 1:colcon.colcon_core.environment:create_environment_scripts_only(roboteq_ros2_driver)
[2.184s] Level 1:colcon.colcon_core.environment:checking '/home/ground/ugv_repo/OperationTouchdown/ugv_ws/install/roboteq_ros2_driver' for CMake module files
[2.186s] Level 1:colcon.colcon_core.environment:checking '/home/ground/ugv_repo/OperationTouchdown/ugv_ws/install/roboteq_ros2_driver' for CMake config files
[2.187s] DEBUG:colcon.colcon_core.event_handler.log_command:Invoked command in '/home/ground/ugv_repo/OperationTouchdown/ugv_ws/build/roboteq_ros2_driver' returned '0': CMAKE_PREFIX_PATH=${CMAKE_PREFIX_PATH}:/home/ground/ugv_repo/OperationTouchdown/ugv_ws/install/my_ugv_vision:/home/ground/ugv_repo/OperationTouchdown/ugv_ws/install/my_ugv_hardware:/opt/ros/jazzy DEBUGINFOD_URLS=https://debuginfod.ubuntu.com /usr/bin/cmake --install /home/ground/ugv_repo/OperationTouchdown/ugv_ws/build/roboteq_ros2_driver
[2.187s] Level 1:colcon.colcon_core.shell:create_environment_hook('roboteq_ros2_driver', 'cmake_prefix_path')
[2.188s] INFO:colcon.colcon_core.shell:Creating environment hook '/home/ground/ugv_repo/OperationTouchdown/ugv_ws/install/roboteq_ros2_driver/share/roboteq_ros2_driver/hook/cmake_prefix_path.ps1'
[2.189s] INFO:colcon.colcon_core.shell:Creating environment descriptor '/home/ground/ugv_repo/OperationTouchdown/ugv_ws/install/roboteq_ros2_driver/share/roboteq_ros2_driver/hook/cmake_prefix_path.dsv'
[2.190s] INFO:colcon.colcon_core.shell:Creating environment hook '/home/ground/ugv_repo/OperationTouchdown/ugv_ws/install/roboteq_ros2_driver/share/roboteq_ros2_driver/hook/cmake_prefix_path.sh'
[2.191s] Level 1:colcon.colcon_core.environment:checking '/home/ground/ugv_repo/OperationTouchdown/ugv_ws/install/roboteq_ros2_driver/lib'
[2.191s] Level 1:colcon.colcon_core.environment:checking '/home/ground/ugv_repo/OperationTouchdown/ugv_ws/install/roboteq_ros2_driver/bin'
[2.191s] Level 1:colcon.colcon_core.environment:checking '/home/ground/ugv_repo/OperationTouchdown/ugv_ws/install/roboteq_ros2_driver/lib/pkgconfig/roboteq_ros2_driver.pc'
[2.192s] Level 1:colcon.colcon_core.environment:checking '/home/ground/ugv_repo/OperationTouchdown/ugv_ws/install/roboteq_ros2_driver/lib/python3.12/site-packages'
[2.192s] Level 1:colcon.colcon_core.environment:checking '/home/ground/ugv_repo/OperationTouchdown/ugv_ws/install/roboteq_ros2_driver/bin'
[2.193s] INFO:colcon.colcon_core.shell:Creating package script '/home/ground/ugv_repo/OperationTouchdown/ugv_ws/install/roboteq_ros2_driver/share/roboteq_ros2_driver/package.ps1'
[2.194s] INFO:colcon.colcon_core.shell:Creating package descriptor '/home/ground/ugv_repo/OperationTouchdown/ugv_ws/install/roboteq_ros2_driver/share/roboteq_ros2_driver/package.dsv'
[2.195s] INFO:colcon.colcon_core.shell:Creating package script '/home/ground/ugv_repo/OperationTouchdown/ugv_ws/install/roboteq_ros2_driver/share/roboteq_ros2_driver/package.sh'
[2.196s] INFO:colcon.colcon_core.shell:Creating package script '/home/ground/ugv_repo/OperationTouchdown/ugv_ws/install/roboteq_ros2_driver/share/roboteq_ros2_driver/package.bash'
[2.196s] INFO:colcon.colcon_core.shell:Creating package script '/home/ground/ugv_repo/OperationTouchdown/ugv_ws/install/roboteq_ros2_driver/share/roboteq_ros2_driver/package.zsh'
[2.197s] Level 1:colcon.colcon_core.environment:create_file_with_runtime_dependencies(/home/ground/ugv_repo/OperationTouchdown/ugv_ws/install/roboteq_ros2_driver/share/colcon-core/packages/roboteq_ros2_driver)
[2.198s] Level 1:colcon.colcon_core.environment:create_environment_scripts_only(roboteq_ros2_driver)
[2.199s] Level 1:colcon.colcon_core.environment:checking '/home/ground/ugv_repo/OperationTouchdown/ugv_ws/install/roboteq_ros2_driver' for CMake module files
[2.200s] Level 1:colcon.colcon_core.environment:checking '/home/ground/ugv_repo/OperationTouchdown/ugv_ws/install/roboteq_ros2_driver' for CMake config files
[2.201s] Level 1:colcon.colcon_core.shell:create_environment_hook('roboteq_ros2_driver', 'cmake_prefix_path')
[2.201s] INFO:colcon.colcon_core.shell:Creating environment hook '/home/ground/ugv_repo/OperationTouchdown/ugv_ws/install/roboteq_ros2_driver/share/roboteq_ros2_driver/hook/cmake_prefix_path.ps1'
[2.202s] INFO:colcon.colcon_core.shell:Creating environment descriptor '/home/ground/ugv_repo/OperationTouchdown/ugv_ws/install/roboteq_ros2_driver/share/roboteq_ros2_driver/hook/cmake_prefix_path.dsv'
[2.203s] INFO:colcon.colcon_core.shell:Creating environment hook '/home/ground/ugv_repo/OperationTouchdown/ugv_ws/install/roboteq_ros2_driver/share/roboteq_ros2_driver/hook/cmake_prefix_path.sh'
[2.204s] Level 1:colcon.colcon_core.environment:checking '/home/ground/ugv_repo/OperationTouchdown/ugv_ws/install/roboteq_ros2_driver/lib'
[2.204s] Level 1:colcon.colcon_core.environment:checking '/home/ground/ugv_repo/OperationTouchdown/ugv_ws/install/roboteq_ros2_driver/bin'
[2.204s] Level 1:colcon.colcon_core.environment:checking '/home/ground/ugv_repo/OperationTouchdown/ugv_ws/install/roboteq_ros2_driver/lib/pkgconfig/roboteq_ros2_driver.pc'
[2.204s] Level 1:colcon.colcon_core.environment:checking '/home/ground/ugv_repo/OperationTouchdown/ugv_ws/install/roboteq_ros2_driver/lib/python3.12/site-packages'
[2.205s] Level 1:colcon.colcon_core.environment:checking '/home/ground/ugv_repo/OperationTouchdown/ugv_ws/install/roboteq_ros2_driver/bin'
[2.205s] INFO:colcon.colcon_core.shell:Creating package script '/home/ground/ugv_repo/OperationTouchdown/ugv_ws/install/roboteq_ros2_driver/share/roboteq_ros2_driver/package.ps1'
[2.206s] INFO:colcon.colcon_core.shell:Creating package descriptor '/home/ground/ugv_repo/OperationTouchdown/ugv_ws/install/roboteq_ros2_driver/share/roboteq_ros2_driver/package.dsv'
[2.208s] INFO:colcon.colcon_core.shell:Creating package script '/home/ground/ugv_repo/OperationTouchdown/ugv_ws/install/roboteq_ros2_driver/share/roboteq_ros2_driver/package.sh'
[2.209s] INFO:colcon.colcon_core.shell:Creating package script '/home/ground/ugv_repo/OperationTouchdown/ugv_ws/install/roboteq_ros2_driver/share/roboteq_ros2_driver/package.bash'
[2.209s] INFO:colcon.colcon_core.shell:Creating package script '/home/ground/ugv_repo/OperationTouchdown/ugv_ws/install/roboteq_ros2_driver/share/roboteq_ros2_driver/package.zsh'
[2.210s] Level 1:colcon.colcon_core.environment:create_file_with_runtime_dependencies(/home/ground/ugv_repo/OperationTouchdown/ugv_ws/install/roboteq_ros2_driver/share/colcon-core/packages/roboteq_ros2_driver)
[2.211s] INFO:colcon.colcon_ros.task.ament_cmake.build:Building ROS package in '/home/ground/ugv_repo/OperationTouchdown/ugv_ws/src/depthai-ros/depthai_filters' with build type 'ament_cmake'
[2.212s] INFO:colcon.colcon_cmake.task.cmake.build:Building CMake package in '/home/ground/ugv_repo/OperationTouchdown/ugv_ws/src/depthai-ros/depthai_filters'
[2.212s] INFO:colcon.colcon_core.shell:Skip shell extension 'powershell' for command environment: Not usable outside of PowerShell
[2.213s] DEBUG:colcon.colcon_core.shell:Skip shell extension 'dsv' for command environment
[2.241s] DEBUG:colcon.colcon_core.event_handler.log_command:Invoking command in '/home/ground/ugv_repo/OperationTouchdown/ugv_ws/build/depthai_filters': CMAKE_PREFIX_PATH=/home/ground/ugv_repo/OperationTouchdown/ugv_ws/install/depthai_ros_msgs:/home/ground/ugv_repo/OperationTouchdown/ugv_ws/install/dual_laser_merger:/home/ground/ugv_repo/OperationTouchdown/ugv_ws/install/rplidar_ros:/home/ground/ugv_repo/OperationTouchdown/ugv_ws/install/roboteq_ros2_driver:/home/ground/ugv_repo/OperationTouchdown/ugv_ws/install/my_ugv_bringup:/home/ground/ugv_repo/OperationTouchdown/ugv_ws/install/my_ugv_description:/home/ground/ugv_repo/OperationTouchdown/ugv_ws/install/depthai-ros:/home/ground/ugv_repo/OperationTouchdown/ugv_ws/install/depthai_ros_driver:/home/ground/ugv_repo/OperationTouchdown/ugv_ws/install/depthai_filters:/home/ground/ugv_repo/OperationTouchdown/ugv_ws/install/depthai_examples:/home/ground/ugv_repo/OperationTouchdown/ugv_ws/install/depthai_bridge:/home/ground/ugv_repo/OperationTouchdown/ugv_ws/install/depthai_descriptions:/opt/ros/jazzy/opt/gz_sim_vendor:/opt/ros/jazzy/opt/gz_sensors_vendor:/opt/ros/jazzy/opt/gz_physics_vendor:/opt/ros/jazzy/opt/sdformat_vendor:/opt/ros/jazzy/opt/gz_gui_vendor:/opt/ros/jazzy/opt/gz_transport_vendor:/opt/ros/jazzy/opt/gz_rendering_vendor:/opt/ros/jazzy/opt/gz_plugin_vendor:/opt/ros/jazzy/opt/gz_fuel_tools_vendor:/opt/ros/jazzy/opt/gz_msgs_vendor:/opt/ros/jazzy/opt/gz_common_vendor:/opt/ros/jazzy/opt/gz_math_vendor:/opt/ros/jazzy/opt/gz_utils_vendor:/opt/ros/jazzy/opt/gz_tools_vendor:/opt/ros/jazzy/opt/gz_ogre_next_vendor:/opt/ros/jazzy/opt/gz_dartsim_vendor:/opt/ros/jazzy/opt/gz_cmake_vendor:/home/ground/ugv_repo/OperationTouchdown/ugv_ws/install/my_ugv_vision:/home/ground/ugv_repo/OperationTouchdown/ugv_ws/install/my_ugv_hardware:/opt/ros/jazzy DEBUGINFOD_URLS=https://debuginfod.ubuntu.com LD_LIBRARY_PATH=/home/ground/ugv_repo/OperationTouchdown/ugv_ws/install/depthai_ros_msgs/lib:/home/ground/ugv_repo/OperationTouchdown/ugv_ws/install/dual_laser_merger/lib:/home/ground/ugv_repo/OperationTouchdown/ugv_ws/install/depthai_ros_driver/lib:/home/ground/ugv_repo/OperationTouchdown/ugv_ws/install/depthai_filters/lib:/home/ground/ugv_repo/OperationTouchdown/ugv_ws/install/depthai_bridge/lib:/opt/ros/jazzy/opt/gz_sim_vendor/lib:/opt/ros/jazzy/opt/gz_sensors_vendor/lib:/opt/ros/jazzy/opt/gz_physics_vendor/lib:/opt/ros/jazzy/opt/sdformat_vendor/lib:/opt/ros/jazzy/opt/rviz_ogre_vendor/lib:/opt/ros/jazzy/lib/aarch64-linux-gnu:/opt/ros/jazzy/opt/gz_gui_vendor/lib:/opt/ros/jazzy/opt/gz_transport_vendor/lib:/opt/ros/jazzy/opt/gz_rendering_vendor/lib:/opt/ros/jazzy/opt/gz_plugin_vendor/lib:/opt/ros/jazzy/opt/gz_fuel_tools_vendor/lib:/opt/ros/jazzy/opt/gz_msgs_vendor/lib:/opt/ros/jazzy/opt/gz_common_vendor/lib:/opt/ros/jazzy/opt/gz_math_vendor/lib:/opt/ros/jazzy/opt/gz_utils_vendor/lib:/opt/ros/jazzy/opt/gz_tools_vendor/lib:/opt/ros/jazzy/opt/gz_ogre_next_vendor/lib:/opt/ros/jazzy/opt/gz_dartsim_vendor/lib:/opt/ros/jazzy/opt/gz_cmake_vendor/lib:/opt/ros/jazzy/lib PYTHONPATH=/home/ground/ugv_repo/OperationTouchdown/ugv_ws/install/depthai_ros_msgs/lib/python3.12/site-packages:/home/ground/ugv_repo/OperationTouchdown/ugv_ws/build/my_ugv_vision:/home/ground/ugv_repo/OperationTouchdown/ugv_ws/install/my_ugv_vision/lib/python3.12/site-packages:/home/ground/ugv_repo/OperationTouchdown/ugv_ws/build/my_ugv_hardware:/home/ground/ugv_repo/OperationTouchdown/ugv_ws/install/my_ugv_hardware/lib/python3.12/site-packages:/home/ground/ugv_repo/OperationTouchdown/ugv_ws/install/depthai_ros_driver/lib/python3.12/site-packages:/opt/ros/jazzy/lib/python3.12/site-packages /usr/bin/cmake --build /home/ground/ugv_repo/OperationTouchdown/ugv_ws/build/depthai_filters -- -j4 -l4
[2.374s] DEBUG:colcon.colcon_core.event_handler.log_command:Invoked command in '/home/ground/ugv_repo/OperationTouchdown/ugv_ws/build/depthai_bridge' returned '0': CMAKE_PREFIX_PATH=/home/ground/ugv_repo/OperationTouchdown/ugv_ws/install/depthai_ros_msgs:/home/ground/ugv_repo/OperationTouchdown/ugv_ws/install/dual_laser_merger:/home/ground/ugv_repo/OperationTouchdown/ugv_ws/install/rplidar_ros:/home/ground/ugv_repo/OperationTouchdown/ugv_ws/install/roboteq_ros2_driver:/home/ground/ugv_repo/OperationTouchdown/ugv_ws/install/my_ugv_bringup:/home/ground/ugv_repo/OperationTouchdown/ugv_ws/install/my_ugv_description:/home/ground/ugv_repo/OperationTouchdown/ugv_ws/install/depthai-ros:/home/ground/ugv_repo/OperationTouchdown/ugv_ws/install/depthai_ros_driver:/home/ground/ugv_repo/OperationTouchdown/ugv_ws/install/depthai_filters:/home/ground/ugv_repo/OperationTouchdown/ugv_ws/install/depthai_examples:/home/ground/ugv_repo/OperationTouchdown/ugv_ws/install/depthai_bridge:/home/ground/ugv_repo/OperationTouchdown/ugv_ws/install/depthai_descriptions:/opt/ros/jazzy/opt/gz_sim_vendor:/opt/ros/jazzy/opt/gz_sensors_vendor:/opt/ros/jazzy/opt/gz_physics_vendor:/opt/ros/jazzy/opt/sdformat_vendor:/opt/ros/jazzy/opt/gz_gui_vendor:/opt/ros/jazzy/opt/gz_transport_vendor:/opt/ros/jazzy/opt/gz_rendering_vendor:/opt/ros/jazzy/opt/gz_plugin_vendor:/opt/ros/jazzy/opt/gz_fuel_tools_vendor:/opt/ros/jazzy/opt/gz_msgs_vendor:/opt/ros/jazzy/opt/gz_common_vendor:/opt/ros/jazzy/opt/gz_math_vendor:/opt/ros/jazzy/opt/gz_utils_vendor:/opt/ros/jazzy/opt/gz_tools_vendor:/opt/ros/jazzy/opt/gz_ogre_next_vendor:/opt/ros/jazzy/opt/gz_dartsim_vendor:/opt/ros/jazzy/opt/gz_cmake_vendor:/home/ground/ugv_repo/OperationTouchdown/ugv_ws/install/my_ugv_vision:/home/ground/ugv_repo/OperationTouchdown/ugv_ws/install/my_ugv_hardware:/opt/ros/jazzy DEBUGINFOD_URLS=https://debuginfod.ubuntu.com LD_LIBRARY_PATH=/home/ground/ugv_repo/OperationTouchdown/ugv_ws/install/depthai_ros_msgs/lib:/home/ground/ugv_repo/OperationTouchdown/ugv_ws/install/dual_laser_merger/lib:/home/ground/ugv_repo/OperationTouchdown/ugv_ws/install/depthai_ros_driver/lib:/home/ground/ugv_repo/OperationTouchdown/ugv_ws/install/depthai_filters/lib:/home/ground/ugv_repo/OperationTouchdown/ugv_ws/install/depthai_bridge/lib:/opt/ros/jazzy/opt/gz_sim_vendor/lib:/opt/ros/jazzy/opt/gz_sensors_vendor/lib:/opt/ros/jazzy/opt/gz_physics_vendor/lib:/opt/ros/jazzy/opt/sdformat_vendor/lib:/opt/ros/jazzy/opt/rviz_ogre_vendor/lib:/opt/ros/jazzy/lib/aarch64-linux-gnu:/opt/ros/jazzy/opt/gz_gui_vendor/lib:/opt/ros/jazzy/opt/gz_transport_vendor/lib:/opt/ros/jazzy/opt/gz_rendering_vendor/lib:/opt/ros/jazzy/opt/gz_plugin_vendor/lib:/opt/ros/jazzy/opt/gz_fuel_tools_vendor/lib:/opt/ros/jazzy/opt/gz_msgs_vendor/lib:/opt/ros/jazzy/opt/gz_common_vendor/lib:/opt/ros/jazzy/opt/gz_math_vendor/lib:/opt/ros/jazzy/opt/gz_utils_vendor/lib:/opt/ros/jazzy/opt/gz_tools_vendor/lib:/opt/ros/jazzy/opt/gz_ogre_next_vendor/lib:/opt/ros/jazzy/opt/gz_dartsim_vendor/lib:/opt/ros/jazzy/opt/gz_cmake_vendor/lib:/opt/ros/jazzy/lib PYTHONPATH=/home/ground/ugv_repo/OperationTouchdown/ugv_ws/install/depthai_ros_msgs/lib/python3.12/site-packages:/home/ground/ugv_repo/OperationTouchdown/ugv_ws/build/my_ugv_vision:/home/ground/ugv_repo/OperationTouchdown/ugv_ws/install/my_ugv_vision/lib/python3.12/site-packages:/home/ground/ugv_repo/OperationTouchdown/ugv_ws/build/my_ugv_hardware:/home/ground/ugv_repo/OperationTouchdown/ugv_ws/install/my_ugv_hardware/lib/python3.12/site-packages:/home/ground/ugv_repo/OperationTouchdown/ugv_ws/install/depthai_ros_driver/lib/python3.12/site-packages:/opt/ros/jazzy/lib/python3.12/site-packages /usr/bin/cmake --build /home/ground/ugv_repo/OperationTouchdown/ugv_ws/build/depthai_bridge -- -j4 -l4
[2.375s] DEBUG:colcon.colcon_core.event_handler.log_command:Invoking command in '/home/ground/ugv_repo/OperationTouchdown/ugv_ws/build/depthai_bridge': CMAKE_PREFIX_PATH=/home/ground/ugv_repo/OperationTouchdown/ugv_ws/install/depthai_ros_msgs:/home/ground/ugv_repo/OperationTouchdown/ugv_ws/install/dual_laser_merger:/home/ground/ugv_repo/OperationTouchdown/ugv_ws/install/rplidar_ros:/home/ground/ugv_repo/OperationTouchdown/ugv_ws/install/roboteq_ros2_driver:/home/ground/ugv_repo/OperationTouchdown/ugv_ws/install/my_ugv_bringup:/home/ground/ugv_repo/OperationTouchdown/ugv_ws/install/my_ugv_description:/home/ground/ugv_repo/OperationTouchdown/ugv_ws/install/depthai-ros:/home/ground/ugv_repo/OperationTouchdown/ugv_ws/install/depthai_ros_driver:/home/ground/ugv_repo/OperationTouchdown/ugv_ws/install/depthai_filters:/home/ground/ugv_repo/OperationTouchdown/ugv_ws/install/depthai_examples:/home/ground/ugv_repo/OperationTouchdown/ugv_ws/install/depthai_bridge:/home/ground/ugv_repo/OperationTouchdown/ugv_ws/install/depthai_descriptions:/opt/ros/jazzy/opt/gz_sim_vendor:/opt/ros/jazzy/opt/gz_sensors_vendor:/opt/ros/jazzy/opt/gz_physics_vendor:/opt/ros/jazzy/opt/sdformat_vendor:/opt/ros/jazzy/opt/gz_gui_vendor:/opt/ros/jazzy/opt/gz_transport_vendor:/opt/ros/jazzy/opt/gz_rendering_vendor:/opt/ros/jazzy/opt/gz_plugin_vendor:/opt/ros/jazzy/opt/gz_fuel_tools_vendor:/opt/ros/jazzy/opt/gz_msgs_vendor:/opt/ros/jazzy/opt/gz_common_vendor:/opt/ros/jazzy/opt/gz_math_vendor:/opt/ros/jazzy/opt/gz_utils_vendor:/opt/ros/jazzy/opt/gz_tools_vendor:/opt/ros/jazzy/opt/gz_ogre_next_vendor:/opt/ros/jazzy/opt/gz_dartsim_vendor:/opt/ros/jazzy/opt/gz_cmake_vendor:/home/ground/ugv_repo/OperationTouchdown/ugv_ws/install/my_ugv_vision:/home/ground/ugv_repo/OperationTouchdown/ugv_ws/install/my_ugv_hardware:/opt/ros/jazzy DEBUGINFOD_URLS=https://debuginfod.ubuntu.com LD_LIBRARY_PATH=/home/ground/ugv_repo/OperationTouchdown/ugv_ws/install/depthai_ros_msgs/lib:/home/ground/ugv_repo/OperationTouchdown/ugv_ws/install/dual_laser_merger/lib:/home/ground/ugv_repo/OperationTouchdown/ugv_ws/install/depthai_ros_driver/lib:/home/ground/ugv_repo/OperationTouchdown/ugv_ws/install/depthai_filters/lib:/home/ground/ugv_repo/OperationTouchdown/ugv_ws/install/depthai_bridge/lib:/opt/ros/jazzy/opt/gz_sim_vendor/lib:/opt/ros/jazzy/opt/gz_sensors_vendor/lib:/opt/ros/jazzy/opt/gz_physics_vendor/lib:/opt/ros/jazzy/opt/sdformat_vendor/lib:/opt/ros/jazzy/opt/rviz_ogre_vendor/lib:/opt/ros/jazzy/lib/aarch64-linux-gnu:/opt/ros/jazzy/opt/gz_gui_vendor/lib:/opt/ros/jazzy/opt/gz_transport_vendor/lib:/opt/ros/jazzy/opt/gz_rendering_vendor/lib:/opt/ros/jazzy/opt/gz_plugin_vendor/lib:/opt/ros/jazzy/opt/gz_fuel_tools_vendor/lib:/opt/ros/jazzy/opt/gz_msgs_vendor/lib:/opt/ros/jazzy/opt/gz_common_vendor/lib:/opt/ros/jazzy/opt/gz_math_vendor/lib:/opt/ros/jazzy/opt/gz_utils_vendor/lib:/opt/ros/jazzy/opt/gz_tools_vendor/lib:/opt/ros/jazzy/opt/gz_ogre_next_vendor/lib:/opt/ros/jazzy/opt/gz_dartsim_vendor/lib:/opt/ros/jazzy/opt/gz_cmake_vendor/lib:/opt/ros/jazzy/lib PYTHONPATH=/home/ground/ugv_repo/OperationTouchdown/ugv_ws/install/depthai_ros_msgs/lib/python3.12/site-packages:/home/ground/ugv_repo/OperationTouchdown/ugv_ws/build/my_ugv_vision:/home/ground/ugv_repo/OperationTouchdown/ugv_ws/install/my_ugv_vision/lib/python3.12/site-packages:/home/ground/ugv_repo/OperationTouchdown/ugv_ws/build/my_ugv_hardware:/home/ground/ugv_repo/OperationTouchdown/ugv_ws/install/my_ugv_hardware/lib/python3.12/site-packages:/home/ground/ugv_repo/OperationTouchdown/ugv_ws/install/depthai_ros_driver/lib/python3.12/site-packages:/opt/ros/jazzy/lib/python3.12/site-packages /usr/bin/cmake --install /home/ground/ugv_repo/OperationTouchdown/ugv_ws/build/depthai_bridge
[2.474s] DEBUG:colcon.colcon_core.event_handler.log_command:Invoked command in '/home/ground/ugv_repo/OperationTouchdown/ugv_ws/build/depthai_filters' returned '0': CMAKE_PREFIX_PATH=/home/ground/ugv_repo/OperationTouchdown/ugv_ws/install/depthai_ros_msgs:/home/ground/ugv_repo/OperationTouchdown/ugv_ws/install/dual_laser_merger:/home/ground/ugv_repo/OperationTouchdown/ugv_ws/install/rplidar_ros:/home/ground/ugv_repo/OperationTouchdown/ugv_ws/install/roboteq_ros2_driver:/home/ground/ugv_repo/OperationTouchdown/ugv_ws/install/my_ugv_bringup:/home/ground/ugv_repo/OperationTouchdown/ugv_ws/install/my_ugv_description:/home/ground/ugv_repo/OperationTouchdown/ugv_ws/install/depthai-ros:/home/ground/ugv_repo/OperationTouchdown/ugv_ws/install/depthai_ros_driver:/home/ground/ugv_repo/OperationTouchdown/ugv_ws/install/depthai_filters:/home/ground/ugv_repo/OperationTouchdown/ugv_ws/install/depthai_examples:/home/ground/ugv_repo/OperationTouchdown/ugv_ws/install/depthai_bridge:/home/ground/ugv_repo/OperationTouchdown/ugv_ws/install/depthai_descriptions:/opt/ros/jazzy/opt/gz_sim_vendor:/opt/ros/jazzy/opt/gz_sensors_vendor:/opt/ros/jazzy/opt/gz_physics_vendor:/opt/ros/jazzy/opt/sdformat_vendor:/opt/ros/jazzy/opt/gz_gui_vendor:/opt/ros/jazzy/opt/gz_transport_vendor:/opt/ros/jazzy/opt/gz_rendering_vendor:/opt/ros/jazzy/opt/gz_plugin_vendor:/opt/ros/jazzy/opt/gz_fuel_tools_vendor:/opt/ros/jazzy/opt/gz_msgs_vendor:/opt/ros/jazzy/opt/gz_common_vendor:/opt/ros/jazzy/opt/gz_math_vendor:/opt/ros/jazzy/opt/gz_utils_vendor:/opt/ros/jazzy/opt/gz_tools_vendor:/opt/ros/jazzy/opt/gz_ogre_next_vendor:/opt/ros/jazzy/opt/gz_dartsim_vendor:/opt/ros/jazzy/opt/gz_cmake_vendor:/home/ground/ugv_repo/OperationTouchdown/ugv_ws/install/my_ugv_vision:/home/ground/ugv_repo/OperationTouchdown/ugv_ws/install/my_ugv_hardware:/opt/ros/jazzy DEBUGINFOD_URLS=https://debuginfod.ubuntu.com LD_LIBRARY_PATH=/home/ground/ugv_repo/OperationTouchdown/ugv_ws/install/depthai_ros_msgs/lib:/home/ground/ugv_repo/OperationTouchdown/ugv_ws/install/dual_laser_merger/lib:/home/ground/ugv_repo/OperationTouchdown/ugv_ws/install/depthai_ros_driver/lib:/home/ground/ugv_repo/OperationTouchdown/ugv_ws/install/depthai_filters/lib:/home/ground/ugv_repo/OperationTouchdown/ugv_ws/install/depthai_bridge/lib:/opt/ros/jazzy/opt/gz_sim_vendor/lib:/opt/ros/jazzy/opt/gz_sensors_vendor/lib:/opt/ros/jazzy/opt/gz_physics_vendor/lib:/opt/ros/jazzy/opt/sdformat_vendor/lib:/opt/ros/jazzy/opt/rviz_ogre_vendor/lib:/opt/ros/jazzy/lib/aarch64-linux-gnu:/opt/ros/jazzy/opt/gz_gui_vendor/lib:/opt/ros/jazzy/opt/gz_transport_vendor/lib:/opt/ros/jazzy/opt/gz_rendering_vendor/lib:/opt/ros/jazzy/opt/gz_plugin_vendor/lib:/opt/ros/jazzy/opt/gz_fuel_tools_vendor/lib:/opt/ros/jazzy/opt/gz_msgs_vendor/lib:/opt/ros/jazzy/opt/gz_common_vendor/lib:/opt/ros/jazzy/opt/gz_math_vendor/lib:/opt/ros/jazzy/opt/gz_utils_vendor/lib:/opt/ros/jazzy/opt/gz_tools_vendor/lib:/opt/ros/jazzy/opt/gz_ogre_next_vendor/lib:/opt/ros/jazzy/opt/gz_dartsim_vendor/lib:/opt/ros/jazzy/opt/gz_cmake_vendor/lib:/opt/ros/jazzy/lib PYTHONPATH=/home/ground/ugv_repo/OperationTouchdown/ugv_ws/install/depthai_ros_msgs/lib/python3.12/site-packages:/home/ground/ugv_repo/OperationTouchdown/ugv_ws/build/my_ugv_vision:/home/ground/ugv_repo/OperationTouchdown/ugv_ws/install/my_ugv_vision/lib/python3.12/site-packages:/home/ground/ugv_repo/OperationTouchdown/ugv_ws/build/my_ugv_hardware:/home/ground/ugv_repo/OperationTouchdown/ugv_ws/install/my_ugv_hardware/lib/python3.12/site-packages:/home/ground/ugv_repo/OperationTouchdown/ugv_ws/install/depthai_ros_driver/lib/python3.12/site-packages:/opt/ros/jazzy/lib/python3.12/site-packages /usr/bin/cmake --build /home/ground/ugv_repo/OperationTouchdown/ugv_ws/build/depthai_filters -- -j4 -l4
[2.474s] DEBUG:colcon.colcon_core.event_handler.log_command:Invoking command in '/home/ground/ugv_repo/OperationTouchdown/ugv_ws/build/depthai_filters': CMAKE_PREFIX_PATH=/home/ground/ugv_repo/OperationTouchdown/ugv_ws/install/depthai_ros_msgs:/home/ground/ugv_repo/OperationTouchdown/ugv_ws/install/dual_laser_merger:/home/ground/ugv_repo/OperationTouchdown/ugv_ws/install/rplidar_ros:/home/ground/ugv_repo/OperationTouchdown/ugv_ws/install/roboteq_ros2_driver:/home/ground/ugv_repo/OperationTouchdown/ugv_ws/install/my_ugv_bringup:/home/ground/ugv_repo/OperationTouchdown/ugv_ws/install/my_ugv_description:/home/ground/ugv_repo/OperationTouchdown/ugv_ws/install/depthai-ros:/home/ground/ugv_repo/OperationTouchdown/ugv_ws/install/depthai_ros_driver:/home/ground/ugv_repo/OperationTouchdown/ugv_ws/install/depthai_filters:/home/ground/ugv_repo/OperationTouchdown/ugv_ws/install/depthai_examples:/home/ground/ugv_repo/OperationTouchdown/ugv_ws/install/depthai_bridge:/home/ground/ugv_repo/OperationTouchdown/ugv_ws/install/depthai_descriptions:/opt/ros/jazzy/opt/gz_sim_vendor:/opt/ros/jazzy/opt/gz_sensors_vendor:/opt/ros/jazzy/opt/gz_physics_vendor:/opt/ros/jazzy/opt/sdformat_vendor:/opt/ros/jazzy/opt/gz_gui_vendor:/opt/ros/jazzy/opt/gz_transport_vendor:/opt/ros/jazzy/opt/gz_rendering_vendor:/opt/ros/jazzy/opt/gz_plugin_vendor:/opt/ros/jazzy/opt/gz_fuel_tools_vendor:/opt/ros/jazzy/opt/gz_msgs_vendor:/opt/ros/jazzy/opt/gz_common_vendor:/opt/ros/jazzy/opt/gz_math_vendor:/opt/ros/jazzy/opt/gz_utils_vendor:/opt/ros/jazzy/opt/gz_tools_vendor:/opt/ros/jazzy/opt/gz_ogre_next_vendor:/opt/ros/jazzy/opt/gz_dartsim_vendor:/opt/ros/jazzy/opt/gz_cmake_vendor:/home/ground/ugv_repo/OperationTouchdown/ugv_ws/install/my_ugv_vision:/home/ground/ugv_repo/OperationTouchdown/ugv_ws/install/my_ugv_hardware:/opt/ros/jazzy DEBUGINFOD_URLS=https://debuginfod.ubuntu.com LD_LIBRARY_PATH=/home/ground/ugv_repo/OperationTouchdown/ugv_ws/install/depthai_ros_msgs/lib:/home/ground/ugv_repo/OperationTouchdown/ugv_ws/install/dual_laser_merger/lib:/home/ground/ugv_repo/OperationTouchdown/ugv_ws/install/depthai_ros_driver/lib:/home/ground/ugv_repo/OperationTouchdown/ugv_ws/install/depthai_filters/lib:/home/ground/ugv_repo/OperationTouchdown/ugv_ws/install/depthai_bridge/lib:/opt/ros/jazzy/opt/gz_sim_vendor/lib:/opt/ros/jazzy/opt/gz_sensors_vendor/lib:/opt/ros/jazzy/opt/gz_physics_vendor/lib:/opt/ros/jazzy/opt/sdformat_vendor/lib:/opt/ros/jazzy/opt/rviz_ogre_vendor/lib:/opt/ros/jazzy/lib/aarch64-linux-gnu:/opt/ros/jazzy/opt/gz_gui_vendor/lib:/opt/ros/jazzy/opt/gz_transport_vendor/lib:/opt/ros/jazzy/opt/gz_rendering_vendor/lib:/opt/ros/jazzy/opt/gz_plugin_vendor/lib:/opt/ros/jazzy/opt/gz_fuel_tools_vendor/lib:/opt/ros/jazzy/opt/gz_msgs_vendor/lib:/opt/ros/jazzy/opt/gz_common_vendor/lib:/opt/ros/jazzy/opt/gz_math_vendor/lib:/opt/ros/jazzy/opt/gz_utils_vendor/lib:/opt/ros/jazzy/opt/gz_tools_vendor/lib:/opt/ros/jazzy/opt/gz_ogre_next_vendor/lib:/opt/ros/jazzy/opt/gz_dartsim_vendor/lib:/opt/ros/jazzy/opt/gz_cmake_vendor/lib:/opt/ros/jazzy/lib PYTHONPATH=/home/ground/ugv_repo/OperationTouchdown/ugv_ws/install/depthai_ros_msgs/lib/python3.12/site-packages:/home/ground/ugv_repo/OperationTouchdown/ugv_ws/build/my_ugv_vision:/home/ground/ugv_repo/OperationTouchdown/ugv_ws/install/my_ugv_vision/lib/python3.12/site-packages:/home/ground/ugv_repo/OperationTouchdown/ugv_ws/build/my_ugv_hardware:/home/ground/ugv_repo/OperationTouchdown/ugv_ws/install/my_ugv_hardware/lib/python3.12/site-packages:/home/ground/ugv_repo/OperationTouchdown/ugv_ws/install/depthai_ros_driver/lib/python3.12/site-packages:/opt/ros/jazzy/lib/python3.12/site-packages /usr/bin/cmake --install /home/ground/ugv_repo/OperationTouchdown/ugv_ws/build/depthai_filters
[2.492s] Level 1:colcon.colcon_core.environment:create_environment_scripts_only(depthai_bridge)
[2.493s] Level 1:colcon.colcon_core.environment:checking '/home/ground/ugv_repo/OperationTouchdown/ugv_ws/install/depthai_bridge' for CMake module files
[2.494s] Level 1:colcon.colcon_core.environment:checking '/home/ground/ugv_repo/OperationTouchdown/ugv_ws/install/depthai_bridge' for CMake config files
[2.495s] DEBUG:colcon.colcon_core.event_handler.log_command:Invoked command in '/home/ground/ugv_repo/OperationTouchdown/ugv_ws/build/depthai_bridge' returned '0': CMAKE_PREFIX_PATH=/home/ground/ugv_repo/OperationTouchdown/ugv_ws/install/depthai_ros_msgs:/home/ground/ugv_repo/OperationTouchdown/ugv_ws/install/dual_laser_merger:/home/ground/ugv_repo/OperationTouchdown/ugv_ws/install/rplidar_ros:/home/ground/ugv_repo/OperationTouchdown/ugv_ws/install/roboteq_ros2_driver:/home/ground/ugv_repo/OperationTouchdown/ugv_ws/install/my_ugv_bringup:/home/ground/ugv_repo/OperationTouchdown/ugv_ws/install/my_ugv_description:/home/ground/ugv_repo/OperationTouchdown/ugv_ws/install/depthai-ros:/home/ground/ugv_repo/OperationTouchdown/ugv_ws/install/depthai_ros_driver:/home/ground/ugv_repo/OperationTouchdown/ugv_ws/install/depthai_filters:/home/ground/ugv_repo/OperationTouchdown/ugv_ws/install/depthai_examples:/home/ground/ugv_repo/OperationTouchdown/ugv_ws/install/depthai_bridge:/home/ground/ugv_repo/OperationTouchdown/ugv_ws/install/depthai_descriptions:/opt/ros/jazzy/opt/gz_sim_vendor:/opt/ros/jazzy/opt/gz_sensors_vendor:/opt/ros/jazzy/opt/gz_physics_vendor:/opt/ros/jazzy/opt/sdformat_vendor:/opt/ros/jazzy/opt/gz_gui_vendor:/opt/ros/jazzy/opt/gz_transport_vendor:/opt/ros/jazzy/opt/gz_rendering_vendor:/opt/ros/jazzy/opt/gz_plugin_vendor:/opt/ros/jazzy/opt/gz_fuel_tools_vendor:/opt/ros/jazzy/opt/gz_msgs_vendor:/opt/ros/jazzy/opt/gz_common_vendor:/opt/ros/jazzy/opt/gz_math_vendor:/opt/ros/jazzy/opt/gz_utils_vendor:/opt/ros/jazzy/opt/gz_tools_vendor:/opt/ros/jazzy/opt/gz_ogre_next_vendor:/opt/ros/jazzy/opt/gz_dartsim_vendor:/opt/ros/jazzy/opt/gz_cmake_vendor:/home/ground/ugv_repo/OperationTouchdown/ugv_ws/install/my_ugv_vision:/home/ground/ugv_repo/OperationTouchdown/ugv_ws/install/my_ugv_hardware:/opt/ros/jazzy DEBUGINFOD_URLS=https://debuginfod.ubuntu.com LD_LIBRARY_PATH=/home/ground/ugv_repo/OperationTouchdown/ugv_ws/install/depthai_ros_msgs/lib:/home/ground/ugv_repo/OperationTouchdown/ugv_ws/install/dual_laser_merger/lib:/home/ground/ugv_repo/OperationTouchdown/ugv_ws/install/depthai_ros_driver/lib:/home/ground/ugv_repo/OperationTouchdown/ugv_ws/install/depthai_filters/lib:/home/ground/ugv_repo/OperationTouchdown/ugv_ws/install/depthai_bridge/lib:/opt/ros/jazzy/opt/gz_sim_vendor/lib:/opt/ros/jazzy/opt/gz_sensors_vendor/lib:/opt/ros/jazzy/opt/gz_physics_vendor/lib:/opt/ros/jazzy/opt/sdformat_vendor/lib:/opt/ros/jazzy/opt/rviz_ogre_vendor/lib:/opt/ros/jazzy/lib/aarch64-linux-gnu:/opt/ros/jazzy/opt/gz_gui_vendor/lib:/opt/ros/jazzy/opt/gz_transport_vendor/lib:/opt/ros/jazzy/opt/gz_rendering_vendor/lib:/opt/ros/jazzy/opt/gz_plugin_vendor/lib:/opt/ros/jazzy/opt/gz_fuel_tools_vendor/lib:/opt/ros/jazzy/opt/gz_msgs_vendor/lib:/opt/ros/jazzy/opt/gz_common_vendor/lib:/opt/ros/jazzy/opt/gz_math_vendor/lib:/opt/ros/jazzy/opt/gz_utils_vendor/lib:/opt/ros/jazzy/opt/gz_tools_vendor/lib:/opt/ros/jazzy/opt/gz_ogre_next_vendor/lib:/opt/ros/jazzy/opt/gz_dartsim_vendor/lib:/opt/ros/jazzy/opt/gz_cmake_vendor/lib:/opt/ros/jazzy/lib PYTHONPATH=/home/ground/ugv_repo/OperationTouchdown/ugv_ws/install/depthai_ros_msgs/lib/python3.12/site-packages:/home/ground/ugv_repo/OperationTouchdown/ugv_ws/build/my_ugv_vision:/home/ground/ugv_repo/OperationTouchdown/ugv_ws/install/my_ugv_vision/lib/python3.12/site-packages:/home/ground/ugv_repo/OperationTouchdown/ugv_ws/build/my_ugv_hardware:/home/ground/ugv_repo/OperationTouchdown/ugv_ws/install/my_ugv_hardware/lib/python3.12/site-packages:/home/ground/ugv_repo/OperationTouchdown/ugv_ws/install/depthai_ros_driver/lib/python3.12/site-packages:/opt/ros/jazzy/lib/python3.12/site-packages /usr/bin/cmake --install /home/ground/ugv_repo/OperationTouchdown/ugv_ws/build/depthai_bridge
[2.496s] Level 1:colcon.colcon_core.shell:create_environment_hook('depthai_bridge', 'cmake_prefix_path')
[2.496s] INFO:colcon.colcon_core.shell:Creating environment hook '/home/ground/ugv_repo/OperationTouchdown/ugv_ws/install/depthai_bridge/share/depthai_bridge/hook/cmake_prefix_path.ps1'
[2.498s] INFO:colcon.colcon_core.shell:Creating environment descriptor '/home/ground/ugv_repo/OperationTouchdown/ugv_ws/install/depthai_bridge/share/depthai_bridge/hook/cmake_prefix_path.dsv'
[2.499s] INFO:colcon.colcon_core.shell:Creating environment hook '/home/ground/ugv_repo/OperationTouchdown/ugv_ws/install/depthai_bridge/share/depthai_bridge/hook/cmake_prefix_path.sh'
[2.501s] Level 1:colcon.colcon_core.environment:checking '/home/ground/ugv_repo/OperationTouchdown/ugv_ws/install/depthai_bridge/lib'
[2.501s] Level 1:colcon.colcon_core.shell:create_environment_hook('depthai_bridge', 'ld_library_path_lib')
[2.502s] INFO:colcon.colcon_core.shell:Creating environment hook '/home/ground/ugv_repo/OperationTouchdown/ugv_ws/install/depthai_bridge/share/depthai_bridge/hook/ld_library_path_lib.ps1'
[2.503s] INFO:colcon.colcon_core.shell:Creating environment descriptor '/home/ground/ugv_repo/OperationTouchdown/ugv_ws/install/depthai_bridge/share/depthai_bridge/hook/ld_library_path_lib.dsv'
[2.504s] INFO:colcon.colcon_core.shell:Creating environment hook '/home/ground/ugv_repo/OperationTouchdown/ugv_ws/install/depthai_bridge/share/depthai_bridge/hook/ld_library_path_lib.sh'
[2.505s] Level 1:colcon.colcon_core.environment:checking '/home/ground/ugv_repo/OperationTouchdown/ugv_ws/install/depthai_bridge/bin'
[2.506s] Level 1:colcon.colcon_core.environment:checking '/home/ground/ugv_repo/OperationTouchdown/ugv_ws/install/depthai_bridge/lib/pkgconfig/depthai_bridge.pc'
[2.506s] Level 1:colcon.colcon_core.environment:checking '/home/ground/ugv_repo/OperationTouchdown/ugv_ws/install/depthai_bridge/lib/python3.12/site-packages'
[2.507s] Level 1:colcon.colcon_core.environment:checking '/home/ground/ugv_repo/OperationTouchdown/ugv_ws/install/depthai_bridge/bin'
[2.508s] INFO:colcon.colcon_core.shell:Creating package script '/home/ground/ugv_repo/OperationTouchdown/ugv_ws/install/depthai_bridge/share/depthai_bridge/package.ps1'
[2.510s] INFO:colcon.colcon_core.shell:Creating package descriptor '/home/ground/ugv_repo/OperationTouchdown/ugv_ws/install/depthai_bridge/share/depthai_bridge/package.dsv'
[2.511s] INFO:colcon.colcon_core.shell:Creating package script '/home/ground/ugv_repo/OperationTouchdown/ugv_ws/install/depthai_bridge/share/depthai_bridge/package.sh'
[2.513s] INFO:colcon.colcon_core.shell:Creating package script '/home/ground/ugv_repo/OperationTouchdown/ugv_ws/install/depthai_bridge/share/depthai_bridge/package.bash'
[2.515s] INFO:colcon.colcon_core.shell:Creating package script '/home/ground/ugv_repo/OperationTouchdown/ugv_ws/install/depthai_bridge/share/depthai_bridge/package.zsh'
[2.517s] Level 1:colcon.colcon_core.environment:create_file_with_runtime_dependencies(/home/ground/ugv_repo/OperationTouchdown/ugv_ws/install/depthai_bridge/share/colcon-core/packages/depthai_bridge)
[2.519s] Level 1:colcon.colcon_core.environment:create_environment_scripts_only(depthai_bridge)
[2.520s] Level 1:colcon.colcon_core.environment:checking '/home/ground/ugv_repo/OperationTouchdown/ugv_ws/install/depthai_bridge' for CMake module files
[2.524s] Level 1:colcon.colcon_core.environment:checking '/home/ground/ugv_repo/OperationTouchdown/ugv_ws/install/depthai_bridge' for CMake config files
[2.526s] Level 1:colcon.colcon_core.shell:create_environment_hook('depthai_bridge', 'cmake_prefix_path')
[2.527s] INFO:colcon.colcon_core.shell:Creating environment hook '/home/ground/ugv_repo/OperationTouchdown/ugv_ws/install/depthai_bridge/share/depthai_bridge/hook/cmake_prefix_path.ps1'
[2.529s] INFO:colcon.colcon_core.shell:Creating environment descriptor '/home/ground/ugv_repo/OperationTouchdown/ugv_ws/install/depthai_bridge/share/depthai_bridge/hook/cmake_prefix_path.dsv'
[2.530s] INFO:colcon.colcon_core.shell:Creating environment hook '/home/ground/ugv_repo/OperationTouchdown/ugv_ws/install/depthai_bridge/share/depthai_bridge/hook/cmake_prefix_path.sh'
[2.532s] Level 1:colcon.colcon_core.environment:checking '/home/ground/ugv_repo/OperationTouchdown/ugv_ws/install/depthai_bridge/lib'
[2.533s] Level 1:colcon.colcon_core.shell:create_environment_hook('depthai_bridge', 'ld_library_path_lib')
[2.534s] INFO:colcon.colcon_core.shell:Creating environment hook '/home/ground/ugv_repo/OperationTouchdown/ugv_ws/install/depthai_bridge/share/depthai_bridge/hook/ld_library_path_lib.ps1'
[2.535s] INFO:colcon.colcon_core.shell:Creating environment descriptor '/home/ground/ugv_repo/OperationTouchdown/ugv_ws/install/depthai_bridge/share/depthai_bridge/hook/ld_library_path_lib.dsv'
[2.535s] INFO:colcon.colcon_core.shell:Creating environment hook '/home/ground/ugv_repo/OperationTouchdown/ugv_ws/install/depthai_bridge/share/depthai_bridge/hook/ld_library_path_lib.sh'
[2.536s] Level 1:colcon.colcon_core.environment:checking '/home/ground/ugv_repo/OperationTouchdown/ugv_ws/install/depthai_bridge/bin'
[2.536s] Level 1:colcon.colcon_core.environment:checking '/home/ground/ugv_repo/OperationTouchdown/ugv_ws/install/depthai_bridge/lib/pkgconfig/depthai_bridge.pc'
[2.536s] Level 1:colcon.colcon_core.environment:checking '/home/ground/ugv_repo/OperationTouchdown/ugv_ws/install/depthai_bridge/lib/python3.12/site-packages'
[2.537s] Level 1:colcon.colcon_core.environment:checking '/home/ground/ugv_repo/OperationTouchdown/ugv_ws/install/depthai_bridge/bin'
[2.537s] INFO:colcon.colcon_core.shell:Creating package script '/home/ground/ugv_repo/OperationTouchdown/ugv_ws/install/depthai_bridge/share/depthai_bridge/package.ps1'
[2.538s] INFO:colcon.colcon_core.shell:Creating package descriptor '/home/ground/ugv_repo/OperationTouchdown/ugv_ws/install/depthai_bridge/share/depthai_bridge/package.dsv'
[2.539s] INFO:colcon.colcon_core.shell:Creating package script '/home/ground/ugv_repo/OperationTouchdown/ugv_ws/install/depthai_bridge/share/depthai_bridge/package.sh'
[2.540s] INFO:colcon.colcon_core.shell:Creating package script '/home/ground/ugv_repo/OperationTouchdown/ugv_ws/install/depthai_bridge/share/depthai_bridge/package.bash'
[2.541s] INFO:colcon.colcon_core.shell:Creating package script '/home/ground/ugv_repo/OperationTouchdown/ugv_ws/install/depthai_bridge/share/depthai_bridge/package.zsh'
[2.541s] Level 1:colcon.colcon_core.environment:create_file_with_runtime_dependencies(/home/ground/ugv_repo/OperationTouchdown/ugv_ws/install/depthai_bridge/share/colcon-core/packages/depthai_bridge)
[2.543s] INFO:colcon.colcon_ros.task.ament_cmake.build:Building ROS package in '/home/ground/ugv_repo/OperationTouchdown/ugv_ws/src/depthai-ros/depthai_examples' with build type 'ament_cmake'
[2.543s] INFO:colcon.colcon_cmake.task.cmake.build:Building CMake package in '/home/ground/ugv_repo/OperationTouchdown/ugv_ws/src/depthai-ros/depthai_examples'
[2.544s] INFO:colcon.colcon_core.shell:Skip shell extension 'powershell' for command environment: Not usable outside of PowerShell
[2.544s] DEBUG:colcon.colcon_core.shell:Skip shell extension 'dsv' for command environment
[2.557s] DEBUG:colcon.colcon_core.event_handler.log_command:Invoking command in '/home/ground/ugv_repo/OperationTouchdown/ugv_ws/build/my_ugv_hardware': DEBUGINFOD_URLS=https://debuginfod.ubuntu.com PYTHONPATH=/home/ground/ugv_repo/OperationTouchdown/ugv_ws/build/my_ugv_hardware/prefix_override:/usr/lib/python3/dist-packages/colcon_core/task/python/colcon_distutils_commands:/home/ground/ugv_repo/OperationTouchdown/ugv_ws/install/my_ugv_hardware/lib/python3.12/site-packages:${PYTHONPATH} /usr/bin/python3 -W ignore:setup.py install is deprecated -W ignore:easy_install command is deprecated setup.py develop --editable --build-directory /home/ground/ugv_repo/OperationTouchdown/ugv_ws/build/my_ugv_hardware/build --no-deps symlink_data
[2.562s] Level 1:colcon.colcon_core.environment:create_environment_scripts_only(depthai_filters)
[2.562s] Level 1:colcon.colcon_core.environment:checking '/home/ground/ugv_repo/OperationTouchdown/ugv_ws/install/depthai_filters' for CMake module files
[2.564s] Level 1:colcon.colcon_core.environment:checking '/home/ground/ugv_repo/OperationTouchdown/ugv_ws/install/depthai_filters' for CMake config files
[2.563s] DEBUG:colcon.colcon_core.event_handler.log_command:Invoked command in '/home/ground/ugv_repo/OperationTouchdown/ugv_ws/build/depthai_filters' returned '0': CMAKE_PREFIX_PATH=/home/ground/ugv_repo/OperationTouchdown/ugv_ws/install/depthai_ros_msgs:/home/ground/ugv_repo/OperationTouchdown/ugv_ws/install/dual_laser_merger:/home/ground/ugv_repo/OperationTouchdown/ugv_ws/install/rplidar_ros:/home/ground/ugv_repo/OperationTouchdown/ugv_ws/install/roboteq_ros2_driver:/home/ground/ugv_repo/OperationTouchdown/ugv_ws/install/my_ugv_bringup:/home/ground/ugv_repo/OperationTouchdown/ugv_ws/install/my_ugv_description:/home/ground/ugv_repo/OperationTouchdown/ugv_ws/install/depthai-ros:/home/ground/ugv_repo/OperationTouchdown/ugv_ws/install/depthai_ros_driver:/home/ground/ugv_repo/OperationTouchdown/ugv_ws/install/depthai_filters:/home/ground/ugv_repo/OperationTouchdown/ugv_ws/install/depthai_examples:/home/ground/ugv_repo/OperationTouchdown/ugv_ws/install/depthai_bridge:/home/ground/ugv_repo/OperationTouchdown/ugv_ws/install/depthai_descriptions:/opt/ros/jazzy/opt/gz_sim_vendor:/opt/ros/jazzy/opt/gz_sensors_vendor:/opt/ros/jazzy/opt/gz_physics_vendor:/opt/ros/jazzy/opt/sdformat_vendor:/opt/ros/jazzy/opt/gz_gui_vendor:/opt/ros/jazzy/opt/gz_transport_vendor:/opt/ros/jazzy/opt/gz_rendering_vendor:/opt/ros/jazzy/opt/gz_plugin_vendor:/opt/ros/jazzy/opt/gz_fuel_tools_vendor:/opt/ros/jazzy/opt/gz_msgs_vendor:/opt/ros/jazzy/opt/gz_common_vendor:/opt/ros/jazzy/opt/gz_math_vendor:/opt/ros/jazzy/opt/gz_utils_vendor:/opt/ros/jazzy/opt/gz_tools_vendor:/opt/ros/jazzy/opt/gz_ogre_next_vendor:/opt/ros/jazzy/opt/gz_dartsim_vendor:/opt/ros/jazzy/opt/gz_cmake_vendor:/home/ground/ugv_repo/OperationTouchdown/ugv_ws/install/my_ugv_vision:/home/ground/ugv_repo/OperationTouchdown/ugv_ws/install/my_ugv_hardware:/opt/ros/jazzy DEBUGINFOD_URLS=https://debuginfod.ubuntu.com LD_LIBRARY_PATH=/home/ground/ugv_repo/OperationTouchdown/ugv_ws/install/depthai_ros_msgs/lib:/home/ground/ugv_repo/OperationTouchdown/ugv_ws/install/dual_laser_merger/lib:/home/ground/ugv_repo/OperationTouchdown/ugv_ws/install/depthai_ros_driver/lib:/home/ground/ugv_repo/OperationTouchdown/ugv_ws/install/depthai_filters/lib:/home/ground/ugv_repo/OperationTouchdown/ugv_ws/install/depthai_bridge/lib:/opt/ros/jazzy/opt/gz_sim_vendor/lib:/opt/ros/jazzy/opt/gz_sensors_vendor/lib:/opt/ros/jazzy/opt/gz_physics_vendor/lib:/opt/ros/jazzy/opt/sdformat_vendor/lib:/opt/ros/jazzy/opt/rviz_ogre_vendor/lib:/opt/ros/jazzy/lib/aarch64-linux-gnu:/opt/ros/jazzy/opt/gz_gui_vendor/lib:/opt/ros/jazzy/opt/gz_transport_vendor/lib:/opt/ros/jazzy/opt/gz_rendering_vendor/lib:/opt/ros/jazzy/opt/gz_plugin_vendor/lib:/opt/ros/jazzy/opt/gz_fuel_tools_vendor/lib:/opt/ros/jazzy/opt/gz_msgs_vendor/lib:/opt/ros/jazzy/opt/gz_common_vendor/lib:/opt/ros/jazzy/opt/gz_math_vendor/lib:/opt/ros/jazzy/opt/gz_utils_vendor/lib:/opt/ros/jazzy/opt/gz_tools_vendor/lib:/opt/ros/jazzy/opt/gz_ogre_next_vendor/lib:/opt/ros/jazzy/opt/gz_dartsim_vendor/lib:/opt/ros/jazzy/opt/gz_cmake_vendor/lib:/opt/ros/jazzy/lib PYTHONPATH=/home/ground/ugv_repo/OperationTouchdown/ugv_ws/install/depthai_ros_msgs/lib/python3.12/site-packages:/home/ground/ugv_repo/OperationTouchdown/ugv_ws/build/my_ugv_vision:/home/ground/ugv_repo/OperationTouchdown/ugv_ws/install/my_ugv_vision/lib/python3.12/site-packages:/home/ground/ugv_repo/OperationTouchdown/ugv_ws/build/my_ugv_hardware:/home/ground/ugv_repo/OperationTouchdown/ugv_ws/install/my_ugv_hardware/lib/python3.12/site-packages:/home/ground/ugv_repo/OperationTouchdown/ugv_ws/install/depthai_ros_driver/lib/python3.12/site-packages:/opt/ros/jazzy/lib/python3.12/site-packages /usr/bin/cmake --install /home/ground/ugv_repo/OperationTouchdown/ugv_ws/build/depthai_filters
[2.565s] Level 1:colcon.colcon_core.shell:create_environment_hook('depthai_filters', 'cmake_prefix_path')
[2.566s] INFO:colcon.colcon_core.shell:Creating environment hook '/home/ground/ugv_repo/OperationTouchdown/ugv_ws/install/depthai_filters/share/depthai_filters/hook/cmake_prefix_path.ps1'
[2.567s] INFO:colcon.colcon_core.shell:Creating environment descriptor '/home/ground/ugv_repo/OperationTouchdown/ugv_ws/install/depthai_filters/share/depthai_filters/hook/cmake_prefix_path.dsv'
[2.568s] INFO:colcon.colcon_core.shell:Creating environment hook '/home/ground/ugv_repo/OperationTouchdown/ugv_ws/install/depthai_filters/share/depthai_filters/hook/cmake_prefix_path.sh'
[2.569s] Level 1:colcon.colcon_core.environment:checking '/home/ground/ugv_repo/OperationTouchdown/ugv_ws/install/depthai_filters/lib'
[2.570s] Level 1:colcon.colcon_core.shell:create_environment_hook('depthai_filters', 'ld_library_path_lib')
[2.570s] INFO:colcon.colcon_core.shell:Creating environment hook '/home/ground/ugv_repo/OperationTouchdown/ugv_ws/install/depthai_filters/share/depthai_filters/hook/ld_library_path_lib.ps1'
[2.571s] INFO:colcon.colcon_core.shell:Creating environment descriptor '/home/ground/ugv_repo/OperationTouchdown/ugv_ws/install/depthai_filters/share/depthai_filters/hook/ld_library_path_lib.dsv'
[2.572s] INFO:colcon.colcon_core.shell:Creating environment hook '/home/ground/ugv_repo/OperationTouchdown/ugv_ws/install/depthai_filters/share/depthai_filters/hook/ld_library_path_lib.sh'
[2.573s] Level 1:colcon.colcon_core.environment:checking '/home/ground/ugv_repo/OperationTouchdown/ugv_ws/install/depthai_filters/bin'
[2.574s] Level 1:colcon.colcon_core.environment:checking '/home/ground/ugv_repo/OperationTouchdown/ugv_ws/install/depthai_filters/lib/pkgconfig/depthai_filters.pc'
[2.574s] Level 1:colcon.colcon_core.environment:checking '/home/ground/ugv_repo/OperationTouchdown/ugv_ws/install/depthai_filters/lib/python3.12/site-packages'
[2.575s] Level 1:colcon.colcon_core.environment:checking '/home/ground/ugv_repo/OperationTouchdown/ugv_ws/install/depthai_filters/bin'
[2.576s] INFO:colcon.colcon_core.shell:Creating package script '/home/ground/ugv_repo/OperationTouchdown/ugv_ws/install/depthai_filters/share/depthai_filters/package.ps1'
[2.577s] INFO:colcon.colcon_core.shell:Creating package descriptor '/home/ground/ugv_repo/OperationTouchdown/ugv_ws/install/depthai_filters/share/depthai_filters/package.dsv'
[2.578s] INFO:colcon.colcon_core.shell:Creating package script '/home/ground/ugv_repo/OperationTouchdown/ugv_ws/install/depthai_filters/share/depthai_filters/package.sh'
[2.579s] INFO:colcon.colcon_core.shell:Creating package script '/home/ground/ugv_repo/OperationTouchdown/ugv_ws/install/depthai_filters/share/depthai_filters/package.bash'
[2.580s] INFO:colcon.colcon_core.shell:Creating package script '/home/ground/ugv_repo/OperationTouchdown/ugv_ws/install/depthai_filters/share/depthai_filters/package.zsh'
[2.581s] Level 1:colcon.colcon_core.environment:create_file_with_runtime_dependencies(/home/ground/ugv_repo/OperationTouchdown/ugv_ws/install/depthai_filters/share/colcon-core/packages/depthai_filters)
[2.582s] Level 1:colcon.colcon_core.environment:create_environment_scripts_only(depthai_filters)
[2.582s] Level 1:colcon.colcon_core.environment:checking '/home/ground/ugv_repo/OperationTouchdown/ugv_ws/install/depthai_filters' for CMake module files
[2.583s] Level 1:colcon.colcon_core.environment:checking '/home/ground/ugv_repo/OperationTouchdown/ugv_ws/install/depthai_filters' for CMake config files
[2.584s] Level 1:colcon.colcon_core.shell:create_environment_hook('depthai_filters', 'cmake_prefix_path')
[2.584s] INFO:colcon.colcon_core.shell:Creating environment hook '/home/ground/ugv_repo/OperationTouchdown/ugv_ws/install/depthai_filters/share/depthai_filters/hook/cmake_prefix_path.ps1'
[2.585s] INFO:colcon.colcon_core.shell:Creating environment descriptor '/home/ground/ugv_repo/OperationTouchdown/ugv_ws/install/depthai_filters/share/depthai_filters/hook/cmake_prefix_path.dsv'
[2.586s] INFO:colcon.colcon_core.shell:Creating environment hook '/home/ground/ugv_repo/OperationTouchdown/ugv_ws/install/depthai_filters/share/depthai_filters/hook/cmake_prefix_path.sh'
[2.587s] Level 1:colcon.colcon_core.environment:checking '/home/ground/ugv_repo/OperationTouchdown/ugv_ws/install/depthai_filters/lib'
[2.587s] Level 1:colcon.colcon_core.shell:create_environment_hook('depthai_filters', 'ld_library_path_lib')
[2.588s] INFO:colcon.colcon_core.shell:Creating environment hook '/home/ground/ugv_repo/OperationTouchdown/ugv_ws/install/depthai_filters/share/depthai_filters/hook/ld_library_path_lib.ps1'
[2.589s] INFO:colcon.colcon_core.shell:Creating environment descriptor '/home/ground/ugv_repo/OperationTouchdown/ugv_ws/install/depthai_filters/share/depthai_filters/hook/ld_library_path_lib.dsv'
[2.589s] INFO:colcon.colcon_core.shell:Creating environment hook '/home/ground/ugv_repo/OperationTouchdown/ugv_ws/install/depthai_filters/share/depthai_filters/hook/ld_library_path_lib.sh'
[2.590s] Level 1:colcon.colcon_core.environment:checking '/home/ground/ugv_repo/OperationTouchdown/ugv_ws/install/depthai_filters/bin'
[2.590s] Level 1:colcon.colcon_core.environment:checking '/home/ground/ugv_repo/OperationTouchdown/ugv_ws/install/depthai_filters/lib/pkgconfig/depthai_filters.pc'
[2.591s] Level 1:colcon.colcon_core.environment:checking '/home/ground/ugv_repo/OperationTouchdown/ugv_ws/install/depthai_filters/lib/python3.12/site-packages'
[2.591s] Level 1:colcon.colcon_core.environment:checking '/home/ground/ugv_repo/OperationTouchdown/ugv_ws/install/depthai_filters/bin'
[2.593s] INFO:colcon.colcon_core.shell:Creating package script '/home/ground/ugv_repo/OperationTouchdown/ugv_ws/install/depthai_filters/share/depthai_filters/package.ps1'
[2.594s] INFO:colcon.colcon_core.shell:Creating package descriptor '/home/ground/ugv_repo/OperationTouchdown/ugv_ws/install/depthai_filters/share/depthai_filters/package.dsv'
[2.595s] INFO:colcon.colcon_core.shell:Creating package script '/home/ground/ugv_repo/OperationTouchdown/ugv_ws/install/depthai_filters/share/depthai_filters/package.sh'
[2.596s] INFO:colcon.colcon_core.shell:Creating package script '/home/ground/ugv_repo/OperationTouchdown/ugv_ws/install/depthai_filters/share/depthai_filters/package.bash'
[2.597s] INFO:colcon.colcon_core.shell:Creating package script '/home/ground/ugv_repo/OperationTouchdown/ugv_ws/install/depthai_filters/share/depthai_filters/package.zsh'
[2.598s] Level 1:colcon.colcon_core.environment:create_file_with_runtime_dependencies(/home/ground/ugv_repo/OperationTouchdown/ugv_ws/install/depthai_filters/share/colcon-core/packages/depthai_filters)
[2.600s] INFO:colcon.colcon_ros.task.ament_cmake.build:Building ROS package in '/home/ground/ugv_repo/OperationTouchdown/ugv_ws/src/rplidar_ros' with build type 'ament_cmake'
[2.601s] INFO:colcon.colcon_cmake.task.cmake.build:Building CMake package in '/home/ground/ugv_repo/OperationTouchdown/ugv_ws/src/rplidar_ros'
[2.601s] INFO:colcon.colcon_core.shell:Skip shell extension 'powershell' for command environment: Not usable outside of PowerShell
[2.602s] DEBUG:colcon.colcon_core.shell:Skip shell extension 'dsv' for command environment
[2.618s] DEBUG:colcon.colcon_core.event_handler.log_command:Invoking command in '/home/ground/ugv_repo/OperationTouchdown/ugv_ws/build/depthai_examples': CMAKE_PREFIX_PATH=/home/ground/ugv_repo/OperationTouchdown/ugv_ws/install/depthai_bridge:/home/ground/ugv_repo/OperationTouchdown/ugv_ws/install/depthai_ros_msgs:/home/ground/ugv_repo/OperationTouchdown/ugv_ws/install/depthai_descriptions:/home/ground/ugv_repo/OperationTouchdown/ugv_ws/install/dual_laser_merger:/home/ground/ugv_repo/OperationTouchdown/ugv_ws/install/rplidar_ros:/home/ground/ugv_repo/OperationTouchdown/ugv_ws/install/roboteq_ros2_driver:/home/ground/ugv_repo/OperationTouchdown/ugv_ws/install/my_ugv_bringup:/home/ground/ugv_repo/OperationTouchdown/ugv_ws/install/my_ugv_description:/home/ground/ugv_repo/OperationTouchdown/ugv_ws/install/depthai-ros:/home/ground/ugv_repo/OperationTouchdown/ugv_ws/install/depthai_ros_driver:/home/ground/ugv_repo/OperationTouchdown/ugv_ws/install/depthai_filters:/home/ground/ugv_repo/OperationTouchdown/ugv_ws/install/depthai_examples:/opt/ros/jazzy/opt/gz_sim_vendor:/opt/ros/jazzy/opt/gz_sensors_vendor:/opt/ros/jazzy/opt/gz_physics_vendor:/opt/ros/jazzy/opt/sdformat_vendor:/opt/ros/jazzy/opt/gz_gui_vendor:/opt/ros/jazzy/opt/gz_transport_vendor:/opt/ros/jazzy/opt/gz_rendering_vendor:/opt/ros/jazzy/opt/gz_plugin_vendor:/opt/ros/jazzy/opt/gz_fuel_tools_vendor:/opt/ros/jazzy/opt/gz_msgs_vendor:/opt/ros/jazzy/opt/gz_common_vendor:/opt/ros/jazzy/opt/gz_math_vendor:/opt/ros/jazzy/opt/gz_utils_vendor:/opt/ros/jazzy/opt/gz_tools_vendor:/opt/ros/jazzy/opt/gz_ogre_next_vendor:/opt/ros/jazzy/opt/gz_dartsim_vendor:/opt/ros/jazzy/opt/gz_cmake_vendor:/home/ground/ugv_repo/OperationTouchdown/ugv_ws/install/my_ugv_vision:/home/ground/ugv_repo/OperationTouchdown/ugv_ws/install/my_ugv_hardware:/opt/ros/jazzy DEBUGINFOD_URLS=https://debuginfod.ubuntu.com GAZEBO_MODEL_PATH=/home/ground/ugv_repo/OperationTouchdown/ugv_ws/install/depthai_descriptions:${GAZEBO_MODEL_PATH} GAZEBO_RESOURCE_PATH=/home/ground/ugv_repo/OperationTouchdown/ugv_ws/install/depthai_descriptions:${GAZEBO_RESOURCE_PATH} IGN_GAZEBO_MODEL_PATH=/home/ground/ugv_repo/OperationTouchdown/ugv_ws/install/depthai_descriptions:${IGN_GAZEBO_MODEL_PATH} IGN_GAZEBO_RESOURCE_PATH=/home/ground/ugv_repo/OperationTouchdown/ugv_ws/install/depthai_descriptions:${IGN_GAZEBO_RESOURCE_PATH} LD_LIBRARY_PATH=/home/ground/ugv_repo/OperationTouchdown/ugv_ws/install/depthai_bridge/lib:/home/ground/ugv_repo/OperationTouchdown/ugv_ws/install/depthai_ros_msgs/lib:/home/ground/ugv_repo/OperationTouchdown/ugv_ws/install/dual_laser_merger/lib:/home/ground/ugv_repo/OperationTouchdown/ugv_ws/install/depthai_ros_driver/lib:/home/ground/ugv_repo/OperationTouchdown/ugv_ws/install/depthai_filters/lib:/opt/ros/jazzy/opt/gz_sim_vendor/lib:/opt/ros/jazzy/opt/gz_sensors_vendor/lib:/opt/ros/jazzy/opt/gz_physics_vendor/lib:/opt/ros/jazzy/opt/sdformat_vendor/lib:/opt/ros/jazzy/opt/rviz_ogre_vendor/lib:/opt/ros/jazzy/lib/aarch64-linux-gnu:/opt/ros/jazzy/opt/gz_gui_vendor/lib:/opt/ros/jazzy/opt/gz_transport_vendor/lib:/opt/ros/jazzy/opt/gz_rendering_vendor/lib:/opt/ros/jazzy/opt/gz_plugin_vendor/lib:/opt/ros/jazzy/opt/gz_fuel_tools_vendor/lib:/opt/ros/jazzy/opt/gz_msgs_vendor/lib:/opt/ros/jazzy/opt/gz_common_vendor/lib:/opt/ros/jazzy/opt/gz_math_vendor/lib:/opt/ros/jazzy/opt/gz_utils_vendor/lib:/opt/ros/jazzy/opt/gz_tools_vendor/lib:/opt/ros/jazzy/opt/gz_ogre_next_vendor/lib:/opt/ros/jazzy/opt/gz_dartsim_vendor/lib:/opt/ros/jazzy/opt/gz_cmake_vendor/lib:/opt/ros/jazzy/lib PYTHONPATH=/home/ground/ugv_repo/OperationTouchdown/ugv_ws/install/depthai_ros_msgs/lib/python3.12/site-packages:/home/ground/ugv_repo/OperationTouchdown/ugv_ws/build/my_ugv_vision:/home/ground/ugv_repo/OperationTouchdown/ugv_ws/install/my_ugv_vision/lib/python3.12/site-packages:/home/ground/ugv_repo/OperationTouchdown/ugv_ws/build/my_ugv_hardware:/home/ground/ugv_repo/OperationTouchdown/ugv_ws/install/my_ugv_hardware/lib/python3.12/site-packages:/home/ground/ugv_repo/OperationTouchdown/ugv_ws/install/depthai_ros_driver/lib/python3.12/site-packages:/opt/ros/jazzy/lib/python3.12/site-packages /usr/bin/cmake --build /home/ground/ugv_repo/OperationTouchdown/ugv_ws/build/depthai_examples -- -j4 -l4
[2.628s] DEBUG:colcon.colcon_core.event_handler.log_command:Invoking command in '/home/ground/ugv_repo/OperationTouchdown/ugv_ws/build/rplidar_ros': CMAKE_PREFIX_PATH=${CMAKE_PREFIX_PATH}:/home/ground/ugv_repo/OperationTouchdown/ugv_ws/install/my_ugv_vision:/home/ground/ugv_repo/OperationTouchdown/ugv_ws/install/my_ugv_hardware:/opt/ros/jazzy DEBUGINFOD_URLS=https://debuginfod.ubuntu.com /usr/bin/cmake --build /home/ground/ugv_repo/OperationTouchdown/ugv_ws/build/rplidar_ros -- -j4 -l4
[2.940s] DEBUG:colcon.colcon_core.event_handler.log_command:Invoked command in '/home/ground/ugv_repo/OperationTouchdown/ugv_ws/build/rplidar_ros' returned '0': CMAKE_PREFIX_PATH=${CMAKE_PREFIX_PATH}:/home/ground/ugv_repo/OperationTouchdown/ugv_ws/install/my_ugv_vision:/home/ground/ugv_repo/OperationTouchdown/ugv_ws/install/my_ugv_hardware:/opt/ros/jazzy DEBUGINFOD_URLS=https://debuginfod.ubuntu.com /usr/bin/cmake --build /home/ground/ugv_repo/OperationTouchdown/ugv_ws/build/rplidar_ros -- -j4 -l4
[2.941s] DEBUG:colcon.colcon_core.event_handler.log_command:Invoking command in '/home/ground/ugv_repo/OperationTouchdown/ugv_ws/build/rplidar_ros': CMAKE_PREFIX_PATH=${CMAKE_PREFIX_PATH}:/home/ground/ugv_repo/OperationTouchdown/ugv_ws/install/my_ugv_vision:/home/ground/ugv_repo/OperationTouchdown/ugv_ws/install/my_ugv_hardware:/opt/ros/jazzy DEBUGINFOD_URLS=https://debuginfod.ubuntu.com /usr/bin/cmake --install /home/ground/ugv_repo/OperationTouchdown/ugv_ws/build/rplidar_ros
[3.067s] Level 1:colcon.colcon_core.environment:create_environment_scripts_only(rplidar_ros)
[3.068s] Level 1:colcon.colcon_core.environment:checking '/home/ground/ugv_repo/OperationTouchdown/ugv_ws/install/rplidar_ros' for CMake module files
[3.069s] Level 1:colcon.colcon_core.environment:checking '/home/ground/ugv_repo/OperationTouchdown/ugv_ws/install/rplidar_ros' for CMake config files
[3.070s] Level 1:colcon.colcon_core.shell:create_environment_hook('rplidar_ros', 'cmake_prefix_path')
[3.073s] INFO:colcon.colcon_core.shell:Creating environment hook '/home/ground/ugv_repo/OperationTouchdown/ugv_ws/install/rplidar_ros/share/rplidar_ros/hook/cmake_prefix_path.ps1'
[3.073s] DEBUG:colcon.colcon_core.event_handler.log_command:Invoked command in '/home/ground/ugv_repo/OperationTouchdown/ugv_ws/build/rplidar_ros' returned '0': CMAKE_PREFIX_PATH=${CMAKE_PREFIX_PATH}:/home/ground/ugv_repo/OperationTouchdown/ugv_ws/install/my_ugv_vision:/home/ground/ugv_repo/OperationTouchdown/ugv_ws/install/my_ugv_hardware:/opt/ros/jazzy DEBUGINFOD_URLS=https://debuginfod.ubuntu.com /usr/bin/cmake --install /home/ground/ugv_repo/OperationTouchdown/ugv_ws/build/rplidar_ros
[3.078s] INFO:colcon.colcon_core.shell:Creating environment descriptor '/home/ground/ugv_repo/OperationTouchdown/ugv_ws/install/rplidar_ros/share/rplidar_ros/hook/cmake_prefix_path.dsv'
[3.080s] INFO:colcon.colcon_core.shell:Creating environment hook '/home/ground/ugv_repo/OperationTouchdown/ugv_ws/install/rplidar_ros/share/rplidar_ros/hook/cmake_prefix_path.sh'
[3.081s] Level 1:colcon.colcon_core.environment:checking '/home/ground/ugv_repo/OperationTouchdown/ugv_ws/install/rplidar_ros/lib'
[3.085s] Level 1:colcon.colcon_core.environment:checking '/home/ground/ugv_repo/OperationTouchdown/ugv_ws/install/rplidar_ros/bin'
[3.085s] Level 1:colcon.colcon_core.environment:checking '/home/ground/ugv_repo/OperationTouchdown/ugv_ws/install/rplidar_ros/lib/pkgconfig/rplidar_ros.pc'
[3.085s] Level 1:colcon.colcon_core.environment:checking '/home/ground/ugv_repo/OperationTouchdown/ugv_ws/install/rplidar_ros/lib/python3.12/site-packages'
[3.086s] Level 1:colcon.colcon_core.environment:checking '/home/ground/ugv_repo/OperationTouchdown/ugv_ws/install/rplidar_ros/bin'
[3.086s] INFO:colcon.colcon_core.shell:Creating package script '/home/ground/ugv_repo/OperationTouchdown/ugv_ws/install/rplidar_ros/share/rplidar_ros/package.ps1'
[3.087s] INFO:colcon.colcon_core.shell:Creating package descriptor '/home/ground/ugv_repo/OperationTouchdown/ugv_ws/install/rplidar_ros/share/rplidar_ros/package.dsv'
[3.091s] INFO:colcon.colcon_core.shell:Creating package script '/home/ground/ugv_repo/OperationTouchdown/ugv_ws/install/rplidar_ros/share/rplidar_ros/package.sh'
[3.093s] INFO:colcon.colcon_core.shell:Creating package script '/home/ground/ugv_repo/OperationTouchdown/ugv_ws/install/rplidar_ros/share/rplidar_ros/package.bash'
[3.094s] INFO:colcon.colcon_core.shell:Creating package script '/home/ground/ugv_repo/OperationTouchdown/ugv_ws/install/rplidar_ros/share/rplidar_ros/package.zsh'
[3.095s] Level 1:colcon.colcon_core.environment:create_file_with_runtime_dependencies(/home/ground/ugv_repo/OperationTouchdown/ugv_ws/install/rplidar_ros/share/colcon-core/packages/rplidar_ros)
[3.097s] Level 1:colcon.colcon_core.environment:create_environment_scripts_only(rplidar_ros)
[3.097s] Level 1:colcon.colcon_core.environment:checking '/home/ground/ugv_repo/OperationTouchdown/ugv_ws/install/rplidar_ros' for CMake module files
[3.099s] Level 1:colcon.colcon_core.environment:checking '/home/ground/ugv_repo/OperationTouchdown/ugv_ws/install/rplidar_ros' for CMake config files
[3.100s] Level 1:colcon.colcon_core.shell:create_environment_hook('rplidar_ros', 'cmake_prefix_path')
[3.101s] INFO:colcon.colcon_core.shell:Creating environment hook '/home/ground/ugv_repo/OperationTouchdown/ugv_ws/install/rplidar_ros/share/rplidar_ros/hook/cmake_prefix_path.ps1'
[3.102s] INFO:colcon.colcon_core.shell:Creating environment descriptor '/home/ground/ugv_repo/OperationTouchdown/ugv_ws/install/rplidar_ros/share/rplidar_ros/hook/cmake_prefix_path.dsv'
[3.103s] INFO:colcon.colcon_core.shell:Creating environment hook '/home/ground/ugv_repo/OperationTouchdown/ugv_ws/install/rplidar_ros/share/rplidar_ros/hook/cmake_prefix_path.sh'
[3.104s] Level 1:colcon.colcon_core.environment:checking '/home/ground/ugv_repo/OperationTouchdown/ugv_ws/install/rplidar_ros/lib'
[3.104s] Level 1:colcon.colcon_core.environment:checking '/home/ground/ugv_repo/OperationTouchdown/ugv_ws/install/rplidar_ros/bin'
[3.104s] Level 1:colcon.colcon_core.environment:checking '/home/ground/ugv_repo/OperationTouchdown/ugv_ws/install/rplidar_ros/lib/pkgconfig/rplidar_ros.pc'
[3.105s] Level 1:colcon.colcon_core.environment:checking '/home/ground/ugv_repo/OperationTouchdown/ugv_ws/install/rplidar_ros/lib/python3.12/site-packages'
[3.105s] Level 1:colcon.colcon_core.environment:checking '/home/ground/ugv_repo/OperationTouchdown/ugv_ws/install/rplidar_ros/bin'
[3.106s] INFO:colcon.colcon_core.shell:Creating package script '/home/ground/ugv_repo/OperationTouchdown/ugv_ws/install/rplidar_ros/share/rplidar_ros/package.ps1'
[3.107s] INFO:colcon.colcon_core.shell:Creating package descriptor '/home/ground/ugv_repo/OperationTouchdown/ugv_ws/install/rplidar_ros/share/rplidar_ros/package.dsv'
[3.108s] INFO:colcon.colcon_core.shell:Creating package script '/home/ground/ugv_repo/OperationTouchdown/ugv_ws/install/rplidar_ros/share/rplidar_ros/package.sh'
[3.109s] INFO:colcon.colcon_core.shell:Creating package script '/home/ground/ugv_repo/OperationTouchdown/ugv_ws/install/rplidar_ros/share/rplidar_ros/package.bash'
[3.110s] INFO:colcon.colcon_core.shell:Creating package script '/home/ground/ugv_repo/OperationTouchdown/ugv_ws/install/rplidar_ros/share/rplidar_ros/package.zsh'
[3.111s] Level 1:colcon.colcon_core.environment:create_file_with_runtime_dependencies(/home/ground/ugv_repo/OperationTouchdown/ugv_ws/install/rplidar_ros/share/colcon-core/packages/rplidar_ros)
[3.128s] DEBUG:colcon.colcon_core.event_handler.log_command:Invoked command in '/home/ground/ugv_repo/OperationTouchdown/ugv_ws/build/depthai_examples' returned '0': CMAKE_PREFIX_PATH=/home/ground/ugv_repo/OperationTouchdown/ugv_ws/install/depthai_bridge:/home/ground/ugv_repo/OperationTouchdown/ugv_ws/install/depthai_ros_msgs:/home/ground/ugv_repo/OperationTouchdown/ugv_ws/install/depthai_descriptions:/home/ground/ugv_repo/OperationTouchdown/ugv_ws/install/dual_laser_merger:/home/ground/ugv_repo/OperationTouchdown/ugv_ws/install/rplidar_ros:/home/ground/ugv_repo/OperationTouchdown/ugv_ws/install/roboteq_ros2_driver:/home/ground/ugv_repo/OperationTouchdown/ugv_ws/install/my_ugv_bringup:/home/ground/ugv_repo/OperationTouchdown/ugv_ws/install/my_ugv_description:/home/ground/ugv_repo/OperationTouchdown/ugv_ws/install/depthai-ros:/home/ground/ugv_repo/OperationTouchdown/ugv_ws/install/depthai_ros_driver:/home/ground/ugv_repo/OperationTouchdown/ugv_ws/install/depthai_filters:/home/ground/ugv_repo/OperationTouchdown/ugv_ws/install/depthai_examples:/opt/ros/jazzy/opt/gz_sim_vendor:/opt/ros/jazzy/opt/gz_sensors_vendor:/opt/ros/jazzy/opt/gz_physics_vendor:/opt/ros/jazzy/opt/sdformat_vendor:/opt/ros/jazzy/opt/gz_gui_vendor:/opt/ros/jazzy/opt/gz_transport_vendor:/opt/ros/jazzy/opt/gz_rendering_vendor:/opt/ros/jazzy/opt/gz_plugin_vendor:/opt/ros/jazzy/opt/gz_fuel_tools_vendor:/opt/ros/jazzy/opt/gz_msgs_vendor:/opt/ros/jazzy/opt/gz_common_vendor:/opt/ros/jazzy/opt/gz_math_vendor:/opt/ros/jazzy/opt/gz_utils_vendor:/opt/ros/jazzy/opt/gz_tools_vendor:/opt/ros/jazzy/opt/gz_ogre_next_vendor:/opt/ros/jazzy/opt/gz_dartsim_vendor:/opt/ros/jazzy/opt/gz_cmake_vendor:/home/ground/ugv_repo/OperationTouchdown/ugv_ws/install/my_ugv_vision:/home/ground/ugv_repo/OperationTouchdown/ugv_ws/install/my_ugv_hardware:/opt/ros/jazzy DEBUGINFOD_URLS=https://debuginfod.ubuntu.com GAZEBO_MODEL_PATH=/home/ground/ugv_repo/OperationTouchdown/ugv_ws/install/depthai_descriptions:${GAZEBO_MODEL_PATH} GAZEBO_RESOURCE_PATH=/home/ground/ugv_repo/OperationTouchdown/ugv_ws/install/depthai_descriptions:${GAZEBO_RESOURCE_PATH} IGN_GAZEBO_MODEL_PATH=/home/ground/ugv_repo/OperationTouchdown/ugv_ws/install/depthai_descriptions:${IGN_GAZEBO_MODEL_PATH} IGN_GAZEBO_RESOURCE_PATH=/home/ground/ugv_repo/OperationTouchdown/ugv_ws/install/depthai_descriptions:${IGN_GAZEBO_RESOURCE_PATH} LD_LIBRARY_PATH=/home/ground/ugv_repo/OperationTouchdown/ugv_ws/install/depthai_bridge/lib:/home/ground/ugv_repo/OperationTouchdown/ugv_ws/install/depthai_ros_msgs/lib:/home/ground/ugv_repo/OperationTouchdown/ugv_ws/install/dual_laser_merger/lib:/home/ground/ugv_repo/OperationTouchdown/ugv_ws/install/depthai_ros_driver/lib:/home/ground/ugv_repo/OperationTouchdown/ugv_ws/install/depthai_filters/lib:/opt/ros/jazzy/opt/gz_sim_vendor/lib:/opt/ros/jazzy/opt/gz_sensors_vendor/lib:/opt/ros/jazzy/opt/gz_physics_vendor/lib:/opt/ros/jazzy/opt/sdformat_vendor/lib:/opt/ros/jazzy/opt/rviz_ogre_vendor/lib:/opt/ros/jazzy/lib/aarch64-linux-gnu:/opt/ros/jazzy/opt/gz_gui_vendor/lib:/opt/ros/jazzy/opt/gz_transport_vendor/lib:/opt/ros/jazzy/opt/gz_rendering_vendor/lib:/opt/ros/jazzy/opt/gz_plugin_vendor/lib:/opt/ros/jazzy/opt/gz_fuel_tools_vendor/lib:/opt/ros/jazzy/opt/gz_msgs_vendor/lib:/opt/ros/jazzy/opt/gz_common_vendor/lib:/opt/ros/jazzy/opt/gz_math_vendor/lib:/opt/ros/jazzy/opt/gz_utils_vendor/lib:/opt/ros/jazzy/opt/gz_tools_vendor/lib:/opt/ros/jazzy/opt/gz_ogre_next_vendor/lib:/opt/ros/jazzy/opt/gz_dartsim_vendor/lib:/opt/ros/jazzy/opt/gz_cmake_vendor/lib:/opt/ros/jazzy/lib PYTHONPATH=/home/ground/ugv_repo/OperationTouchdown/ugv_ws/install/depthai_ros_msgs/lib/python3.12/site-packages:/home/ground/ugv_repo/OperationTouchdown/ugv_ws/build/my_ugv_vision:/home/ground/ugv_repo/OperationTouchdown/ugv_ws/install/my_ugv_vision/lib/python3.12/site-packages:/home/ground/ugv_repo/OperationTouchdown/ugv_ws/build/my_ugv_hardware:/home/ground/ugv_repo/OperationTouchdown/ugv_ws/install/my_ugv_hardware/lib/python3.12/site-packages:/home/ground/ugv_repo/OperationTouchdown/ugv_ws/install/depthai_ros_driver/lib/python3.12/site-packages:/opt/ros/jazzy/lib/python3.12/site-packages /usr/bin/cmake --build /home/ground/ugv_repo/OperationTouchdown/ugv_ws/build/depthai_examples -- -j4 -l4
[3.129s] DEBUG:colcon.colcon_core.event_handler.log_command:Invoking command in '/home/ground/ugv_repo/OperationTouchdown/ugv_ws/build/depthai_examples': CMAKE_PREFIX_PATH=/home/ground/ugv_repo/OperationTouchdown/ugv_ws/install/depthai_bridge:/home/ground/ugv_repo/OperationTouchdown/ugv_ws/install/depthai_ros_msgs:/home/ground/ugv_repo/OperationTouchdown/ugv_ws/install/depthai_descriptions:/home/ground/ugv_repo/OperationTouchdown/ugv_ws/install/dual_laser_merger:/home/ground/ugv_repo/OperationTouchdown/ugv_ws/install/rplidar_ros:/home/ground/ugv_repo/OperationTouchdown/ugv_ws/install/roboteq_ros2_driver:/home/ground/ugv_repo/OperationTouchdown/ugv_ws/install/my_ugv_bringup:/home/ground/ugv_repo/OperationTouchdown/ugv_ws/install/my_ugv_description:/home/ground/ugv_repo/OperationTouchdown/ugv_ws/install/depthai-ros:/home/ground/ugv_repo/OperationTouchdown/ugv_ws/install/depthai_ros_driver:/home/ground/ugv_repo/OperationTouchdown/ugv_ws/install/depthai_filters:/home/ground/ugv_repo/OperationTouchdown/ugv_ws/install/depthai_examples:/opt/ros/jazzy/opt/gz_sim_vendor:/opt/ros/jazzy/opt/gz_sensors_vendor:/opt/ros/jazzy/opt/gz_physics_vendor:/opt/ros/jazzy/opt/sdformat_vendor:/opt/ros/jazzy/opt/gz_gui_vendor:/opt/ros/jazzy/opt/gz_transport_vendor:/opt/ros/jazzy/opt/gz_rendering_vendor:/opt/ros/jazzy/opt/gz_plugin_vendor:/opt/ros/jazzy/opt/gz_fuel_tools_vendor:/opt/ros/jazzy/opt/gz_msgs_vendor:/opt/ros/jazzy/opt/gz_common_vendor:/opt/ros/jazzy/opt/gz_math_vendor:/opt/ros/jazzy/opt/gz_utils_vendor:/opt/ros/jazzy/opt/gz_tools_vendor:/opt/ros/jazzy/opt/gz_ogre_next_vendor:/opt/ros/jazzy/opt/gz_dartsim_vendor:/opt/ros/jazzy/opt/gz_cmake_vendor:/home/ground/ugv_repo/OperationTouchdown/ugv_ws/install/my_ugv_vision:/home/ground/ugv_repo/OperationTouchdown/ugv_ws/install/my_ugv_hardware:/opt/ros/jazzy DEBUGINFOD_URLS=https://debuginfod.ubuntu.com GAZEBO_MODEL_PATH=/home/ground/ugv_repo/OperationTouchdown/ugv_ws/install/depthai_descriptions:${GAZEBO_MODEL_PATH} GAZEBO_RESOURCE_PATH=/home/ground/ugv_repo/OperationTouchdown/ugv_ws/install/depthai_descriptions:${GAZEBO_RESOURCE_PATH} IGN_GAZEBO_MODEL_PATH=/home/ground/ugv_repo/OperationTouchdown/ugv_ws/install/depthai_descriptions:${IGN_GAZEBO_MODEL_PATH} IGN_GAZEBO_RESOURCE_PATH=/home/ground/ugv_repo/OperationTouchdown/ugv_ws/install/depthai_descriptions:${IGN_GAZEBO_RESOURCE_PATH} LD_LIBRARY_PATH=/home/ground/ugv_repo/OperationTouchdown/ugv_ws/install/depthai_bridge/lib:/home/ground/ugv_repo/OperationTouchdown/ugv_ws/install/depthai_ros_msgs/lib:/home/ground/ugv_repo/OperationTouchdown/ugv_ws/install/dual_laser_merger/lib:/home/ground/ugv_repo/OperationTouchdown/ugv_ws/install/depthai_ros_driver/lib:/home/ground/ugv_repo/OperationTouchdown/ugv_ws/install/depthai_filters/lib:/opt/ros/jazzy/opt/gz_sim_vendor/lib:/opt/ros/jazzy/opt/gz_sensors_vendor/lib:/opt/ros/jazzy/opt/gz_physics_vendor/lib:/opt/ros/jazzy/opt/sdformat_vendor/lib:/opt/ros/jazzy/opt/rviz_ogre_vendor/lib:/opt/ros/jazzy/lib/aarch64-linux-gnu:/opt/ros/jazzy/opt/gz_gui_vendor/lib:/opt/ros/jazzy/opt/gz_transport_vendor/lib:/opt/ros/jazzy/opt/gz_rendering_vendor/lib:/opt/ros/jazzy/opt/gz_plugin_vendor/lib:/opt/ros/jazzy/opt/gz_fuel_tools_vendor/lib:/opt/ros/jazzy/opt/gz_msgs_vendor/lib:/opt/ros/jazzy/opt/gz_common_vendor/lib:/opt/ros/jazzy/opt/gz_math_vendor/lib:/opt/ros/jazzy/opt/gz_utils_vendor/lib:/opt/ros/jazzy/opt/gz_tools_vendor/lib:/opt/ros/jazzy/opt/gz_ogre_next_vendor/lib:/opt/ros/jazzy/opt/gz_dartsim_vendor/lib:/opt/ros/jazzy/opt/gz_cmake_vendor/lib:/opt/ros/jazzy/lib PYTHONPATH=/home/ground/ugv_repo/OperationTouchdown/ugv_ws/install/depthai_ros_msgs/lib/python3.12/site-packages:/home/ground/ugv_repo/OperationTouchdown/ugv_ws/build/my_ugv_vision:/home/ground/ugv_repo/OperationTouchdown/ugv_ws/install/my_ugv_vision/lib/python3.12/site-packages:/home/ground/ugv_repo/OperationTouchdown/ugv_ws/build/my_ugv_hardware:/home/ground/ugv_repo/OperationTouchdown/ugv_ws/install/my_ugv_hardware/lib/python3.12/site-packages:/home/ground/ugv_repo/OperationTouchdown/ugv_ws/install/depthai_ros_driver/lib/python3.12/site-packages:/opt/ros/jazzy/lib/python3.12/site-packages /usr/bin/cmake --install /home/ground/ugv_repo/OperationTouchdown/ugv_ws/build/depthai_examples
[3.187s] Level 1:colcon.colcon_core.environment:create_environment_scripts_only(depthai_examples)
[3.188s] Level 1:colcon.colcon_core.environment:checking '/home/ground/ugv_repo/OperationTouchdown/ugv_ws/install/depthai_examples' for CMake module files
[3.188s] DEBUG:colcon.colcon_core.event_handler.log_command:Invoked command in '/home/ground/ugv_repo/OperationTouchdown/ugv_ws/build/depthai_examples' returned '0': CMAKE_PREFIX_PATH=/home/ground/ugv_repo/OperationTouchdown/ugv_ws/install/depthai_bridge:/home/ground/ugv_repo/OperationTouchdown/ugv_ws/install/depthai_ros_msgs:/home/ground/ugv_repo/OperationTouchdown/ugv_ws/install/depthai_descriptions:/home/ground/ugv_repo/OperationTouchdown/ugv_ws/install/dual_laser_merger:/home/ground/ugv_repo/OperationTouchdown/ugv_ws/install/rplidar_ros:/home/ground/ugv_repo/OperationTouchdown/ugv_ws/install/roboteq_ros2_driver:/home/ground/ugv_repo/OperationTouchdown/ugv_ws/install/my_ugv_bringup:/home/ground/ugv_repo/OperationTouchdown/ugv_ws/install/my_ugv_description:/home/ground/ugv_repo/OperationTouchdown/ugv_ws/install/depthai-ros:/home/ground/ugv_repo/OperationTouchdown/ugv_ws/install/depthai_ros_driver:/home/ground/ugv_repo/OperationTouchdown/ugv_ws/install/depthai_filters:/home/ground/ugv_repo/OperationTouchdown/ugv_ws/install/depthai_examples:/opt/ros/jazzy/opt/gz_sim_vendor:/opt/ros/jazzy/opt/gz_sensors_vendor:/opt/ros/jazzy/opt/gz_physics_vendor:/opt/ros/jazzy/opt/sdformat_vendor:/opt/ros/jazzy/opt/gz_gui_vendor:/opt/ros/jazzy/opt/gz_transport_vendor:/opt/ros/jazzy/opt/gz_rendering_vendor:/opt/ros/jazzy/opt/gz_plugin_vendor:/opt/ros/jazzy/opt/gz_fuel_tools_vendor:/opt/ros/jazzy/opt/gz_msgs_vendor:/opt/ros/jazzy/opt/gz_common_vendor:/opt/ros/jazzy/opt/gz_math_vendor:/opt/ros/jazzy/opt/gz_utils_vendor:/opt/ros/jazzy/opt/gz_tools_vendor:/opt/ros/jazzy/opt/gz_ogre_next_vendor:/opt/ros/jazzy/opt/gz_dartsim_vendor:/opt/ros/jazzy/opt/gz_cmake_vendor:/home/ground/ugv_repo/OperationTouchdown/ugv_ws/install/my_ugv_vision:/home/ground/ugv_repo/OperationTouchdown/ugv_ws/install/my_ugv_hardware:/opt/ros/jazzy DEBUGINFOD_URLS=https://debuginfod.ubuntu.com GAZEBO_MODEL_PATH=/home/ground/ugv_repo/OperationTouchdown/ugv_ws/install/depthai_descriptions:${GAZEBO_MODEL_PATH} GAZEBO_RESOURCE_PATH=/home/ground/ugv_repo/OperationTouchdown/ugv_ws/install/depthai_descriptions:${GAZEBO_RESOURCE_PATH} IGN_GAZEBO_MODEL_PATH=/home/ground/ugv_repo/OperationTouchdown/ugv_ws/install/depthai_descriptions:${IGN_GAZEBO_MODEL_PATH} IGN_GAZEBO_RESOURCE_PATH=/home/ground/ugv_repo/OperationTouchdown/ugv_ws/install/depthai_descriptions:${IGN_GAZEBO_RESOURCE_PATH} LD_LIBRARY_PATH=/home/ground/ugv_repo/OperationTouchdown/ugv_ws/install/depthai_bridge/lib:/home/ground/ugv_repo/OperationTouchdown/ugv_ws/install/depthai_ros_msgs/lib:/home/ground/ugv_repo/OperationTouchdown/ugv_ws/install/dual_laser_merger/lib:/home/ground/ugv_repo/OperationTouchdown/ugv_ws/install/depthai_ros_driver/lib:/home/ground/ugv_repo/OperationTouchdown/ugv_ws/install/depthai_filters/lib:/opt/ros/jazzy/opt/gz_sim_vendor/lib:/opt/ros/jazzy/opt/gz_sensors_vendor/lib:/opt/ros/jazzy/opt/gz_physics_vendor/lib:/opt/ros/jazzy/opt/sdformat_vendor/lib:/opt/ros/jazzy/opt/rviz_ogre_vendor/lib:/opt/ros/jazzy/lib/aarch64-linux-gnu:/opt/ros/jazzy/opt/gz_gui_vendor/lib:/opt/ros/jazzy/opt/gz_transport_vendor/lib:/opt/ros/jazzy/opt/gz_rendering_vendor/lib:/opt/ros/jazzy/opt/gz_plugin_vendor/lib:/opt/ros/jazzy/opt/gz_fuel_tools_vendor/lib:/opt/ros/jazzy/opt/gz_msgs_vendor/lib:/opt/ros/jazzy/opt/gz_common_vendor/lib:/opt/ros/jazzy/opt/gz_math_vendor/lib:/opt/ros/jazzy/opt/gz_utils_vendor/lib:/opt/ros/jazzy/opt/gz_tools_vendor/lib:/opt/ros/jazzy/opt/gz_ogre_next_vendor/lib:/opt/ros/jazzy/opt/gz_dartsim_vendor/lib:/opt/ros/jazzy/opt/gz_cmake_vendor/lib:/opt/ros/jazzy/lib PYTHONPATH=/home/ground/ugv_repo/OperationTouchdown/ugv_ws/install/depthai_ros_msgs/lib/python3.12/site-packages:/home/ground/ugv_repo/OperationTouchdown/ugv_ws/build/my_ugv_vision:/home/ground/ugv_repo/OperationTouchdown/ugv_ws/install/my_ugv_vision/lib/python3.12/site-packages:/home/ground/ugv_repo/OperationTouchdown/ugv_ws/build/my_ugv_hardware:/home/ground/ugv_repo/OperationTouchdown/ugv_ws/install/my_ugv_hardware/lib/python3.12/site-packages:/home/ground/ugv_repo/OperationTouchdown/ugv_ws/install/depthai_ros_driver/lib/python3.12/site-packages:/opt/ros/jazzy/lib/python3.12/site-packages /usr/bin/cmake --install /home/ground/ugv_repo/OperationTouchdown/ugv_ws/build/depthai_examples
[3.189s] Level 1:colcon.colcon_core.environment:checking '/home/ground/ugv_repo/OperationTouchdown/ugv_ws/install/depthai_examples' for CMake config files
[3.190s] Level 1:colcon.colcon_core.shell:create_environment_hook('depthai_examples', 'cmake_prefix_path')
[3.190s] INFO:colcon.colcon_core.shell:Creating environment hook '/home/ground/ugv_repo/OperationTouchdown/ugv_ws/install/depthai_examples/share/depthai_examples/hook/cmake_prefix_path.ps1'
[3.191s] INFO:colcon.colcon_core.shell:Creating environment descriptor '/home/ground/ugv_repo/OperationTouchdown/ugv_ws/install/depthai_examples/share/depthai_examples/hook/cmake_prefix_path.dsv'
[3.191s] INFO:colcon.colcon_core.shell:Creating environment hook '/home/ground/ugv_repo/OperationTouchdown/ugv_ws/install/depthai_examples/share/depthai_examples/hook/cmake_prefix_path.sh'
[3.192s] Level 1:colcon.colcon_core.environment:checking '/home/ground/ugv_repo/OperationTouchdown/ugv_ws/install/depthai_examples/lib'
[3.193s] Level 1:colcon.colcon_core.environment:checking '/home/ground/ugv_repo/OperationTouchdown/ugv_ws/install/depthai_examples/bin'
[3.193s] Level 1:colcon.colcon_core.environment:checking '/home/ground/ugv_repo/OperationTouchdown/ugv_ws/install/depthai_examples/lib/pkgconfig/depthai_examples.pc'
[3.193s] Level 1:colcon.colcon_core.environment:checking '/home/ground/ugv_repo/OperationTouchdown/ugv_ws/install/depthai_examples/lib/python3.12/site-packages'
[3.194s] Level 1:colcon.colcon_core.environment:checking '/home/ground/ugv_repo/OperationTouchdown/ugv_ws/install/depthai_examples/bin'
[3.194s] INFO:colcon.colcon_core.shell:Creating package script '/home/ground/ugv_repo/OperationTouchdown/ugv_ws/install/depthai_examples/share/depthai_examples/package.ps1'
[3.195s] INFO:colcon.colcon_core.shell:Creating package descriptor '/home/ground/ugv_repo/OperationTouchdown/ugv_ws/install/depthai_examples/share/depthai_examples/package.dsv'
[3.195s] INFO:colcon.colcon_core.shell:Creating package script '/home/ground/ugv_repo/OperationTouchdown/ugv_ws/install/depthai_examples/share/depthai_examples/package.sh'
[3.196s] INFO:colcon.colcon_core.shell:Creating package script '/home/ground/ugv_repo/OperationTouchdown/ugv_ws/install/depthai_examples/share/depthai_examples/package.bash'
[3.197s] INFO:colcon.colcon_core.shell:Creating package script '/home/ground/ugv_repo/OperationTouchdown/ugv_ws/install/depthai_examples/share/depthai_examples/package.zsh'
[3.197s] Level 1:colcon.colcon_core.environment:create_file_with_runtime_dependencies(/home/ground/ugv_repo/OperationTouchdown/ugv_ws/install/depthai_examples/share/colcon-core/packages/depthai_examples)
[3.199s] Level 1:colcon.colcon_core.environment:create_environment_scripts_only(depthai_examples)
[3.200s] Level 1:colcon.colcon_core.environment:checking '/home/ground/ugv_repo/OperationTouchdown/ugv_ws/install/depthai_examples' for CMake module files
[3.200s] Level 1:colcon.colcon_core.environment:checking '/home/ground/ugv_repo/OperationTouchdown/ugv_ws/install/depthai_examples' for CMake config files
[3.201s] Level 1:colcon.colcon_core.shell:create_environment_hook('depthai_examples', 'cmake_prefix_path')
[3.201s] INFO:colcon.colcon_core.shell:Creating environment hook '/home/ground/ugv_repo/OperationTouchdown/ugv_ws/install/depthai_examples/share/depthai_examples/hook/cmake_prefix_path.ps1'
[3.202s] INFO:colcon.colcon_core.shell:Creating environment descriptor '/home/ground/ugv_repo/OperationTouchdown/ugv_ws/install/depthai_examples/share/depthai_examples/hook/cmake_prefix_path.dsv'
[3.203s] INFO:colcon.colcon_core.shell:Creating environment hook '/home/ground/ugv_repo/OperationTouchdown/ugv_ws/install/depthai_examples/share/depthai_examples/hook/cmake_prefix_path.sh'
[3.204s] Level 1:colcon.colcon_core.environment:checking '/home/ground/ugv_repo/OperationTouchdown/ugv_ws/install/depthai_examples/lib'
[3.204s] Level 1:colcon.colcon_core.environment:checking '/home/ground/ugv_repo/OperationTouchdown/ugv_ws/install/depthai_examples/bin'
[3.204s] Level 1:colcon.colcon_core.environment:checking '/home/ground/ugv_repo/OperationTouchdown/ugv_ws/install/depthai_examples/lib/pkgconfig/depthai_examples.pc'
[3.204s] Level 1:colcon.colcon_core.environment:checking '/home/ground/ugv_repo/OperationTouchdown/ugv_ws/install/depthai_examples/lib/python3.12/site-packages'
[3.205s] Level 1:colcon.colcon_core.environment:checking '/home/ground/ugv_repo/OperationTouchdown/ugv_ws/install/depthai_examples/bin'
[3.205s] INFO:colcon.colcon_core.shell:Creating package script '/home/ground/ugv_repo/OperationTouchdown/ugv_ws/install/depthai_examples/share/depthai_examples/package.ps1'
[3.206s] INFO:colcon.colcon_core.shell:Creating package descriptor '/home/ground/ugv_repo/OperationTouchdown/ugv_ws/install/depthai_examples/share/depthai_examples/package.dsv'
[3.207s] INFO:colcon.colcon_core.shell:Creating package script '/home/ground/ugv_repo/OperationTouchdown/ugv_ws/install/depthai_examples/share/depthai_examples/package.sh'
[3.207s] INFO:colcon.colcon_core.shell:Creating package script '/home/ground/ugv_repo/OperationTouchdown/ugv_ws/install/depthai_examples/share/depthai_examples/package.bash'
[3.208s] INFO:colcon.colcon_core.shell:Creating package script '/home/ground/ugv_repo/OperationTouchdown/ugv_ws/install/depthai_examples/share/depthai_examples/package.zsh'
[3.209s] Level 1:colcon.colcon_core.environment:create_file_with_runtime_dependencies(/home/ground/ugv_repo/OperationTouchdown/ugv_ws/install/depthai_examples/share/colcon-core/packages/depthai_examples)
[3.210s] INFO:colcon.colcon_ros.task.ament_cmake.build:Building ROS package in '/home/ground/ugv_repo/OperationTouchdown/ugv_ws/src/depthai-ros/depthai_ros_driver' with build type 'ament_cmake'
[3.210s] INFO:colcon.colcon_cmake.task.cmake.build:Building CMake package in '/home/ground/ugv_repo/OperationTouchdown/ugv_ws/src/depthai-ros/depthai_ros_driver'
[3.211s] INFO:colcon.colcon_core.shell:Skip shell extension 'powershell' for command environment: Not usable outside of PowerShell
[3.211s] DEBUG:colcon.colcon_core.shell:Skip shell extension 'dsv' for command environment
[3.239s] DEBUG:colcon.colcon_core.event_handler.log_command:Invoking command in '/home/ground/ugv_repo/OperationTouchdown/ugv_ws/build/depthai_ros_driver': CMAKE_PREFIX_PATH=/home/ground/ugv_repo/OperationTouchdown/ugv_ws/install/depthai_examples:/home/ground/ugv_repo/OperationTouchdown/ugv_ws/install/depthai_bridge:/home/ground/ugv_repo/OperationTouchdown/ugv_ws/install/depthai_ros_msgs:/home/ground/ugv_repo/OperationTouchdown/ugv_ws/install/depthai_descriptions:/home/ground/ugv_repo/OperationTouchdown/ugv_ws/install/dual_laser_merger:/home/ground/ugv_repo/OperationTouchdown/ugv_ws/install/rplidar_ros:/home/ground/ugv_repo/OperationTouchdown/ugv_ws/install/roboteq_ros2_driver:/home/ground/ugv_repo/OperationTouchdown/ugv_ws/install/my_ugv_bringup:/home/ground/ugv_repo/OperationTouchdown/ugv_ws/install/my_ugv_description:/home/ground/ugv_repo/OperationTouchdown/ugv_ws/install/depthai-ros:/home/ground/ugv_repo/OperationTouchdown/ugv_ws/install/depthai_ros_driver:/home/ground/ugv_repo/OperationTouchdown/ugv_ws/install/depthai_filters:/opt/ros/jazzy/opt/gz_sim_vendor:/opt/ros/jazzy/opt/gz_sensors_vendor:/opt/ros/jazzy/opt/gz_physics_vendor:/opt/ros/jazzy/opt/sdformat_vendor:/opt/ros/jazzy/opt/gz_gui_vendor:/opt/ros/jazzy/opt/gz_transport_vendor:/opt/ros/jazzy/opt/gz_rendering_vendor:/opt/ros/jazzy/opt/gz_plugin_vendor:/opt/ros/jazzy/opt/gz_fuel_tools_vendor:/opt/ros/jazzy/opt/gz_msgs_vendor:/opt/ros/jazzy/opt/gz_common_vendor:/opt/ros/jazzy/opt/gz_math_vendor:/opt/ros/jazzy/opt/gz_utils_vendor:/opt/ros/jazzy/opt/gz_tools_vendor:/opt/ros/jazzy/opt/gz_ogre_next_vendor:/opt/ros/jazzy/opt/gz_dartsim_vendor:/opt/ros/jazzy/opt/gz_cmake_vendor:/home/ground/ugv_repo/OperationTouchdown/ugv_ws/install/my_ugv_vision:/home/ground/ugv_repo/OperationTouchdown/ugv_ws/install/my_ugv_hardware:/opt/ros/jazzy DEBUGINFOD_URLS=https://debuginfod.ubuntu.com GAZEBO_MODEL_PATH=/home/ground/ugv_repo/OperationTouchdown/ugv_ws/install/depthai_descriptions:${GAZEBO_MODEL_PATH} GAZEBO_RESOURCE_PATH=/home/ground/ugv_repo/OperationTouchdown/ugv_ws/install/depthai_descriptions:${GAZEBO_RESOURCE_PATH} IGN_GAZEBO_MODEL_PATH=/home/ground/ugv_repo/OperationTouchdown/ugv_ws/install/depthai_descriptions:${IGN_GAZEBO_MODEL_PATH} IGN_GAZEBO_RESOURCE_PATH=/home/ground/ugv_repo/OperationTouchdown/ugv_ws/install/depthai_descriptions:${IGN_GAZEBO_RESOURCE_PATH} LD_LIBRARY_PATH=/home/ground/ugv_repo/OperationTouchdown/ugv_ws/install/depthai_bridge/lib:/home/ground/ugv_repo/OperationTouchdown/ugv_ws/install/depthai_ros_msgs/lib:/home/ground/ugv_repo/OperationTouchdown/ugv_ws/install/dual_laser_merger/lib:/home/ground/ugv_repo/OperationTouchdown/ugv_ws/install/depthai_ros_driver/lib:/home/ground/ugv_repo/OperationTouchdown/ugv_ws/install/depthai_filters/lib:/opt/ros/jazzy/opt/gz_sim_vendor/lib:/opt/ros/jazzy/opt/gz_sensors_vendor/lib:/opt/ros/jazzy/opt/gz_physics_vendor/lib:/opt/ros/jazzy/opt/sdformat_vendor/lib:/opt/ros/jazzy/opt/rviz_ogre_vendor/lib:/opt/ros/jazzy/lib/aarch64-linux-gnu:/opt/ros/jazzy/opt/gz_gui_vendor/lib:/opt/ros/jazzy/opt/gz_transport_vendor/lib:/opt/ros/jazzy/opt/gz_rendering_vendor/lib:/opt/ros/jazzy/opt/gz_plugin_vendor/lib:/opt/ros/jazzy/opt/gz_fuel_tools_vendor/lib:/opt/ros/jazzy/opt/gz_msgs_vendor/lib:/opt/ros/jazzy/opt/gz_common_vendor/lib:/opt/ros/jazzy/opt/gz_math_vendor/lib:/opt/ros/jazzy/opt/gz_utils_vendor/lib:/opt/ros/jazzy/opt/gz_tools_vendor/lib:/opt/ros/jazzy/opt/gz_ogre_next_vendor/lib:/opt/ros/jazzy/opt/gz_dartsim_vendor/lib:/opt/ros/jazzy/opt/gz_cmake_vendor/lib:/opt/ros/jazzy/lib PYTHONPATH=/home/ground/ugv_repo/OperationTouchdown/ugv_ws/install/depthai_ros_msgs/lib/python3.12/site-packages:/home/ground/ugv_repo/OperationTouchdown/ugv_ws/build/my_ugv_vision:/home/ground/ugv_repo/OperationTouchdown/ugv_ws/install/my_ugv_vision/lib/python3.12/site-packages:/home/ground/ugv_repo/OperationTouchdown/ugv_ws/build/my_ugv_hardware:/home/ground/ugv_repo/OperationTouchdown/ugv_ws/install/my_ugv_hardware/lib/python3.12/site-packages:/home/ground/ugv_repo/OperationTouchdown/ugv_ws/install/depthai_ros_driver/lib/python3.12/site-packages:/opt/ros/jazzy/lib/python3.12/site-packages /usr/bin/cmake --build /home/ground/ugv_repo/OperationTouchdown/ugv_ws/build/depthai_ros_driver -- -j4 -l4
[3.416s] DEBUG:colcon.colcon_core.event_handler.log_command:Invoking command in '/home/ground/ugv_repo/OperationTouchdown/ugv_ws/build/my_ugv_vision': DEBUGINFOD_URLS=https://debuginfod.ubuntu.com PYTHONPATH=/home/ground/ugv_repo/OperationTouchdown/ugv_ws/build/my_ugv_vision/prefix_override:/usr/lib/python3/dist-packages/colcon_core/task/python/colcon_distutils_commands:/home/ground/ugv_repo/OperationTouchdown/ugv_ws/install/my_ugv_vision/lib/python3.12/site-packages:${PYTHONPATH} /usr/bin/python3 -W ignore:setup.py install is deprecated -W ignore:easy_install command is deprecated setup.py develop --editable --build-directory /home/ground/ugv_repo/OperationTouchdown/ugv_ws/build/my_ugv_vision/build --no-deps symlink_data
[4.078s] Level 1:colcon.colcon_core.shell:create_environment_hook('my_ugv_hardware', 'pythonpath_develop')
[4.078s] INFO:colcon.colcon_core.shell:Creating environment hook '/home/ground/ugv_repo/OperationTouchdown/ugv_ws/build/my_ugv_hardware/share/my_ugv_hardware/hook/pythonpath_develop.ps1'
[4.079s] DEBUG:colcon.colcon_core.event_handler.log_command:Invoked command in '/home/ground/ugv_repo/OperationTouchdown/ugv_ws/build/my_ugv_hardware' returned '0': DEBUGINFOD_URLS=https://debuginfod.ubuntu.com PYTHONPATH=/home/ground/ugv_repo/OperationTouchdown/ugv_ws/build/my_ugv_hardware/prefix_override:/usr/lib/python3/dist-packages/colcon_core/task/python/colcon_distutils_commands:/home/ground/ugv_repo/OperationTouchdown/ugv_ws/install/my_ugv_hardware/lib/python3.12/site-packages:${PYTHONPATH} /usr/bin/python3 -W ignore:setup.py install is deprecated -W ignore:easy_install command is deprecated setup.py develop --editable --build-directory /home/ground/ugv_repo/OperationTouchdown/ugv_ws/build/my_ugv_hardware/build --no-deps symlink_data
[4.079s] INFO:colcon.colcon_core.shell:Creating environment descriptor '/home/ground/ugv_repo/OperationTouchdown/ugv_ws/build/my_ugv_hardware/share/my_ugv_hardware/hook/pythonpath_develop.dsv'
[4.080s] INFO:colcon.colcon_core.shell:Creating environment hook '/home/ground/ugv_repo/OperationTouchdown/ugv_ws/build/my_ugv_hardware/share/my_ugv_hardware/hook/pythonpath_develop.sh'
[4.081s] Level 1:colcon.colcon_core.environment:checking '/home/ground/ugv_repo/OperationTouchdown/ugv_ws/install/my_ugv_hardware' for CMake module files
[4.082s] Level 1:colcon.colcon_core.environment:checking '/home/ground/ugv_repo/OperationTouchdown/ugv_ws/install/my_ugv_hardware' for CMake config files
[4.082s] Level 1:colcon.colcon_core.environment:checking '/home/ground/ugv_repo/OperationTouchdown/ugv_ws/install/my_ugv_hardware/lib'
[4.082s] Level 1:colcon.colcon_core.environment:checking '/home/ground/ugv_repo/OperationTouchdown/ugv_ws/install/my_ugv_hardware/bin'
[4.083s] Level 1:colcon.colcon_core.environment:checking '/home/ground/ugv_repo/OperationTouchdown/ugv_ws/install/my_ugv_hardware/lib/pkgconfig/my_ugv_hardware.pc'
[4.083s] Level 1:colcon.colcon_core.environment:checking '/home/ground/ugv_repo/OperationTouchdown/ugv_ws/install/my_ugv_hardware/lib/python3.12/site-packages'
[4.083s] Level 1:colcon.colcon_core.shell:create_environment_hook('my_ugv_hardware', 'pythonpath')
[4.083s] INFO:colcon.colcon_core.shell:Creating environment hook '/home/ground/ugv_repo/OperationTouchdown/ugv_ws/install/my_ugv_hardware/share/my_ugv_hardware/hook/pythonpath.ps1'
[4.084s] INFO:colcon.colcon_core.shell:Creating environment descriptor '/home/ground/ugv_repo/OperationTouchdown/ugv_ws/install/my_ugv_hardware/share/my_ugv_hardware/hook/pythonpath.dsv'
[4.085s] INFO:colcon.colcon_core.shell:Creating environment hook '/home/ground/ugv_repo/OperationTouchdown/ugv_ws/install/my_ugv_hardware/share/my_ugv_hardware/hook/pythonpath.sh'
[4.086s] Level 1:colcon.colcon_core.environment:checking '/home/ground/ugv_repo/OperationTouchdown/ugv_ws/install/my_ugv_hardware/bin'
[4.086s] Level 1:colcon.colcon_core.environment:create_environment_scripts_only(my_ugv_hardware)
[4.086s] INFO:colcon.colcon_core.shell:Creating package script '/home/ground/ugv_repo/OperationTouchdown/ugv_ws/install/my_ugv_hardware/share/my_ugv_hardware/package.ps1'
[4.087s] INFO:colcon.colcon_core.shell:Creating package descriptor '/home/ground/ugv_repo/OperationTouchdown/ugv_ws/install/my_ugv_hardware/share/my_ugv_hardware/package.dsv'
[4.088s] INFO:colcon.colcon_core.shell:Creating package script '/home/ground/ugv_repo/OperationTouchdown/ugv_ws/install/my_ugv_hardware/share/my_ugv_hardware/package.sh'
[4.089s] INFO:colcon.colcon_core.shell:Creating package script '/home/ground/ugv_repo/OperationTouchdown/ugv_ws/install/my_ugv_hardware/share/my_ugv_hardware/package.bash'
[4.089s] INFO:colcon.colcon_core.shell:Creating package script '/home/ground/ugv_repo/OperationTouchdown/ugv_ws/install/my_ugv_hardware/share/my_ugv_hardware/package.zsh'
[4.090s] Level 1:colcon.colcon_core.environment:create_file_with_runtime_dependencies(/home/ground/ugv_repo/OperationTouchdown/ugv_ws/install/my_ugv_hardware/share/colcon-core/packages/my_ugv_hardware)
[4.091s] INFO:colcon.colcon_ros.task.ament_cmake.build:Building ROS package in '/home/ground/ugv_repo/OperationTouchdown/ugv_ws/src/my_ugv_bringup' with build type 'ament_cmake'
[4.091s] INFO:colcon.colcon_cmake.task.cmake.build:Building CMake package in '/home/ground/ugv_repo/OperationTouchdown/ugv_ws/src/my_ugv_bringup'
[4.092s] INFO:colcon.colcon_core.shell:Skip shell extension 'powershell' for command environment: Not usable outside of PowerShell
[4.093s] DEBUG:colcon.colcon_core.shell:Skip shell extension 'dsv' for command environment
[4.111s] DEBUG:colcon.colcon_core.event_handler.log_command:Invoking command in '/home/ground/ugv_repo/OperationTouchdown/ugv_ws/build/my_ugv_bringup': AMENT_PREFIX_PATH=/home/ground/ugv_repo/OperationTouchdown/ugv_ws/install/my_ugv_hardware:/home/ground/ugv_repo/OperationTouchdown/ugv_ws/install/dual_laser_merger:/home/ground/ugv_repo/OperationTouchdown/ugv_ws/install/rplidar_ros:/home/ground/ugv_repo/OperationTouchdown/ugv_ws/install/roboteq_ros2_driver:/home/ground/ugv_repo/OperationTouchdown/ugv_ws/install/my_ugv_vision:/home/ground/ugv_repo/OperationTouchdown/ugv_ws/install/my_ugv_bringup:/home/ground/ugv_repo/OperationTouchdown/ugv_ws/install/my_ugv_description:/home/ground/ugv_repo/OperationTouchdown/ugv_ws/install/depthai-ros:/home/ground/ugv_repo/OperationTouchdown/ugv_ws/install/depthai_ros_driver:/home/ground/ugv_repo/OperationTouchdown/ugv_ws/install/depthai_filters:/home/ground/ugv_repo/OperationTouchdown/ugv_ws/install/depthai_examples:/home/ground/ugv_repo/OperationTouchdown/ugv_ws/install/depthai_bridge:/home/ground/ugv_repo/OperationTouchdown/ugv_ws/install/depthai_ros_msgs:/home/ground/ugv_repo/OperationTouchdown/ugv_ws/install/depthai_descriptions:/opt/ros/jazzy CMAKE_PREFIX_PATH=/home/ground/ugv_repo/OperationTouchdown/ugv_ws/install/my_ugv_description:/home/ground/ugv_repo/OperationTouchdown/ugv_ws/install/dual_laser_merger:/home/ground/ugv_repo/OperationTouchdown/ugv_ws/install/rplidar_ros:/home/ground/ugv_repo/OperationTouchdown/ugv_ws/install/roboteq_ros2_driver:/home/ground/ugv_repo/OperationTouchdown/ugv_ws/install/my_ugv_bringup:/home/ground/ugv_repo/OperationTouchdown/ugv_ws/install/depthai-ros:/home/ground/ugv_repo/OperationTouchdown/ugv_ws/install/depthai_ros_driver:/home/ground/ugv_repo/OperationTouchdown/ugv_ws/install/depthai_filters:/home/ground/ugv_repo/OperationTouchdown/ugv_ws/install/depthai_examples:/home/ground/ugv_repo/OperationTouchdown/ugv_ws/install/depthai_bridge:/home/ground/ugv_repo/OperationTouchdown/ugv_ws/install/depthai_ros_msgs:/home/ground/ugv_repo/OperationTouchdown/ugv_ws/install/depthai_descriptions:/opt/ros/jazzy/opt/gz_sim_vendor:/opt/ros/jazzy/opt/gz_sensors_vendor:/opt/ros/jazzy/opt/gz_physics_vendor:/opt/ros/jazzy/opt/sdformat_vendor:/opt/ros/jazzy/opt/gz_gui_vendor:/opt/ros/jazzy/opt/gz_transport_vendor:/opt/ros/jazzy/opt/gz_rendering_vendor:/opt/ros/jazzy/opt/gz_plugin_vendor:/opt/ros/jazzy/opt/gz_fuel_tools_vendor:/opt/ros/jazzy/opt/gz_msgs_vendor:/opt/ros/jazzy/opt/gz_common_vendor:/opt/ros/jazzy/opt/gz_math_vendor:/opt/ros/jazzy/opt/gz_utils_vendor:/opt/ros/jazzy/opt/gz_tools_vendor:/opt/ros/jazzy/opt/gz_ogre_next_vendor:/opt/ros/jazzy/opt/gz_dartsim_vendor:/opt/ros/jazzy/opt/gz_cmake_vendor:/home/ground/ugv_repo/OperationTouchdown/ugv_ws/install/my_ugv_vision:/home/ground/ugv_repo/OperationTouchdown/ugv_ws/install/my_ugv_hardware:/opt/ros/jazzy DEBUGINFOD_URLS=https://debuginfod.ubuntu.com PYTHONPATH=/home/ground/ugv_repo/OperationTouchdown/ugv_ws/build/my_ugv_hardware:/home/ground/ugv_repo/OperationTouchdown/ugv_ws/install/my_ugv_hardware/lib/python3.12/site-packages:/home/ground/ugv_repo/OperationTouchdown/ugv_ws/build/my_ugv_vision:/home/ground/ugv_repo/OperationTouchdown/ugv_ws/install/my_ugv_vision/lib/python3.12/site-packages:/home/ground/ugv_repo/OperationTouchdown/ugv_ws/install/depthai_ros_driver/lib/python3.12/site-packages:/home/ground/ugv_repo/OperationTouchdown/ugv_ws/install/depthai_ros_msgs/lib/python3.12/site-packages:/opt/ros/jazzy/lib/python3.12/site-packages /usr/bin/cmake --build /home/ground/ugv_repo/OperationTouchdown/ugv_ws/build/my_ugv_bringup -- -j4 -l4
[4.132s] DEBUG:colcon.colcon_core.event_handler.log_command:Invoked command in '/home/ground/ugv_repo/OperationTouchdown/ugv_ws/build/depthai_ros_driver' returned '0': CMAKE_PREFIX_PATH=/home/ground/ugv_repo/OperationTouchdown/ugv_ws/install/depthai_examples:/home/ground/ugv_repo/OperationTouchdown/ugv_ws/install/depthai_bridge:/home/ground/ugv_repo/OperationTouchdown/ugv_ws/install/depthai_ros_msgs:/home/ground/ugv_repo/OperationTouchdown/ugv_ws/install/depthai_descriptions:/home/ground/ugv_repo/OperationTouchdown/ugv_ws/install/dual_laser_merger:/home/ground/ugv_repo/OperationTouchdown/ugv_ws/install/rplidar_ros:/home/ground/ugv_repo/OperationTouchdown/ugv_ws/install/roboteq_ros2_driver:/home/ground/ugv_repo/OperationTouchdown/ugv_ws/install/my_ugv_bringup:/home/ground/ugv_repo/OperationTouchdown/ugv_ws/install/my_ugv_description:/home/ground/ugv_repo/OperationTouchdown/ugv_ws/install/depthai-ros:/home/ground/ugv_repo/OperationTouchdown/ugv_ws/install/depthai_ros_driver:/home/ground/ugv_repo/OperationTouchdown/ugv_ws/install/depthai_filters:/opt/ros/jazzy/opt/gz_sim_vendor:/opt/ros/jazzy/opt/gz_sensors_vendor:/opt/ros/jazzy/opt/gz_physics_vendor:/opt/ros/jazzy/opt/sdformat_vendor:/opt/ros/jazzy/opt/gz_gui_vendor:/opt/ros/jazzy/opt/gz_transport_vendor:/opt/ros/jazzy/opt/gz_rendering_vendor:/opt/ros/jazzy/opt/gz_plugin_vendor:/opt/ros/jazzy/opt/gz_fuel_tools_vendor:/opt/ros/jazzy/opt/gz_msgs_vendor:/opt/ros/jazzy/opt/gz_common_vendor:/opt/ros/jazzy/opt/gz_math_vendor:/opt/ros/jazzy/opt/gz_utils_vendor:/opt/ros/jazzy/opt/gz_tools_vendor:/opt/ros/jazzy/opt/gz_ogre_next_vendor:/opt/ros/jazzy/opt/gz_dartsim_vendor:/opt/ros/jazzy/opt/gz_cmake_vendor:/home/ground/ugv_repo/OperationTouchdown/ugv_ws/install/my_ugv_vision:/home/ground/ugv_repo/OperationTouchdown/ugv_ws/install/my_ugv_hardware:/opt/ros/jazzy DEBUGINFOD_URLS=https://debuginfod.ubuntu.com GAZEBO_MODEL_PATH=/home/ground/ugv_repo/OperationTouchdown/ugv_ws/install/depthai_descriptions:${GAZEBO_MODEL_PATH} GAZEBO_RESOURCE_PATH=/home/ground/ugv_repo/OperationTouchdown/ugv_ws/install/depthai_descriptions:${GAZEBO_RESOURCE_PATH} IGN_GAZEBO_MODEL_PATH=/home/ground/ugv_repo/OperationTouchdown/ugv_ws/install/depthai_descriptions:${IGN_GAZEBO_MODEL_PATH} IGN_GAZEBO_RESOURCE_PATH=/home/ground/ugv_repo/OperationTouchdown/ugv_ws/install/depthai_descriptions:${IGN_GAZEBO_RESOURCE_PATH} LD_LIBRARY_PATH=/home/ground/ugv_repo/OperationTouchdown/ugv_ws/install/depthai_bridge/lib:/home/ground/ugv_repo/OperationTouchdown/ugv_ws/install/depthai_ros_msgs/lib:/home/ground/ugv_repo/OperationTouchdown/ugv_ws/install/dual_laser_merger/lib:/home/ground/ugv_repo/OperationTouchdown/ugv_ws/install/depthai_ros_driver/lib:/home/ground/ugv_repo/OperationTouchdown/ugv_ws/install/depthai_filters/lib:/opt/ros/jazzy/opt/gz_sim_vendor/lib:/opt/ros/jazzy/opt/gz_sensors_vendor/lib:/opt/ros/jazzy/opt/gz_physics_vendor/lib:/opt/ros/jazzy/opt/sdformat_vendor/lib:/opt/ros/jazzy/opt/rviz_ogre_vendor/lib:/opt/ros/jazzy/lib/aarch64-linux-gnu:/opt/ros/jazzy/opt/gz_gui_vendor/lib:/opt/ros/jazzy/opt/gz_transport_vendor/lib:/opt/ros/jazzy/opt/gz_rendering_vendor/lib:/opt/ros/jazzy/opt/gz_plugin_vendor/lib:/opt/ros/jazzy/opt/gz_fuel_tools_vendor/lib:/opt/ros/jazzy/opt/gz_msgs_vendor/lib:/opt/ros/jazzy/opt/gz_common_vendor/lib:/opt/ros/jazzy/opt/gz_math_vendor/lib:/opt/ros/jazzy/opt/gz_utils_vendor/lib:/opt/ros/jazzy/opt/gz_tools_vendor/lib:/opt/ros/jazzy/opt/gz_ogre_next_vendor/lib:/opt/ros/jazzy/opt/gz_dartsim_vendor/lib:/opt/ros/jazzy/opt/gz_cmake_vendor/lib:/opt/ros/jazzy/lib PYTHONPATH=/home/ground/ugv_repo/OperationTouchdown/ugv_ws/install/depthai_ros_msgs/lib/python3.12/site-packages:/home/ground/ugv_repo/OperationTouchdown/ugv_ws/build/my_ugv_vision:/home/ground/ugv_repo/OperationTouchdown/ugv_ws/install/my_ugv_vision/lib/python3.12/site-packages:/home/ground/ugv_repo/OperationTouchdown/ugv_ws/build/my_ugv_hardware:/home/ground/ugv_repo/OperationTouchdown/ugv_ws/install/my_ugv_hardware/lib/python3.12/site-packages:/home/ground/ugv_repo/OperationTouchdown/ugv_ws/install/depthai_ros_driver/lib/python3.12/site-packages:/opt/ros/jazzy/lib/python3.12/site-packages /usr/bin/cmake --build /home/ground/ugv_repo/OperationTouchdown/ugv_ws/build/depthai_ros_driver -- -j4 -l4
[4.133s] DEBUG:colcon.colcon_core.event_handler.log_command:Invoking command in '/home/ground/ugv_repo/OperationTouchdown/ugv_ws/build/depthai_ros_driver': CMAKE_PREFIX_PATH=/home/ground/ugv_repo/OperationTouchdown/ugv_ws/install/depthai_examples:/home/ground/ugv_repo/OperationTouchdown/ugv_ws/install/depthai_bridge:/home/ground/ugv_repo/OperationTouchdown/ugv_ws/install/depthai_ros_msgs:/home/ground/ugv_repo/OperationTouchdown/ugv_ws/install/depthai_descriptions:/home/ground/ugv_repo/OperationTouchdown/ugv_ws/install/dual_laser_merger:/home/ground/ugv_repo/OperationTouchdown/ugv_ws/install/rplidar_ros:/home/ground/ugv_repo/OperationTouchdown/ugv_ws/install/roboteq_ros2_driver:/home/ground/ugv_repo/OperationTouchdown/ugv_ws/install/my_ugv_bringup:/home/ground/ugv_repo/OperationTouchdown/ugv_ws/install/my_ugv_description:/home/ground/ugv_repo/OperationTouchdown/ugv_ws/install/depthai-ros:/home/ground/ugv_repo/OperationTouchdown/ugv_ws/install/depthai_ros_driver:/home/ground/ugv_repo/OperationTouchdown/ugv_ws/install/depthai_filters:/opt/ros/jazzy/opt/gz_sim_vendor:/opt/ros/jazzy/opt/gz_sensors_vendor:/opt/ros/jazzy/opt/gz_physics_vendor:/opt/ros/jazzy/opt/sdformat_vendor:/opt/ros/jazzy/opt/gz_gui_vendor:/opt/ros/jazzy/opt/gz_transport_vendor:/opt/ros/jazzy/opt/gz_rendering_vendor:/opt/ros/jazzy/opt/gz_plugin_vendor:/opt/ros/jazzy/opt/gz_fuel_tools_vendor:/opt/ros/jazzy/opt/gz_msgs_vendor:/opt/ros/jazzy/opt/gz_common_vendor:/opt/ros/jazzy/opt/gz_math_vendor:/opt/ros/jazzy/opt/gz_utils_vendor:/opt/ros/jazzy/opt/gz_tools_vendor:/opt/ros/jazzy/opt/gz_ogre_next_vendor:/opt/ros/jazzy/opt/gz_dartsim_vendor:/opt/ros/jazzy/opt/gz_cmake_vendor:/home/ground/ugv_repo/OperationTouchdown/ugv_ws/install/my_ugv_vision:/home/ground/ugv_repo/OperationTouchdown/ugv_ws/install/my_ugv_hardware:/opt/ros/jazzy DEBUGINFOD_URLS=https://debuginfod.ubuntu.com GAZEBO_MODEL_PATH=/home/ground/ugv_repo/OperationTouchdown/ugv_ws/install/depthai_descriptions:${GAZEBO_MODEL_PATH} GAZEBO_RESOURCE_PATH=/home/ground/ugv_repo/OperationTouchdown/ugv_ws/install/depthai_descriptions:${GAZEBO_RESOURCE_PATH} IGN_GAZEBO_MODEL_PATH=/home/ground/ugv_repo/OperationTouchdown/ugv_ws/install/depthai_descriptions:${IGN_GAZEBO_MODEL_PATH} IGN_GAZEBO_RESOURCE_PATH=/home/ground/ugv_repo/OperationTouchdown/ugv_ws/install/depthai_descriptions:${IGN_GAZEBO_RESOURCE_PATH} LD_LIBRARY_PATH=/home/ground/ugv_repo/OperationTouchdown/ugv_ws/install/depthai_bridge/lib:/home/ground/ugv_repo/OperationTouchdown/ugv_ws/install/depthai_ros_msgs/lib:/home/ground/ugv_repo/OperationTouchdown/ugv_ws/install/dual_laser_merger/lib:/home/ground/ugv_repo/OperationTouchdown/ugv_ws/install/depthai_ros_driver/lib:/home/ground/ugv_repo/OperationTouchdown/ugv_ws/install/depthai_filters/lib:/opt/ros/jazzy/opt/gz_sim_vendor/lib:/opt/ros/jazzy/opt/gz_sensors_vendor/lib:/opt/ros/jazzy/opt/gz_physics_vendor/lib:/opt/ros/jazzy/opt/sdformat_vendor/lib:/opt/ros/jazzy/opt/rviz_ogre_vendor/lib:/opt/ros/jazzy/lib/aarch64-linux-gnu:/opt/ros/jazzy/opt/gz_gui_vendor/lib:/opt/ros/jazzy/opt/gz_transport_vendor/lib:/opt/ros/jazzy/opt/gz_rendering_vendor/lib:/opt/ros/jazzy/opt/gz_plugin_vendor/lib:/opt/ros/jazzy/opt/gz_fuel_tools_vendor/lib:/opt/ros/jazzy/opt/gz_msgs_vendor/lib:/opt/ros/jazzy/opt/gz_common_vendor/lib:/opt/ros/jazzy/opt/gz_math_vendor/lib:/opt/ros/jazzy/opt/gz_utils_vendor/lib:/opt/ros/jazzy/opt/gz_tools_vendor/lib:/opt/ros/jazzy/opt/gz_ogre_next_vendor/lib:/opt/ros/jazzy/opt/gz_dartsim_vendor/lib:/opt/ros/jazzy/opt/gz_cmake_vendor/lib:/opt/ros/jazzy/lib PYTHONPATH=/home/ground/ugv_repo/OperationTouchdown/ugv_ws/install/depthai_ros_msgs/lib/python3.12/site-packages:/home/ground/ugv_repo/OperationTouchdown/ugv_ws/build/my_ugv_vision:/home/ground/ugv_repo/OperationTouchdown/ugv_ws/install/my_ugv_vision/lib/python3.12/site-packages:/home/ground/ugv_repo/OperationTouchdown/ugv_ws/build/my_ugv_hardware:/home/ground/ugv_repo/OperationTouchdown/ugv_ws/install/my_ugv_hardware/lib/python3.12/site-packages:/home/ground/ugv_repo/OperationTouchdown/ugv_ws/install/depthai_ros_driver/lib/python3.12/site-packages:/opt/ros/jazzy/lib/python3.12/site-packages /usr/bin/cmake --install /home/ground/ugv_repo/OperationTouchdown/ugv_ws/build/depthai_ros_driver
[4.211s] DEBUG:colcon.colcon_core.event_handler.log_command:Invoked command in '/home/ground/ugv_repo/OperationTouchdown/ugv_ws/build/my_ugv_bringup' returned '0': AMENT_PREFIX_PATH=/home/ground/ugv_repo/OperationTouchdown/ugv_ws/install/my_ugv_hardware:/home/ground/ugv_repo/OperationTouchdown/ugv_ws/install/dual_laser_merger:/home/ground/ugv_repo/OperationTouchdown/ugv_ws/install/rplidar_ros:/home/ground/ugv_repo/OperationTouchdown/ugv_ws/install/roboteq_ros2_driver:/home/ground/ugv_repo/OperationTouchdown/ugv_ws/install/my_ugv_vision:/home/ground/ugv_repo/OperationTouchdown/ugv_ws/install/my_ugv_bringup:/home/ground/ugv_repo/OperationTouchdown/ugv_ws/install/my_ugv_description:/home/ground/ugv_repo/OperationTouchdown/ugv_ws/install/depthai-ros:/home/ground/ugv_repo/OperationTouchdown/ugv_ws/install/depthai_ros_driver:/home/ground/ugv_repo/OperationTouchdown/ugv_ws/install/depthai_filters:/home/ground/ugv_repo/OperationTouchdown/ugv_ws/install/depthai_examples:/home/ground/ugv_repo/OperationTouchdown/ugv_ws/install/depthai_bridge:/home/ground/ugv_repo/OperationTouchdown/ugv_ws/install/depthai_ros_msgs:/home/ground/ugv_repo/OperationTouchdown/ugv_ws/install/depthai_descriptions:/opt/ros/jazzy CMAKE_PREFIX_PATH=/home/ground/ugv_repo/OperationTouchdown/ugv_ws/install/my_ugv_description:/home/ground/ugv_repo/OperationTouchdown/ugv_ws/install/dual_laser_merger:/home/ground/ugv_repo/OperationTouchdown/ugv_ws/install/rplidar_ros:/home/ground/ugv_repo/OperationTouchdown/ugv_ws/install/roboteq_ros2_driver:/home/ground/ugv_repo/OperationTouchdown/ugv_ws/install/my_ugv_bringup:/home/ground/ugv_repo/OperationTouchdown/ugv_ws/install/depthai-ros:/home/ground/ugv_repo/OperationTouchdown/ugv_ws/install/depthai_ros_driver:/home/ground/ugv_repo/OperationTouchdown/ugv_ws/install/depthai_filters:/home/ground/ugv_repo/OperationTouchdown/ugv_ws/install/depthai_examples:/home/ground/ugv_repo/OperationTouchdown/ugv_ws/install/depthai_bridge:/home/ground/ugv_repo/OperationTouchdown/ugv_ws/install/depthai_ros_msgs:/home/ground/ugv_repo/OperationTouchdown/ugv_ws/install/depthai_descriptions:/opt/ros/jazzy/opt/gz_sim_vendor:/opt/ros/jazzy/opt/gz_sensors_vendor:/opt/ros/jazzy/opt/gz_physics_vendor:/opt/ros/jazzy/opt/sdformat_vendor:/opt/ros/jazzy/opt/gz_gui_vendor:/opt/ros/jazzy/opt/gz_transport_vendor:/opt/ros/jazzy/opt/gz_rendering_vendor:/opt/ros/jazzy/opt/gz_plugin_vendor:/opt/ros/jazzy/opt/gz_fuel_tools_vendor:/opt/ros/jazzy/opt/gz_msgs_vendor:/opt/ros/jazzy/opt/gz_common_vendor:/opt/ros/jazzy/opt/gz_math_vendor:/opt/ros/jazzy/opt/gz_utils_vendor:/opt/ros/jazzy/opt/gz_tools_vendor:/opt/ros/jazzy/opt/gz_ogre_next_vendor:/opt/ros/jazzy/opt/gz_dartsim_vendor:/opt/ros/jazzy/opt/gz_cmake_vendor:/home/ground/ugv_repo/OperationTouchdown/ugv_ws/install/my_ugv_vision:/home/ground/ugv_repo/OperationTouchdown/ugv_ws/install/my_ugv_hardware:/opt/ros/jazzy DEBUGINFOD_URLS=https://debuginfod.ubuntu.com PYTHONPATH=/home/ground/ugv_repo/OperationTouchdown/ugv_ws/build/my_ugv_hardware:/home/ground/ugv_repo/OperationTouchdown/ugv_ws/install/my_ugv_hardware/lib/python3.12/site-packages:/home/ground/ugv_repo/OperationTouchdown/ugv_ws/build/my_ugv_vision:/home/ground/ugv_repo/OperationTouchdown/ugv_ws/install/my_ugv_vision/lib/python3.12/site-packages:/home/ground/ugv_repo/OperationTouchdown/ugv_ws/install/depthai_ros_driver/lib/python3.12/site-packages:/home/ground/ugv_repo/OperationTouchdown/ugv_ws/install/depthai_ros_msgs/lib/python3.12/site-packages:/opt/ros/jazzy/lib/python3.12/site-packages /usr/bin/cmake --build /home/ground/ugv_repo/OperationTouchdown/ugv_ws/build/my_ugv_bringup -- -j4 -l4
[4.212s] DEBUG:colcon.colcon_core.event_handler.log_command:Invoking command in '/home/ground/ugv_repo/OperationTouchdown/ugv_ws/build/my_ugv_bringup': AMENT_PREFIX_PATH=/home/ground/ugv_repo/OperationTouchdown/ugv_ws/install/my_ugv_hardware:/home/ground/ugv_repo/OperationTouchdown/ugv_ws/install/dual_laser_merger:/home/ground/ugv_repo/OperationTouchdown/ugv_ws/install/rplidar_ros:/home/ground/ugv_repo/OperationTouchdown/ugv_ws/install/roboteq_ros2_driver:/home/ground/ugv_repo/OperationTouchdown/ugv_ws/install/my_ugv_vision:/home/ground/ugv_repo/OperationTouchdown/ugv_ws/install/my_ugv_bringup:/home/ground/ugv_repo/OperationTouchdown/ugv_ws/install/my_ugv_description:/home/ground/ugv_repo/OperationTouchdown/ugv_ws/install/depthai-ros:/home/ground/ugv_repo/OperationTouchdown/ugv_ws/install/depthai_ros_driver:/home/ground/ugv_repo/OperationTouchdown/ugv_ws/install/depthai_filters:/home/ground/ugv_repo/OperationTouchdown/ugv_ws/install/depthai_examples:/home/ground/ugv_repo/OperationTouchdown/ugv_ws/install/depthai_bridge:/home/ground/ugv_repo/OperationTouchdown/ugv_ws/install/depthai_ros_msgs:/home/ground/ugv_repo/OperationTouchdown/ugv_ws/install/depthai_descriptions:/opt/ros/jazzy CMAKE_PREFIX_PATH=/home/ground/ugv_repo/OperationTouchdown/ugv_ws/install/my_ugv_description:/home/ground/ugv_repo/OperationTouchdown/ugv_ws/install/dual_laser_merger:/home/ground/ugv_repo/OperationTouchdown/ugv_ws/install/rplidar_ros:/home/ground/ugv_repo/OperationTouchdown/ugv_ws/install/roboteq_ros2_driver:/home/ground/ugv_repo/OperationTouchdown/ugv_ws/install/my_ugv_bringup:/home/ground/ugv_repo/OperationTouchdown/ugv_ws/install/depthai-ros:/home/ground/ugv_repo/OperationTouchdown/ugv_ws/install/depthai_ros_driver:/home/ground/ugv_repo/OperationTouchdown/ugv_ws/install/depthai_filters:/home/ground/ugv_repo/OperationTouchdown/ugv_ws/install/depthai_examples:/home/ground/ugv_repo/OperationTouchdown/ugv_ws/install/depthai_bridge:/home/ground/ugv_repo/OperationTouchdown/ugv_ws/install/depthai_ros_msgs:/home/ground/ugv_repo/OperationTouchdown/ugv_ws/install/depthai_descriptions:/opt/ros/jazzy/opt/gz_sim_vendor:/opt/ros/jazzy/opt/gz_sensors_vendor:/opt/ros/jazzy/opt/gz_physics_vendor:/opt/ros/jazzy/opt/sdformat_vendor:/opt/ros/jazzy/opt/gz_gui_vendor:/opt/ros/jazzy/opt/gz_transport_vendor:/opt/ros/jazzy/opt/gz_rendering_vendor:/opt/ros/jazzy/opt/gz_plugin_vendor:/opt/ros/jazzy/opt/gz_fuel_tools_vendor:/opt/ros/jazzy/opt/gz_msgs_vendor:/opt/ros/jazzy/opt/gz_common_vendor:/opt/ros/jazzy/opt/gz_math_vendor:/opt/ros/jazzy/opt/gz_utils_vendor:/opt/ros/jazzy/opt/gz_tools_vendor:/opt/ros/jazzy/opt/gz_ogre_next_vendor:/opt/ros/jazzy/opt/gz_dartsim_vendor:/opt/ros/jazzy/opt/gz_cmake_vendor:/home/ground/ugv_repo/OperationTouchdown/ugv_ws/install/my_ugv_vision:/home/ground/ugv_repo/OperationTouchdown/ugv_ws/install/my_ugv_hardware:/opt/ros/jazzy DEBUGINFOD_URLS=https://debuginfod.ubuntu.com PYTHONPATH=/home/ground/ugv_repo/OperationTouchdown/ugv_ws/build/my_ugv_hardware:/home/ground/ugv_repo/OperationTouchdown/ugv_ws/install/my_ugv_hardware/lib/python3.12/site-packages:/home/ground/ugv_repo/OperationTouchdown/ugv_ws/build/my_ugv_vision:/home/ground/ugv_repo/OperationTouchdown/ugv_ws/install/my_ugv_vision/lib/python3.12/site-packages:/home/ground/ugv_repo/OperationTouchdown/ugv_ws/install/depthai_ros_driver/lib/python3.12/site-packages:/home/ground/ugv_repo/OperationTouchdown/ugv_ws/install/depthai_ros_msgs/lib/python3.12/site-packages:/opt/ros/jazzy/lib/python3.12/site-packages /usr/bin/cmake --install /home/ground/ugv_repo/OperationTouchdown/ugv_ws/build/my_ugv_bringup
[4.287s] Level 1:colcon.colcon_core.environment:create_environment_scripts_only(my_ugv_bringup)
[4.288s] Level 1:colcon.colcon_core.environment:checking '/home/ground/ugv_repo/OperationTouchdown/ugv_ws/install/my_ugv_bringup' for CMake module files
[4.289s] DEBUG:colcon.colcon_core.event_handler.log_command:Invoked command in '/home/ground/ugv_repo/OperationTouchdown/ugv_ws/build/my_ugv_bringup' returned '0': AMENT_PREFIX_PATH=/home/ground/ugv_repo/OperationTouchdown/ugv_ws/install/my_ugv_hardware:/home/ground/ugv_repo/OperationTouchdown/ugv_ws/install/dual_laser_merger:/home/ground/ugv_repo/OperationTouchdown/ugv_ws/install/rplidar_ros:/home/ground/ugv_repo/OperationTouchdown/ugv_ws/install/roboteq_ros2_driver:/home/ground/ugv_repo/OperationTouchdown/ugv_ws/install/my_ugv_vision:/home/ground/ugv_repo/OperationTouchdown/ugv_ws/install/my_ugv_bringup:/home/ground/ugv_repo/OperationTouchdown/ugv_ws/install/my_ugv_description:/home/ground/ugv_repo/OperationTouchdown/ugv_ws/install/depthai-ros:/home/ground/ugv_repo/OperationTouchdown/ugv_ws/install/depthai_ros_driver:/home/ground/ugv_repo/OperationTouchdown/ugv_ws/install/depthai_filters:/home/ground/ugv_repo/OperationTouchdown/ugv_ws/install/depthai_examples:/home/ground/ugv_repo/OperationTouchdown/ugv_ws/install/depthai_bridge:/home/ground/ugv_repo/OperationTouchdown/ugv_ws/install/depthai_ros_msgs:/home/ground/ugv_repo/OperationTouchdown/ugv_ws/install/depthai_descriptions:/opt/ros/jazzy CMAKE_PREFIX_PATH=/home/ground/ugv_repo/OperationTouchdown/ugv_ws/install/my_ugv_description:/home/ground/ugv_repo/OperationTouchdown/ugv_ws/install/dual_laser_merger:/home/ground/ugv_repo/OperationTouchdown/ugv_ws/install/rplidar_ros:/home/ground/ugv_repo/OperationTouchdown/ugv_ws/install/roboteq_ros2_driver:/home/ground/ugv_repo/OperationTouchdown/ugv_ws/install/my_ugv_bringup:/home/ground/ugv_repo/OperationTouchdown/ugv_ws/install/depthai-ros:/home/ground/ugv_repo/OperationTouchdown/ugv_ws/install/depthai_ros_driver:/home/ground/ugv_repo/OperationTouchdown/ugv_ws/install/depthai_filters:/home/ground/ugv_repo/OperationTouchdown/ugv_ws/install/depthai_examples:/home/ground/ugv_repo/OperationTouchdown/ugv_ws/install/depthai_bridge:/home/ground/ugv_repo/OperationTouchdown/ugv_ws/install/depthai_ros_msgs:/home/ground/ugv_repo/OperationTouchdown/ugv_ws/install/depthai_descriptions:/opt/ros/jazzy/opt/gz_sim_vendor:/opt/ros/jazzy/opt/gz_sensors_vendor:/opt/ros/jazzy/opt/gz_physics_vendor:/opt/ros/jazzy/opt/sdformat_vendor:/opt/ros/jazzy/opt/gz_gui_vendor:/opt/ros/jazzy/opt/gz_transport_vendor:/opt/ros/jazzy/opt/gz_rendering_vendor:/opt/ros/jazzy/opt/gz_plugin_vendor:/opt/ros/jazzy/opt/gz_fuel_tools_vendor:/opt/ros/jazzy/opt/gz_msgs_vendor:/opt/ros/jazzy/opt/gz_common_vendor:/opt/ros/jazzy/opt/gz_math_vendor:/opt/ros/jazzy/opt/gz_utils_vendor:/opt/ros/jazzy/opt/gz_tools_vendor:/opt/ros/jazzy/opt/gz_ogre_next_vendor:/opt/ros/jazzy/opt/gz_dartsim_vendor:/opt/ros/jazzy/opt/gz_cmake_vendor:/home/ground/ugv_repo/OperationTouchdown/ugv_ws/install/my_ugv_vision:/home/ground/ugv_repo/OperationTouchdown/ugv_ws/install/my_ugv_hardware:/opt/ros/jazzy DEBUGINFOD_URLS=https://debuginfod.ubuntu.com PYTHONPATH=/home/ground/ugv_repo/OperationTouchdown/ugv_ws/build/my_ugv_hardware:/home/ground/ugv_repo/OperationTouchdown/ugv_ws/install/my_ugv_hardware/lib/python3.12/site-packages:/home/ground/ugv_repo/OperationTouchdown/ugv_ws/build/my_ugv_vision:/home/ground/ugv_repo/OperationTouchdown/ugv_ws/install/my_ugv_vision/lib/python3.12/site-packages:/home/ground/ugv_repo/OperationTouchdown/ugv_ws/install/depthai_ros_driver/lib/python3.12/site-packages:/home/ground/ugv_repo/OperationTouchdown/ugv_ws/install/depthai_ros_msgs/lib/python3.12/site-packages:/opt/ros/jazzy/lib/python3.12/site-packages /usr/bin/cmake --install /home/ground/ugv_repo/OperationTouchdown/ugv_ws/build/my_ugv_bringup
[4.290s] Level 1:colcon.colcon_core.environment:checking '/home/ground/ugv_repo/OperationTouchdown/ugv_ws/install/my_ugv_bringup' for CMake config files
[4.292s] Level 1:colcon.colcon_core.shell:create_environment_hook('my_ugv_bringup', 'cmake_prefix_path')
[4.293s] INFO:colcon.colcon_core.shell:Creating environment hook '/home/ground/ugv_repo/OperationTouchdown/ugv_ws/install/my_ugv_bringup/share/my_ugv_bringup/hook/cmake_prefix_path.ps1'
[4.294s] INFO:colcon.colcon_core.shell:Creating environment descriptor '/home/ground/ugv_repo/OperationTouchdown/ugv_ws/install/my_ugv_bringup/share/my_ugv_bringup/hook/cmake_prefix_path.dsv'
[4.295s] INFO:colcon.colcon_core.shell:Creating environment hook '/home/ground/ugv_repo/OperationTouchdown/ugv_ws/install/my_ugv_bringup/share/my_ugv_bringup/hook/cmake_prefix_path.sh'
[4.297s] Level 1:colcon.colcon_core.environment:checking '/home/ground/ugv_repo/OperationTouchdown/ugv_ws/install/my_ugv_bringup/bin'
[4.297s] Level 1:colcon.colcon_core.environment:checking '/home/ground/ugv_repo/OperationTouchdown/ugv_ws/install/my_ugv_bringup/lib/pkgconfig/my_ugv_bringup.pc'
[4.298s] Level 1:colcon.colcon_core.environment:checking '/home/ground/ugv_repo/OperationTouchdown/ugv_ws/install/my_ugv_bringup/lib/python3.12/site-packages'
[4.299s] Level 1:colcon.colcon_core.environment:checking '/home/ground/ugv_repo/OperationTouchdown/ugv_ws/install/my_ugv_bringup/bin'
[4.300s] INFO:colcon.colcon_core.shell:Creating package script '/home/ground/ugv_repo/OperationTouchdown/ugv_ws/install/my_ugv_bringup/share/my_ugv_bringup/package.ps1'
[4.301s] INFO:colcon.colcon_core.shell:Creating package descriptor '/home/ground/ugv_repo/OperationTouchdown/ugv_ws/install/my_ugv_bringup/share/my_ugv_bringup/package.dsv'
[4.302s] INFO:colcon.colcon_core.shell:Creating package script '/home/ground/ugv_repo/OperationTouchdown/ugv_ws/install/my_ugv_bringup/share/my_ugv_bringup/package.sh'
[4.303s] INFO:colcon.colcon_core.shell:Creating package script '/home/ground/ugv_repo/OperationTouchdown/ugv_ws/install/my_ugv_bringup/share/my_ugv_bringup/package.bash'
[4.305s] INFO:colcon.colcon_core.shell:Creating package script '/home/ground/ugv_repo/OperationTouchdown/ugv_ws/install/my_ugv_bringup/share/my_ugv_bringup/package.zsh'
[4.306s] Level 1:colcon.colcon_core.environment:create_file_with_runtime_dependencies(/home/ground/ugv_repo/OperationTouchdown/ugv_ws/install/my_ugv_bringup/share/colcon-core/packages/my_ugv_bringup)
[4.308s] Level 1:colcon.colcon_core.environment:create_environment_scripts_only(my_ugv_bringup)
[4.309s] Level 1:colcon.colcon_core.environment:checking '/home/ground/ugv_repo/OperationTouchdown/ugv_ws/install/my_ugv_bringup' for CMake module files
[4.310s] Level 1:colcon.colcon_core.environment:checking '/home/ground/ugv_repo/OperationTouchdown/ugv_ws/install/my_ugv_bringup' for CMake config files
[4.312s] Level 1:colcon.colcon_core.shell:create_environment_hook('my_ugv_bringup', 'cmake_prefix_path')
[4.312s] INFO:colcon.colcon_core.shell:Creating environment hook '/home/ground/ugv_repo/OperationTouchdown/ugv_ws/install/my_ugv_bringup/share/my_ugv_bringup/hook/cmake_prefix_path.ps1'
[4.313s] INFO:colcon.colcon_core.shell:Creating environment descriptor '/home/ground/ugv_repo/OperationTouchdown/ugv_ws/install/my_ugv_bringup/share/my_ugv_bringup/hook/cmake_prefix_path.dsv'
[4.314s] INFO:colcon.colcon_core.shell:Creating environment hook '/home/ground/ugv_repo/OperationTouchdown/ugv_ws/install/my_ugv_bringup/share/my_ugv_bringup/hook/cmake_prefix_path.sh'
[4.315s] Level 1:colcon.colcon_core.environment:checking '/home/ground/ugv_repo/OperationTouchdown/ugv_ws/install/my_ugv_bringup/bin'
[4.315s] Level 1:colcon.colcon_core.environment:checking '/home/ground/ugv_repo/OperationTouchdown/ugv_ws/install/my_ugv_bringup/lib/pkgconfig/my_ugv_bringup.pc'
[4.315s] Level 1:colcon.colcon_core.environment:checking '/home/ground/ugv_repo/OperationTouchdown/ugv_ws/install/my_ugv_bringup/lib/python3.12/site-packages'
[4.316s] Level 1:colcon.colcon_core.environment:checking '/home/ground/ugv_repo/OperationTouchdown/ugv_ws/install/my_ugv_bringup/bin'
[4.316s] INFO:colcon.colcon_core.shell:Creating package script '/home/ground/ugv_repo/OperationTouchdown/ugv_ws/install/my_ugv_bringup/share/my_ugv_bringup/package.ps1'
[4.317s] INFO:colcon.colcon_core.shell:Creating package descriptor '/home/ground/ugv_repo/OperationTouchdown/ugv_ws/install/my_ugv_bringup/share/my_ugv_bringup/package.dsv'
[4.318s] INFO:colcon.colcon_core.shell:Creating package script '/home/ground/ugv_repo/OperationTouchdown/ugv_ws/install/my_ugv_bringup/share/my_ugv_bringup/package.sh'
[4.318s] INFO:colcon.colcon_core.shell:Creating package script '/home/ground/ugv_repo/OperationTouchdown/ugv_ws/install/my_ugv_bringup/share/my_ugv_bringup/package.bash'
[4.319s] INFO:colcon.colcon_core.shell:Creating package script '/home/ground/ugv_repo/OperationTouchdown/ugv_ws/install/my_ugv_bringup/share/my_ugv_bringup/package.zsh'
[4.320s] Level 1:colcon.colcon_core.environment:create_file_with_runtime_dependencies(/home/ground/ugv_repo/OperationTouchdown/ugv_ws/install/my_ugv_bringup/share/colcon-core/packages/my_ugv_bringup)
[4.321s] Level 1:colcon.colcon_core.environment:create_environment_scripts_only(depthai_ros_driver)
[4.322s] Level 1:colcon.colcon_core.environment:checking '/home/ground/ugv_repo/OperationTouchdown/ugv_ws/install/depthai_ros_driver' for CMake module files
[4.323s] DEBUG:colcon.colcon_core.event_handler.log_command:Invoked command in '/home/ground/ugv_repo/OperationTouchdown/ugv_ws/build/depthai_ros_driver' returned '0': CMAKE_PREFIX_PATH=/home/ground/ugv_repo/OperationTouchdown/ugv_ws/install/depthai_examples:/home/ground/ugv_repo/OperationTouchdown/ugv_ws/install/depthai_bridge:/home/ground/ugv_repo/OperationTouchdown/ugv_ws/install/depthai_ros_msgs:/home/ground/ugv_repo/OperationTouchdown/ugv_ws/install/depthai_descriptions:/home/ground/ugv_repo/OperationTouchdown/ugv_ws/install/dual_laser_merger:/home/ground/ugv_repo/OperationTouchdown/ugv_ws/install/rplidar_ros:/home/ground/ugv_repo/OperationTouchdown/ugv_ws/install/roboteq_ros2_driver:/home/ground/ugv_repo/OperationTouchdown/ugv_ws/install/my_ugv_bringup:/home/ground/ugv_repo/OperationTouchdown/ugv_ws/install/my_ugv_description:/home/ground/ugv_repo/OperationTouchdown/ugv_ws/install/depthai-ros:/home/ground/ugv_repo/OperationTouchdown/ugv_ws/install/depthai_ros_driver:/home/ground/ugv_repo/OperationTouchdown/ugv_ws/install/depthai_filters:/opt/ros/jazzy/opt/gz_sim_vendor:/opt/ros/jazzy/opt/gz_sensors_vendor:/opt/ros/jazzy/opt/gz_physics_vendor:/opt/ros/jazzy/opt/sdformat_vendor:/opt/ros/jazzy/opt/gz_gui_vendor:/opt/ros/jazzy/opt/gz_transport_vendor:/opt/ros/jazzy/opt/gz_rendering_vendor:/opt/ros/jazzy/opt/gz_plugin_vendor:/opt/ros/jazzy/opt/gz_fuel_tools_vendor:/opt/ros/jazzy/opt/gz_msgs_vendor:/opt/ros/jazzy/opt/gz_common_vendor:/opt/ros/jazzy/opt/gz_math_vendor:/opt/ros/jazzy/opt/gz_utils_vendor:/opt/ros/jazzy/opt/gz_tools_vendor:/opt/ros/jazzy/opt/gz_ogre_next_vendor:/opt/ros/jazzy/opt/gz_dartsim_vendor:/opt/ros/jazzy/opt/gz_cmake_vendor:/home/ground/ugv_repo/OperationTouchdown/ugv_ws/install/my_ugv_vision:/home/ground/ugv_repo/OperationTouchdown/ugv_ws/install/my_ugv_hardware:/opt/ros/jazzy DEBUGINFOD_URLS=https://debuginfod.ubuntu.com GAZEBO_MODEL_PATH=/home/ground/ugv_repo/OperationTouchdown/ugv_ws/install/depthai_descriptions:${GAZEBO_MODEL_PATH} GAZEBO_RESOURCE_PATH=/home/ground/ugv_repo/OperationTouchdown/ugv_ws/install/depthai_descriptions:${GAZEBO_RESOURCE_PATH} IGN_GAZEBO_MODEL_PATH=/home/ground/ugv_repo/OperationTouchdown/ugv_ws/install/depthai_descriptions:${IGN_GAZEBO_MODEL_PATH} IGN_GAZEBO_RESOURCE_PATH=/home/ground/ugv_repo/OperationTouchdown/ugv_ws/install/depthai_descriptions:${IGN_GAZEBO_RESOURCE_PATH} LD_LIBRARY_PATH=/home/ground/ugv_repo/OperationTouchdown/ugv_ws/install/depthai_bridge/lib:/home/ground/ugv_repo/OperationTouchdown/ugv_ws/install/depthai_ros_msgs/lib:/home/ground/ugv_repo/OperationTouchdown/ugv_ws/install/dual_laser_merger/lib:/home/ground/ugv_repo/OperationTouchdown/ugv_ws/install/depthai_ros_driver/lib:/home/ground/ugv_repo/OperationTouchdown/ugv_ws/install/depthai_filters/lib:/opt/ros/jazzy/opt/gz_sim_vendor/lib:/opt/ros/jazzy/opt/gz_sensors_vendor/lib:/opt/ros/jazzy/opt/gz_physics_vendor/lib:/opt/ros/jazzy/opt/sdformat_vendor/lib:/opt/ros/jazzy/opt/rviz_ogre_vendor/lib:/opt/ros/jazzy/lib/aarch64-linux-gnu:/opt/ros/jazzy/opt/gz_gui_vendor/lib:/opt/ros/jazzy/opt/gz_transport_vendor/lib:/opt/ros/jazzy/opt/gz_rendering_vendor/lib:/opt/ros/jazzy/opt/gz_plugin_vendor/lib:/opt/ros/jazzy/opt/gz_fuel_tools_vendor/lib:/opt/ros/jazzy/opt/gz_msgs_vendor/lib:/opt/ros/jazzy/opt/gz_common_vendor/lib:/opt/ros/jazzy/opt/gz_math_vendor/lib:/opt/ros/jazzy/opt/gz_utils_vendor/lib:/opt/ros/jazzy/opt/gz_tools_vendor/lib:/opt/ros/jazzy/opt/gz_ogre_next_vendor/lib:/opt/ros/jazzy/opt/gz_dartsim_vendor/lib:/opt/ros/jazzy/opt/gz_cmake_vendor/lib:/opt/ros/jazzy/lib PYTHONPATH=/home/ground/ugv_repo/OperationTouchdown/ugv_ws/install/depthai_ros_msgs/lib/python3.12/site-packages:/home/ground/ugv_repo/OperationTouchdown/ugv_ws/build/my_ugv_vision:/home/ground/ugv_repo/OperationTouchdown/ugv_ws/install/my_ugv_vision/lib/python3.12/site-packages:/home/ground/ugv_repo/OperationTouchdown/ugv_ws/build/my_ugv_hardware:/home/ground/ugv_repo/OperationTouchdown/ugv_ws/install/my_ugv_hardware/lib/python3.12/site-packages:/home/ground/ugv_repo/OperationTouchdown/ugv_ws/install/depthai_ros_driver/lib/python3.12/site-packages:/opt/ros/jazzy/lib/python3.12/site-packages /usr/bin/cmake --install /home/ground/ugv_repo/OperationTouchdown/ugv_ws/build/depthai_ros_driver
[4.324s] Level 1:colcon.colcon_core.environment:checking '/home/ground/ugv_repo/OperationTouchdown/ugv_ws/install/depthai_ros_driver' for CMake config files
[4.324s] Level 1:colcon.colcon_core.shell:create_environment_hook('depthai_ros_driver', 'cmake_prefix_path')
[4.325s] INFO:colcon.colcon_core.shell:Creating environment hook '/home/ground/ugv_repo/OperationTouchdown/ugv_ws/install/depthai_ros_driver/share/depthai_ros_driver/hook/cmake_prefix_path.ps1'
[4.325s] INFO:colcon.colcon_core.shell:Creating environment descriptor '/home/ground/ugv_repo/OperationTouchdown/ugv_ws/install/depthai_ros_driver/share/depthai_ros_driver/hook/cmake_prefix_path.dsv'
[4.326s] INFO:colcon.colcon_core.shell:Creating environment hook '/home/ground/ugv_repo/OperationTouchdown/ugv_ws/install/depthai_ros_driver/share/depthai_ros_driver/hook/cmake_prefix_path.sh'
[4.327s] Level 1:colcon.colcon_core.environment:checking '/home/ground/ugv_repo/OperationTouchdown/ugv_ws/install/depthai_ros_driver/lib'
[4.327s] Level 1:colcon.colcon_core.shell:create_environment_hook('depthai_ros_driver', 'ld_library_path_lib')
[4.327s] INFO:colcon.colcon_core.shell:Creating environment hook '/home/ground/ugv_repo/OperationTouchdown/ugv_ws/install/depthai_ros_driver/share/depthai_ros_driver/hook/ld_library_path_lib.ps1'
[4.328s] INFO:colcon.colcon_core.shell:Creating environment descriptor '/home/ground/ugv_repo/OperationTouchdown/ugv_ws/install/depthai_ros_driver/share/depthai_ros_driver/hook/ld_library_path_lib.dsv'
[4.328s] INFO:colcon.colcon_core.shell:Creating environment hook '/home/ground/ugv_repo/OperationTouchdown/ugv_ws/install/depthai_ros_driver/share/depthai_ros_driver/hook/ld_library_path_lib.sh'
[4.329s] Level 1:colcon.colcon_core.environment:checking '/home/ground/ugv_repo/OperationTouchdown/ugv_ws/install/depthai_ros_driver/bin'
[4.329s] Level 1:colcon.colcon_core.environment:checking '/home/ground/ugv_repo/OperationTouchdown/ugv_ws/install/depthai_ros_driver/lib/pkgconfig/depthai_ros_driver.pc'
[4.329s] Level 1:colcon.colcon_core.environment:checking '/home/ground/ugv_repo/OperationTouchdown/ugv_ws/install/depthai_ros_driver/lib/python3.12/site-packages'
[4.330s] Level 1:colcon.colcon_core.shell:create_environment_hook('depthai_ros_driver', 'pythonpath')
[4.330s] INFO:colcon.colcon_core.shell:Creating environment hook '/home/ground/ugv_repo/OperationTouchdown/ugv_ws/install/depthai_ros_driver/share/depthai_ros_driver/hook/pythonpath.ps1'
[4.330s] INFO:colcon.colcon_core.shell:Creating environment descriptor '/home/ground/ugv_repo/OperationTouchdown/ugv_ws/install/depthai_ros_driver/share/depthai_ros_driver/hook/pythonpath.dsv'
[4.331s] INFO:colcon.colcon_core.shell:Creating environment hook '/home/ground/ugv_repo/OperationTouchdown/ugv_ws/install/depthai_ros_driver/share/depthai_ros_driver/hook/pythonpath.sh'
[4.338s] Level 1:colcon.colcon_core.environment:checking '/home/ground/ugv_repo/OperationTouchdown/ugv_ws/install/depthai_ros_driver/bin'
[4.338s] INFO:colcon.colcon_core.shell:Creating package script '/home/ground/ugv_repo/OperationTouchdown/ugv_ws/install/depthai_ros_driver/share/depthai_ros_driver/package.ps1'
[4.339s] INFO:colcon.colcon_core.shell:Creating package descriptor '/home/ground/ugv_repo/OperationTouchdown/ugv_ws/install/depthai_ros_driver/share/depthai_ros_driver/package.dsv'
[4.340s] INFO:colcon.colcon_core.shell:Creating package script '/home/ground/ugv_repo/OperationTouchdown/ugv_ws/install/depthai_ros_driver/share/depthai_ros_driver/package.sh'
[4.340s] INFO:colcon.colcon_core.shell:Creating package script '/home/ground/ugv_repo/OperationTouchdown/ugv_ws/install/depthai_ros_driver/share/depthai_ros_driver/package.bash'
[4.341s] INFO:colcon.colcon_core.shell:Creating package script '/home/ground/ugv_repo/OperationTouchdown/ugv_ws/install/depthai_ros_driver/share/depthai_ros_driver/package.zsh'
[4.342s] Level 1:colcon.colcon_core.environment:create_file_with_runtime_dependencies(/home/ground/ugv_repo/OperationTouchdown/ugv_ws/install/depthai_ros_driver/share/colcon-core/packages/depthai_ros_driver)
[4.343s] Level 1:colcon.colcon_core.environment:create_environment_scripts_only(depthai_ros_driver)
[4.343s] Level 1:colcon.colcon_core.environment:checking '/home/ground/ugv_repo/OperationTouchdown/ugv_ws/install/depthai_ros_driver' for CMake module files
[4.344s] Level 1:colcon.colcon_core.environment:checking '/home/ground/ugv_repo/OperationTouchdown/ugv_ws/install/depthai_ros_driver' for CMake config files
[4.345s] Level 1:colcon.colcon_core.shell:create_environment_hook('depthai_ros_driver', 'cmake_prefix_path')
[4.345s] INFO:colcon.colcon_core.shell:Creating environment hook '/home/ground/ugv_repo/OperationTouchdown/ugv_ws/install/depthai_ros_driver/share/depthai_ros_driver/hook/cmake_prefix_path.ps1'
[4.346s] INFO:colcon.colcon_core.shell:Creating environment descriptor '/home/ground/ugv_repo/OperationTouchdown/ugv_ws/install/depthai_ros_driver/share/depthai_ros_driver/hook/cmake_prefix_path.dsv'
[4.346s] INFO:colcon.colcon_core.shell:Creating environment hook '/home/ground/ugv_repo/OperationTouchdown/ugv_ws/install/depthai_ros_driver/share/depthai_ros_driver/hook/cmake_prefix_path.sh'
[4.347s] Level 1:colcon.colcon_core.environment:checking '/home/ground/ugv_repo/OperationTouchdown/ugv_ws/install/depthai_ros_driver/lib'
[4.347s] Level 1:colcon.colcon_core.shell:create_environment_hook('depthai_ros_driver', 'ld_library_path_lib')
[4.348s] INFO:colcon.colcon_core.shell:Creating environment hook '/home/ground/ugv_repo/OperationTouchdown/ugv_ws/install/depthai_ros_driver/share/depthai_ros_driver/hook/ld_library_path_lib.ps1'
[4.348s] INFO:colcon.colcon_core.shell:Creating environment descriptor '/home/ground/ugv_repo/OperationTouchdown/ugv_ws/install/depthai_ros_driver/share/depthai_ros_driver/hook/ld_library_path_lib.dsv'
[4.349s] INFO:colcon.colcon_core.shell:Creating environment hook '/home/ground/ugv_repo/OperationTouchdown/ugv_ws/install/depthai_ros_driver/share/depthai_ros_driver/hook/ld_library_path_lib.sh'
[4.350s] Level 1:colcon.colcon_core.environment:checking '/home/ground/ugv_repo/OperationTouchdown/ugv_ws/install/depthai_ros_driver/bin'
[4.350s] Level 1:colcon.colcon_core.environment:checking '/home/ground/ugv_repo/OperationTouchdown/ugv_ws/install/depthai_ros_driver/lib/pkgconfig/depthai_ros_driver.pc'
[4.350s] Level 1:colcon.colcon_core.environment:checking '/home/ground/ugv_repo/OperationTouchdown/ugv_ws/install/depthai_ros_driver/lib/python3.12/site-packages'
[4.350s] Level 1:colcon.colcon_core.shell:create_environment_hook('depthai_ros_driver', 'pythonpath')
[4.350s] INFO:colcon.colcon_core.shell:Creating environment hook '/home/ground/ugv_repo/OperationTouchdown/ugv_ws/install/depthai_ros_driver/share/depthai_ros_driver/hook/pythonpath.ps1'
[4.351s] INFO:colcon.colcon_core.shell:Creating environment descriptor '/home/ground/ugv_repo/OperationTouchdown/ugv_ws/install/depthai_ros_driver/share/depthai_ros_driver/hook/pythonpath.dsv'
[4.352s] INFO:colcon.colcon_core.shell:Creating environment hook '/home/ground/ugv_repo/OperationTouchdown/ugv_ws/install/depthai_ros_driver/share/depthai_ros_driver/hook/pythonpath.sh'
[4.353s] Level 1:colcon.colcon_core.environment:checking '/home/ground/ugv_repo/OperationTouchdown/ugv_ws/install/depthai_ros_driver/bin'
[4.353s] INFO:colcon.colcon_core.shell:Creating package script '/home/ground/ugv_repo/OperationTouchdown/ugv_ws/install/depthai_ros_driver/share/depthai_ros_driver/package.ps1'
[4.354s] INFO:colcon.colcon_core.shell:Creating package descriptor '/home/ground/ugv_repo/OperationTouchdown/ugv_ws/install/depthai_ros_driver/share/depthai_ros_driver/package.dsv'
[4.355s] INFO:colcon.colcon_core.shell:Creating package script '/home/ground/ugv_repo/OperationTouchdown/ugv_ws/install/depthai_ros_driver/share/depthai_ros_driver/package.sh'
[4.356s] INFO:colcon.colcon_core.shell:Creating package script '/home/ground/ugv_repo/OperationTouchdown/ugv_ws/install/depthai_ros_driver/share/depthai_ros_driver/package.bash'
[4.356s] INFO:colcon.colcon_core.shell:Creating package script '/home/ground/ugv_repo/OperationTouchdown/ugv_ws/install/depthai_ros_driver/share/depthai_ros_driver/package.zsh'
[4.357s] Level 1:colcon.colcon_core.environment:create_file_with_runtime_dependencies(/home/ground/ugv_repo/OperationTouchdown/ugv_ws/install/depthai_ros_driver/share/colcon-core/packages/depthai_ros_driver)
[4.358s] INFO:colcon.colcon_ros.task.ament_cmake.build:Building ROS package in '/home/ground/ugv_repo/OperationTouchdown/ugv_ws/src/depthai-ros/depthai-ros' with build type 'ament_cmake'
[4.358s] INFO:colcon.colcon_cmake.task.cmake.build:Building CMake package in '/home/ground/ugv_repo/OperationTouchdown/ugv_ws/src/depthai-ros/depthai-ros'
[4.358s] INFO:colcon.colcon_core.shell:Skip shell extension 'powershell' for command environment: Not usable outside of PowerShell
[4.359s] DEBUG:colcon.colcon_core.shell:Skip shell extension 'dsv' for command environment
[4.388s] DEBUG:colcon.colcon_core.event_handler.log_command:Invoking command in '/home/ground/ugv_repo/OperationTouchdown/ugv_ws/build/depthai-ros': CMAKE_PREFIX_PATH=/home/ground/ugv_repo/OperationTouchdown/ugv_ws/install/depthai_ros_driver:/home/ground/ugv_repo/OperationTouchdown/ugv_ws/install/depthai_examples:/home/ground/ugv_repo/OperationTouchdown/ugv_ws/install/depthai_filters:/home/ground/ugv_repo/OperationTouchdown/ugv_ws/install/depthai_bridge:/home/ground/ugv_repo/OperationTouchdown/ugv_ws/install/depthai_ros_msgs:/home/ground/ugv_repo/OperationTouchdown/ugv_ws/install/depthai_descriptions:/home/ground/ugv_repo/OperationTouchdown/ugv_ws/install/dual_laser_merger:/home/ground/ugv_repo/OperationTouchdown/ugv_ws/install/rplidar_ros:/home/ground/ugv_repo/OperationTouchdown/ugv_ws/install/roboteq_ros2_driver:/home/ground/ugv_repo/OperationTouchdown/ugv_ws/install/my_ugv_bringup:/home/ground/ugv_repo/OperationTouchdown/ugv_ws/install/my_ugv_description:/home/ground/ugv_repo/OperationTouchdown/ugv_ws/install/depthai-ros:/opt/ros/jazzy/opt/gz_sim_vendor:/opt/ros/jazzy/opt/gz_sensors_vendor:/opt/ros/jazzy/opt/gz_physics_vendor:/opt/ros/jazzy/opt/sdformat_vendor:/opt/ros/jazzy/opt/gz_gui_vendor:/opt/ros/jazzy/opt/gz_transport_vendor:/opt/ros/jazzy/opt/gz_rendering_vendor:/opt/ros/jazzy/opt/gz_plugin_vendor:/opt/ros/jazzy/opt/gz_fuel_tools_vendor:/opt/ros/jazzy/opt/gz_msgs_vendor:/opt/ros/jazzy/opt/gz_common_vendor:/opt/ros/jazzy/opt/gz_math_vendor:/opt/ros/jazzy/opt/gz_utils_vendor:/opt/ros/jazzy/opt/gz_tools_vendor:/opt/ros/jazzy/opt/gz_ogre_next_vendor:/opt/ros/jazzy/opt/gz_dartsim_vendor:/opt/ros/jazzy/opt/gz_cmake_vendor:/home/ground/ugv_repo/OperationTouchdown/ugv_ws/install/my_ugv_vision:/home/ground/ugv_repo/OperationTouchdown/ugv_ws/install/my_ugv_hardware:/opt/ros/jazzy DEBUGINFOD_URLS=https://debuginfod.ubuntu.com GAZEBO_MODEL_PATH=/home/ground/ugv_repo/OperationTouchdown/ugv_ws/install/depthai_descriptions:${GAZEBO_MODEL_PATH} GAZEBO_RESOURCE_PATH=/home/ground/ugv_repo/OperationTouchdown/ugv_ws/install/depthai_descriptions:${GAZEBO_RESOURCE_PATH} IGN_GAZEBO_MODEL_PATH=/home/ground/ugv_repo/OperationTouchdown/ugv_ws/install/depthai_descriptions:${IGN_GAZEBO_MODEL_PATH} IGN_GAZEBO_RESOURCE_PATH=/home/ground/ugv_repo/OperationTouchdown/ugv_ws/install/depthai_descriptions:${IGN_GAZEBO_RESOURCE_PATH} LD_LIBRARY_PATH=/home/ground/ugv_repo/OperationTouchdown/ugv_ws/install/depthai_ros_driver/lib:/home/ground/ugv_repo/OperationTouchdown/ugv_ws/install/depthai_filters/lib:/home/ground/ugv_repo/OperationTouchdown/ugv_ws/install/depthai_bridge/lib:/home/ground/ugv_repo/OperationTouchdown/ugv_ws/install/depthai_ros_msgs/lib:/home/ground/ugv_repo/OperationTouchdown/ugv_ws/install/dual_laser_merger/lib:/opt/ros/jazzy/opt/gz_sim_vendor/lib:/opt/ros/jazzy/opt/gz_sensors_vendor/lib:/opt/ros/jazzy/opt/gz_physics_vendor/lib:/opt/ros/jazzy/opt/sdformat_vendor/lib:/opt/ros/jazzy/opt/rviz_ogre_vendor/lib:/opt/ros/jazzy/lib/aarch64-linux-gnu:/opt/ros/jazzy/opt/gz_gui_vendor/lib:/opt/ros/jazzy/opt/gz_transport_vendor/lib:/opt/ros/jazzy/opt/gz_rendering_vendor/lib:/opt/ros/jazzy/opt/gz_plugin_vendor/lib:/opt/ros/jazzy/opt/gz_fuel_tools_vendor/lib:/opt/ros/jazzy/opt/gz_msgs_vendor/lib:/opt/ros/jazzy/opt/gz_common_vendor/lib:/opt/ros/jazzy/opt/gz_math_vendor/lib:/opt/ros/jazzy/opt/gz_utils_vendor/lib:/opt/ros/jazzy/opt/gz_tools_vendor/lib:/opt/ros/jazzy/opt/gz_ogre_next_vendor/lib:/opt/ros/jazzy/opt/gz_dartsim_vendor/lib:/opt/ros/jazzy/opt/gz_cmake_vendor/lib:/opt/ros/jazzy/lib PYTHONPATH=/home/ground/ugv_repo/OperationTouchdown/ugv_ws/install/depthai_ros_driver/lib/python3.12/site-packages:/home/ground/ugv_repo/OperationTouchdown/ugv_ws/install/depthai_ros_msgs/lib/python3.12/site-packages:/home/ground/ugv_repo/OperationTouchdown/ugv_ws/build/my_ugv_vision:/home/ground/ugv_repo/OperationTouchdown/ugv_ws/install/my_ugv_vision/lib/python3.12/site-packages:/home/ground/ugv_repo/OperationTouchdown/ugv_ws/build/my_ugv_hardware:/home/ground/ugv_repo/OperationTouchdown/ugv_ws/install/my_ugv_hardware/lib/python3.12/site-packages:/opt/ros/jazzy/lib/python3.12/site-packages /usr/bin/cmake --build /home/ground/ugv_repo/OperationTouchdown/ugv_ws/build/depthai-ros -- -j4 -l4
[4.467s] DEBUG:colcon.colcon_core.event_handler.log_command:Invoked command in '/home/ground/ugv_repo/OperationTouchdown/ugv_ws/build/depthai-ros' returned '0': CMAKE_PREFIX_PATH=/home/ground/ugv_repo/OperationTouchdown/ugv_ws/install/depthai_ros_driver:/home/ground/ugv_repo/OperationTouchdown/ugv_ws/install/depthai_examples:/home/ground/ugv_repo/OperationTouchdown/ugv_ws/install/depthai_filters:/home/ground/ugv_repo/OperationTouchdown/ugv_ws/install/depthai_bridge:/home/ground/ugv_repo/OperationTouchdown/ugv_ws/install/depthai_ros_msgs:/home/ground/ugv_repo/OperationTouchdown/ugv_ws/install/depthai_descriptions:/home/ground/ugv_repo/OperationTouchdown/ugv_ws/install/dual_laser_merger:/home/ground/ugv_repo/OperationTouchdown/ugv_ws/install/rplidar_ros:/home/ground/ugv_repo/OperationTouchdown/ugv_ws/install/roboteq_ros2_driver:/home/ground/ugv_repo/OperationTouchdown/ugv_ws/install/my_ugv_bringup:/home/ground/ugv_repo/OperationTouchdown/ugv_ws/install/my_ugv_description:/home/ground/ugv_repo/OperationTouchdown/ugv_ws/install/depthai-ros:/opt/ros/jazzy/opt/gz_sim_vendor:/opt/ros/jazzy/opt/gz_sensors_vendor:/opt/ros/jazzy/opt/gz_physics_vendor:/opt/ros/jazzy/opt/sdformat_vendor:/opt/ros/jazzy/opt/gz_gui_vendor:/opt/ros/jazzy/opt/gz_transport_vendor:/opt/ros/jazzy/opt/gz_rendering_vendor:/opt/ros/jazzy/opt/gz_plugin_vendor:/opt/ros/jazzy/opt/gz_fuel_tools_vendor:/opt/ros/jazzy/opt/gz_msgs_vendor:/opt/ros/jazzy/opt/gz_common_vendor:/opt/ros/jazzy/opt/gz_math_vendor:/opt/ros/jazzy/opt/gz_utils_vendor:/opt/ros/jazzy/opt/gz_tools_vendor:/opt/ros/jazzy/opt/gz_ogre_next_vendor:/opt/ros/jazzy/opt/gz_dartsim_vendor:/opt/ros/jazzy/opt/gz_cmake_vendor:/home/ground/ugv_repo/OperationTouchdown/ugv_ws/install/my_ugv_vision:/home/ground/ugv_repo/OperationTouchdown/ugv_ws/install/my_ugv_hardware:/opt/ros/jazzy DEBUGINFOD_URLS=https://debuginfod.ubuntu.com GAZEBO_MODEL_PATH=/home/ground/ugv_repo/OperationTouchdown/ugv_ws/install/depthai_descriptions:${GAZEBO_MODEL_PATH} GAZEBO_RESOURCE_PATH=/home/ground/ugv_repo/OperationTouchdown/ugv_ws/install/depthai_descriptions:${GAZEBO_RESOURCE_PATH} IGN_GAZEBO_MODEL_PATH=/home/ground/ugv_repo/OperationTouchdown/ugv_ws/install/depthai_descriptions:${IGN_GAZEBO_MODEL_PATH} IGN_GAZEBO_RESOURCE_PATH=/home/ground/ugv_repo/OperationTouchdown/ugv_ws/install/depthai_descriptions:${IGN_GAZEBO_RESOURCE_PATH} LD_LIBRARY_PATH=/home/ground/ugv_repo/OperationTouchdown/ugv_ws/install/depthai_ros_driver/lib:/home/ground/ugv_repo/OperationTouchdown/ugv_ws/install/depthai_filters/lib:/home/ground/ugv_repo/OperationTouchdown/ugv_ws/install/depthai_bridge/lib:/home/ground/ugv_repo/OperationTouchdown/ugv_ws/install/depthai_ros_msgs/lib:/home/ground/ugv_repo/OperationTouchdown/ugv_ws/install/dual_laser_merger/lib:/opt/ros/jazzy/opt/gz_sim_vendor/lib:/opt/ros/jazzy/opt/gz_sensors_vendor/lib:/opt/ros/jazzy/opt/gz_physics_vendor/lib:/opt/ros/jazzy/opt/sdformat_vendor/lib:/opt/ros/jazzy/opt/rviz_ogre_vendor/lib:/opt/ros/jazzy/lib/aarch64-linux-gnu:/opt/ros/jazzy/opt/gz_gui_vendor/lib:/opt/ros/jazzy/opt/gz_transport_vendor/lib:/opt/ros/jazzy/opt/gz_rendering_vendor/lib:/opt/ros/jazzy/opt/gz_plugin_vendor/lib:/opt/ros/jazzy/opt/gz_fuel_tools_vendor/lib:/opt/ros/jazzy/opt/gz_msgs_vendor/lib:/opt/ros/jazzy/opt/gz_common_vendor/lib:/opt/ros/jazzy/opt/gz_math_vendor/lib:/opt/ros/jazzy/opt/gz_utils_vendor/lib:/opt/ros/jazzy/opt/gz_tools_vendor/lib:/opt/ros/jazzy/opt/gz_ogre_next_vendor/lib:/opt/ros/jazzy/opt/gz_dartsim_vendor/lib:/opt/ros/jazzy/opt/gz_cmake_vendor/lib:/opt/ros/jazzy/lib PYTHONPATH=/home/ground/ugv_repo/OperationTouchdown/ugv_ws/install/depthai_ros_driver/lib/python3.12/site-packages:/home/ground/ugv_repo/OperationTouchdown/ugv_ws/install/depthai_ros_msgs/lib/python3.12/site-packages:/home/ground/ugv_repo/OperationTouchdown/ugv_ws/build/my_ugv_vision:/home/ground/ugv_repo/OperationTouchdown/ugv_ws/install/my_ugv_vision/lib/python3.12/site-packages:/home/ground/ugv_repo/OperationTouchdown/ugv_ws/build/my_ugv_hardware:/home/ground/ugv_repo/OperationTouchdown/ugv_ws/install/my_ugv_hardware/lib/python3.12/site-packages:/opt/ros/jazzy/lib/python3.12/site-packages /usr/bin/cmake --build /home/ground/ugv_repo/OperationTouchdown/ugv_ws/build/depthai-ros -- -j4 -l4
[4.469s] DEBUG:colcon.colcon_core.event_handler.log_command:Invoking command in '/home/ground/ugv_repo/OperationTouchdown/ugv_ws/build/depthai-ros': CMAKE_PREFIX_PATH=/home/ground/ugv_repo/OperationTouchdown/ugv_ws/install/depthai_ros_driver:/home/ground/ugv_repo/OperationTouchdown/ugv_ws/install/depthai_examples:/home/ground/ugv_repo/OperationTouchdown/ugv_ws/install/depthai_filters:/home/ground/ugv_repo/OperationTouchdown/ugv_ws/install/depthai_bridge:/home/ground/ugv_repo/OperationTouchdown/ugv_ws/install/depthai_ros_msgs:/home/ground/ugv_repo/OperationTouchdown/ugv_ws/install/depthai_descriptions:/home/ground/ugv_repo/OperationTouchdown/ugv_ws/install/dual_laser_merger:/home/ground/ugv_repo/OperationTouchdown/ugv_ws/install/rplidar_ros:/home/ground/ugv_repo/OperationTouchdown/ugv_ws/install/roboteq_ros2_driver:/home/ground/ugv_repo/OperationTouchdown/ugv_ws/install/my_ugv_bringup:/home/ground/ugv_repo/OperationTouchdown/ugv_ws/install/my_ugv_description:/home/ground/ugv_repo/OperationTouchdown/ugv_ws/install/depthai-ros:/opt/ros/jazzy/opt/gz_sim_vendor:/opt/ros/jazzy/opt/gz_sensors_vendor:/opt/ros/jazzy/opt/gz_physics_vendor:/opt/ros/jazzy/opt/sdformat_vendor:/opt/ros/jazzy/opt/gz_gui_vendor:/opt/ros/jazzy/opt/gz_transport_vendor:/opt/ros/jazzy/opt/gz_rendering_vendor:/opt/ros/jazzy/opt/gz_plugin_vendor:/opt/ros/jazzy/opt/gz_fuel_tools_vendor:/opt/ros/jazzy/opt/gz_msgs_vendor:/opt/ros/jazzy/opt/gz_common_vendor:/opt/ros/jazzy/opt/gz_math_vendor:/opt/ros/jazzy/opt/gz_utils_vendor:/opt/ros/jazzy/opt/gz_tools_vendor:/opt/ros/jazzy/opt/gz_ogre_next_vendor:/opt/ros/jazzy/opt/gz_dartsim_vendor:/opt/ros/jazzy/opt/gz_cmake_vendor:/home/ground/ugv_repo/OperationTouchdown/ugv_ws/install/my_ugv_vision:/home/ground/ugv_repo/OperationTouchdown/ugv_ws/install/my_ugv_hardware:/opt/ros/jazzy DEBUGINFOD_URLS=https://debuginfod.ubuntu.com GAZEBO_MODEL_PATH=/home/ground/ugv_repo/OperationTouchdown/ugv_ws/install/depthai_descriptions:${GAZEBO_MODEL_PATH} GAZEBO_RESOURCE_PATH=/home/ground/ugv_repo/OperationTouchdown/ugv_ws/install/depthai_descriptions:${GAZEBO_RESOURCE_PATH} IGN_GAZEBO_MODEL_PATH=/home/ground/ugv_repo/OperationTouchdown/ugv_ws/install/depthai_descriptions:${IGN_GAZEBO_MODEL_PATH} IGN_GAZEBO_RESOURCE_PATH=/home/ground/ugv_repo/OperationTouchdown/ugv_ws/install/depthai_descriptions:${IGN_GAZEBO_RESOURCE_PATH} LD_LIBRARY_PATH=/home/ground/ugv_repo/OperationTouchdown/ugv_ws/install/depthai_ros_driver/lib:/home/ground/ugv_repo/OperationTouchdown/ugv_ws/install/depthai_filters/lib:/home/ground/ugv_repo/OperationTouchdown/ugv_ws/install/depthai_bridge/lib:/home/ground/ugv_repo/OperationTouchdown/ugv_ws/install/depthai_ros_msgs/lib:/home/ground/ugv_repo/OperationTouchdown/ugv_ws/install/dual_laser_merger/lib:/opt/ros/jazzy/opt/gz_sim_vendor/lib:/opt/ros/jazzy/opt/gz_sensors_vendor/lib:/opt/ros/jazzy/opt/gz_physics_vendor/lib:/opt/ros/jazzy/opt/sdformat_vendor/lib:/opt/ros/jazzy/opt/rviz_ogre_vendor/lib:/opt/ros/jazzy/lib/aarch64-linux-gnu:/opt/ros/jazzy/opt/gz_gui_vendor/lib:/opt/ros/jazzy/opt/gz_transport_vendor/lib:/opt/ros/jazzy/opt/gz_rendering_vendor/lib:/opt/ros/jazzy/opt/gz_plugin_vendor/lib:/opt/ros/jazzy/opt/gz_fuel_tools_vendor/lib:/opt/ros/jazzy/opt/gz_msgs_vendor/lib:/opt/ros/jazzy/opt/gz_common_vendor/lib:/opt/ros/jazzy/opt/gz_math_vendor/lib:/opt/ros/jazzy/opt/gz_utils_vendor/lib:/opt/ros/jazzy/opt/gz_tools_vendor/lib:/opt/ros/jazzy/opt/gz_ogre_next_vendor/lib:/opt/ros/jazzy/opt/gz_dartsim_vendor/lib:/opt/ros/jazzy/opt/gz_cmake_vendor/lib:/opt/ros/jazzy/lib PYTHONPATH=/home/ground/ugv_repo/OperationTouchdown/ugv_ws/install/depthai_ros_driver/lib/python3.12/site-packages:/home/ground/ugv_repo/OperationTouchdown/ugv_ws/install/depthai_ros_msgs/lib/python3.12/site-packages:/home/ground/ugv_repo/OperationTouchdown/ugv_ws/build/my_ugv_vision:/home/ground/ugv_repo/OperationTouchdown/ugv_ws/install/my_ugv_vision/lib/python3.12/site-packages:/home/ground/ugv_repo/OperationTouchdown/ugv_ws/build/my_ugv_hardware:/home/ground/ugv_repo/OperationTouchdown/ugv_ws/install/my_ugv_hardware/lib/python3.12/site-packages:/opt/ros/jazzy/lib/python3.12/site-packages /usr/bin/cmake --install /home/ground/ugv_repo/OperationTouchdown/ugv_ws/build/depthai-ros
[4.511s] Level 1:colcon.colcon_core.environment:create_environment_scripts_only(depthai-ros)
[4.511s] Level 1:colcon.colcon_core.environment:checking '/home/ground/ugv_repo/OperationTouchdown/ugv_ws/install/depthai-ros' for CMake module files
[4.512s] DEBUG:colcon.colcon_core.event_handler.log_command:Invoked command in '/home/ground/ugv_repo/OperationTouchdown/ugv_ws/build/depthai-ros' returned '0': CMAKE_PREFIX_PATH=/home/ground/ugv_repo/OperationTouchdown/ugv_ws/install/depthai_ros_driver:/home/ground/ugv_repo/OperationTouchdown/ugv_ws/install/depthai_examples:/home/ground/ugv_repo/OperationTouchdown/ugv_ws/install/depthai_filters:/home/ground/ugv_repo/OperationTouchdown/ugv_ws/install/depthai_bridge:/home/ground/ugv_repo/OperationTouchdown/ugv_ws/install/depthai_ros_msgs:/home/ground/ugv_repo/OperationTouchdown/ugv_ws/install/depthai_descriptions:/home/ground/ugv_repo/OperationTouchdown/ugv_ws/install/dual_laser_merger:/home/ground/ugv_repo/OperationTouchdown/ugv_ws/install/rplidar_ros:/home/ground/ugv_repo/OperationTouchdown/ugv_ws/install/roboteq_ros2_driver:/home/ground/ugv_repo/OperationTouchdown/ugv_ws/install/my_ugv_bringup:/home/ground/ugv_repo/OperationTouchdown/ugv_ws/install/my_ugv_description:/home/ground/ugv_repo/OperationTouchdown/ugv_ws/install/depthai-ros:/opt/ros/jazzy/opt/gz_sim_vendor:/opt/ros/jazzy/opt/gz_sensors_vendor:/opt/ros/jazzy/opt/gz_physics_vendor:/opt/ros/jazzy/opt/sdformat_vendor:/opt/ros/jazzy/opt/gz_gui_vendor:/opt/ros/jazzy/opt/gz_transport_vendor:/opt/ros/jazzy/opt/gz_rendering_vendor:/opt/ros/jazzy/opt/gz_plugin_vendor:/opt/ros/jazzy/opt/gz_fuel_tools_vendor:/opt/ros/jazzy/opt/gz_msgs_vendor:/opt/ros/jazzy/opt/gz_common_vendor:/opt/ros/jazzy/opt/gz_math_vendor:/opt/ros/jazzy/opt/gz_utils_vendor:/opt/ros/jazzy/opt/gz_tools_vendor:/opt/ros/jazzy/opt/gz_ogre_next_vendor:/opt/ros/jazzy/opt/gz_dartsim_vendor:/opt/ros/jazzy/opt/gz_cmake_vendor:/home/ground/ugv_repo/OperationTouchdown/ugv_ws/install/my_ugv_vision:/home/ground/ugv_repo/OperationTouchdown/ugv_ws/install/my_ugv_hardware:/opt/ros/jazzy DEBUGINFOD_URLS=https://debuginfod.ubuntu.com GAZEBO_MODEL_PATH=/home/ground/ugv_repo/OperationTouchdown/ugv_ws/install/depthai_descriptions:${GAZEBO_MODEL_PATH} GAZEBO_RESOURCE_PATH=/home/ground/ugv_repo/OperationTouchdown/ugv_ws/install/depthai_descriptions:${GAZEBO_RESOURCE_PATH} IGN_GAZEBO_MODEL_PATH=/home/ground/ugv_repo/OperationTouchdown/ugv_ws/install/depthai_descriptions:${IGN_GAZEBO_MODEL_PATH} IGN_GAZEBO_RESOURCE_PATH=/home/ground/ugv_repo/OperationTouchdown/ugv_ws/install/depthai_descriptions:${IGN_GAZEBO_RESOURCE_PATH} LD_LIBRARY_PATH=/home/ground/ugv_repo/OperationTouchdown/ugv_ws/install/depthai_ros_driver/lib:/home/ground/ugv_repo/OperationTouchdown/ugv_ws/install/depthai_filters/lib:/home/ground/ugv_repo/OperationTouchdown/ugv_ws/install/depthai_bridge/lib:/home/ground/ugv_repo/OperationTouchdown/ugv_ws/install/depthai_ros_msgs/lib:/home/ground/ugv_repo/OperationTouchdown/ugv_ws/install/dual_laser_merger/lib:/opt/ros/jazzy/opt/gz_sim_vendor/lib:/opt/ros/jazzy/opt/gz_sensors_vendor/lib:/opt/ros/jazzy/opt/gz_physics_vendor/lib:/opt/ros/jazzy/opt/sdformat_vendor/lib:/opt/ros/jazzy/opt/rviz_ogre_vendor/lib:/opt/ros/jazzy/lib/aarch64-linux-gnu:/opt/ros/jazzy/opt/gz_gui_vendor/lib:/opt/ros/jazzy/opt/gz_transport_vendor/lib:/opt/ros/jazzy/opt/gz_rendering_vendor/lib:/opt/ros/jazzy/opt/gz_plugin_vendor/lib:/opt/ros/jazzy/opt/gz_fuel_tools_vendor/lib:/opt/ros/jazzy/opt/gz_msgs_vendor/lib:/opt/ros/jazzy/opt/gz_common_vendor/lib:/opt/ros/jazzy/opt/gz_math_vendor/lib:/opt/ros/jazzy/opt/gz_utils_vendor/lib:/opt/ros/jazzy/opt/gz_tools_vendor/lib:/opt/ros/jazzy/opt/gz_ogre_next_vendor/lib:/opt/ros/jazzy/opt/gz_dartsim_vendor/lib:/opt/ros/jazzy/opt/gz_cmake_vendor/lib:/opt/ros/jazzy/lib PYTHONPATH=/home/ground/ugv_repo/OperationTouchdown/ugv_ws/install/depthai_ros_driver/lib/python3.12/site-packages:/home/ground/ugv_repo/OperationTouchdown/ugv_ws/install/depthai_ros_msgs/lib/python3.12/site-packages:/home/ground/ugv_repo/OperationTouchdown/ugv_ws/build/my_ugv_vision:/home/ground/ugv_repo/OperationTouchdown/ugv_ws/install/my_ugv_vision/lib/python3.12/site-packages:/home/ground/ugv_repo/OperationTouchdown/ugv_ws/build/my_ugv_hardware:/home/ground/ugv_repo/OperationTouchdown/ugv_ws/install/my_ugv_hardware/lib/python3.12/site-packages:/opt/ros/jazzy/lib/python3.12/site-packages /usr/bin/cmake --install /home/ground/ugv_repo/OperationTouchdown/ugv_ws/build/depthai-ros
[4.512s] Level 1:colcon.colcon_core.environment:checking '/home/ground/ugv_repo/OperationTouchdown/ugv_ws/install/depthai-ros' for CMake config files
[4.513s] Level 1:colcon.colcon_core.shell:create_environment_hook('depthai-ros', 'cmake_prefix_path')
[4.513s] INFO:colcon.colcon_core.shell:Creating environment hook '/home/ground/ugv_repo/OperationTouchdown/ugv_ws/install/depthai-ros/share/depthai-ros/hook/cmake_prefix_path.ps1'
[4.514s] INFO:colcon.colcon_core.shell:Creating environment descriptor '/home/ground/ugv_repo/OperationTouchdown/ugv_ws/install/depthai-ros/share/depthai-ros/hook/cmake_prefix_path.dsv'
[4.515s] INFO:colcon.colcon_core.shell:Creating environment hook '/home/ground/ugv_repo/OperationTouchdown/ugv_ws/install/depthai-ros/share/depthai-ros/hook/cmake_prefix_path.sh'
[4.516s] Level 1:colcon.colcon_core.environment:checking '/home/ground/ugv_repo/OperationTouchdown/ugv_ws/install/depthai-ros/bin'
[4.516s] Level 1:colcon.colcon_core.environment:checking '/home/ground/ugv_repo/OperationTouchdown/ugv_ws/install/depthai-ros/lib/pkgconfig/depthai-ros.pc'
[4.517s] Level 1:colcon.colcon_core.environment:checking '/home/ground/ugv_repo/OperationTouchdown/ugv_ws/install/depthai-ros/lib/python3.12/site-packages'
[4.517s] Level 1:colcon.colcon_core.environment:checking '/home/ground/ugv_repo/OperationTouchdown/ugv_ws/install/depthai-ros/bin'
[4.517s] INFO:colcon.colcon_core.shell:Creating package script '/home/ground/ugv_repo/OperationTouchdown/ugv_ws/install/depthai-ros/share/depthai-ros/package.ps1'
[4.518s] INFO:colcon.colcon_core.shell:Creating package descriptor '/home/ground/ugv_repo/OperationTouchdown/ugv_ws/install/depthai-ros/share/depthai-ros/package.dsv'
[4.519s] INFO:colcon.colcon_core.shell:Creating package script '/home/ground/ugv_repo/OperationTouchdown/ugv_ws/install/depthai-ros/share/depthai-ros/package.sh'
[4.519s] INFO:colcon.colcon_core.shell:Creating package script '/home/ground/ugv_repo/OperationTouchdown/ugv_ws/install/depthai-ros/share/depthai-ros/package.bash'
[4.520s] INFO:colcon.colcon_core.shell:Creating package script '/home/ground/ugv_repo/OperationTouchdown/ugv_ws/install/depthai-ros/share/depthai-ros/package.zsh'
[4.520s] Level 1:colcon.colcon_core.environment:create_file_with_runtime_dependencies(/home/ground/ugv_repo/OperationTouchdown/ugv_ws/install/depthai-ros/share/colcon-core/packages/depthai-ros)
[4.521s] Level 1:colcon.colcon_core.environment:create_environment_scripts_only(depthai-ros)
[4.522s] Level 1:colcon.colcon_core.environment:checking '/home/ground/ugv_repo/OperationTouchdown/ugv_ws/install/depthai-ros' for CMake module files
[4.522s] Level 1:colcon.colcon_core.environment:checking '/home/ground/ugv_repo/OperationTouchdown/ugv_ws/install/depthai-ros' for CMake config files
[4.523s] Level 1:colcon.colcon_core.shell:create_environment_hook('depthai-ros', 'cmake_prefix_path')
[4.523s] INFO:colcon.colcon_core.shell:Creating environment hook '/home/ground/ugv_repo/OperationTouchdown/ugv_ws/install/depthai-ros/share/depthai-ros/hook/cmake_prefix_path.ps1'
[4.523s] INFO:colcon.colcon_core.shell:Creating environment descriptor '/home/ground/ugv_repo/OperationTouchdown/ugv_ws/install/depthai-ros/share/depthai-ros/hook/cmake_prefix_path.dsv'
[4.524s] INFO:colcon.colcon_core.shell:Creating environment hook '/home/ground/ugv_repo/OperationTouchdown/ugv_ws/install/depthai-ros/share/depthai-ros/hook/cmake_prefix_path.sh'
[4.525s] Level 1:colcon.colcon_core.environment:checking '/home/ground/ugv_repo/OperationTouchdown/ugv_ws/install/depthai-ros/bin'
[4.525s] Level 1:colcon.colcon_core.environment:checking '/home/ground/ugv_repo/OperationTouchdown/ugv_ws/install/depthai-ros/lib/pkgconfig/depthai-ros.pc'
[4.525s] Level 1:colcon.colcon_core.environment:checking '/home/ground/ugv_repo/OperationTouchdown/ugv_ws/install/depthai-ros/lib/python3.12/site-packages'
[4.526s] Level 1:colcon.colcon_core.environment:checking '/home/ground/ugv_repo/OperationTouchdown/ugv_ws/install/depthai-ros/bin'
[4.526s] INFO:colcon.colcon_core.shell:Creating package script '/home/ground/ugv_repo/OperationTouchdown/ugv_ws/install/depthai-ros/share/depthai-ros/package.ps1'
[4.527s] INFO:colcon.colcon_core.shell:Creating package descriptor '/home/ground/ugv_repo/OperationTouchdown/ugv_ws/install/depthai-ros/share/depthai-ros/package.dsv'
[4.528s] INFO:colcon.colcon_core.shell:Creating package script '/home/ground/ugv_repo/OperationTouchdown/ugv_ws/install/depthai-ros/share/depthai-ros/package.sh'
[4.528s] INFO:colcon.colcon_core.shell:Creating package script '/home/ground/ugv_repo/OperationTouchdown/ugv_ws/install/depthai-ros/share/depthai-ros/package.bash'
[4.529s] INFO:colcon.colcon_core.shell:Creating package script '/home/ground/ugv_repo/OperationTouchdown/ugv_ws/install/depthai-ros/share/depthai-ros/package.zsh'
[4.530s] Level 1:colcon.colcon_core.environment:create_file_with_runtime_dependencies(/home/ground/ugv_repo/OperationTouchdown/ugv_ws/install/depthai-ros/share/colcon-core/packages/depthai-ros)
[4.644s] Level 1:colcon.colcon_core.shell:create_environment_hook('my_ugv_vision', 'pythonpath_develop')
[4.644s] INFO:colcon.colcon_core.shell:Creating environment hook '/home/ground/ugv_repo/OperationTouchdown/ugv_ws/build/my_ugv_vision/share/my_ugv_vision/hook/pythonpath_develop.ps1'
[4.645s] DEBUG:colcon.colcon_core.event_handler.log_command:Invoked command in '/home/ground/ugv_repo/OperationTouchdown/ugv_ws/build/my_ugv_vision' returned '0': DEBUGINFOD_URLS=https://debuginfod.ubuntu.com PYTHONPATH=/home/ground/ugv_repo/OperationTouchdown/ugv_ws/build/my_ugv_vision/prefix_override:/usr/lib/python3/dist-packages/colcon_core/task/python/colcon_distutils_commands:/home/ground/ugv_repo/OperationTouchdown/ugv_ws/install/my_ugv_vision/lib/python3.12/site-packages:${PYTHONPATH} /usr/bin/python3 -W ignore:setup.py install is deprecated -W ignore:easy_install command is deprecated setup.py develop --editable --build-directory /home/ground/ugv_repo/OperationTouchdown/ugv_ws/build/my_ugv_vision/build --no-deps symlink_data
[4.645s] INFO:colcon.colcon_core.shell:Creating environment descriptor '/home/ground/ugv_repo/OperationTouchdown/ugv_ws/build/my_ugv_vision/share/my_ugv_vision/hook/pythonpath_develop.dsv'
[4.646s] INFO:colcon.colcon_core.shell:Creating environment hook '/home/ground/ugv_repo/OperationTouchdown/ugv_ws/build/my_ugv_vision/share/my_ugv_vision/hook/pythonpath_develop.sh'
[4.647s] Level 1:colcon.colcon_core.environment:checking '/home/ground/ugv_repo/OperationTouchdown/ugv_ws/install/my_ugv_vision' for CMake module files
[4.648s] Level 1:colcon.colcon_core.environment:checking '/home/ground/ugv_repo/OperationTouchdown/ugv_ws/install/my_ugv_vision' for CMake config files
[4.648s] Level 1:colcon.colcon_core.environment:checking '/home/ground/ugv_repo/OperationTouchdown/ugv_ws/install/my_ugv_vision/lib'
[4.648s] Level 1:colcon.colcon_core.environment:checking '/home/ground/ugv_repo/OperationTouchdown/ugv_ws/install/my_ugv_vision/bin'
[4.648s] Level 1:colcon.colcon_core.environment:checking '/home/ground/ugv_repo/OperationTouchdown/ugv_ws/install/my_ugv_vision/lib/pkgconfig/my_ugv_vision.pc'
[4.649s] Level 1:colcon.colcon_core.environment:checking '/home/ground/ugv_repo/OperationTouchdown/ugv_ws/install/my_ugv_vision/lib/python3.12/site-packages'
[4.649s] Level 1:colcon.colcon_core.shell:create_environment_hook('my_ugv_vision', 'pythonpath')
[4.649s] INFO:colcon.colcon_core.shell:Creating environment hook '/home/ground/ugv_repo/OperationTouchdown/ugv_ws/install/my_ugv_vision/share/my_ugv_vision/hook/pythonpath.ps1'
[4.650s] INFO:colcon.colcon_core.shell:Creating environment descriptor '/home/ground/ugv_repo/OperationTouchdown/ugv_ws/install/my_ugv_vision/share/my_ugv_vision/hook/pythonpath.dsv'
[4.650s] INFO:colcon.colcon_core.shell:Creating environment hook '/home/ground/ugv_repo/OperationTouchdown/ugv_ws/install/my_ugv_vision/share/my_ugv_vision/hook/pythonpath.sh'
[4.651s] Level 1:colcon.colcon_core.environment:checking '/home/ground/ugv_repo/OperationTouchdown/ugv_ws/install/my_ugv_vision/bin'
[4.652s] Level 1:colcon.colcon_core.environment:create_environment_scripts_only(my_ugv_vision)
[4.652s] INFO:colcon.colcon_core.shell:Creating package script '/home/ground/ugv_repo/OperationTouchdown/ugv_ws/install/my_ugv_vision/share/my_ugv_vision/package.ps1'
[4.653s] INFO:colcon.colcon_core.shell:Creating package descriptor '/home/ground/ugv_repo/OperationTouchdown/ugv_ws/install/my_ugv_vision/share/my_ugv_vision/package.dsv'
[4.654s] INFO:colcon.colcon_core.shell:Creating package script '/home/ground/ugv_repo/OperationTouchdown/ugv_ws/install/my_ugv_vision/share/my_ugv_vision/package.sh'
[4.654s] INFO:colcon.colcon_core.shell:Creating package script '/home/ground/ugv_repo/OperationTouchdown/ugv_ws/install/my_ugv_vision/share/my_ugv_vision/package.bash'
[4.655s] INFO:colcon.colcon_core.shell:Creating package script '/home/ground/ugv_repo/OperationTouchdown/ugv_ws/install/my_ugv_vision/share/my_ugv_vision/package.zsh'
[4.656s] Level 1:colcon.colcon_core.environment:create_file_with_runtime_dependencies(/home/ground/ugv_repo/OperationTouchdown/ugv_ws/install/my_ugv_vision/share/colcon-core/packages/my_ugv_vision)
[4.656s] DEBUG:colcon.colcon_parallel_executor.executor.parallel:closing loop
[4.657s] DEBUG:colcon.colcon_parallel_executor.executor.parallel:loop closed
[4.657s] DEBUG:colcon.colcon_parallel_executor.executor.parallel:run_until_complete finished with '0'
[4.658s] DEBUG:colcon.colcon_core.event_reactor:joining thread
[4.666s] INFO:colcon.colcon_core.plugin_system:Skipping extension 'colcon_notification.desktop_notification.terminal_notifier': Not used on non-Darwin systems
[4.667s] INFO:colcon.colcon_core.plugin_system:Skipping extension 'colcon_notification.desktop_notification.win32': Not used on non-Windows systems
[4.667s] INFO:colcon.colcon_notification.desktop_notification:Sending desktop notification using 'notify2'
[4.668s] DEBUG:colcon.colcon_notification.desktop_notification.notify2:Failed to initialize notify2: org.freedesktop.DBus.Error.ServiceUnknown: The name org.freedesktop.Notifications was not provided by any .service files
[4.668s] DEBUG:colcon.colcon_core.event_reactor:joined thread
[4.669s] INFO:colcon.colcon_core.shell:Creating prefix script '/home/ground/ugv_repo/OperationTouchdown/ugv_ws/install/local_setup.ps1'
[4.670s] INFO:colcon.colcon_core.shell:Creating prefix util module '/home/ground/ugv_repo/OperationTouchdown/ugv_ws/install/_local_setup_util_ps1.py'
[4.671s] INFO:colcon.colcon_core.shell:Creating prefix chain script '/home/ground/ugv_repo/OperationTouchdown/ugv_ws/install/setup.ps1'
[4.673s] INFO:colcon.colcon_core.shell:Creating prefix script '/home/ground/ugv_repo/OperationTouchdown/ugv_ws/install/local_setup.sh'
[4.674s] INFO:colcon.colcon_core.shell:Creating prefix util module '/home/ground/ugv_repo/OperationTouchdown/ugv_ws/install/_local_setup_util_sh.py'
[4.676s] INFO:colcon.colcon_core.shell:Creating prefix chain script '/home/ground/ugv_repo/OperationTouchdown/ugv_ws/install/setup.sh'
[4.678s] INFO:colcon.colcon_core.shell:Creating prefix script '/home/ground/ugv_repo/OperationTouchdown/ugv_ws/install/local_setup.bash'
[4.678s] INFO:colcon.colcon_core.shell:Creating prefix chain script '/home/ground/ugv_repo/OperationTouchdown/ugv_ws/install/setup.bash'
[4.680s] INFO:colcon.colcon_core.shell:Creating prefix script '/home/ground/ugv_repo/OperationTouchdown/ugv_ws/install/local_setup.zsh'
[4.681s] INFO:colcon.colcon_core.shell:Creating prefix chain script '/home/ground/ugv_repo/OperationTouchdown/ugv_ws/install/setup.zsh'
