[0.153s] DEBUG:colcon:Command line arguments: ['/usr/bin/colcon', 'build', '--symlink-install']
[0.153s] DEBUG:colcon:Parsed command line arguments: Namespace(log_base=None, log_level=None, verb_name='build', build_base='build', install_base='install', merge_install=False, symlink_install=True, test_result_base=None, continue_on_error=False, executor='parallel', parallel_workers=4, event_handlers=None, ignore_user_meta=False, metas=['./colcon.meta'], base_paths=['.'], packages_ignore=None, packages_ignore_regex=None, paths=None, packages_up_to=None, packages_up_to_regex=None, packages_above=None, packages_above_and_dependencies=None, packages_above_depth=None, packages_select_by_dep=None, packages_skip_by_dep=None, packages_skip_up_to=None, packages_select_build_failed=False, packages_skip_build_finished=False, packages_select_test_failures=False, packages_skip_test_passed=False, packages_select=None, packages_skip=None, packages_select_regex=None, packages_skip_regex=None, packages_start=None, packages_end=None, allow_overriding=[], cmake_args=None, cmake_target=None, cmake_target_skip_unavailable=False, cmake_clean_cache=False, cmake_clean_first=False, cmake_force_configure=False, ament_cmake_args=None, catkin_cmake_args=None, catkin_skip_building_tests=False, mixin_files=None, mixin=None, verb_parser=<colcon_mixin.mixin.mixin_argument.MixinArgumentDecorator object at 0xffff8d4e5100>, verb_extension=<colcon_core.verb.build.BuildVerb object at 0xffff8d6a9880>, main=<bound method BuildVerb.main of <colcon_core.verb.build.BuildVerb object at 0xffff8d6a9880>>, mixin_verb=('build',))
[0.209s] Level 1:colcon.colcon_core.package_discovery:discover_packages(colcon_meta) check parameters
[0.210s] Level 1:colcon.colcon_core.package_discovery:discover_packages(recursive) check parameters
[0.210s] Level 1:colcon.colcon_core.package_discovery:discover_packages(ignore) check parameters
[0.210s] Level 1:colcon.colcon_core.package_discovery:discover_packages(path) check parameters
[0.210s] Level 1:colcon.colcon_core.package_discovery:discover_packages(colcon_meta) discover
[0.210s] Level 1:colcon.colcon_core.package_discovery:discover_packages(recursive) discover
[0.210s] INFO:colcon.colcon_core.package_discovery:Crawling recursively for packages in '/home/ground/ugv_repo/OperationTouchdown/ugv_ws'
[0.210s] Level 1:colcon.colcon_core.package_identification:_identify(.) by extensions ['ignore', 'ignore_ament_install']
[0.210s] Level 1:colcon.colcon_core.package_identification:_identify(.) by extension 'ignore'
[0.210s] Level 1:colcon.colcon_core.package_identification:_identify(.) by extension 'ignore_ament_install'
[0.210s] Level 1:colcon.colcon_core.package_identification:_identify(.) by extensions ['colcon_pkg']
[0.210s] Level 1:colcon.colcon_core.package_identification:_identify(.) by extension 'colcon_pkg'
[0.210s] Level 1:colcon.colcon_core.package_identification:_identify(.) by extensions ['colcon_meta']
[0.210s] Level 1:colcon.colcon_core.package_identification:_identify(.) by extension 'colcon_meta'
[0.210s] Level 1:colcon.colcon_core.package_identification:_identify(.) by extensions ['ros']
[0.210s] Level 1:colcon.colcon_core.package_identification:_identify(.) by extension 'ros'
[0.249s] Level 1:colcon.colcon_core.package_identification:_identify(.) by extensions ['cmake', 'python']
[0.249s] Level 1:colcon.colcon_core.package_identification:_identify(.) by extension 'cmake'
[0.249s] Level 1:colcon.colcon_core.package_identification:_identify(.) by extension 'python'
[0.249s] Level 1:colcon.colcon_core.package_identification:_identify(.) by extensions ['python_setup_py']
[0.249s] Level 1:colcon.colcon_core.package_identification:_identify(.) by extension 'python_setup_py'
[0.249s] Level 1:colcon.colcon_core.package_identification:_identify(build) by extensions ['ignore', 'ignore_ament_install']
[0.250s] Level 1:colcon.colcon_core.package_identification:_identify(build) by extension 'ignore'
[0.250s] Level 1:colcon.colcon_core.package_identification:_identify(build) ignored
[0.250s] Level 1:colcon.colcon_core.package_identification:_identify(install) by extensions ['ignore', 'ignore_ament_install']
[0.250s] Level 1:colcon.colcon_core.package_identification:_identify(install) by extension 'ignore'
[0.250s] Level 1:colcon.colcon_core.package_identification:_identify(install) ignored
[0.250s] Level 1:colcon.colcon_core.package_identification:_identify(isaac _communication) by extensions ['ignore', 'ignore_ament_install']
[0.250s] Level 1:colcon.colcon_core.package_identification:_identify(isaac _communication) by extension 'ignore'
[0.250s] Level 1:colcon.colcon_core.package_identification:_identify(isaac _communication) by extension 'ignore_ament_install'
[0.250s] Level 1:colcon.colcon_core.package_identification:_identify(isaac _communication) by extensions ['colcon_pkg']
[0.250s] Level 1:colcon.colcon_core.package_identification:_identify(isaac _communication) by extension 'colcon_pkg'
[0.250s] Level 1:colcon.colcon_core.package_identification:_identify(isaac _communication) by extensions ['colcon_meta']
[0.250s] Level 1:colcon.colcon_core.package_identification:_identify(isaac _communication) by extension 'colcon_meta'
[0.251s] Level 1:colcon.colcon_core.package_identification:_identify(isaac _communication) by extensions ['ros']
[0.251s] Level 1:colcon.colcon_core.package_identification:_identify(isaac _communication) by extension 'ros'
[0.251s] Level 1:colcon.colcon_core.package_identification:_identify(isaac _communication) by extensions ['cmake', 'python']
[0.251s] Level 1:colcon.colcon_core.package_identification:_identify(isaac _communication) by extension 'cmake'
[0.251s] Level 1:colcon.colcon_core.package_identification:_identify(isaac _communication) by extension 'python'
[0.251s] Level 1:colcon.colcon_core.package_identification:_identify(isaac _communication) by extensions ['python_setup_py']
[0.251s] Level 1:colcon.colcon_core.package_identification:_identify(isaac _communication) by extension 'python_setup_py'
[0.251s] Level 1:colcon.colcon_core.package_identification:_identify(log) by extensions ['ignore', 'ignore_ament_install']
[0.251s] Level 1:colcon.colcon_core.package_identification:_identify(log) by extension 'ignore'
[0.251s] Level 1:colcon.colcon_core.package_identification:_identify(log) ignored
[0.251s] Level 1:colcon.colcon_core.package_identification:_identify(src) by extensions ['ignore', 'ignore_ament_install']
[0.251s] Level 1:colcon.colcon_core.package_identification:_identify(src) by extension 'ignore'
[0.251s] Level 1:colcon.colcon_core.package_identification:_identify(src) by extension 'ignore_ament_install'
[0.251s] Level 1:colcon.colcon_core.package_identification:_identify(src) by extensions ['colcon_pkg']
[0.251s] Level 1:colcon.colcon_core.package_identification:_identify(src) by extension 'colcon_pkg'
[0.252s] Level 1:colcon.colcon_core.package_identification:_identify(src) by extensions ['colcon_meta']
[0.252s] Level 1:colcon.colcon_core.package_identification:_identify(src) by extension 'colcon_meta'
[0.252s] Level 1:colcon.colcon_core.package_identification:_identify(src) by extensions ['ros']
[0.252s] Level 1:colcon.colcon_core.package_identification:_identify(src) by extension 'ros'
[0.252s] Level 1:colcon.colcon_core.package_identification:_identify(src) by extensions ['cmake', 'python']
[0.252s] Level 1:colcon.colcon_core.package_identification:_identify(src) by extension 'cmake'
[0.252s] Level 1:colcon.colcon_core.package_identification:_identify(src) by extension 'python'
[0.252s] Level 1:colcon.colcon_core.package_identification:_identify(src) by extensions ['python_setup_py']
[0.252s] Level 1:colcon.colcon_core.package_identification:_identify(src) by extension 'python_setup_py'
[0.252s] Level 1:colcon.colcon_core.package_identification:_identify(src/build) by extensions ['ignore', 'ignore_ament_install']
[0.252s] Level 1:colcon.colcon_core.package_identification:_identify(src/build) by extension 'ignore'
[0.252s] Level 1:colcon.colcon_core.package_identification:_identify(src/build) ignored
[0.252s] Level 1:colcon.colcon_core.package_identification:_identify(src/depthai-ros) by extensions ['ignore', 'ignore_ament_install']
[0.252s] Level 1:colcon.colcon_core.package_identification:_identify(src/depthai-ros) by extension 'ignore'
[0.252s] Level 1:colcon.colcon_core.package_identification:_identify(src/depthai-ros) by extension 'ignore_ament_install'
[0.252s] Level 1:colcon.colcon_core.package_identification:_identify(src/depthai-ros) by extensions ['colcon_pkg']
[0.252s] Level 1:colcon.colcon_core.package_identification:_identify(src/depthai-ros) by extension 'colcon_pkg'
[0.253s] Level 1:colcon.colcon_core.package_identification:_identify(src/depthai-ros) by extensions ['colcon_meta']
[0.253s] Level 1:colcon.colcon_core.package_identification:_identify(src/depthai-ros) by extension 'colcon_meta'
[0.253s] Level 1:colcon.colcon_core.package_identification:_identify(src/depthai-ros) by extensions ['ros']
[0.253s] Level 1:colcon.colcon_core.package_identification:_identify(src/depthai-ros) by extension 'ros'
[0.253s] Level 1:colcon.colcon_core.package_identification:_identify(src/depthai-ros) by extensions ['cmake', 'python']
[0.253s] Level 1:colcon.colcon_core.package_identification:_identify(src/depthai-ros) by extension 'cmake'
[0.253s] Level 1:colcon.colcon_core.package_identification:_identify(src/depthai-ros) by extension 'python'
[0.253s] Level 1:colcon.colcon_core.package_identification:_identify(src/depthai-ros) by extensions ['python_setup_py']
[0.253s] Level 1:colcon.colcon_core.package_identification:_identify(src/depthai-ros) by extension 'python_setup_py'
[0.253s] Level 1:colcon.colcon_core.package_identification:_identify(src/depthai-ros/depthai-ros) by extensions ['ignore', 'ignore_ament_install']
[0.253s] Level 1:colcon.colcon_core.package_identification:_identify(src/depthai-ros/depthai-ros) by extension 'ignore'
[0.253s] Level 1:colcon.colcon_core.package_identification:_identify(src/depthai-ros/depthai-ros) by extension 'ignore_ament_install'
[0.253s] Level 1:colcon.colcon_core.package_identification:_identify(src/depthai-ros/depthai-ros) by extensions ['colcon_pkg']
[0.253s] Level 1:colcon.colcon_core.package_identification:_identify(src/depthai-ros/depthai-ros) by extension 'colcon_pkg'
[0.253s] Level 1:colcon.colcon_core.package_identification:_identify(src/depthai-ros/depthai-ros) by extensions ['colcon_meta']
[0.253s] Level 1:colcon.colcon_core.package_identification:_identify(src/depthai-ros/depthai-ros) by extension 'colcon_meta'
[0.253s] Level 1:colcon.colcon_core.package_identification:_identify(src/depthai-ros/depthai-ros) by extensions ['ros']
[0.253s] Level 1:colcon.colcon_core.package_identification:_identify(src/depthai-ros/depthai-ros) by extension 'ros'
[0.257s] DEBUG:colcon.colcon_core.package_identification:Package 'src/depthai-ros/depthai-ros' with type 'ros.ament_cmake' and name 'depthai-ros'
[0.257s] Level 1:colcon.colcon_core.package_identification:_identify(src/depthai-ros/depthai_bridge) by extensions ['ignore', 'ignore_ament_install']
[0.257s] Level 1:colcon.colcon_core.package_identification:_identify(src/depthai-ros/depthai_bridge) by extension 'ignore'
[0.257s] Level 1:colcon.colcon_core.package_identification:_identify(src/depthai-ros/depthai_bridge) by extension 'ignore_ament_install'
[0.257s] Level 1:colcon.colcon_core.package_identification:_identify(src/depthai-ros/depthai_bridge) by extensions ['colcon_pkg']
[0.257s] Level 1:colcon.colcon_core.package_identification:_identify(src/depthai-ros/depthai_bridge) by extension 'colcon_pkg'
[0.257s] Level 1:colcon.colcon_core.package_identification:_identify(src/depthai-ros/depthai_bridge) by extensions ['colcon_meta']
[0.257s] Level 1:colcon.colcon_core.package_identification:_identify(src/depthai-ros/depthai_bridge) by extension 'colcon_meta'
[0.257s] Level 1:colcon.colcon_core.package_identification:_identify(src/depthai-ros/depthai_bridge) by extensions ['ros']
[0.257s] Level 1:colcon.colcon_core.package_identification:_identify(src/depthai-ros/depthai_bridge) by extension 'ros'
[0.259s] DEBUG:colcon.colcon_core.package_identification:Package 'src/depthai-ros/depthai_bridge' with type 'ros.ament_cmake' and name 'depthai_bridge'
[0.259s] Level 1:colcon.colcon_core.package_identification:_identify(src/depthai-ros/depthai_descriptions) by extensions ['ignore', 'ignore_ament_install']
[0.260s] Level 1:colcon.colcon_core.package_identification:_identify(src/depthai-ros/depthai_descriptions) by extension 'ignore'
[0.260s] Level 1:colcon.colcon_core.package_identification:_identify(src/depthai-ros/depthai_descriptions) by extension 'ignore_ament_install'
[0.260s] Level 1:colcon.colcon_core.package_identification:_identify(src/depthai-ros/depthai_descriptions) by extensions ['colcon_pkg']
[0.260s] Level 1:colcon.colcon_core.package_identification:_identify(src/depthai-ros/depthai_descriptions) by extension 'colcon_pkg'
[0.260s] Level 1:colcon.colcon_core.package_identification:_identify(src/depthai-ros/depthai_descriptions) by extensions ['colcon_meta']
[0.260s] Level 1:colcon.colcon_core.package_identification:_identify(src/depthai-ros/depthai_descriptions) by extension 'colcon_meta'
[0.260s] Level 1:colcon.colcon_core.package_identification:_identify(src/depthai-ros/depthai_descriptions) by extensions ['ros']
[0.260s] Level 1:colcon.colcon_core.package_identification:_identify(src/depthai-ros/depthai_descriptions) by extension 'ros'
[0.261s] DEBUG:colcon.colcon_core.package_identification:Package 'src/depthai-ros/depthai_descriptions' with type 'ros.ament_cmake' and name 'depthai_descriptions'
[0.261s] Level 1:colcon.colcon_core.package_identification:_identify(src/depthai-ros/depthai_examples) by extensions ['ignore', 'ignore_ament_install']
[0.261s] Level 1:colcon.colcon_core.package_identification:_identify(src/depthai-ros/depthai_examples) by extension 'ignore'
[0.261s] Level 1:colcon.colcon_core.package_identification:_identify(src/depthai-ros/depthai_examples) by extension 'ignore_ament_install'
[0.261s] Level 1:colcon.colcon_core.package_identification:_identify(src/depthai-ros/depthai_examples) by extensions ['colcon_pkg']
[0.261s] Level 1:colcon.colcon_core.package_identification:_identify(src/depthai-ros/depthai_examples) by extension 'colcon_pkg'
[0.261s] Level 1:colcon.colcon_core.package_identification:_identify(src/depthai-ros/depthai_examples) by extensions ['colcon_meta']
[0.261s] Level 1:colcon.colcon_core.package_identification:_identify(src/depthai-ros/depthai_examples) by extension 'colcon_meta'
[0.261s] Level 1:colcon.colcon_core.package_identification:_identify(src/depthai-ros/depthai_examples) by extensions ['ros']
[0.261s] Level 1:colcon.colcon_core.package_identification:_identify(src/depthai-ros/depthai_examples) by extension 'ros'
[0.263s] DEBUG:colcon.colcon_core.package_identification:Package 'src/depthai-ros/depthai_examples' with type 'ros.ament_cmake' and name 'depthai_examples'
[0.263s] Level 1:colcon.colcon_core.package_identification:_identify(src/depthai-ros/depthai_filters) by extensions ['ignore', 'ignore_ament_install']
[0.263s] Level 1:colcon.colcon_core.package_identification:_identify(src/depthai-ros/depthai_filters) by extension 'ignore'
[0.263s] Level 1:colcon.colcon_core.package_identification:_identify(src/depthai-ros/depthai_filters) by extension 'ignore_ament_install'
[0.263s] Level 1:colcon.colcon_core.package_identification:_identify(src/depthai-ros/depthai_filters) by extensions ['colcon_pkg']
[0.263s] Level 1:colcon.colcon_core.package_identification:_identify(src/depthai-ros/depthai_filters) by extension 'colcon_pkg'
[0.263s] Level 1:colcon.colcon_core.package_identification:_identify(src/depthai-ros/depthai_filters) by extensions ['colcon_meta']
[0.263s] Level 1:colcon.colcon_core.package_identification:_identify(src/depthai-ros/depthai_filters) by extension 'colcon_meta'
[0.263s] Level 1:colcon.colcon_core.package_identification:_identify(src/depthai-ros/depthai_filters) by extensions ['ros']
[0.263s] Level 1:colcon.colcon_core.package_identification:_identify(src/depthai-ros/depthai_filters) by extension 'ros'
[0.264s] DEBUG:colcon.colcon_core.package_identification:Package 'src/depthai-ros/depthai_filters' with type 'ros.ament_cmake' and name 'depthai_filters'
[0.265s] Level 1:colcon.colcon_core.package_identification:_identify(src/depthai-ros/depthai_ros_driver) by extensions ['ignore', 'ignore_ament_install']
[0.265s] Level 1:colcon.colcon_core.package_identification:_identify(src/depthai-ros/depthai_ros_driver) by extension 'ignore'
[0.265s] Level 1:colcon.colcon_core.package_identification:_identify(src/depthai-ros/depthai_ros_driver) by extension 'ignore_ament_install'
[0.265s] Level 1:colcon.colcon_core.package_identification:_identify(src/depthai-ros/depthai_ros_driver) by extensions ['colcon_pkg']
[0.265s] Level 1:colcon.colcon_core.package_identification:_identify(src/depthai-ros/depthai_ros_driver) by extension 'colcon_pkg'
[0.265s] Level 1:colcon.colcon_core.package_identification:_identify(src/depthai-ros/depthai_ros_driver) by extensions ['colcon_meta']
[0.265s] Level 1:colcon.colcon_core.package_identification:_identify(src/depthai-ros/depthai_ros_driver) by extension 'colcon_meta'
[0.265s] Level 1:colcon.colcon_core.package_identification:_identify(src/depthai-ros/depthai_ros_driver) by extensions ['ros']
[0.265s] Level 1:colcon.colcon_core.package_identification:_identify(src/depthai-ros/depthai_ros_driver) by extension 'ros'
[0.267s] DEBUG:colcon.colcon_core.package_identification:Package 'src/depthai-ros/depthai_ros_driver' with type 'ros.ament_cmake' and name 'depthai_ros_driver'
[0.267s] Level 1:colcon.colcon_core.package_identification:_identify(src/depthai-ros/depthai_ros_msgs) by extensions ['ignore', 'ignore_ament_install']
[0.268s] Level 1:colcon.colcon_core.package_identification:_identify(src/depthai-ros/depthai_ros_msgs) by extension 'ignore'
[0.268s] Level 1:colcon.colcon_core.package_identification:_identify(src/depthai-ros/depthai_ros_msgs) by extension 'ignore_ament_install'
[0.268s] Level 1:colcon.colcon_core.package_identification:_identify(src/depthai-ros/depthai_ros_msgs) by extensions ['colcon_pkg']
[0.268s] Level 1:colcon.colcon_core.package_identification:_identify(src/depthai-ros/depthai_ros_msgs) by extension 'colcon_pkg'
[0.268s] Level 1:colcon.colcon_core.package_identification:_identify(src/depthai-ros/depthai_ros_msgs) by extensions ['colcon_meta']
[0.268s] Level 1:colcon.colcon_core.package_identification:_identify(src/depthai-ros/depthai_ros_msgs) by extension 'colcon_meta'
[0.268s] Level 1:colcon.colcon_core.package_identification:_identify(src/depthai-ros/depthai_ros_msgs) by extensions ['ros']
[0.268s] Level 1:colcon.colcon_core.package_identification:_identify(src/depthai-ros/depthai_ros_msgs) by extension 'ros'
[0.269s] DEBUG:colcon.colcon_core.package_identification:Package 'src/depthai-ros/depthai_ros_msgs' with type 'ros.ament_cmake' and name 'depthai_ros_msgs'
[0.269s] Level 1:colcon.colcon_core.package_identification:_identify(src/dual_laser_merger) by extensions ['ignore', 'ignore_ament_install']
[0.269s] Level 1:colcon.colcon_core.package_identification:_identify(src/dual_laser_merger) by extension 'ignore'
[0.269s] Level 1:colcon.colcon_core.package_identification:_identify(src/dual_laser_merger) by extension 'ignore_ament_install'
[0.269s] Level 1:colcon.colcon_core.package_identification:_identify(src/dual_laser_merger) by extensions ['colcon_pkg']
[0.269s] Level 1:colcon.colcon_core.package_identification:_identify(src/dual_laser_merger) by extension 'colcon_pkg'
[0.269s] Level 1:colcon.colcon_core.package_identification:_identify(src/dual_laser_merger) by extensions ['colcon_meta']
[0.269s] Level 1:colcon.colcon_core.package_identification:_identify(src/dual_laser_merger) by extension 'colcon_meta'
[0.269s] Level 1:colcon.colcon_core.package_identification:_identify(src/dual_laser_merger) by extensions ['ros']
[0.269s] Level 1:colcon.colcon_core.package_identification:_identify(src/dual_laser_merger) by extension 'ros'
[0.271s] DEBUG:colcon.colcon_core.package_identification:Package 'src/dual_laser_merger' with type 'ros.ament_cmake' and name 'dual_laser_merger'
[0.271s] Level 1:colcon.colcon_core.package_identification:_identify(src/install) by extensions ['ignore', 'ignore_ament_install']
[0.271s] Level 1:colcon.colcon_core.package_identification:_identify(src/install) by extension 'ignore'
[0.271s] Level 1:colcon.colcon_core.package_identification:_identify(src/install) ignored
[0.271s] Level 1:colcon.colcon_core.package_identification:_identify(src/log) by extensions ['ignore', 'ignore_ament_install']
[0.271s] Level 1:colcon.colcon_core.package_identification:_identify(src/log) by extension 'ignore'
[0.271s] Level 1:colcon.colcon_core.package_identification:_identify(src/log) ignored
[0.271s] Level 1:colcon.colcon_core.package_identification:_identify(src/my_ugv_bringup) by extensions ['ignore', 'ignore_ament_install']
[0.272s] Level 1:colcon.colcon_core.package_identification:_identify(src/my_ugv_bringup) by extension 'ignore'
[0.272s] Level 1:colcon.colcon_core.package_identification:_identify(src/my_ugv_bringup) by extension 'ignore_ament_install'
[0.272s] Level 1:colcon.colcon_core.package_identification:_identify(src/my_ugv_bringup) by extensions ['colcon_pkg']
[0.272s] Level 1:colcon.colcon_core.package_identification:_identify(src/my_ugv_bringup) by extension 'colcon_pkg'
[0.272s] Level 1:colcon.colcon_core.package_identification:_identify(src/my_ugv_bringup) by extensions ['colcon_meta']
[0.272s] Level 1:colcon.colcon_core.package_identification:_identify(src/my_ugv_bringup) by extension 'colcon_meta'
[0.272s] Level 1:colcon.colcon_core.package_identification:_identify(src/my_ugv_bringup) by extensions ['ros']
[0.272s] Level 1:colcon.colcon_core.package_identification:_identify(src/my_ugv_bringup) by extension 'ros'
[0.272s] DEBUG:colcon.colcon_core.package_identification:Package 'src/my_ugv_bringup' with type 'ros.ament_cmake' and name 'my_ugv_bringup'
[0.273s] Level 1:colcon.colcon_core.package_identification:_identify(src/my_ugv_description) by extensions ['ignore', 'ignore_ament_install']
[0.273s] Level 1:colcon.colcon_core.package_identification:_identify(src/my_ugv_description) by extension 'ignore'
[0.273s] Level 1:colcon.colcon_core.package_identification:_identify(src/my_ugv_description) by extension 'ignore_ament_install'
[0.273s] Level 1:colcon.colcon_core.package_identification:_identify(src/my_ugv_description) by extensions ['colcon_pkg']
[0.273s] Level 1:colcon.colcon_core.package_identification:_identify(src/my_ugv_description) by extension 'colcon_pkg'
[0.273s] Level 1:colcon.colcon_core.package_identification:_identify(src/my_ugv_description) by extensions ['colcon_meta']
[0.273s] Level 1:colcon.colcon_core.package_identification:_identify(src/my_ugv_description) by extension 'colcon_meta'
[0.273s] Level 1:colcon.colcon_core.package_identification:_identify(src/my_ugv_description) by extensions ['ros']
[0.273s] Level 1:colcon.colcon_core.package_identification:_identify(src/my_ugv_description) by extension 'ros'
[0.274s] DEBUG:colcon.colcon_core.package_identification:Package 'src/my_ugv_description' with type 'ros.ament_cmake' and name 'my_ugv_description'
[0.274s] Level 1:colcon.colcon_core.package_identification:_identify(src/my_ugv_hardware) by extensions ['ignore', 'ignore_ament_install']
[0.274s] Level 1:colcon.colcon_core.package_identification:_identify(src/my_ugv_hardware) by extension 'ignore'
[0.274s] Level 1:colcon.colcon_core.package_identification:_identify(src/my_ugv_hardware) by extension 'ignore_ament_install'
[0.274s] Level 1:colcon.colcon_core.package_identification:_identify(src/my_ugv_hardware) by extensions ['colcon_pkg']
[0.274s] Level 1:colcon.colcon_core.package_identification:_identify(src/my_ugv_hardware) by extension 'colcon_pkg'
[0.274s] Level 1:colcon.colcon_core.package_identification:_identify(src/my_ugv_hardware) by extensions ['colcon_meta']
[0.274s] Level 1:colcon.colcon_core.package_identification:_identify(src/my_ugv_hardware) by extension 'colcon_meta'
[0.274s] Level 1:colcon.colcon_core.package_identification:_identify(src/my_ugv_hardware) by extensions ['ros']
[0.274s] Level 1:colcon.colcon_core.package_identification:_identify(src/my_ugv_hardware) by extension 'ros'
[0.275s] DEBUG:colcon.colcon_core.package_identification:Package 'src/my_ugv_hardware' with type 'ros.ament_python' and name 'my_ugv_hardware'
[0.275s] Level 1:colcon.colcon_core.package_identification:_identify(src/my_ugv_vision) by extensions ['ignore', 'ignore_ament_install']
[0.275s] Level 1:colcon.colcon_core.package_identification:_identify(src/my_ugv_vision) by extension 'ignore'
[0.275s] Level 1:colcon.colcon_core.package_identification:_identify(src/my_ugv_vision) by extension 'ignore_ament_install'
[0.275s] Level 1:colcon.colcon_core.package_identification:_identify(src/my_ugv_vision) by extensions ['colcon_pkg']
[0.275s] Level 1:colcon.colcon_core.package_identification:_identify(src/my_ugv_vision) by extension 'colcon_pkg'
[0.275s] Level 1:colcon.colcon_core.package_identification:_identify(src/my_ugv_vision) by extensions ['colcon_meta']
[0.275s] Level 1:colcon.colcon_core.package_identification:_identify(src/my_ugv_vision) by extension 'colcon_meta'
[0.275s] Level 1:colcon.colcon_core.package_identification:_identify(src/my_ugv_vision) by extensions ['ros']
[0.275s] Level 1:colcon.colcon_core.package_identification:_identify(src/my_ugv_vision) by extension 'ros'
[0.276s] DEBUG:colcon.colcon_core.package_identification:Package 'src/my_ugv_vision' with type 'ros.ament_python' and name 'my_ugv_vision'
[0.276s] Level 1:colcon.colcon_core.package_identification:_identify(src/roboteq_ros2_driver) by extensions ['ignore', 'ignore_ament_install']
[0.276s] Level 1:colcon.colcon_core.package_identification:_identify(src/roboteq_ros2_driver) by extension 'ignore'
[0.276s] Level 1:colcon.colcon_core.package_identification:_identify(src/roboteq_ros2_driver) by extension 'ignore_ament_install'
[0.277s] Level 1:colcon.colcon_core.package_identification:_identify(src/roboteq_ros2_driver) by extensions ['colcon_pkg']
[0.277s] Level 1:colcon.colcon_core.package_identification:_identify(src/roboteq_ros2_driver) by extension 'colcon_pkg'
[0.277s] Level 1:colcon.colcon_core.package_identification:_identify(src/roboteq_ros2_driver) by extensions ['colcon_meta']
[0.277s] Level 1:colcon.colcon_core.package_identification:_identify(src/roboteq_ros2_driver) by extension 'colcon_meta'
[0.277s] Level 1:colcon.colcon_core.package_identification:_identify(src/roboteq_ros2_driver) by extensions ['ros']
[0.277s] Level 1:colcon.colcon_core.package_identification:_identify(src/roboteq_ros2_driver) by extension 'ros'
[0.277s] DEBUG:colcon.colcon_core.package_identification:Package 'src/roboteq_ros2_driver' with type 'ros.ament_cmake' and name 'roboteq_ros2_driver'
[0.278s] Level 1:colcon.colcon_core.package_identification:_identify(src/rplidar_ros) by extensions ['ignore', 'ignore_ament_install']
[0.278s] Level 1:colcon.colcon_core.package_identification:_identify(src/rplidar_ros) by extension 'ignore'
[0.278s] Level 1:colcon.colcon_core.package_identification:_identify(src/rplidar_ros) by extension 'ignore_ament_install'
[0.278s] Level 1:colcon.colcon_core.package_identification:_identify(src/rplidar_ros) by extensions ['colcon_pkg']
[0.278s] Level 1:colcon.colcon_core.package_identification:_identify(src/rplidar_ros) by extension 'colcon_pkg'
[0.278s] Level 1:colcon.colcon_core.package_identification:_identify(src/rplidar_ros) by extensions ['colcon_meta']
[0.278s] Level 1:colcon.colcon_core.package_identification:_identify(src/rplidar_ros) by extension 'colcon_meta'
[0.278s] Level 1:colcon.colcon_core.package_identification:_identify(src/rplidar_ros) by extensions ['ros']
[0.278s] Level 1:colcon.colcon_core.package_identification:_identify(src/rplidar_ros) by extension 'ros'
[0.279s] DEBUG:colcon.colcon_core.package_identification:Package 'src/rplidar_ros' with type 'ros.ament_cmake' and name 'rplidar_ros'
[0.279s] Level 1:colcon.colcon_core.package_discovery:discover_packages(recursive) using defaults
[0.279s] Level 1:colcon.colcon_core.package_discovery:discover_packages(ignore) discover
[0.279s] Level 1:colcon.colcon_core.package_discovery:discover_packages(ignore) using defaults
[0.279s] Level 1:colcon.colcon_core.package_discovery:discover_packages(path) discover
[0.279s] Level 1:colcon.colcon_core.package_discovery:discover_packages(path) using defaults
[0.309s] Level 1:colcon.colcon_core.package_discovery:discover_packages(prefix_path) check parameters
[0.309s] Level 1:colcon.colcon_core.package_discovery:discover_packages(prefix_path) discover
[0.312s] DEBUG:colcon.colcon_installed_package_information.package_discovery:Found 14 installed packages in /home/ground/ugv_repo/OperationTouchdown/ugv_ws/install
[0.315s] DEBUG:colcon.colcon_installed_package_information.package_discovery:Found 415 installed packages in /opt/ros/jazzy
[0.317s] Level 1:colcon.colcon_core.package_discovery:discover_packages(prefix_path) using defaults
[0.397s] Level 5:colcon.colcon_core.verb:set package 'depthai_descriptions' build argument 'cmake_args' from command line to 'None'
[0.397s] Level 5:colcon.colcon_core.verb:set package 'depthai_descriptions' build argument 'cmake_target' from command line to 'None'
[0.397s] Level 5:colcon.colcon_core.verb:set package 'depthai_descriptions' build argument 'cmake_target_skip_unavailable' from command line to 'False'
[0.397s] Level 5:colcon.colcon_core.verb:set package 'depthai_descriptions' build argument 'cmake_clean_cache' from command line to 'False'
[0.397s] Level 5:colcon.colcon_core.verb:set package 'depthai_descriptions' build argument 'cmake_clean_first' from command line to 'False'
[0.397s] Level 5:colcon.colcon_core.verb:set package 'depthai_descriptions' build argument 'cmake_force_configure' from command line to 'False'
[0.397s] Level 5:colcon.colcon_core.verb:set package 'depthai_descriptions' build argument 'ament_cmake_args' from command line to 'None'
[0.397s] Level 5:colcon.colcon_core.verb:set package 'depthai_descriptions' build argument 'catkin_cmake_args' from command line to 'None'
[0.397s] Level 5:colcon.colcon_core.verb:set package 'depthai_descriptions' build argument 'catkin_skip_building_tests' from command line to 'False'
[0.397s] DEBUG:colcon.colcon_core.verb:Building package 'depthai_descriptions' with the following arguments: {'ament_cmake_args': None, 'build_base': '/home/ground/ugv_repo/OperationTouchdown/ugv_ws/build/depthai_descriptions', 'catkin_cmake_args': None, 'catkin_skip_building_tests': False, 'cmake_args': None, 'cmake_clean_cache': False, 'cmake_clean_first': False, 'cmake_force_configure': False, 'cmake_target': None, 'cmake_target_skip_unavailable': False, 'install_base': '/home/ground/ugv_repo/OperationTouchdown/ugv_ws/install/depthai_descriptions', 'merge_install': False, 'path': '/home/ground/ugv_repo/OperationTouchdown/ugv_ws/src/depthai-ros/depthai_descriptions', 'symlink_install': True, 'test_result_base': None}
[0.398s] Level 5:colcon.colcon_core.verb:set package 'depthai_ros_msgs' build argument 'cmake_args' from command line to 'None'
[0.398s] Level 5:colcon.colcon_core.verb:set package 'depthai_ros_msgs' build argument 'cmake_target' from command line to 'None'
[0.398s] Level 5:colcon.colcon_core.verb:set package 'depthai_ros_msgs' build argument 'cmake_target_skip_unavailable' from command line to 'False'
[0.398s] Level 5:colcon.colcon_core.verb:set package 'depthai_ros_msgs' build argument 'cmake_clean_cache' from command line to 'False'
[0.398s] Level 5:colcon.colcon_core.verb:set package 'depthai_ros_msgs' build argument 'cmake_clean_first' from command line to 'False'
[0.398s] Level 5:colcon.colcon_core.verb:set package 'depthai_ros_msgs' build argument 'cmake_force_configure' from command line to 'False'
[0.398s] Level 5:colcon.colcon_core.verb:set package 'depthai_ros_msgs' build argument 'ament_cmake_args' from command line to 'None'
[0.398s] Level 5:colcon.colcon_core.verb:set package 'depthai_ros_msgs' build argument 'catkin_cmake_args' from command line to 'None'
[0.398s] Level 5:colcon.colcon_core.verb:set package 'depthai_ros_msgs' build argument 'catkin_skip_building_tests' from command line to 'False'
[0.398s] DEBUG:colcon.colcon_core.verb:Building package 'depthai_ros_msgs' with the following arguments: {'ament_cmake_args': None, 'build_base': '/home/ground/ugv_repo/OperationTouchdown/ugv_ws/build/depthai_ros_msgs', 'catkin_cmake_args': None, 'catkin_skip_building_tests': False, 'cmake_args': None, 'cmake_clean_cache': False, 'cmake_clean_first': False, 'cmake_force_configure': False, 'cmake_target': None, 'cmake_target_skip_unavailable': False, 'install_base': '/home/ground/ugv_repo/OperationTouchdown/ugv_ws/install/depthai_ros_msgs', 'merge_install': False, 'path': '/home/ground/ugv_repo/OperationTouchdown/ugv_ws/src/depthai-ros/depthai_ros_msgs', 'symlink_install': True, 'test_result_base': None}
[0.399s] Level 5:colcon.colcon_core.verb:set package 'dual_laser_merger' build argument 'cmake_args' from command line to 'None'
[0.399s] Level 5:colcon.colcon_core.verb:set package 'dual_laser_merger' build argument 'cmake_target' from command line to 'None'
[0.399s] Level 5:colcon.colcon_core.verb:set package 'dual_laser_merger' build argument 'cmake_target_skip_unavailable' from command line to 'False'
[0.399s] Level 5:colcon.colcon_core.verb:set package 'dual_laser_merger' build argument 'cmake_clean_cache' from command line to 'False'
[0.399s] Level 5:colcon.colcon_core.verb:set package 'dual_laser_merger' build argument 'cmake_clean_first' from command line to 'False'
[0.399s] Level 5:colcon.colcon_core.verb:set package 'dual_laser_merger' build argument 'cmake_force_configure' from command line to 'False'
[0.399s] Level 5:colcon.colcon_core.verb:set package 'dual_laser_merger' build argument 'ament_cmake_args' from command line to 'None'
[0.399s] Level 5:colcon.colcon_core.verb:set package 'dual_laser_merger' build argument 'catkin_cmake_args' from command line to 'None'
[0.399s] Level 5:colcon.colcon_core.verb:set package 'dual_laser_merger' build argument 'catkin_skip_building_tests' from command line to 'False'
[0.399s] DEBUG:colcon.colcon_core.verb:Building package 'dual_laser_merger' with the following arguments: {'ament_cmake_args': None, 'build_base': '/home/ground/ugv_repo/OperationTouchdown/ugv_ws/build/dual_laser_merger', 'catkin_cmake_args': None, 'catkin_skip_building_tests': False, 'cmake_args': None, 'cmake_clean_cache': False, 'cmake_clean_first': False, 'cmake_force_configure': False, 'cmake_target': None, 'cmake_target_skip_unavailable': False, 'install_base': '/home/ground/ugv_repo/OperationTouchdown/ugv_ws/install/dual_laser_merger', 'merge_install': False, 'path': '/home/ground/ugv_repo/OperationTouchdown/ugv_ws/src/dual_laser_merger', 'symlink_install': True, 'test_result_base': None}
[0.399s] Level 5:colcon.colcon_core.verb:set package 'my_ugv_description' build argument 'cmake_args' from command line to 'None'
[0.399s] Level 5:colcon.colcon_core.verb:set package 'my_ugv_description' build argument 'cmake_target' from command line to 'None'
[0.399s] Level 5:colcon.colcon_core.verb:set package 'my_ugv_description' build argument 'cmake_target_skip_unavailable' from command line to 'False'
[0.399s] Level 5:colcon.colcon_core.verb:set package 'my_ugv_description' build argument 'cmake_clean_cache' from command line to 'False'
[0.399s] Level 5:colcon.colcon_core.verb:set package 'my_ugv_description' build argument 'cmake_clean_first' from command line to 'False'
[0.399s] Level 5:colcon.colcon_core.verb:set package 'my_ugv_description' build argument 'cmake_force_configure' from command line to 'False'
[0.399s] Level 5:colcon.colcon_core.verb:set package 'my_ugv_description' build argument 'ament_cmake_args' from command line to 'None'
[0.399s] Level 5:colcon.colcon_core.verb:set package 'my_ugv_description' build argument 'catkin_cmake_args' from command line to 'None'
[0.399s] Level 5:colcon.colcon_core.verb:set package 'my_ugv_description' build argument 'catkin_skip_building_tests' from command line to 'False'
[0.399s] DEBUG:colcon.colcon_core.verb:Building package 'my_ugv_description' with the following arguments: {'ament_cmake_args': None, 'build_base': '/home/ground/ugv_repo/OperationTouchdown/ugv_ws/build/my_ugv_description', 'catkin_cmake_args': None, 'catkin_skip_building_tests': False, 'cmake_args': None, 'cmake_clean_cache': False, 'cmake_clean_first': False, 'cmake_force_configure': False, 'cmake_target': None, 'cmake_target_skip_unavailable': False, 'install_base': '/home/ground/ugv_repo/OperationTouchdown/ugv_ws/install/my_ugv_description', 'merge_install': False, 'path': '/home/ground/ugv_repo/OperationTouchdown/ugv_ws/src/my_ugv_description', 'symlink_install': True, 'test_result_base': None}
[0.400s] Level 5:colcon.colcon_core.verb:set package 'my_ugv_hardware' build argument 'cmake_args' from command line to 'None'
[0.400s] Level 5:colcon.colcon_core.verb:set package 'my_ugv_hardware' build argument 'cmake_target' from command line to 'None'
[0.400s] Level 5:colcon.colcon_core.verb:set package 'my_ugv_hardware' build argument 'cmake_target_skip_unavailable' from command line to 'False'
[0.400s] Level 5:colcon.colcon_core.verb:set package 'my_ugv_hardware' build argument 'cmake_clean_cache' from command line to 'False'
[0.400s] Level 5:colcon.colcon_core.verb:set package 'my_ugv_hardware' build argument 'cmake_clean_first' from command line to 'False'
[0.400s] Level 5:colcon.colcon_core.verb:set package 'my_ugv_hardware' build argument 'cmake_force_configure' from command line to 'False'
[0.400s] Level 5:colcon.colcon_core.verb:set package 'my_ugv_hardware' build argument 'ament_cmake_args' from command line to 'None'
[0.400s] Level 5:colcon.colcon_core.verb:set package 'my_ugv_hardware' build argument 'catkin_cmake_args' from command line to 'None'
[0.400s] Level 5:colcon.colcon_core.verb:set package 'my_ugv_hardware' build argument 'catkin_skip_building_tests' from command line to 'False'
[0.400s] DEBUG:colcon.colcon_core.verb:Building package 'my_ugv_hardware' with the following arguments: {'ament_cmake_args': None, 'build_base': '/home/ground/ugv_repo/OperationTouchdown/ugv_ws/build/my_ugv_hardware', 'catkin_cmake_args': None, 'catkin_skip_building_tests': False, 'cmake_args': None, 'cmake_clean_cache': False, 'cmake_clean_first': False, 'cmake_force_configure': False, 'cmake_target': None, 'cmake_target_skip_unavailable': False, 'install_base': '/home/ground/ugv_repo/OperationTouchdown/ugv_ws/install/my_ugv_hardware', 'merge_install': False, 'path': '/home/ground/ugv_repo/OperationTouchdown/ugv_ws/src/my_ugv_hardware', 'symlink_install': True, 'test_result_base': None}
[0.400s] Level 5:colcon.colcon_core.verb:set package 'my_ugv_vision' build argument 'cmake_args' from command line to 'None'
[0.400s] Level 5:colcon.colcon_core.verb:set package 'my_ugv_vision' build argument 'cmake_target' from command line to 'None'
[0.400s] Level 5:colcon.colcon_core.verb:set package 'my_ugv_vision' build argument 'cmake_target_skip_unavailable' from command line to 'False'
[0.400s] Level 5:colcon.colcon_core.verb:set package 'my_ugv_vision' build argument 'cmake_clean_cache' from command line to 'False'
[0.400s] Level 5:colcon.colcon_core.verb:set package 'my_ugv_vision' build argument 'cmake_clean_first' from command line to 'False'
[0.400s] Level 5:colcon.colcon_core.verb:set package 'my_ugv_vision' build argument 'cmake_force_configure' from command line to 'False'
[0.400s] Level 5:colcon.colcon_core.verb:set package 'my_ugv_vision' build argument 'ament_cmake_args' from command line to 'None'
[0.400s] Level 5:colcon.colcon_core.verb:set package 'my_ugv_vision' build argument 'catkin_cmake_args' from command line to 'None'
[0.400s] Level 5:colcon.colcon_core.verb:set package 'my_ugv_vision' build argument 'catkin_skip_building_tests' from command line to 'False'
[0.400s] DEBUG:colcon.colcon_core.verb:Building package 'my_ugv_vision' with the following arguments: {'ament_cmake_args': None, 'build_base': '/home/ground/ugv_repo/OperationTouchdown/ugv_ws/build/my_ugv_vision', 'catkin_cmake_args': None, 'catkin_skip_building_tests': False, 'cmake_args': None, 'cmake_clean_cache': False, 'cmake_clean_first': False, 'cmake_force_configure': False, 'cmake_target': None, 'cmake_target_skip_unavailable': False, 'install_base': '/home/ground/ugv_repo/OperationTouchdown/ugv_ws/install/my_ugv_vision', 'merge_install': False, 'path': '/home/ground/ugv_repo/OperationTouchdown/ugv_ws/src/my_ugv_vision', 'symlink_install': True, 'test_result_base': None}
[0.401s] Level 5:colcon.colcon_core.verb:set package 'roboteq_ros2_driver' build argument 'cmake_args' from command line to 'None'
[0.401s] Level 5:colcon.colcon_core.verb:set package 'roboteq_ros2_driver' build argument 'cmake_target' from command line to 'None'
[0.401s] Level 5:colcon.colcon_core.verb:set package 'roboteq_ros2_driver' build argument 'cmake_target_skip_unavailable' from command line to 'False'
[0.401s] Level 5:colcon.colcon_core.verb:set package 'roboteq_ros2_driver' build argument 'cmake_clean_cache' from command line to 'False'
[0.401s] Level 5:colcon.colcon_core.verb:set package 'roboteq_ros2_driver' build argument 'cmake_clean_first' from command line to 'False'
[0.401s] Level 5:colcon.colcon_core.verb:set package 'roboteq_ros2_driver' build argument 'cmake_force_configure' from command line to 'False'
[0.401s] Level 5:colcon.colcon_core.verb:set package 'roboteq_ros2_driver' build argument 'ament_cmake_args' from command line to 'None'
[0.401s] Level 5:colcon.colcon_core.verb:set package 'roboteq_ros2_driver' build argument 'catkin_cmake_args' from command line to 'None'
[0.401s] Level 5:colcon.colcon_core.verb:set package 'roboteq_ros2_driver' build argument 'catkin_skip_building_tests' from command line to 'False'
[0.401s] DEBUG:colcon.colcon_core.verb:Building package 'roboteq_ros2_driver' with the following arguments: {'ament_cmake_args': None, 'build_base': '/home/ground/ugv_repo/OperationTouchdown/ugv_ws/build/roboteq_ros2_driver', 'catkin_cmake_args': None, 'catkin_skip_building_tests': False, 'cmake_args': None, 'cmake_clean_cache': False, 'cmake_clean_first': False, 'cmake_force_configure': False, 'cmake_target': None, 'cmake_target_skip_unavailable': False, 'install_base': '/home/ground/ugv_repo/OperationTouchdown/ugv_ws/install/roboteq_ros2_driver', 'merge_install': False, 'path': '/home/ground/ugv_repo/OperationTouchdown/ugv_ws/src/roboteq_ros2_driver', 'symlink_install': True, 'test_result_base': None}
[0.401s] Level 5:colcon.colcon_core.verb:set package 'rplidar_ros' build argument 'cmake_args' from command line to 'None'
[0.401s] Level 5:colcon.colcon_core.verb:set package 'rplidar_ros' build argument 'cmake_target' from command line to 'None'
[0.401s] Level 5:colcon.colcon_core.verb:set package 'rplidar_ros' build argument 'cmake_target_skip_unavailable' from command line to 'False'
[0.401s] Level 5:colcon.colcon_core.verb:set package 'rplidar_ros' build argument 'cmake_clean_cache' from command line to 'False'
[0.401s] Level 5:colcon.colcon_core.verb:set package 'rplidar_ros' build argument 'cmake_clean_first' from command line to 'False'
[0.401s] Level 5:colcon.colcon_core.verb:set package 'rplidar_ros' build argument 'cmake_force_configure' from command line to 'False'
[0.401s] Level 5:colcon.colcon_core.verb:set package 'rplidar_ros' build argument 'ament_cmake_args' from command line to 'None'
[0.401s] Level 5:colcon.colcon_core.verb:set package 'rplidar_ros' build argument 'catkin_cmake_args' from command line to 'None'
[0.401s] Level 5:colcon.colcon_core.verb:set package 'rplidar_ros' build argument 'catkin_skip_building_tests' from command line to 'False'
[0.402s] DEBUG:colcon.colcon_core.verb:Building package 'rplidar_ros' with the following arguments: {'ament_cmake_args': None, 'build_base': '/home/ground/ugv_repo/OperationTouchdown/ugv_ws/build/rplidar_ros', 'catkin_cmake_args': None, 'catkin_skip_building_tests': False, 'cmake_args': None, 'cmake_clean_cache': False, 'cmake_clean_first': False, 'cmake_force_configure': False, 'cmake_target': None, 'cmake_target_skip_unavailable': False, 'install_base': '/home/ground/ugv_repo/OperationTouchdown/ugv_ws/install/rplidar_ros', 'merge_install': False, 'path': '/home/ground/ugv_repo/OperationTouchdown/ugv_ws/src/rplidar_ros', 'symlink_install': True, 'test_result_base': None}
[0.402s] Level 5:colcon.colcon_core.verb:set package 'depthai_bridge' build argument 'cmake_args' from command line to 'None'
[0.402s] Level 5:colcon.colcon_core.verb:set package 'depthai_bridge' build argument 'cmake_target' from command line to 'None'
[0.402s] Level 5:colcon.colcon_core.verb:set package 'depthai_bridge' build argument 'cmake_target_skip_unavailable' from command line to 'False'
[0.402s] Level 5:colcon.colcon_core.verb:set package 'depthai_bridge' build argument 'cmake_clean_cache' from command line to 'False'
[0.402s] Level 5:colcon.colcon_core.verb:set package 'depthai_bridge' build argument 'cmake_clean_first' from command line to 'False'
[0.402s] Level 5:colcon.colcon_core.verb:set package 'depthai_bridge' build argument 'cmake_force_configure' from command line to 'False'
[0.402s] Level 5:colcon.colcon_core.verb:set package 'depthai_bridge' build argument 'ament_cmake_args' from command line to 'None'
[0.402s] Level 5:colcon.colcon_core.verb:set package 'depthai_bridge' build argument 'catkin_cmake_args' from command line to 'None'
[0.402s] Level 5:colcon.colcon_core.verb:set package 'depthai_bridge' build argument 'catkin_skip_building_tests' from command line to 'False'
[0.402s] DEBUG:colcon.colcon_core.verb:Building package 'depthai_bridge' with the following arguments: {'ament_cmake_args': None, 'build_base': '/home/ground/ugv_repo/OperationTouchdown/ugv_ws/build/depthai_bridge', 'catkin_cmake_args': None, 'catkin_skip_building_tests': False, 'cmake_args': None, 'cmake_clean_cache': False, 'cmake_clean_first': False, 'cmake_force_configure': False, 'cmake_target': None, 'cmake_target_skip_unavailable': False, 'install_base': '/home/ground/ugv_repo/OperationTouchdown/ugv_ws/install/depthai_bridge', 'merge_install': False, 'path': '/home/ground/ugv_repo/OperationTouchdown/ugv_ws/src/depthai-ros/depthai_bridge', 'symlink_install': True, 'test_result_base': None}
[0.402s] Level 5:colcon.colcon_core.verb:set package 'depthai_filters' build argument 'cmake_args' from command line to 'None'
[0.402s] Level 5:colcon.colcon_core.verb:set package 'depthai_filters' build argument 'cmake_target' from command line to 'None'
[0.402s] Level 5:colcon.colcon_core.verb:set package 'depthai_filters' build argument 'cmake_target_skip_unavailable' from command line to 'False'
[0.402s] Level 5:colcon.colcon_core.verb:set package 'depthai_filters' build argument 'cmake_clean_cache' from command line to 'False'
[0.402s] Level 5:colcon.colcon_core.verb:set package 'depthai_filters' build argument 'cmake_clean_first' from command line to 'False'
[0.402s] Level 5:colcon.colcon_core.verb:set package 'depthai_filters' build argument 'cmake_force_configure' from command line to 'False'
[0.403s] Level 5:colcon.colcon_core.verb:set package 'depthai_filters' build argument 'ament_cmake_args' from command line to 'None'
[0.403s] Level 5:colcon.colcon_core.verb:set package 'depthai_filters' build argument 'catkin_cmake_args' from command line to 'None'
[0.403s] Level 5:colcon.colcon_core.verb:set package 'depthai_filters' build argument 'catkin_skip_building_tests' from command line to 'False'
[0.403s] DEBUG:colcon.colcon_core.verb:Building package 'depthai_filters' with the following arguments: {'ament_cmake_args': None, 'build_base': '/home/ground/ugv_repo/OperationTouchdown/ugv_ws/build/depthai_filters', 'catkin_cmake_args': None, 'catkin_skip_building_tests': False, 'cmake_args': None, 'cmake_clean_cache': False, 'cmake_clean_first': False, 'cmake_force_configure': False, 'cmake_target': None, 'cmake_target_skip_unavailable': False, 'install_base': '/home/ground/ugv_repo/OperationTouchdown/ugv_ws/install/depthai_filters', 'merge_install': False, 'path': '/home/ground/ugv_repo/OperationTouchdown/ugv_ws/src/depthai-ros/depthai_filters', 'symlink_install': True, 'test_result_base': None}
[0.403s] Level 5:colcon.colcon_core.verb:set package 'my_ugv_bringup' build argument 'cmake_args' from command line to 'None'
[0.403s] Level 5:colcon.colcon_core.verb:set package 'my_ugv_bringup' build argument 'cmake_target' from command line to 'None'
[0.403s] Level 5:colcon.colcon_core.verb:set package 'my_ugv_bringup' build argument 'cmake_target_skip_unavailable' from command line to 'False'
[0.403s] Level 5:colcon.colcon_core.verb:set package 'my_ugv_bringup' build argument 'cmake_clean_cache' from command line to 'False'
[0.403s] Level 5:colcon.colcon_core.verb:set package 'my_ugv_bringup' build argument 'cmake_clean_first' from command line to 'False'
[0.403s] Level 5:colcon.colcon_core.verb:set package 'my_ugv_bringup' build argument 'cmake_force_configure' from command line to 'False'
[0.403s] Level 5:colcon.colcon_core.verb:set package 'my_ugv_bringup' build argument 'ament_cmake_args' from command line to 'None'
[0.403s] Level 5:colcon.colcon_core.verb:set package 'my_ugv_bringup' build argument 'catkin_cmake_args' from command line to 'None'
[0.403s] Level 5:colcon.colcon_core.verb:set package 'my_ugv_bringup' build argument 'catkin_skip_building_tests' from command line to 'False'
[0.403s] DEBUG:colcon.colcon_core.verb:Building package 'my_ugv_bringup' with the following arguments: {'ament_cmake_args': None, 'build_base': '/home/ground/ugv_repo/OperationTouchdown/ugv_ws/build/my_ugv_bringup', 'catkin_cmake_args': None, 'catkin_skip_building_tests': False, 'cmake_args': None, 'cmake_clean_cache': False, 'cmake_clean_first': False, 'cmake_force_configure': False, 'cmake_target': None, 'cmake_target_skip_unavailable': False, 'install_base': '/home/ground/ugv_repo/OperationTouchdown/ugv_ws/install/my_ugv_bringup', 'merge_install': False, 'path': '/home/ground/ugv_repo/OperationTouchdown/ugv_ws/src/my_ugv_bringup', 'symlink_install': True, 'test_result_base': None}
[0.404s] Level 5:colcon.colcon_core.verb:set package 'depthai_examples' build argument 'cmake_args' from command line to 'None'
[0.404s] Level 5:colcon.colcon_core.verb:set package 'depthai_examples' build argument 'cmake_target' from command line to 'None'
[0.404s] Level 5:colcon.colcon_core.verb:set package 'depthai_examples' build argument 'cmake_target_skip_unavailable' from command line to 'False'
[0.404s] Level 5:colcon.colcon_core.verb:set package 'depthai_examples' build argument 'cmake_clean_cache' from command line to 'False'
[0.404s] Level 5:colcon.colcon_core.verb:set package 'depthai_examples' build argument 'cmake_clean_first' from command line to 'False'
[0.404s] Level 5:colcon.colcon_core.verb:set package 'depthai_examples' build argument 'cmake_force_configure' from command line to 'False'
[0.404s] Level 5:colcon.colcon_core.verb:set package 'depthai_examples' build argument 'ament_cmake_args' from command line to 'None'
[0.404s] Level 5:colcon.colcon_core.verb:set package 'depthai_examples' build argument 'catkin_cmake_args' from command line to 'None'
[0.404s] Level 5:colcon.colcon_core.verb:set package 'depthai_examples' build argument 'catkin_skip_building_tests' from command line to 'False'
[0.404s] DEBUG:colcon.colcon_core.verb:Building package 'depthai_examples' with the following arguments: {'ament_cmake_args': None, 'build_base': '/home/ground/ugv_repo/OperationTouchdown/ugv_ws/build/depthai_examples', 'catkin_cmake_args': None, 'catkin_skip_building_tests': False, 'cmake_args': None, 'cmake_clean_cache': False, 'cmake_clean_first': False, 'cmake_force_configure': False, 'cmake_target': None, 'cmake_target_skip_unavailable': False, 'install_base': '/home/ground/ugv_repo/OperationTouchdown/ugv_ws/install/depthai_examples', 'merge_install': False, 'path': '/home/ground/ugv_repo/OperationTouchdown/ugv_ws/src/depthai-ros/depthai_examples', 'symlink_install': True, 'test_result_base': None}
[0.404s] Level 5:colcon.colcon_core.verb:set package 'depthai_ros_driver' build argument 'cmake_args' from command line to 'None'
[0.404s] Level 5:colcon.colcon_core.verb:set package 'depthai_ros_driver' build argument 'cmake_target' from command line to 'None'
[0.404s] Level 5:colcon.colcon_core.verb:set package 'depthai_ros_driver' build argument 'cmake_target_skip_unavailable' from command line to 'False'
[0.404s] Level 5:colcon.colcon_core.verb:set package 'depthai_ros_driver' build argument 'cmake_clean_cache' from command line to 'False'
[0.404s] Level 5:colcon.colcon_core.verb:set package 'depthai_ros_driver' build argument 'cmake_clean_first' from command line to 'False'
[0.404s] Level 5:colcon.colcon_core.verb:set package 'depthai_ros_driver' build argument 'cmake_force_configure' from command line to 'False'
[0.404s] Level 5:colcon.colcon_core.verb:set package 'depthai_ros_driver' build argument 'ament_cmake_args' from command line to 'None'
[0.404s] Level 5:colcon.colcon_core.verb:set package 'depthai_ros_driver' build argument 'catkin_cmake_args' from command line to 'None'
[0.404s] Level 5:colcon.colcon_core.verb:set package 'depthai_ros_driver' build argument 'catkin_skip_building_tests' from command line to 'False'
[0.404s] DEBUG:colcon.colcon_core.verb:Building package 'depthai_ros_driver' with the following arguments: {'ament_cmake_args': None, 'build_base': '/home/ground/ugv_repo/OperationTouchdown/ugv_ws/build/depthai_ros_driver', 'catkin_cmake_args': None, 'catkin_skip_building_tests': False, 'cmake_args': None, 'cmake_clean_cache': False, 'cmake_clean_first': False, 'cmake_force_configure': False, 'cmake_target': None, 'cmake_target_skip_unavailable': False, 'install_base': '/home/ground/ugv_repo/OperationTouchdown/ugv_ws/install/depthai_ros_driver', 'merge_install': False, 'path': '/home/ground/ugv_repo/OperationTouchdown/ugv_ws/src/depthai-ros/depthai_ros_driver', 'symlink_install': True, 'test_result_base': None}
[0.405s] Level 5:colcon.colcon_core.verb:set package 'depthai-ros' build argument 'cmake_args' from command line to 'None'
[0.405s] Level 5:colcon.colcon_core.verb:set package 'depthai-ros' build argument 'cmake_target' from command line to 'None'
[0.405s] Level 5:colcon.colcon_core.verb:set package 'depthai-ros' build argument 'cmake_target_skip_unavailable' from command line to 'False'
[0.405s] Level 5:colcon.colcon_core.verb:set package 'depthai-ros' build argument 'cmake_clean_cache' from command line to 'False'
[0.405s] Level 5:colcon.colcon_core.verb:set package 'depthai-ros' build argument 'cmake_clean_first' from command line to 'False'
[0.405s] Level 5:colcon.colcon_core.verb:set package 'depthai-ros' build argument 'cmake_force_configure' from command line to 'False'
[0.405s] Level 5:colcon.colcon_core.verb:set package 'depthai-ros' build argument 'ament_cmake_args' from command line to 'None'
[0.405s] Level 5:colcon.colcon_core.verb:set package 'depthai-ros' build argument 'catkin_cmake_args' from command line to 'None'
[0.405s] Level 5:colcon.colcon_core.verb:set package 'depthai-ros' build argument 'catkin_skip_building_tests' from command line to 'False'
[0.405s] DEBUG:colcon.colcon_core.verb:Building package 'depthai-ros' with the following arguments: {'ament_cmake_args': None, 'build_base': '/home/ground/ugv_repo/OperationTouchdown/ugv_ws/build/depthai-ros', 'catkin_cmake_args': None, 'catkin_skip_building_tests': False, 'cmake_args': None, 'cmake_clean_cache': False, 'cmake_clean_first': False, 'cmake_force_configure': False, 'cmake_target': None, 'cmake_target_skip_unavailable': False, 'install_base': '/home/ground/ugv_repo/OperationTouchdown/ugv_ws/install/depthai-ros', 'merge_install': False, 'path': '/home/ground/ugv_repo/OperationTouchdown/ugv_ws/src/depthai-ros/depthai-ros', 'symlink_install': True, 'test_result_base': None}
[0.405s] INFO:colcon.colcon_core.executor:Executing jobs using 'parallel' executor
[0.406s] DEBUG:colcon.colcon_parallel_executor.executor.parallel:run_until_complete
[0.407s] INFO:colcon.colcon_ros.task.ament_cmake.build:Building ROS package in '/home/ground/ugv_repo/OperationTouchdown/ugv_ws/src/depthai-ros/depthai_ros_msgs' with build type 'ament_cmake'
[0.407s] INFO:colcon.colcon_cmake.task.cmake.build:Building CMake package in '/home/ground/ugv_repo/OperationTouchdown/ugv_ws/src/depthai-ros/depthai_ros_msgs'
[0.410s] INFO:colcon.colcon_core.plugin_system:Skipping extension 'colcon_core.shell.bat': Not used on non-Windows systems
[0.410s] INFO:colcon.colcon_core.shell:Skip shell extension 'powershell' for command environment: Not usable outside of PowerShell
[0.410s] DEBUG:colcon.colcon_core.shell:Skip shell extension 'dsv' for command environment
[0.444s] INFO:colcon.colcon_ros.task.ament_cmake.build:Building ROS package in '/home/ground/ugv_repo/OperationTouchdown/ugv_ws/src/depthai-ros/depthai_descriptions' with build type 'ament_cmake'
[0.444s] INFO:colcon.colcon_cmake.task.cmake.build:Building CMake package in '/home/ground/ugv_repo/OperationTouchdown/ugv_ws/src/depthai-ros/depthai_descriptions'
[0.445s] INFO:colcon.colcon_core.shell:Skip shell extension 'powershell' for command environment: Not usable outside of PowerShell
[0.445s] DEBUG:colcon.colcon_core.shell:Skip shell extension 'dsv' for command environment
[0.452s] INFO:colcon.colcon_ros.task.ament_cmake.build:Building ROS package in '/home/ground/ugv_repo/OperationTouchdown/ugv_ws/src/my_ugv_description' with build type 'ament_cmake'
[0.452s] INFO:colcon.colcon_cmake.task.cmake.build:Building CMake package in '/home/ground/ugv_repo/OperationTouchdown/ugv_ws/src/my_ugv_description'
[0.453s] INFO:colcon.colcon_core.shell:Skip shell extension 'powershell' for command environment: Not usable outside of PowerShell
[0.453s] DEBUG:colcon.colcon_core.shell:Skip shell extension 'dsv' for command environment
[0.459s] INFO:colcon.colcon_ros.task.ament_python.build:Building ROS package in '/home/ground/ugv_repo/OperationTouchdown/ugv_ws/src/my_ugv_hardware' with build type 'ament_python'
[0.460s] Level 1:colcon.colcon_core.shell:create_environment_hook('my_ugv_hardware', 'ament_prefix_path')
[0.460s] INFO:colcon.colcon_core.shell:Creating environment hook '/home/ground/ugv_repo/OperationTouchdown/ugv_ws/install/my_ugv_hardware/share/my_ugv_hardware/hook/ament_prefix_path.ps1'
[0.461s] INFO:colcon.colcon_core.shell:Creating environment descriptor '/home/ground/ugv_repo/OperationTouchdown/ugv_ws/install/my_ugv_hardware/share/my_ugv_hardware/hook/ament_prefix_path.dsv'
[0.462s] INFO:colcon.colcon_core.shell:Creating environment hook '/home/ground/ugv_repo/OperationTouchdown/ugv_ws/install/my_ugv_hardware/share/my_ugv_hardware/hook/ament_prefix_path.sh'
[0.463s] INFO:colcon.colcon_core.shell:Skip shell extension 'powershell' for command environment: Not usable outside of PowerShell
[0.463s] DEBUG:colcon.colcon_core.shell:Skip shell extension 'dsv' for command environment
[0.478s] DEBUG:colcon.colcon_core.event_handler.log_command:Invoking command in '/home/ground/ugv_repo/OperationTouchdown/ugv_ws/build/depthai_ros_msgs': CMAKE_PREFIX_PATH=${CMAKE_PREFIX_PATH}:/home/ground/ugv_repo/OperationTouchdown/ugv_ws/install/my_ugv_vision:/home/ground/ugv_repo/OperationTouchdown/ugv_ws/install/my_ugv_hardware:/opt/ros/jazzy DEBUGINFOD_URLS=https://debuginfod.ubuntu.com /usr/bin/cmake --build /home/ground/ugv_repo/OperationTouchdown/ugv_ws/build/depthai_ros_msgs -- -j4 -l4
[0.484s] DEBUG:colcon.colcon_core.event_handler.log_command:Invoking command in '/home/ground/ugv_repo/OperationTouchdown/ugv_ws/build/depthai_descriptions': CMAKE_PREFIX_PATH=${CMAKE_PREFIX_PATH}:/home/ground/ugv_repo/OperationTouchdown/ugv_ws/install/my_ugv_vision:/home/ground/ugv_repo/OperationTouchdown/ugv_ws/install/my_ugv_hardware:/opt/ros/jazzy DEBUGINFOD_URLS=https://debuginfod.ubuntu.com /usr/bin/cmake --build /home/ground/ugv_repo/OperationTouchdown/ugv_ws/build/depthai_descriptions -- -j4 -l4
[0.491s] DEBUG:colcon.colcon_core.event_handler.log_command:Invoking command in '/home/ground/ugv_repo/OperationTouchdown/ugv_ws/build/my_ugv_description': CMAKE_PREFIX_PATH=${CMAKE_PREFIX_PATH}:/home/ground/ugv_repo/OperationTouchdown/ugv_ws/install/my_ugv_vision:/home/ground/ugv_repo/OperationTouchdown/ugv_ws/install/my_ugv_hardware:/opt/ros/jazzy DEBUGINFOD_URLS=https://debuginfod.ubuntu.com /usr/bin/cmake --build /home/ground/ugv_repo/OperationTouchdown/ugv_ws/build/my_ugv_description -- -j4 -l4
[0.961s] INFO:colcon.colcon_core.task.python.build:Building Python package in '/home/ground/ugv_repo/OperationTouchdown/ugv_ws/src/my_ugv_hardware'
[0.961s] INFO:colcon.colcon_core.shell:Skip shell extension 'powershell' for command environment: Not usable outside of PowerShell
[0.961s] DEBUG:colcon.colcon_core.shell:Skip shell extension 'dsv' for command environment
[0.971s] DEBUG:colcon.colcon_core.event_handler.log_command:Invoked command in '/home/ground/ugv_repo/OperationTouchdown/ugv_ws/build/my_ugv_description' returned '0': CMAKE_PREFIX_PATH=${CMAKE_PREFIX_PATH}:/home/ground/ugv_repo/OperationTouchdown/ugv_ws/install/my_ugv_vision:/home/ground/ugv_repo/OperationTouchdown/ugv_ws/install/my_ugv_hardware:/opt/ros/jazzy DEBUGINFOD_URLS=https://debuginfod.ubuntu.com /usr/bin/cmake --build /home/ground/ugv_repo/OperationTouchdown/ugv_ws/build/my_ugv_description -- -j4 -l4
[0.993s] DEBUG:colcon.colcon_core.event_handler.log_command:Invoking command in '/home/ground/ugv_repo/OperationTouchdown/ugv_ws/build/my_ugv_description': CMAKE_PREFIX_PATH=${CMAKE_PREFIX_PATH}:/home/ground/ugv_repo/OperationTouchdown/ugv_ws/install/my_ugv_vision:/home/ground/ugv_repo/OperationTouchdown/ugv_ws/install/my_ugv_hardware:/opt/ros/jazzy DEBUGINFOD_URLS=https://debuginfod.ubuntu.com /usr/bin/cmake --install /home/ground/ugv_repo/OperationTouchdown/ugv_ws/build/my_ugv_description
[0.999s] DEBUG:colcon.colcon_core.event_handler.log_command:Invoked command in '/home/ground/ugv_repo/OperationTouchdown/ugv_ws/build/depthai_descriptions' returned '0': CMAKE_PREFIX_PATH=${CMAKE_PREFIX_PATH}:/home/ground/ugv_repo/OperationTouchdown/ugv_ws/install/my_ugv_vision:/home/ground/ugv_repo/OperationTouchdown/ugv_ws/install/my_ugv_hardware:/opt/ros/jazzy DEBUGINFOD_URLS=https://debuginfod.ubuntu.com /usr/bin/cmake --build /home/ground/ugv_repo/OperationTouchdown/ugv_ws/build/depthai_descriptions -- -j4 -l4
[0.999s] DEBUG:colcon.colcon_core.event_handler.log_command:Invoking command in '/home/ground/ugv_repo/OperationTouchdown/ugv_ws/build/depthai_descriptions': CMAKE_PREFIX_PATH=${CMAKE_PREFIX_PATH}:/home/ground/ugv_repo/OperationTouchdown/ugv_ws/install/my_ugv_vision:/home/ground/ugv_repo/OperationTouchdown/ugv_ws/install/my_ugv_hardware:/opt/ros/jazzy DEBUGINFOD_URLS=https://debuginfod.ubuntu.com /usr/bin/cmake --install /home/ground/ugv_repo/OperationTouchdown/ugv_ws/build/depthai_descriptions
[1.065s] Level 1:colcon.colcon_core.environment:create_environment_scripts_only(my_ugv_description)
[1.072s] DEBUG:colcon.colcon_core.event_handler.log_command:Invoked command in '/home/ground/ugv_repo/OperationTouchdown/ugv_ws/build/my_ugv_description' returned '0': CMAKE_PREFIX_PATH=${CMAKE_PREFIX_PATH}:/home/ground/ugv_repo/OperationTouchdown/ugv_ws/install/my_ugv_vision:/home/ground/ugv_repo/OperationTouchdown/ugv_ws/install/my_ugv_hardware:/opt/ros/jazzy DEBUGINFOD_URLS=https://debuginfod.ubuntu.com /usr/bin/cmake --install /home/ground/ugv_repo/OperationTouchdown/ugv_ws/build/my_ugv_description
[1.077s] Level 1:colcon.colcon_core.environment:checking '/home/ground/ugv_repo/OperationTouchdown/ugv_ws/install/my_ugv_description' for CMake module files
[1.079s] Level 1:colcon.colcon_core.environment:checking '/home/ground/ugv_repo/OperationTouchdown/ugv_ws/install/my_ugv_description' for CMake config files
[1.082s] Level 1:colcon.colcon_core.shell:create_environment_hook('my_ugv_description', 'cmake_prefix_path')
[1.082s] INFO:colcon.colcon_core.shell:Creating environment hook '/home/ground/ugv_repo/OperationTouchdown/ugv_ws/install/my_ugv_description/share/my_ugv_description/hook/cmake_prefix_path.ps1'
[1.083s] INFO:colcon.colcon_core.shell:Creating environment descriptor '/home/ground/ugv_repo/OperationTouchdown/ugv_ws/install/my_ugv_description/share/my_ugv_description/hook/cmake_prefix_path.dsv'
[1.084s] INFO:colcon.colcon_core.shell:Creating environment hook '/home/ground/ugv_repo/OperationTouchdown/ugv_ws/install/my_ugv_description/share/my_ugv_description/hook/cmake_prefix_path.sh'
[1.086s] Level 1:colcon.colcon_core.environment:checking '/home/ground/ugv_repo/OperationTouchdown/ugv_ws/install/my_ugv_description/bin'
[1.086s] Level 1:colcon.colcon_core.environment:checking '/home/ground/ugv_repo/OperationTouchdown/ugv_ws/install/my_ugv_description/lib/pkgconfig/my_ugv_description.pc'
[1.086s] Level 1:colcon.colcon_core.environment:checking '/home/ground/ugv_repo/OperationTouchdown/ugv_ws/install/my_ugv_description/lib/python3.12/site-packages'
[1.087s] Level 1:colcon.colcon_core.environment:checking '/home/ground/ugv_repo/OperationTouchdown/ugv_ws/install/my_ugv_description/bin'
[1.087s] INFO:colcon.colcon_core.shell:Creating package script '/home/ground/ugv_repo/OperationTouchdown/ugv_ws/install/my_ugv_description/share/my_ugv_description/package.ps1'
[1.089s] INFO:colcon.colcon_core.shell:Creating package descriptor '/home/ground/ugv_repo/OperationTouchdown/ugv_ws/install/my_ugv_description/share/my_ugv_description/package.dsv'
[1.090s] INFO:colcon.colcon_core.shell:Creating package script '/home/ground/ugv_repo/OperationTouchdown/ugv_ws/install/my_ugv_description/share/my_ugv_description/package.sh'
[1.091s] INFO:colcon.colcon_core.shell:Creating package script '/home/ground/ugv_repo/OperationTouchdown/ugv_ws/install/my_ugv_description/share/my_ugv_description/package.bash'
[1.092s] INFO:colcon.colcon_core.shell:Creating package script '/home/ground/ugv_repo/OperationTouchdown/ugv_ws/install/my_ugv_description/share/my_ugv_description/package.zsh'
[1.093s] Level 1:colcon.colcon_core.environment:create_file_with_runtime_dependencies(/home/ground/ugv_repo/OperationTouchdown/ugv_ws/install/my_ugv_description/share/colcon-core/packages/my_ugv_description)
[1.094s] Level 1:colcon.colcon_core.environment:create_environment_scripts_only(my_ugv_description)
[1.095s] Level 1:colcon.colcon_core.environment:checking '/home/ground/ugv_repo/OperationTouchdown/ugv_ws/install/my_ugv_description' for CMake module files
[1.097s] Level 1:colcon.colcon_core.environment:checking '/home/ground/ugv_repo/OperationTouchdown/ugv_ws/install/my_ugv_description' for CMake config files
[1.098s] Level 1:colcon.colcon_core.shell:create_environment_hook('my_ugv_description', 'cmake_prefix_path')
[1.098s] INFO:colcon.colcon_core.shell:Creating environment hook '/home/ground/ugv_repo/OperationTouchdown/ugv_ws/install/my_ugv_description/share/my_ugv_description/hook/cmake_prefix_path.ps1'
[1.099s] INFO:colcon.colcon_core.shell:Creating environment descriptor '/home/ground/ugv_repo/OperationTouchdown/ugv_ws/install/my_ugv_description/share/my_ugv_description/hook/cmake_prefix_path.dsv'
[1.100s] INFO:colcon.colcon_core.shell:Creating environment hook '/home/ground/ugv_repo/OperationTouchdown/ugv_ws/install/my_ugv_description/share/my_ugv_description/hook/cmake_prefix_path.sh'
[1.102s] Level 1:colcon.colcon_core.environment:checking '/home/ground/ugv_repo/OperationTouchdown/ugv_ws/install/my_ugv_description/bin'
[1.102s] Level 1:colcon.colcon_core.environment:checking '/home/ground/ugv_repo/OperationTouchdown/ugv_ws/install/my_ugv_description/lib/pkgconfig/my_ugv_description.pc'
[1.103s] Level 1:colcon.colcon_core.environment:checking '/home/ground/ugv_repo/OperationTouchdown/ugv_ws/install/my_ugv_description/lib/python3.12/site-packages'
[1.103s] Level 1:colcon.colcon_core.environment:checking '/home/ground/ugv_repo/OperationTouchdown/ugv_ws/install/my_ugv_description/bin'
[1.104s] INFO:colcon.colcon_core.shell:Creating package script '/home/ground/ugv_repo/OperationTouchdown/ugv_ws/install/my_ugv_description/share/my_ugv_description/package.ps1'
[1.108s] INFO:colcon.colcon_core.shell:Creating package descriptor '/home/ground/ugv_repo/OperationTouchdown/ugv_ws/install/my_ugv_description/share/my_ugv_description/package.dsv'
[1.111s] INFO:colcon.colcon_core.shell:Creating package script '/home/ground/ugv_repo/OperationTouchdown/ugv_ws/install/my_ugv_description/share/my_ugv_description/package.sh'
[1.112s] INFO:colcon.colcon_core.shell:Creating package script '/home/ground/ugv_repo/OperationTouchdown/ugv_ws/install/my_ugv_description/share/my_ugv_description/package.bash'
[1.113s] INFO:colcon.colcon_core.shell:Creating package script '/home/ground/ugv_repo/OperationTouchdown/ugv_ws/install/my_ugv_description/share/my_ugv_description/package.zsh'
[1.114s] Level 1:colcon.colcon_core.environment:create_file_with_runtime_dependencies(/home/ground/ugv_repo/OperationTouchdown/ugv_ws/install/my_ugv_description/share/colcon-core/packages/my_ugv_description)
[1.116s] INFO:colcon.colcon_ros.task.ament_cmake.build:Building ROS package in '/home/ground/ugv_repo/OperationTouchdown/ugv_ws/src/dual_laser_merger' with build type 'ament_cmake'
[1.117s] INFO:colcon.colcon_cmake.task.cmake.build:Building CMake package in '/home/ground/ugv_repo/OperationTouchdown/ugv_ws/src/dual_laser_merger'
[1.117s] INFO:colcon.colcon_core.shell:Skip shell extension 'powershell' for command environment: Not usable outside of PowerShell
[1.118s] DEBUG:colcon.colcon_core.shell:Skip shell extension 'dsv' for command environment
[1.127s] Level 1:colcon.colcon_core.environment:create_environment_scripts_only(depthai_descriptions)
[1.129s] Level 1:colcon.colcon_core.environment:checking '/home/ground/ugv_repo/OperationTouchdown/ugv_ws/install/depthai_descriptions' for CMake module files
[1.127s] DEBUG:colcon.colcon_core.event_handler.log_command:Invoked command in '/home/ground/ugv_repo/OperationTouchdown/ugv_ws/build/depthai_descriptions' returned '0': CMAKE_PREFIX_PATH=${CMAKE_PREFIX_PATH}:/home/ground/ugv_repo/OperationTouchdown/ugv_ws/install/my_ugv_vision:/home/ground/ugv_repo/OperationTouchdown/ugv_ws/install/my_ugv_hardware:/opt/ros/jazzy DEBUGINFOD_URLS=https://debuginfod.ubuntu.com /usr/bin/cmake --install /home/ground/ugv_repo/OperationTouchdown/ugv_ws/build/depthai_descriptions
[1.131s] Level 1:colcon.colcon_core.environment:checking '/home/ground/ugv_repo/OperationTouchdown/ugv_ws/install/depthai_descriptions' for CMake config files
[1.132s] Level 1:colcon.colcon_core.shell:create_environment_hook('depthai_descriptions', 'cmake_prefix_path')
[1.134s] INFO:colcon.colcon_core.shell:Creating environment hook '/home/ground/ugv_repo/OperationTouchdown/ugv_ws/install/depthai_descriptions/share/depthai_descriptions/hook/cmake_prefix_path.ps1'
[1.135s] INFO:colcon.colcon_core.shell:Creating environment descriptor '/home/ground/ugv_repo/OperationTouchdown/ugv_ws/install/depthai_descriptions/share/depthai_descriptions/hook/cmake_prefix_path.dsv'
[1.136s] INFO:colcon.colcon_core.shell:Creating environment hook '/home/ground/ugv_repo/OperationTouchdown/ugv_ws/install/depthai_descriptions/share/depthai_descriptions/hook/cmake_prefix_path.sh'
[1.137s] Level 1:colcon.colcon_core.environment:checking '/home/ground/ugv_repo/OperationTouchdown/ugv_ws/install/depthai_descriptions/bin'
[1.137s] Level 1:colcon.colcon_core.environment:checking '/home/ground/ugv_repo/OperationTouchdown/ugv_ws/install/depthai_descriptions/lib/pkgconfig/depthai_descriptions.pc'
[1.138s] Level 1:colcon.colcon_core.environment:checking '/home/ground/ugv_repo/OperationTouchdown/ugv_ws/install/depthai_descriptions/lib/python3.12/site-packages'
[1.138s] Level 1:colcon.colcon_core.environment:checking '/home/ground/ugv_repo/OperationTouchdown/ugv_ws/install/depthai_descriptions/bin'
[1.139s] INFO:colcon.colcon_core.shell:Creating package script '/home/ground/ugv_repo/OperationTouchdown/ugv_ws/install/depthai_descriptions/share/depthai_descriptions/package.ps1'
[1.140s] INFO:colcon.colcon_core.shell:Creating package descriptor '/home/ground/ugv_repo/OperationTouchdown/ugv_ws/install/depthai_descriptions/share/depthai_descriptions/package.dsv'
[1.141s] INFO:colcon.colcon_core.shell:Creating package script '/home/ground/ugv_repo/OperationTouchdown/ugv_ws/install/depthai_descriptions/share/depthai_descriptions/package.sh'
[1.143s] INFO:colcon.colcon_core.shell:Creating package script '/home/ground/ugv_repo/OperationTouchdown/ugv_ws/install/depthai_descriptions/share/depthai_descriptions/package.bash'
[1.144s] INFO:colcon.colcon_core.shell:Creating package script '/home/ground/ugv_repo/OperationTouchdown/ugv_ws/install/depthai_descriptions/share/depthai_descriptions/package.zsh'
[1.144s] Level 1:colcon.colcon_core.environment:create_file_with_runtime_dependencies(/home/ground/ugv_repo/OperationTouchdown/ugv_ws/install/depthai_descriptions/share/colcon-core/packages/depthai_descriptions)
[1.146s] Level 1:colcon.colcon_core.environment:create_environment_scripts_only(depthai_descriptions)
[1.146s] Level 1:colcon.colcon_core.environment:checking '/home/ground/ugv_repo/OperationTouchdown/ugv_ws/install/depthai_descriptions' for CMake module files
[1.147s] Level 1:colcon.colcon_core.environment:checking '/home/ground/ugv_repo/OperationTouchdown/ugv_ws/install/depthai_descriptions' for CMake config files
[1.148s] Level 1:colcon.colcon_core.shell:create_environment_hook('depthai_descriptions', 'cmake_prefix_path')
[1.148s] INFO:colcon.colcon_core.shell:Creating environment hook '/home/ground/ugv_repo/OperationTouchdown/ugv_ws/install/depthai_descriptions/share/depthai_descriptions/hook/cmake_prefix_path.ps1'
[1.149s] INFO:colcon.colcon_core.shell:Creating environment descriptor '/home/ground/ugv_repo/OperationTouchdown/ugv_ws/install/depthai_descriptions/share/depthai_descriptions/hook/cmake_prefix_path.dsv'
[1.150s] INFO:colcon.colcon_core.shell:Creating environment hook '/home/ground/ugv_repo/OperationTouchdown/ugv_ws/install/depthai_descriptions/share/depthai_descriptions/hook/cmake_prefix_path.sh'
[1.152s] Level 1:colcon.colcon_core.environment:checking '/home/ground/ugv_repo/OperationTouchdown/ugv_ws/install/depthai_descriptions/bin'
[1.152s] Level 1:colcon.colcon_core.environment:checking '/home/ground/ugv_repo/OperationTouchdown/ugv_ws/install/depthai_descriptions/lib/pkgconfig/depthai_descriptions.pc'
[1.153s] Level 1:colcon.colcon_core.environment:checking '/home/ground/ugv_repo/OperationTouchdown/ugv_ws/install/depthai_descriptions/lib/python3.12/site-packages'
[1.154s] Level 1:colcon.colcon_core.environment:checking '/home/ground/ugv_repo/OperationTouchdown/ugv_ws/install/depthai_descriptions/bin'
[1.154s] INFO:colcon.colcon_core.shell:Creating package script '/home/ground/ugv_repo/OperationTouchdown/ugv_ws/install/depthai_descriptions/share/depthai_descriptions/package.ps1'
[1.156s] INFO:colcon.colcon_core.shell:Creating package descriptor '/home/ground/ugv_repo/OperationTouchdown/ugv_ws/install/depthai_descriptions/share/depthai_descriptions/package.dsv'
[1.157s] INFO:colcon.colcon_core.shell:Creating package script '/home/ground/ugv_repo/OperationTouchdown/ugv_ws/install/depthai_descriptions/share/depthai_descriptions/package.sh'
[1.159s] INFO:colcon.colcon_core.shell:Creating package script '/home/ground/ugv_repo/OperationTouchdown/ugv_ws/install/depthai_descriptions/share/depthai_descriptions/package.bash'
[1.160s] INFO:colcon.colcon_core.shell:Creating package script '/home/ground/ugv_repo/OperationTouchdown/ugv_ws/install/depthai_descriptions/share/depthai_descriptions/package.zsh'
[1.161s] Level 1:colcon.colcon_core.environment:create_file_with_runtime_dependencies(/home/ground/ugv_repo/OperationTouchdown/ugv_ws/install/depthai_descriptions/share/colcon-core/packages/depthai_descriptions)
[1.162s] INFO:colcon.colcon_ros.task.ament_python.build:Building ROS package in '/home/ground/ugv_repo/OperationTouchdown/ugv_ws/src/my_ugv_vision' with build type 'ament_python'
[1.164s] Level 1:colcon.colcon_core.shell:create_environment_hook('my_ugv_vision', 'ament_prefix_path')
[1.166s] INFO:colcon.colcon_core.shell:Creating environment hook '/home/ground/ugv_repo/OperationTouchdown/ugv_ws/install/my_ugv_vision/share/my_ugv_vision/hook/ament_prefix_path.ps1'
[1.168s] INFO:colcon.colcon_core.shell:Creating environment descriptor '/home/ground/ugv_repo/OperationTouchdown/ugv_ws/install/my_ugv_vision/share/my_ugv_vision/hook/ament_prefix_path.dsv'
[1.169s] INFO:colcon.colcon_core.shell:Creating environment hook '/home/ground/ugv_repo/OperationTouchdown/ugv_ws/install/my_ugv_vision/share/my_ugv_vision/hook/ament_prefix_path.sh'
[1.171s] INFO:colcon.colcon_core.shell:Skip shell extension 'powershell' for command environment: Not usable outside of PowerShell
[1.171s] DEBUG:colcon.colcon_core.shell:Skip shell extension 'dsv' for command environment
[1.192s] DEBUG:colcon.colcon_core.event_handler.log_command:Invoking command in '/home/ground/ugv_repo/OperationTouchdown/ugv_ws/build/dual_laser_merger': CMAKE_PREFIX_PATH=${CMAKE_PREFIX_PATH}:/home/ground/ugv_repo/OperationTouchdown/ugv_ws/install/my_ugv_vision:/home/ground/ugv_repo/OperationTouchdown/ugv_ws/install/my_ugv_hardware:/opt/ros/jazzy DEBUGINFOD_URLS=https://debuginfod.ubuntu.com /usr/bin/cmake --build /home/ground/ugv_repo/OperationTouchdown/ugv_ws/build/dual_laser_merger -- -j4 -l4
[1.715s] INFO:colcon.colcon_core.task.python.build:Building Python package in '/home/ground/ugv_repo/OperationTouchdown/ugv_ws/src/my_ugv_vision'
[1.715s] INFO:colcon.colcon_core.shell:Skip shell extension 'powershell' for command environment: Not usable outside of PowerShell
[1.715s] DEBUG:colcon.colcon_core.shell:Skip shell extension 'dsv' for command environment
[1.726s] DEBUG:colcon.colcon_core.event_handler.log_command:Invoked command in '/home/ground/ugv_repo/OperationTouchdown/ugv_ws/build/dual_laser_merger' returned '0': CMAKE_PREFIX_PATH=${CMAKE_PREFIX_PATH}:/home/ground/ugv_repo/OperationTouchdown/ugv_ws/install/my_ugv_vision:/home/ground/ugv_repo/OperationTouchdown/ugv_ws/install/my_ugv_hardware:/opt/ros/jazzy DEBUGINFOD_URLS=https://debuginfod.ubuntu.com /usr/bin/cmake --build /home/ground/ugv_repo/OperationTouchdown/ugv_ws/build/dual_laser_merger -- -j4 -l4
[1.726s] DEBUG:colcon.colcon_core.event_handler.log_command:Invoking command in '/home/ground/ugv_repo/OperationTouchdown/ugv_ws/build/dual_laser_merger': CMAKE_PREFIX_PATH=${CMAKE_PREFIX_PATH}:/home/ground/ugv_repo/OperationTouchdown/ugv_ws/install/my_ugv_vision:/home/ground/ugv_repo/OperationTouchdown/ugv_ws/install/my_ugv_hardware:/opt/ros/jazzy DEBUGINFOD_URLS=https://debuginfod.ubuntu.com /usr/bin/cmake --install /home/ground/ugv_repo/OperationTouchdown/ugv_ws/build/dual_laser_merger
[1.728s] DEBUG:colcon.colcon_core.event_handler.log_command:Invoked command in '/home/ground/ugv_repo/OperationTouchdown/ugv_ws/build/depthai_ros_msgs' returned '0': CMAKE_PREFIX_PATH=${CMAKE_PREFIX_PATH}:/home/ground/ugv_repo/OperationTouchdown/ugv_ws/install/my_ugv_vision:/home/ground/ugv_repo/OperationTouchdown/ugv_ws/install/my_ugv_hardware:/opt/ros/jazzy DEBUGINFOD_URLS=https://debuginfod.ubuntu.com /usr/bin/cmake --build /home/ground/ugv_repo/OperationTouchdown/ugv_ws/build/depthai_ros_msgs -- -j4 -l4
[1.730s] DEBUG:colcon.colcon_core.event_handler.log_command:Invoking command in '/home/ground/ugv_repo/OperationTouchdown/ugv_ws/build/depthai_ros_msgs': CMAKE_PREFIX_PATH=${CMAKE_PREFIX_PATH}:/home/ground/ugv_repo/OperationTouchdown/ugv_ws/install/my_ugv_vision:/home/ground/ugv_repo/OperationTouchdown/ugv_ws/install/my_ugv_hardware:/opt/ros/jazzy DEBUGINFOD_URLS=https://debuginfod.ubuntu.com /usr/bin/cmake --install /home/ground/ugv_repo/OperationTouchdown/ugv_ws/build/depthai_ros_msgs
[1.805s] Level 1:colcon.colcon_core.environment:create_environment_scripts_only(dual_laser_merger)
[1.806s] Level 1:colcon.colcon_core.environment:checking '/home/ground/ugv_repo/OperationTouchdown/ugv_ws/install/dual_laser_merger' for CMake module files
[1.813s] Level 1:colcon.colcon_core.environment:checking '/home/ground/ugv_repo/OperationTouchdown/ugv_ws/install/dual_laser_merger' for CMake config files
[1.817s] Level 1:colcon.colcon_core.shell:create_environment_hook('dual_laser_merger', 'cmake_prefix_path')
[1.817s] INFO:colcon.colcon_core.shell:Creating environment hook '/home/ground/ugv_repo/OperationTouchdown/ugv_ws/install/dual_laser_merger/share/dual_laser_merger/hook/cmake_prefix_path.ps1'
[1.818s] DEBUG:colcon.colcon_core.event_handler.log_command:Invoked command in '/home/ground/ugv_repo/OperationTouchdown/ugv_ws/build/dual_laser_merger' returned '0': CMAKE_PREFIX_PATH=${CMAKE_PREFIX_PATH}:/home/ground/ugv_repo/OperationTouchdown/ugv_ws/install/my_ugv_vision:/home/ground/ugv_repo/OperationTouchdown/ugv_ws/install/my_ugv_hardware:/opt/ros/jazzy DEBUGINFOD_URLS=https://debuginfod.ubuntu.com /usr/bin/cmake --install /home/ground/ugv_repo/OperationTouchdown/ugv_ws/build/dual_laser_merger
[1.820s] INFO:colcon.colcon_core.shell:Creating environment descriptor '/home/ground/ugv_repo/OperationTouchdown/ugv_ws/install/dual_laser_merger/share/dual_laser_merger/hook/cmake_prefix_path.dsv'
[1.821s] INFO:colcon.colcon_core.shell:Creating environment hook '/home/ground/ugv_repo/OperationTouchdown/ugv_ws/install/dual_laser_merger/share/dual_laser_merger/hook/cmake_prefix_path.sh'
[1.825s] Level 1:colcon.colcon_core.environment:checking '/home/ground/ugv_repo/OperationTouchdown/ugv_ws/install/dual_laser_merger/lib'
[1.826s] Level 1:colcon.colcon_core.shell:create_environment_hook('dual_laser_merger', 'ld_library_path_lib')
[1.828s] INFO:colcon.colcon_core.shell:Creating environment hook '/home/ground/ugv_repo/OperationTouchdown/ugv_ws/install/dual_laser_merger/share/dual_laser_merger/hook/ld_library_path_lib.ps1'
[1.831s] INFO:colcon.colcon_core.shell:Creating environment descriptor '/home/ground/ugv_repo/OperationTouchdown/ugv_ws/install/dual_laser_merger/share/dual_laser_merger/hook/ld_library_path_lib.dsv'
[1.834s] INFO:colcon.colcon_core.shell:Creating environment hook '/home/ground/ugv_repo/OperationTouchdown/ugv_ws/install/dual_laser_merger/share/dual_laser_merger/hook/ld_library_path_lib.sh'
[1.836s] Level 1:colcon.colcon_core.environment:checking '/home/ground/ugv_repo/OperationTouchdown/ugv_ws/install/dual_laser_merger/bin'
[1.836s] Level 1:colcon.colcon_core.environment:checking '/home/ground/ugv_repo/OperationTouchdown/ugv_ws/install/dual_laser_merger/lib/pkgconfig/dual_laser_merger.pc'
[1.837s] Level 1:colcon.colcon_core.environment:checking '/home/ground/ugv_repo/OperationTouchdown/ugv_ws/install/dual_laser_merger/lib/python3.12/site-packages'
[1.838s] Level 1:colcon.colcon_core.environment:checking '/home/ground/ugv_repo/OperationTouchdown/ugv_ws/install/dual_laser_merger/bin'
[1.839s] INFO:colcon.colcon_core.shell:Creating package script '/home/ground/ugv_repo/OperationTouchdown/ugv_ws/install/dual_laser_merger/share/dual_laser_merger/package.ps1'
[1.841s] INFO:colcon.colcon_core.shell:Creating package descriptor '/home/ground/ugv_repo/OperationTouchdown/ugv_ws/install/dual_laser_merger/share/dual_laser_merger/package.dsv'
[1.843s] INFO:colcon.colcon_core.shell:Creating package script '/home/ground/ugv_repo/OperationTouchdown/ugv_ws/install/dual_laser_merger/share/dual_laser_merger/package.sh'
[1.846s] INFO:colcon.colcon_core.shell:Creating package script '/home/ground/ugv_repo/OperationTouchdown/ugv_ws/install/dual_laser_merger/share/dual_laser_merger/package.bash'
[1.849s] INFO:colcon.colcon_core.shell:Creating package script '/home/ground/ugv_repo/OperationTouchdown/ugv_ws/install/dual_laser_merger/share/dual_laser_merger/package.zsh'
[1.851s] Level 1:colcon.colcon_core.environment:create_file_with_runtime_dependencies(/home/ground/ugv_repo/OperationTouchdown/ugv_ws/install/dual_laser_merger/share/colcon-core/packages/dual_laser_merger)
[1.855s] Level 1:colcon.colcon_core.environment:create_environment_scripts_only(dual_laser_merger)
[1.856s] Level 1:colcon.colcon_core.environment:checking '/home/ground/ugv_repo/OperationTouchdown/ugv_ws/install/dual_laser_merger' for CMake module files
[1.857s] Level 1:colcon.colcon_core.environment:checking '/home/ground/ugv_repo/OperationTouchdown/ugv_ws/install/dual_laser_merger' for CMake config files
[1.857s] Level 1:colcon.colcon_core.shell:create_environment_hook('dual_laser_merger', 'cmake_prefix_path')
[1.858s] INFO:colcon.colcon_core.shell:Creating environment hook '/home/ground/ugv_repo/OperationTouchdown/ugv_ws/install/dual_laser_merger/share/dual_laser_merger/hook/cmake_prefix_path.ps1'
[1.862s] INFO:colcon.colcon_core.shell:Creating environment descriptor '/home/ground/ugv_repo/OperationTouchdown/ugv_ws/install/dual_laser_merger/share/dual_laser_merger/hook/cmake_prefix_path.dsv'
[1.863s] INFO:colcon.colcon_core.shell:Creating environment hook '/home/ground/ugv_repo/OperationTouchdown/ugv_ws/install/dual_laser_merger/share/dual_laser_merger/hook/cmake_prefix_path.sh'
[1.864s] Level 1:colcon.colcon_core.environment:checking '/home/ground/ugv_repo/OperationTouchdown/ugv_ws/install/dual_laser_merger/lib'
[1.864s] Level 1:colcon.colcon_core.shell:create_environment_hook('dual_laser_merger', 'ld_library_path_lib')
[1.865s] INFO:colcon.colcon_core.shell:Creating environment hook '/home/ground/ugv_repo/OperationTouchdown/ugv_ws/install/dual_laser_merger/share/dual_laser_merger/hook/ld_library_path_lib.ps1'
[1.866s] INFO:colcon.colcon_core.shell:Creating environment descriptor '/home/ground/ugv_repo/OperationTouchdown/ugv_ws/install/dual_laser_merger/share/dual_laser_merger/hook/ld_library_path_lib.dsv'
[1.867s] INFO:colcon.colcon_core.shell:Creating environment hook '/home/ground/ugv_repo/OperationTouchdown/ugv_ws/install/dual_laser_merger/share/dual_laser_merger/hook/ld_library_path_lib.sh'
[1.868s] Level 1:colcon.colcon_core.environment:checking '/home/ground/ugv_repo/OperationTouchdown/ugv_ws/install/dual_laser_merger/bin'
[1.868s] Level 1:colcon.colcon_core.environment:checking '/home/ground/ugv_repo/OperationTouchdown/ugv_ws/install/dual_laser_merger/lib/pkgconfig/dual_laser_merger.pc'
[1.868s] Level 1:colcon.colcon_core.environment:checking '/home/ground/ugv_repo/OperationTouchdown/ugv_ws/install/dual_laser_merger/lib/python3.12/site-packages'
[1.869s] Level 1:colcon.colcon_core.environment:checking '/home/ground/ugv_repo/OperationTouchdown/ugv_ws/install/dual_laser_merger/bin'
[1.870s] INFO:colcon.colcon_core.shell:Creating package script '/home/ground/ugv_repo/OperationTouchdown/ugv_ws/install/dual_laser_merger/share/dual_laser_merger/package.ps1'
[1.872s] INFO:colcon.colcon_core.shell:Creating package descriptor '/home/ground/ugv_repo/OperationTouchdown/ugv_ws/install/dual_laser_merger/share/dual_laser_merger/package.dsv'
[1.874s] INFO:colcon.colcon_core.shell:Creating package script '/home/ground/ugv_repo/OperationTouchdown/ugv_ws/install/dual_laser_merger/share/dual_laser_merger/package.sh'
[1.876s] INFO:colcon.colcon_core.shell:Creating package script '/home/ground/ugv_repo/OperationTouchdown/ugv_ws/install/dual_laser_merger/share/dual_laser_merger/package.bash'
[1.878s] INFO:colcon.colcon_core.shell:Creating package script '/home/ground/ugv_repo/OperationTouchdown/ugv_ws/install/dual_laser_merger/share/dual_laser_merger/package.zsh'
[1.880s] Level 1:colcon.colcon_core.environment:create_file_with_runtime_dependencies(/home/ground/ugv_repo/OperationTouchdown/ugv_ws/install/dual_laser_merger/share/colcon-core/packages/dual_laser_merger)
[1.881s] INFO:colcon.colcon_ros.task.ament_cmake.build:Building ROS package in '/home/ground/ugv_repo/OperationTouchdown/ugv_ws/src/roboteq_ros2_driver' with build type 'ament_cmake'
[1.881s] INFO:colcon.colcon_cmake.task.cmake.build:Building CMake package in '/home/ground/ugv_repo/OperationTouchdown/ugv_ws/src/roboteq_ros2_driver'
[1.882s] INFO:colcon.colcon_core.shell:Skip shell extension 'powershell' for command environment: Not usable outside of PowerShell
[1.882s] DEBUG:colcon.colcon_core.shell:Skip shell extension 'dsv' for command environment
[1.901s] DEBUG:colcon.colcon_core.event_handler.log_command:Invoking command in '/home/ground/ugv_repo/OperationTouchdown/ugv_ws/build/roboteq_ros2_driver': CMAKE_PREFIX_PATH=${CMAKE_PREFIX_PATH}:/home/ground/ugv_repo/OperationTouchdown/ugv_ws/install/my_ugv_vision:/home/ground/ugv_repo/OperationTouchdown/ugv_ws/install/my_ugv_hardware:/opt/ros/jazzy DEBUGINFOD_URLS=https://debuginfod.ubuntu.com /usr/bin/cmake --build /home/ground/ugv_repo/OperationTouchdown/ugv_ws/build/roboteq_ros2_driver -- -j4 -l4
[1.997s] Level 1:colcon.colcon_core.environment:create_environment_scripts_only(depthai_ros_msgs)
[1.998s] Level 1:colcon.colcon_core.environment:checking '/home/ground/ugv_repo/OperationTouchdown/ugv_ws/install/depthai_ros_msgs' for CMake module files
[2.000s] Level 1:colcon.colcon_core.environment:checking '/home/ground/ugv_repo/OperationTouchdown/ugv_ws/install/depthai_ros_msgs' for CMake config files
[2.001s] DEBUG:colcon.colcon_core.event_handler.log_command:Invoked command in '/home/ground/ugv_repo/OperationTouchdown/ugv_ws/build/depthai_ros_msgs' returned '0': CMAKE_PREFIX_PATH=${CMAKE_PREFIX_PATH}:/home/ground/ugv_repo/OperationTouchdown/ugv_ws/install/my_ugv_vision:/home/ground/ugv_repo/OperationTouchdown/ugv_ws/install/my_ugv_hardware:/opt/ros/jazzy DEBUGINFOD_URLS=https://debuginfod.ubuntu.com /usr/bin/cmake --install /home/ground/ugv_repo/OperationTouchdown/ugv_ws/build/depthai_ros_msgs
[2.002s] Level 1:colcon.colcon_core.shell:create_environment_hook('depthai_ros_msgs', 'cmake_prefix_path')
[2.003s] INFO:colcon.colcon_core.shell:Creating environment hook '/home/ground/ugv_repo/OperationTouchdown/ugv_ws/install/depthai_ros_msgs/share/depthai_ros_msgs/hook/cmake_prefix_path.ps1'
[2.004s] INFO:colcon.colcon_core.shell:Creating environment descriptor '/home/ground/ugv_repo/OperationTouchdown/ugv_ws/install/depthai_ros_msgs/share/depthai_ros_msgs/hook/cmake_prefix_path.dsv'
[2.005s] INFO:colcon.colcon_core.shell:Creating environment hook '/home/ground/ugv_repo/OperationTouchdown/ugv_ws/install/depthai_ros_msgs/share/depthai_ros_msgs/hook/cmake_prefix_path.sh'
[2.007s] Level 1:colcon.colcon_core.environment:checking '/home/ground/ugv_repo/OperationTouchdown/ugv_ws/install/depthai_ros_msgs/lib'
[2.007s] Level 1:colcon.colcon_core.shell:create_environment_hook('depthai_ros_msgs', 'ld_library_path_lib')
[2.007s] INFO:colcon.colcon_core.shell:Creating environment hook '/home/ground/ugv_repo/OperationTouchdown/ugv_ws/install/depthai_ros_msgs/share/depthai_ros_msgs/hook/ld_library_path_lib.ps1'
[2.009s] INFO:colcon.colcon_core.shell:Creating environment descriptor '/home/ground/ugv_repo/OperationTouchdown/ugv_ws/install/depthai_ros_msgs/share/depthai_ros_msgs/hook/ld_library_path_lib.dsv'
[2.010s] INFO:colcon.colcon_core.shell:Creating environment hook '/home/ground/ugv_repo/OperationTouchdown/ugv_ws/install/depthai_ros_msgs/share/depthai_ros_msgs/hook/ld_library_path_lib.sh'
[2.012s] Level 1:colcon.colcon_core.environment:checking '/home/ground/ugv_repo/OperationTouchdown/ugv_ws/install/depthai_ros_msgs/bin'
[2.012s] Level 1:colcon.colcon_core.environment:checking '/home/ground/ugv_repo/OperationTouchdown/ugv_ws/install/depthai_ros_msgs/lib/pkgconfig/depthai_ros_msgs.pc'
[2.012s] Level 1:colcon.colcon_core.environment:checking '/home/ground/ugv_repo/OperationTouchdown/ugv_ws/install/depthai_ros_msgs/lib/python3.12/site-packages'
[2.013s] Level 1:colcon.colcon_core.shell:create_environment_hook('depthai_ros_msgs', 'pythonpath')
[2.013s] INFO:colcon.colcon_core.shell:Creating environment hook '/home/ground/ugv_repo/OperationTouchdown/ugv_ws/install/depthai_ros_msgs/share/depthai_ros_msgs/hook/pythonpath.ps1'
[2.014s] INFO:colcon.colcon_core.shell:Creating environment descriptor '/home/ground/ugv_repo/OperationTouchdown/ugv_ws/install/depthai_ros_msgs/share/depthai_ros_msgs/hook/pythonpath.dsv'
[2.015s] INFO:colcon.colcon_core.shell:Creating environment hook '/home/ground/ugv_repo/OperationTouchdown/ugv_ws/install/depthai_ros_msgs/share/depthai_ros_msgs/hook/pythonpath.sh'
[2.016s] Level 1:colcon.colcon_core.environment:checking '/home/ground/ugv_repo/OperationTouchdown/ugv_ws/install/depthai_ros_msgs/bin'
[2.016s] INFO:colcon.colcon_core.shell:Creating package script '/home/ground/ugv_repo/OperationTouchdown/ugv_ws/install/depthai_ros_msgs/share/depthai_ros_msgs/package.ps1'
[2.017s] INFO:colcon.colcon_core.shell:Creating package descriptor '/home/ground/ugv_repo/OperationTouchdown/ugv_ws/install/depthai_ros_msgs/share/depthai_ros_msgs/package.dsv'
[2.018s] INFO:colcon.colcon_core.shell:Creating package script '/home/ground/ugv_repo/OperationTouchdown/ugv_ws/install/depthai_ros_msgs/share/depthai_ros_msgs/package.sh'
[2.019s] INFO:colcon.colcon_core.shell:Creating package script '/home/ground/ugv_repo/OperationTouchdown/ugv_ws/install/depthai_ros_msgs/share/depthai_ros_msgs/package.bash'
[2.019s] INFO:colcon.colcon_core.shell:Creating package script '/home/ground/ugv_repo/OperationTouchdown/ugv_ws/install/depthai_ros_msgs/share/depthai_ros_msgs/package.zsh'
[2.020s] Level 1:colcon.colcon_core.environment:create_file_with_runtime_dependencies(/home/ground/ugv_repo/OperationTouchdown/ugv_ws/install/depthai_ros_msgs/share/colcon-core/packages/depthai_ros_msgs)
[2.022s] Level 1:colcon.colcon_core.environment:create_environment_scripts_only(depthai_ros_msgs)
[2.022s] Level 1:colcon.colcon_core.environment:checking '/home/ground/ugv_repo/OperationTouchdown/ugv_ws/install/depthai_ros_msgs' for CMake module files
[2.024s] Level 1:colcon.colcon_core.environment:checking '/home/ground/ugv_repo/OperationTouchdown/ugv_ws/install/depthai_ros_msgs' for CMake config files
[2.025s] Level 1:colcon.colcon_core.shell:create_environment_hook('depthai_ros_msgs', 'cmake_prefix_path')
[2.025s] INFO:colcon.colcon_core.shell:Creating environment hook '/home/ground/ugv_repo/OperationTouchdown/ugv_ws/install/depthai_ros_msgs/share/depthai_ros_msgs/hook/cmake_prefix_path.ps1'
[2.026s] INFO:colcon.colcon_core.shell:Creating environment descriptor '/home/ground/ugv_repo/OperationTouchdown/ugv_ws/install/depthai_ros_msgs/share/depthai_ros_msgs/hook/cmake_prefix_path.dsv'
[2.027s] INFO:colcon.colcon_core.shell:Creating environment hook '/home/ground/ugv_repo/OperationTouchdown/ugv_ws/install/depthai_ros_msgs/share/depthai_ros_msgs/hook/cmake_prefix_path.sh'
[2.028s] Level 1:colcon.colcon_core.environment:checking '/home/ground/ugv_repo/OperationTouchdown/ugv_ws/install/depthai_ros_msgs/lib'
[2.028s] Level 1:colcon.colcon_core.shell:create_environment_hook('depthai_ros_msgs', 'ld_library_path_lib')
[2.029s] INFO:colcon.colcon_core.shell:Creating environment hook '/home/ground/ugv_repo/OperationTouchdown/ugv_ws/install/depthai_ros_msgs/share/depthai_ros_msgs/hook/ld_library_path_lib.ps1'
[2.030s] INFO:colcon.colcon_core.shell:Creating environment descriptor '/home/ground/ugv_repo/OperationTouchdown/ugv_ws/install/depthai_ros_msgs/share/depthai_ros_msgs/hook/ld_library_path_lib.dsv'
[2.031s] INFO:colcon.colcon_core.shell:Creating environment hook '/home/ground/ugv_repo/OperationTouchdown/ugv_ws/install/depthai_ros_msgs/share/depthai_ros_msgs/hook/ld_library_path_lib.sh'
[2.032s] Level 1:colcon.colcon_core.environment:checking '/home/ground/ugv_repo/OperationTouchdown/ugv_ws/install/depthai_ros_msgs/bin'
[2.032s] Level 1:colcon.colcon_core.environment:checking '/home/ground/ugv_repo/OperationTouchdown/ugv_ws/install/depthai_ros_msgs/lib/pkgconfig/depthai_ros_msgs.pc'
[2.032s] Level 1:colcon.colcon_core.environment:checking '/home/ground/ugv_repo/OperationTouchdown/ugv_ws/install/depthai_ros_msgs/lib/python3.12/site-packages'
[2.032s] Level 1:colcon.colcon_core.shell:create_environment_hook('depthai_ros_msgs', 'pythonpath')
[2.033s] INFO:colcon.colcon_core.shell:Creating environment hook '/home/ground/ugv_repo/OperationTouchdown/ugv_ws/install/depthai_ros_msgs/share/depthai_ros_msgs/hook/pythonpath.ps1'
[2.033s] INFO:colcon.colcon_core.shell:Creating environment descriptor '/home/ground/ugv_repo/OperationTouchdown/ugv_ws/install/depthai_ros_msgs/share/depthai_ros_msgs/hook/pythonpath.dsv'
[2.034s] INFO:colcon.colcon_core.shell:Creating environment hook '/home/ground/ugv_repo/OperationTouchdown/ugv_ws/install/depthai_ros_msgs/share/depthai_ros_msgs/hook/pythonpath.sh'
[2.035s] Level 1:colcon.colcon_core.environment:checking '/home/ground/ugv_repo/OperationTouchdown/ugv_ws/install/depthai_ros_msgs/bin'
[2.036s] INFO:colcon.colcon_core.shell:Creating package script '/home/ground/ugv_repo/OperationTouchdown/ugv_ws/install/depthai_ros_msgs/share/depthai_ros_msgs/package.ps1'
[2.037s] INFO:colcon.colcon_core.shell:Creating package descriptor '/home/ground/ugv_repo/OperationTouchdown/ugv_ws/install/depthai_ros_msgs/share/depthai_ros_msgs/package.dsv'
[2.038s] INFO:colcon.colcon_core.shell:Creating package script '/home/ground/ugv_repo/OperationTouchdown/ugv_ws/install/depthai_ros_msgs/share/depthai_ros_msgs/package.sh'
[2.038s] INFO:colcon.colcon_core.shell:Creating package script '/home/ground/ugv_repo/OperationTouchdown/ugv_ws/install/depthai_ros_msgs/share/depthai_ros_msgs/package.bash'
[2.039s] INFO:colcon.colcon_core.shell:Creating package script '/home/ground/ugv_repo/OperationTouchdown/ugv_ws/install/depthai_ros_msgs/share/depthai_ros_msgs/package.zsh'
[2.040s] Level 1:colcon.colcon_core.environment:create_file_with_runtime_dependencies(/home/ground/ugv_repo/OperationTouchdown/ugv_ws/install/depthai_ros_msgs/share/colcon-core/packages/depthai_ros_msgs)
[2.042s] INFO:colcon.colcon_ros.task.ament_cmake.build:Building ROS package in '/home/ground/ugv_repo/OperationTouchdown/ugv_ws/src/depthai-ros/depthai_bridge' with build type 'ament_cmake'
[2.042s] INFO:colcon.colcon_cmake.task.cmake.build:Building CMake package in '/home/ground/ugv_repo/OperationTouchdown/ugv_ws/src/depthai-ros/depthai_bridge'
[2.043s] INFO:colcon.colcon_core.shell:Skip shell extension 'powershell' for command environment: Not usable outside of PowerShell
[2.043s] DEBUG:colcon.colcon_core.shell:Skip shell extension 'dsv' for command environment
[2.053s] DEBUG:colcon.colcon_core.event_handler.log_command:Invoked command in '/home/ground/ugv_repo/OperationTouchdown/ugv_ws/build/roboteq_ros2_driver' returned '0': CMAKE_PREFIX_PATH=${CMAKE_PREFIX_PATH}:/home/ground/ugv_repo/OperationTouchdown/ugv_ws/install/my_ugv_vision:/home/ground/ugv_repo/OperationTouchdown/ugv_ws/install/my_ugv_hardware:/opt/ros/jazzy DEBUGINFOD_URLS=https://debuginfod.ubuntu.com /usr/bin/cmake --build /home/ground/ugv_repo/OperationTouchdown/ugv_ws/build/roboteq_ros2_driver -- -j4 -l4
[2.057s] DEBUG:colcon.colcon_core.event_handler.log_command:Invoking command in '/home/ground/ugv_repo/OperationTouchdown/ugv_ws/build/roboteq_ros2_driver': CMAKE_PREFIX_PATH=${CMAKE_PREFIX_PATH}:/home/ground/ugv_repo/OperationTouchdown/ugv_ws/install/my_ugv_vision:/home/ground/ugv_repo/OperationTouchdown/ugv_ws/install/my_ugv_hardware:/opt/ros/jazzy DEBUGINFOD_URLS=https://debuginfod.ubuntu.com /usr/bin/cmake --install /home/ground/ugv_repo/OperationTouchdown/ugv_ws/build/roboteq_ros2_driver
[2.067s] DEBUG:colcon.colcon_core.event_handler.log_command:Invoking command in '/home/ground/ugv_repo/OperationTouchdown/ugv_ws/build/depthai_bridge': CMAKE_PREFIX_PATH=/home/ground/ugv_repo/OperationTouchdown/ugv_ws/install/depthai_ros_msgs:/home/ground/ugv_repo/OperationTouchdown/ugv_ws/install/rplidar_ros:/home/ground/ugv_repo/OperationTouchdown/ugv_ws/install/roboteq_ros2_driver:/home/ground/ugv_repo/OperationTouchdown/ugv_ws/install/my_ugv_bringup:/home/ground/ugv_repo/OperationTouchdown/ugv_ws/install/my_ugv_description:/home/ground/ugv_repo/OperationTouchdown/ugv_ws/install/dual_laser_merger:/home/ground/ugv_repo/OperationTouchdown/ugv_ws/install/depthai-ros:/home/ground/ugv_repo/OperationTouchdown/ugv_ws/install/depthai_ros_driver:/home/ground/ugv_repo/OperationTouchdown/ugv_ws/install/depthai_filters:/home/ground/ugv_repo/OperationTouchdown/ugv_ws/install/depthai_examples:/home/ground/ugv_repo/OperationTouchdown/ugv_ws/install/depthai_bridge:/home/ground/ugv_repo/OperationTouchdown/ugv_ws/install/depthai_descriptions:/opt/ros/jazzy/opt/gz_sim_vendor:/opt/ros/jazzy/opt/gz_sensors_vendor:/opt/ros/jazzy/opt/gz_physics_vendor:/opt/ros/jazzy/opt/sdformat_vendor:/opt/ros/jazzy/opt/gz_gui_vendor:/opt/ros/jazzy/opt/gz_transport_vendor:/opt/ros/jazzy/opt/gz_rendering_vendor:/opt/ros/jazzy/opt/gz_plugin_vendor:/opt/ros/jazzy/opt/gz_fuel_tools_vendor:/opt/ros/jazzy/opt/gz_msgs_vendor:/opt/ros/jazzy/opt/gz_common_vendor:/opt/ros/jazzy/opt/gz_math_vendor:/opt/ros/jazzy/opt/gz_utils_vendor:/opt/ros/jazzy/opt/gz_tools_vendor:/opt/ros/jazzy/opt/gz_ogre_next_vendor:/opt/ros/jazzy/opt/gz_dartsim_vendor:/opt/ros/jazzy/opt/gz_cmake_vendor:/home/ground/ugv_repo/OperationTouchdown/ugv_ws/install/my_ugv_vision:/home/ground/ugv_repo/OperationTouchdown/ugv_ws/install/my_ugv_hardware:/opt/ros/jazzy DEBUGINFOD_URLS=https://debuginfod.ubuntu.com LD_LIBRARY_PATH=/home/ground/ugv_repo/OperationTouchdown/ugv_ws/install/depthai_ros_msgs/lib:/home/ground/ugv_repo/OperationTouchdown/ugv_ws/install/dual_laser_merger/lib:/home/ground/ugv_repo/OperationTouchdown/ugv_ws/install/depthai_ros_driver/lib:/home/ground/ugv_repo/OperationTouchdown/ugv_ws/install/depthai_filters/lib:/home/ground/ugv_repo/OperationTouchdown/ugv_ws/install/depthai_bridge/lib:/opt/ros/jazzy/opt/gz_sim_vendor/lib:/opt/ros/jazzy/opt/gz_sensors_vendor/lib:/opt/ros/jazzy/opt/gz_physics_vendor/lib:/opt/ros/jazzy/opt/sdformat_vendor/lib:/opt/ros/jazzy/opt/rviz_ogre_vendor/lib:/opt/ros/jazzy/lib/aarch64-linux-gnu:/opt/ros/jazzy/opt/gz_gui_vendor/lib:/opt/ros/jazzy/opt/gz_transport_vendor/lib:/opt/ros/jazzy/opt/gz_rendering_vendor/lib:/opt/ros/jazzy/opt/gz_plugin_vendor/lib:/opt/ros/jazzy/opt/gz_fuel_tools_vendor/lib:/opt/ros/jazzy/opt/gz_msgs_vendor/lib:/opt/ros/jazzy/opt/gz_common_vendor/lib:/opt/ros/jazzy/opt/gz_math_vendor/lib:/opt/ros/jazzy/opt/gz_utils_vendor/lib:/opt/ros/jazzy/opt/gz_tools_vendor/lib:/opt/ros/jazzy/opt/gz_ogre_next_vendor/lib:/opt/ros/jazzy/opt/gz_dartsim_vendor/lib:/opt/ros/jazzy/opt/gz_cmake_vendor/lib:/opt/ros/jazzy/lib PYTHONPATH=/home/ground/ugv_repo/OperationTouchdown/ugv_ws/install/depthai_ros_msgs/lib/python3.12/site-packages:/home/ground/ugv_repo/OperationTouchdown/ugv_ws/build/my_ugv_vision:/home/ground/ugv_repo/OperationTouchdown/ugv_ws/install/my_ugv_vision/lib/python3.12/site-packages:/home/ground/ugv_repo/OperationTouchdown/ugv_ws/build/my_ugv_hardware:/home/ground/ugv_repo/OperationTouchdown/ugv_ws/install/my_ugv_hardware/lib/python3.12/site-packages:/home/ground/ugv_repo/OperationTouchdown/ugv_ws/install/depthai_ros_driver/lib/python3.12/site-packages:/opt/ros/jazzy/lib/python3.12/site-packages /usr/bin/cmake --build /home/ground/ugv_repo/OperationTouchdown/ugv_ws/build/depthai_bridge -- -j4 -l4
[2.118s] Level 1:colcon.colcon_core.environment:create_environment_scripts_only(roboteq_ros2_driver)
[2.119s] Level 1:colcon.colcon_core.environment:checking '/home/ground/ugv_repo/OperationTouchdown/ugv_ws/install/roboteq_ros2_driver' for CMake module files
[2.120s] Level 1:colcon.colcon_core.environment:checking '/home/ground/ugv_repo/OperationTouchdown/ugv_ws/install/roboteq_ros2_driver' for CMake config files
[2.120s] DEBUG:colcon.colcon_core.event_handler.log_command:Invoked command in '/home/ground/ugv_repo/OperationTouchdown/ugv_ws/build/roboteq_ros2_driver' returned '0': CMAKE_PREFIX_PATH=${CMAKE_PREFIX_PATH}:/home/ground/ugv_repo/OperationTouchdown/ugv_ws/install/my_ugv_vision:/home/ground/ugv_repo/OperationTouchdown/ugv_ws/install/my_ugv_hardware:/opt/ros/jazzy DEBUGINFOD_URLS=https://debuginfod.ubuntu.com /usr/bin/cmake --install /home/ground/ugv_repo/OperationTouchdown/ugv_ws/build/roboteq_ros2_driver
[2.121s] Level 1:colcon.colcon_core.shell:create_environment_hook('roboteq_ros2_driver', 'cmake_prefix_path')
[2.122s] INFO:colcon.colcon_core.shell:Creating environment hook '/home/ground/ugv_repo/OperationTouchdown/ugv_ws/install/roboteq_ros2_driver/share/roboteq_ros2_driver/hook/cmake_prefix_path.ps1'
[2.124s] INFO:colcon.colcon_core.shell:Creating environment descriptor '/home/ground/ugv_repo/OperationTouchdown/ugv_ws/install/roboteq_ros2_driver/share/roboteq_ros2_driver/hook/cmake_prefix_path.dsv'
[2.124s] INFO:colcon.colcon_core.shell:Creating environment hook '/home/ground/ugv_repo/OperationTouchdown/ugv_ws/install/roboteq_ros2_driver/share/roboteq_ros2_driver/hook/cmake_prefix_path.sh'
[2.126s] Level 1:colcon.colcon_core.environment:checking '/home/ground/ugv_repo/OperationTouchdown/ugv_ws/install/roboteq_ros2_driver/lib'
[2.126s] Level 1:colcon.colcon_core.environment:checking '/home/ground/ugv_repo/OperationTouchdown/ugv_ws/install/roboteq_ros2_driver/bin'
[2.126s] Level 1:colcon.colcon_core.environment:checking '/home/ground/ugv_repo/OperationTouchdown/ugv_ws/install/roboteq_ros2_driver/lib/pkgconfig/roboteq_ros2_driver.pc'
[2.127s] Level 1:colcon.colcon_core.environment:checking '/home/ground/ugv_repo/OperationTouchdown/ugv_ws/install/roboteq_ros2_driver/lib/python3.12/site-packages'
[2.127s] Level 1:colcon.colcon_core.environment:checking '/home/ground/ugv_repo/OperationTouchdown/ugv_ws/install/roboteq_ros2_driver/bin'
[2.128s] INFO:colcon.colcon_core.shell:Creating package script '/home/ground/ugv_repo/OperationTouchdown/ugv_ws/install/roboteq_ros2_driver/share/roboteq_ros2_driver/package.ps1'
[2.128s] INFO:colcon.colcon_core.shell:Creating package descriptor '/home/ground/ugv_repo/OperationTouchdown/ugv_ws/install/roboteq_ros2_driver/share/roboteq_ros2_driver/package.dsv'
[2.129s] INFO:colcon.colcon_core.shell:Creating package script '/home/ground/ugv_repo/OperationTouchdown/ugv_ws/install/roboteq_ros2_driver/share/roboteq_ros2_driver/package.sh'
[2.130s] INFO:colcon.colcon_core.shell:Creating package script '/home/ground/ugv_repo/OperationTouchdown/ugv_ws/install/roboteq_ros2_driver/share/roboteq_ros2_driver/package.bash'
[2.131s] INFO:colcon.colcon_core.shell:Creating package script '/home/ground/ugv_repo/OperationTouchdown/ugv_ws/install/roboteq_ros2_driver/share/roboteq_ros2_driver/package.zsh'
[2.131s] Level 1:colcon.colcon_core.environment:create_file_with_runtime_dependencies(/home/ground/ugv_repo/OperationTouchdown/ugv_ws/install/roboteq_ros2_driver/share/colcon-core/packages/roboteq_ros2_driver)
[2.132s] Level 1:colcon.colcon_core.environment:create_environment_scripts_only(roboteq_ros2_driver)
[2.133s] Level 1:colcon.colcon_core.environment:checking '/home/ground/ugv_repo/OperationTouchdown/ugv_ws/install/roboteq_ros2_driver' for CMake module files
[2.134s] Level 1:colcon.colcon_core.environment:checking '/home/ground/ugv_repo/OperationTouchdown/ugv_ws/install/roboteq_ros2_driver' for CMake config files
[2.134s] Level 1:colcon.colcon_core.shell:create_environment_hook('roboteq_ros2_driver', 'cmake_prefix_path')
[2.135s] INFO:colcon.colcon_core.shell:Creating environment hook '/home/ground/ugv_repo/OperationTouchdown/ugv_ws/install/roboteq_ros2_driver/share/roboteq_ros2_driver/hook/cmake_prefix_path.ps1'
[2.135s] INFO:colcon.colcon_core.shell:Creating environment descriptor '/home/ground/ugv_repo/OperationTouchdown/ugv_ws/install/roboteq_ros2_driver/share/roboteq_ros2_driver/hook/cmake_prefix_path.dsv'
[2.136s] INFO:colcon.colcon_core.shell:Creating environment hook '/home/ground/ugv_repo/OperationTouchdown/ugv_ws/install/roboteq_ros2_driver/share/roboteq_ros2_driver/hook/cmake_prefix_path.sh'
[2.138s] Level 1:colcon.colcon_core.environment:checking '/home/ground/ugv_repo/OperationTouchdown/ugv_ws/install/roboteq_ros2_driver/lib'
[2.138s] Level 1:colcon.colcon_core.environment:checking '/home/ground/ugv_repo/OperationTouchdown/ugv_ws/install/roboteq_ros2_driver/bin'
[2.138s] Level 1:colcon.colcon_core.environment:checking '/home/ground/ugv_repo/OperationTouchdown/ugv_ws/install/roboteq_ros2_driver/lib/pkgconfig/roboteq_ros2_driver.pc'
[2.138s] Level 1:colcon.colcon_core.environment:checking '/home/ground/ugv_repo/OperationTouchdown/ugv_ws/install/roboteq_ros2_driver/lib/python3.12/site-packages'
[2.139s] Level 1:colcon.colcon_core.environment:checking '/home/ground/ugv_repo/OperationTouchdown/ugv_ws/install/roboteq_ros2_driver/bin'
[2.139s] INFO:colcon.colcon_core.shell:Creating package script '/home/ground/ugv_repo/OperationTouchdown/ugv_ws/install/roboteq_ros2_driver/share/roboteq_ros2_driver/package.ps1'
[2.140s] INFO:colcon.colcon_core.shell:Creating package descriptor '/home/ground/ugv_repo/OperationTouchdown/ugv_ws/install/roboteq_ros2_driver/share/roboteq_ros2_driver/package.dsv'
[2.141s] INFO:colcon.colcon_core.shell:Creating package script '/home/ground/ugv_repo/OperationTouchdown/ugv_ws/install/roboteq_ros2_driver/share/roboteq_ros2_driver/package.sh'
[2.142s] INFO:colcon.colcon_core.shell:Creating package script '/home/ground/ugv_repo/OperationTouchdown/ugv_ws/install/roboteq_ros2_driver/share/roboteq_ros2_driver/package.bash'
[2.143s] INFO:colcon.colcon_core.shell:Creating package script '/home/ground/ugv_repo/OperationTouchdown/ugv_ws/install/roboteq_ros2_driver/share/roboteq_ros2_driver/package.zsh'
[2.144s] Level 1:colcon.colcon_core.environment:create_file_with_runtime_dependencies(/home/ground/ugv_repo/OperationTouchdown/ugv_ws/install/roboteq_ros2_driver/share/colcon-core/packages/roboteq_ros2_driver)
[2.145s] INFO:colcon.colcon_ros.task.ament_cmake.build:Building ROS package in '/home/ground/ugv_repo/OperationTouchdown/ugv_ws/src/depthai-ros/depthai_filters' with build type 'ament_cmake'
[2.146s] INFO:colcon.colcon_cmake.task.cmake.build:Building CMake package in '/home/ground/ugv_repo/OperationTouchdown/ugv_ws/src/depthai-ros/depthai_filters'
[2.146s] INFO:colcon.colcon_core.shell:Skip shell extension 'powershell' for command environment: Not usable outside of PowerShell
[2.146s] DEBUG:colcon.colcon_core.shell:Skip shell extension 'dsv' for command environment
[2.178s] DEBUG:colcon.colcon_core.event_handler.log_command:Invoking command in '/home/ground/ugv_repo/OperationTouchdown/ugv_ws/build/depthai_filters': CMAKE_PREFIX_PATH=/home/ground/ugv_repo/OperationTouchdown/ugv_ws/install/depthai_ros_msgs:/home/ground/ugv_repo/OperationTouchdown/ugv_ws/install/rplidar_ros:/home/ground/ugv_repo/OperationTouchdown/ugv_ws/install/roboteq_ros2_driver:/home/ground/ugv_repo/OperationTouchdown/ugv_ws/install/my_ugv_bringup:/home/ground/ugv_repo/OperationTouchdown/ugv_ws/install/my_ugv_description:/home/ground/ugv_repo/OperationTouchdown/ugv_ws/install/dual_laser_merger:/home/ground/ugv_repo/OperationTouchdown/ugv_ws/install/depthai-ros:/home/ground/ugv_repo/OperationTouchdown/ugv_ws/install/depthai_ros_driver:/home/ground/ugv_repo/OperationTouchdown/ugv_ws/install/depthai_filters:/home/ground/ugv_repo/OperationTouchdown/ugv_ws/install/depthai_examples:/home/ground/ugv_repo/OperationTouchdown/ugv_ws/install/depthai_bridge:/home/ground/ugv_repo/OperationTouchdown/ugv_ws/install/depthai_descriptions:/opt/ros/jazzy/opt/gz_sim_vendor:/opt/ros/jazzy/opt/gz_sensors_vendor:/opt/ros/jazzy/opt/gz_physics_vendor:/opt/ros/jazzy/opt/sdformat_vendor:/opt/ros/jazzy/opt/gz_gui_vendor:/opt/ros/jazzy/opt/gz_transport_vendor:/opt/ros/jazzy/opt/gz_rendering_vendor:/opt/ros/jazzy/opt/gz_plugin_vendor:/opt/ros/jazzy/opt/gz_fuel_tools_vendor:/opt/ros/jazzy/opt/gz_msgs_vendor:/opt/ros/jazzy/opt/gz_common_vendor:/opt/ros/jazzy/opt/gz_math_vendor:/opt/ros/jazzy/opt/gz_utils_vendor:/opt/ros/jazzy/opt/gz_tools_vendor:/opt/ros/jazzy/opt/gz_ogre_next_vendor:/opt/ros/jazzy/opt/gz_dartsim_vendor:/opt/ros/jazzy/opt/gz_cmake_vendor:/home/ground/ugv_repo/OperationTouchdown/ugv_ws/install/my_ugv_vision:/home/ground/ugv_repo/OperationTouchdown/ugv_ws/install/my_ugv_hardware:/opt/ros/jazzy DEBUGINFOD_URLS=https://debuginfod.ubuntu.com LD_LIBRARY_PATH=/home/ground/ugv_repo/OperationTouchdown/ugv_ws/install/depthai_ros_msgs/lib:/home/ground/ugv_repo/OperationTouchdown/ugv_ws/install/dual_laser_merger/lib:/home/ground/ugv_repo/OperationTouchdown/ugv_ws/install/depthai_ros_driver/lib:/home/ground/ugv_repo/OperationTouchdown/ugv_ws/install/depthai_filters/lib:/home/ground/ugv_repo/OperationTouchdown/ugv_ws/install/depthai_bridge/lib:/opt/ros/jazzy/opt/gz_sim_vendor/lib:/opt/ros/jazzy/opt/gz_sensors_vendor/lib:/opt/ros/jazzy/opt/gz_physics_vendor/lib:/opt/ros/jazzy/opt/sdformat_vendor/lib:/opt/ros/jazzy/opt/rviz_ogre_vendor/lib:/opt/ros/jazzy/lib/aarch64-linux-gnu:/opt/ros/jazzy/opt/gz_gui_vendor/lib:/opt/ros/jazzy/opt/gz_transport_vendor/lib:/opt/ros/jazzy/opt/gz_rendering_vendor/lib:/opt/ros/jazzy/opt/gz_plugin_vendor/lib:/opt/ros/jazzy/opt/gz_fuel_tools_vendor/lib:/opt/ros/jazzy/opt/gz_msgs_vendor/lib:/opt/ros/jazzy/opt/gz_common_vendor/lib:/opt/ros/jazzy/opt/gz_math_vendor/lib:/opt/ros/jazzy/opt/gz_utils_vendor/lib:/opt/ros/jazzy/opt/gz_tools_vendor/lib:/opt/ros/jazzy/opt/gz_ogre_next_vendor/lib:/opt/ros/jazzy/opt/gz_dartsim_vendor/lib:/opt/ros/jazzy/opt/gz_cmake_vendor/lib:/opt/ros/jazzy/lib PYTHONPATH=/home/ground/ugv_repo/OperationTouchdown/ugv_ws/install/depthai_ros_msgs/lib/python3.12/site-packages:/home/ground/ugv_repo/OperationTouchdown/ugv_ws/build/my_ugv_vision:/home/ground/ugv_repo/OperationTouchdown/ugv_ws/install/my_ugv_vision/lib/python3.12/site-packages:/home/ground/ugv_repo/OperationTouchdown/ugv_ws/build/my_ugv_hardware:/home/ground/ugv_repo/OperationTouchdown/ugv_ws/install/my_ugv_hardware/lib/python3.12/site-packages:/home/ground/ugv_repo/OperationTouchdown/ugv_ws/install/depthai_ros_driver/lib/python3.12/site-packages:/opt/ros/jazzy/lib/python3.12/site-packages /usr/bin/cmake --build /home/ground/ugv_repo/OperationTouchdown/ugv_ws/build/depthai_filters -- -j4 -l4
[2.278s] DEBUG:colcon.colcon_core.event_handler.log_command:Invoked command in '/home/ground/ugv_repo/OperationTouchdown/ugv_ws/build/depthai_bridge' returned '0': CMAKE_PREFIX_PATH=/home/ground/ugv_repo/OperationTouchdown/ugv_ws/install/depthai_ros_msgs:/home/ground/ugv_repo/OperationTouchdown/ugv_ws/install/rplidar_ros:/home/ground/ugv_repo/OperationTouchdown/ugv_ws/install/roboteq_ros2_driver:/home/ground/ugv_repo/OperationTouchdown/ugv_ws/install/my_ugv_bringup:/home/ground/ugv_repo/OperationTouchdown/ugv_ws/install/my_ugv_description:/home/ground/ugv_repo/OperationTouchdown/ugv_ws/install/dual_laser_merger:/home/ground/ugv_repo/OperationTouchdown/ugv_ws/install/depthai-ros:/home/ground/ugv_repo/OperationTouchdown/ugv_ws/install/depthai_ros_driver:/home/ground/ugv_repo/OperationTouchdown/ugv_ws/install/depthai_filters:/home/ground/ugv_repo/OperationTouchdown/ugv_ws/install/depthai_examples:/home/ground/ugv_repo/OperationTouchdown/ugv_ws/install/depthai_bridge:/home/ground/ugv_repo/OperationTouchdown/ugv_ws/install/depthai_descriptions:/opt/ros/jazzy/opt/gz_sim_vendor:/opt/ros/jazzy/opt/gz_sensors_vendor:/opt/ros/jazzy/opt/gz_physics_vendor:/opt/ros/jazzy/opt/sdformat_vendor:/opt/ros/jazzy/opt/gz_gui_vendor:/opt/ros/jazzy/opt/gz_transport_vendor:/opt/ros/jazzy/opt/gz_rendering_vendor:/opt/ros/jazzy/opt/gz_plugin_vendor:/opt/ros/jazzy/opt/gz_fuel_tools_vendor:/opt/ros/jazzy/opt/gz_msgs_vendor:/opt/ros/jazzy/opt/gz_common_vendor:/opt/ros/jazzy/opt/gz_math_vendor:/opt/ros/jazzy/opt/gz_utils_vendor:/opt/ros/jazzy/opt/gz_tools_vendor:/opt/ros/jazzy/opt/gz_ogre_next_vendor:/opt/ros/jazzy/opt/gz_dartsim_vendor:/opt/ros/jazzy/opt/gz_cmake_vendor:/home/ground/ugv_repo/OperationTouchdown/ugv_ws/install/my_ugv_vision:/home/ground/ugv_repo/OperationTouchdown/ugv_ws/install/my_ugv_hardware:/opt/ros/jazzy DEBUGINFOD_URLS=https://debuginfod.ubuntu.com LD_LIBRARY_PATH=/home/ground/ugv_repo/OperationTouchdown/ugv_ws/install/depthai_ros_msgs/lib:/home/ground/ugv_repo/OperationTouchdown/ugv_ws/install/dual_laser_merger/lib:/home/ground/ugv_repo/OperationTouchdown/ugv_ws/install/depthai_ros_driver/lib:/home/ground/ugv_repo/OperationTouchdown/ugv_ws/install/depthai_filters/lib:/home/ground/ugv_repo/OperationTouchdown/ugv_ws/install/depthai_bridge/lib:/opt/ros/jazzy/opt/gz_sim_vendor/lib:/opt/ros/jazzy/opt/gz_sensors_vendor/lib:/opt/ros/jazzy/opt/gz_physics_vendor/lib:/opt/ros/jazzy/opt/sdformat_vendor/lib:/opt/ros/jazzy/opt/rviz_ogre_vendor/lib:/opt/ros/jazzy/lib/aarch64-linux-gnu:/opt/ros/jazzy/opt/gz_gui_vendor/lib:/opt/ros/jazzy/opt/gz_transport_vendor/lib:/opt/ros/jazzy/opt/gz_rendering_vendor/lib:/opt/ros/jazzy/opt/gz_plugin_vendor/lib:/opt/ros/jazzy/opt/gz_fuel_tools_vendor/lib:/opt/ros/jazzy/opt/gz_msgs_vendor/lib:/opt/ros/jazzy/opt/gz_common_vendor/lib:/opt/ros/jazzy/opt/gz_math_vendor/lib:/opt/ros/jazzy/opt/gz_utils_vendor/lib:/opt/ros/jazzy/opt/gz_tools_vendor/lib:/opt/ros/jazzy/opt/gz_ogre_next_vendor/lib:/opt/ros/jazzy/opt/gz_dartsim_vendor/lib:/opt/ros/jazzy/opt/gz_cmake_vendor/lib:/opt/ros/jazzy/lib PYTHONPATH=/home/ground/ugv_repo/OperationTouchdown/ugv_ws/install/depthai_ros_msgs/lib/python3.12/site-packages:/home/ground/ugv_repo/OperationTouchdown/ugv_ws/build/my_ugv_vision:/home/ground/ugv_repo/OperationTouchdown/ugv_ws/install/my_ugv_vision/lib/python3.12/site-packages:/home/ground/ugv_repo/OperationTouchdown/ugv_ws/build/my_ugv_hardware:/home/ground/ugv_repo/OperationTouchdown/ugv_ws/install/my_ugv_hardware/lib/python3.12/site-packages:/home/ground/ugv_repo/OperationTouchdown/ugv_ws/install/depthai_ros_driver/lib/python3.12/site-packages:/opt/ros/jazzy/lib/python3.12/site-packages /usr/bin/cmake --build /home/ground/ugv_repo/OperationTouchdown/ugv_ws/build/depthai_bridge -- -j4 -l4
[2.278s] DEBUG:colcon.colcon_core.event_handler.log_command:Invoking command in '/home/ground/ugv_repo/OperationTouchdown/ugv_ws/build/depthai_bridge': CMAKE_PREFIX_PATH=/home/ground/ugv_repo/OperationTouchdown/ugv_ws/install/depthai_ros_msgs:/home/ground/ugv_repo/OperationTouchdown/ugv_ws/install/rplidar_ros:/home/ground/ugv_repo/OperationTouchdown/ugv_ws/install/roboteq_ros2_driver:/home/ground/ugv_repo/OperationTouchdown/ugv_ws/install/my_ugv_bringup:/home/ground/ugv_repo/OperationTouchdown/ugv_ws/install/my_ugv_description:/home/ground/ugv_repo/OperationTouchdown/ugv_ws/install/dual_laser_merger:/home/ground/ugv_repo/OperationTouchdown/ugv_ws/install/depthai-ros:/home/ground/ugv_repo/OperationTouchdown/ugv_ws/install/depthai_ros_driver:/home/ground/ugv_repo/OperationTouchdown/ugv_ws/install/depthai_filters:/home/ground/ugv_repo/OperationTouchdown/ugv_ws/install/depthai_examples:/home/ground/ugv_repo/OperationTouchdown/ugv_ws/install/depthai_bridge:/home/ground/ugv_repo/OperationTouchdown/ugv_ws/install/depthai_descriptions:/opt/ros/jazzy/opt/gz_sim_vendor:/opt/ros/jazzy/opt/gz_sensors_vendor:/opt/ros/jazzy/opt/gz_physics_vendor:/opt/ros/jazzy/opt/sdformat_vendor:/opt/ros/jazzy/opt/gz_gui_vendor:/opt/ros/jazzy/opt/gz_transport_vendor:/opt/ros/jazzy/opt/gz_rendering_vendor:/opt/ros/jazzy/opt/gz_plugin_vendor:/opt/ros/jazzy/opt/gz_fuel_tools_vendor:/opt/ros/jazzy/opt/gz_msgs_vendor:/opt/ros/jazzy/opt/gz_common_vendor:/opt/ros/jazzy/opt/gz_math_vendor:/opt/ros/jazzy/opt/gz_utils_vendor:/opt/ros/jazzy/opt/gz_tools_vendor:/opt/ros/jazzy/opt/gz_ogre_next_vendor:/opt/ros/jazzy/opt/gz_dartsim_vendor:/opt/ros/jazzy/opt/gz_cmake_vendor:/home/ground/ugv_repo/OperationTouchdown/ugv_ws/install/my_ugv_vision:/home/ground/ugv_repo/OperationTouchdown/ugv_ws/install/my_ugv_hardware:/opt/ros/jazzy DEBUGINFOD_URLS=https://debuginfod.ubuntu.com LD_LIBRARY_PATH=/home/ground/ugv_repo/OperationTouchdown/ugv_ws/install/depthai_ros_msgs/lib:/home/ground/ugv_repo/OperationTouchdown/ugv_ws/install/dual_laser_merger/lib:/home/ground/ugv_repo/OperationTouchdown/ugv_ws/install/depthai_ros_driver/lib:/home/ground/ugv_repo/OperationTouchdown/ugv_ws/install/depthai_filters/lib:/home/ground/ugv_repo/OperationTouchdown/ugv_ws/install/depthai_bridge/lib:/opt/ros/jazzy/opt/gz_sim_vendor/lib:/opt/ros/jazzy/opt/gz_sensors_vendor/lib:/opt/ros/jazzy/opt/gz_physics_vendor/lib:/opt/ros/jazzy/opt/sdformat_vendor/lib:/opt/ros/jazzy/opt/rviz_ogre_vendor/lib:/opt/ros/jazzy/lib/aarch64-linux-gnu:/opt/ros/jazzy/opt/gz_gui_vendor/lib:/opt/ros/jazzy/opt/gz_transport_vendor/lib:/opt/ros/jazzy/opt/gz_rendering_vendor/lib:/opt/ros/jazzy/opt/gz_plugin_vendor/lib:/opt/ros/jazzy/opt/gz_fuel_tools_vendor/lib:/opt/ros/jazzy/opt/gz_msgs_vendor/lib:/opt/ros/jazzy/opt/gz_common_vendor/lib:/opt/ros/jazzy/opt/gz_math_vendor/lib:/opt/ros/jazzy/opt/gz_utils_vendor/lib:/opt/ros/jazzy/opt/gz_tools_vendor/lib:/opt/ros/jazzy/opt/gz_ogre_next_vendor/lib:/opt/ros/jazzy/opt/gz_dartsim_vendor/lib:/opt/ros/jazzy/opt/gz_cmake_vendor/lib:/opt/ros/jazzy/lib PYTHONPATH=/home/ground/ugv_repo/OperationTouchdown/ugv_ws/install/depthai_ros_msgs/lib/python3.12/site-packages:/home/ground/ugv_repo/OperationTouchdown/ugv_ws/build/my_ugv_vision:/home/ground/ugv_repo/OperationTouchdown/ugv_ws/install/my_ugv_vision/lib/python3.12/site-packages:/home/ground/ugv_repo/OperationTouchdown/ugv_ws/build/my_ugv_hardware:/home/ground/ugv_repo/OperationTouchdown/ugv_ws/install/my_ugv_hardware/lib/python3.12/site-packages:/home/ground/ugv_repo/OperationTouchdown/ugv_ws/install/depthai_ros_driver/lib/python3.12/site-packages:/opt/ros/jazzy/lib/python3.12/site-packages /usr/bin/cmake --install /home/ground/ugv_repo/OperationTouchdown/ugv_ws/build/depthai_bridge
[2.377s] Level 1:colcon.colcon_core.environment:create_environment_scripts_only(depthai_bridge)
[2.381s] Level 1:colcon.colcon_core.environment:checking '/home/ground/ugv_repo/OperationTouchdown/ugv_ws/install/depthai_bridge' for CMake module files
[2.380s] DEBUG:colcon.colcon_core.event_handler.log_command:Invoked command in '/home/ground/ugv_repo/OperationTouchdown/ugv_ws/build/depthai_bridge' returned '0': CMAKE_PREFIX_PATH=/home/ground/ugv_repo/OperationTouchdown/ugv_ws/install/depthai_ros_msgs:/home/ground/ugv_repo/OperationTouchdown/ugv_ws/install/rplidar_ros:/home/ground/ugv_repo/OperationTouchdown/ugv_ws/install/roboteq_ros2_driver:/home/ground/ugv_repo/OperationTouchdown/ugv_ws/install/my_ugv_bringup:/home/ground/ugv_repo/OperationTouchdown/ugv_ws/install/my_ugv_description:/home/ground/ugv_repo/OperationTouchdown/ugv_ws/install/dual_laser_merger:/home/ground/ugv_repo/OperationTouchdown/ugv_ws/install/depthai-ros:/home/ground/ugv_repo/OperationTouchdown/ugv_ws/install/depthai_ros_driver:/home/ground/ugv_repo/OperationTouchdown/ugv_ws/install/depthai_filters:/home/ground/ugv_repo/OperationTouchdown/ugv_ws/install/depthai_examples:/home/ground/ugv_repo/OperationTouchdown/ugv_ws/install/depthai_bridge:/home/ground/ugv_repo/OperationTouchdown/ugv_ws/install/depthai_descriptions:/opt/ros/jazzy/opt/gz_sim_vendor:/opt/ros/jazzy/opt/gz_sensors_vendor:/opt/ros/jazzy/opt/gz_physics_vendor:/opt/ros/jazzy/opt/sdformat_vendor:/opt/ros/jazzy/opt/gz_gui_vendor:/opt/ros/jazzy/opt/gz_transport_vendor:/opt/ros/jazzy/opt/gz_rendering_vendor:/opt/ros/jazzy/opt/gz_plugin_vendor:/opt/ros/jazzy/opt/gz_fuel_tools_vendor:/opt/ros/jazzy/opt/gz_msgs_vendor:/opt/ros/jazzy/opt/gz_common_vendor:/opt/ros/jazzy/opt/gz_math_vendor:/opt/ros/jazzy/opt/gz_utils_vendor:/opt/ros/jazzy/opt/gz_tools_vendor:/opt/ros/jazzy/opt/gz_ogre_next_vendor:/opt/ros/jazzy/opt/gz_dartsim_vendor:/opt/ros/jazzy/opt/gz_cmake_vendor:/home/ground/ugv_repo/OperationTouchdown/ugv_ws/install/my_ugv_vision:/home/ground/ugv_repo/OperationTouchdown/ugv_ws/install/my_ugv_hardware:/opt/ros/jazzy DEBUGINFOD_URLS=https://debuginfod.ubuntu.com LD_LIBRARY_PATH=/home/ground/ugv_repo/OperationTouchdown/ugv_ws/install/depthai_ros_msgs/lib:/home/ground/ugv_repo/OperationTouchdown/ugv_ws/install/dual_laser_merger/lib:/home/ground/ugv_repo/OperationTouchdown/ugv_ws/install/depthai_ros_driver/lib:/home/ground/ugv_repo/OperationTouchdown/ugv_ws/install/depthai_filters/lib:/home/ground/ugv_repo/OperationTouchdown/ugv_ws/install/depthai_bridge/lib:/opt/ros/jazzy/opt/gz_sim_vendor/lib:/opt/ros/jazzy/opt/gz_sensors_vendor/lib:/opt/ros/jazzy/opt/gz_physics_vendor/lib:/opt/ros/jazzy/opt/sdformat_vendor/lib:/opt/ros/jazzy/opt/rviz_ogre_vendor/lib:/opt/ros/jazzy/lib/aarch64-linux-gnu:/opt/ros/jazzy/opt/gz_gui_vendor/lib:/opt/ros/jazzy/opt/gz_transport_vendor/lib:/opt/ros/jazzy/opt/gz_rendering_vendor/lib:/opt/ros/jazzy/opt/gz_plugin_vendor/lib:/opt/ros/jazzy/opt/gz_fuel_tools_vendor/lib:/opt/ros/jazzy/opt/gz_msgs_vendor/lib:/opt/ros/jazzy/opt/gz_common_vendor/lib:/opt/ros/jazzy/opt/gz_math_vendor/lib:/opt/ros/jazzy/opt/gz_utils_vendor/lib:/opt/ros/jazzy/opt/gz_tools_vendor/lib:/opt/ros/jazzy/opt/gz_ogre_next_vendor/lib:/opt/ros/jazzy/opt/gz_dartsim_vendor/lib:/opt/ros/jazzy/opt/gz_cmake_vendor/lib:/opt/ros/jazzy/lib PYTHONPATH=/home/ground/ugv_repo/OperationTouchdown/ugv_ws/install/depthai_ros_msgs/lib/python3.12/site-packages:/home/ground/ugv_repo/OperationTouchdown/ugv_ws/build/my_ugv_vision:/home/ground/ugv_repo/OperationTouchdown/ugv_ws/install/my_ugv_vision/lib/python3.12/site-packages:/home/ground/ugv_repo/OperationTouchdown/ugv_ws/build/my_ugv_hardware:/home/ground/ugv_repo/OperationTouchdown/ugv_ws/install/my_ugv_hardware/lib/python3.12/site-packages:/home/ground/ugv_repo/OperationTouchdown/ugv_ws/install/depthai_ros_driver/lib/python3.12/site-packages:/opt/ros/jazzy/lib/python3.12/site-packages /usr/bin/cmake --install /home/ground/ugv_repo/OperationTouchdown/ugv_ws/build/depthai_bridge
[2.383s] Level 1:colcon.colcon_core.environment:checking '/home/ground/ugv_repo/OperationTouchdown/ugv_ws/install/depthai_bridge' for CMake config files
[2.384s] Level 1:colcon.colcon_core.shell:create_environment_hook('depthai_bridge', 'cmake_prefix_path')
[2.384s] INFO:colcon.colcon_core.shell:Creating environment hook '/home/ground/ugv_repo/OperationTouchdown/ugv_ws/install/depthai_bridge/share/depthai_bridge/hook/cmake_prefix_path.ps1'
[2.386s] INFO:colcon.colcon_core.shell:Creating environment descriptor '/home/ground/ugv_repo/OperationTouchdown/ugv_ws/install/depthai_bridge/share/depthai_bridge/hook/cmake_prefix_path.dsv'
[2.388s] INFO:colcon.colcon_core.shell:Creating environment hook '/home/ground/ugv_repo/OperationTouchdown/ugv_ws/install/depthai_bridge/share/depthai_bridge/hook/cmake_prefix_path.sh'
[2.389s] Level 1:colcon.colcon_core.environment:checking '/home/ground/ugv_repo/OperationTouchdown/ugv_ws/install/depthai_bridge/lib'
[2.390s] Level 1:colcon.colcon_core.shell:create_environment_hook('depthai_bridge', 'ld_library_path_lib')
[2.390s] INFO:colcon.colcon_core.shell:Creating environment hook '/home/ground/ugv_repo/OperationTouchdown/ugv_ws/install/depthai_bridge/share/depthai_bridge/hook/ld_library_path_lib.ps1'
[2.391s] INFO:colcon.colcon_core.shell:Creating environment descriptor '/home/ground/ugv_repo/OperationTouchdown/ugv_ws/install/depthai_bridge/share/depthai_bridge/hook/ld_library_path_lib.dsv'
[2.392s] INFO:colcon.colcon_core.shell:Creating environment hook '/home/ground/ugv_repo/OperationTouchdown/ugv_ws/install/depthai_bridge/share/depthai_bridge/hook/ld_library_path_lib.sh'
[2.393s] Level 1:colcon.colcon_core.environment:checking '/home/ground/ugv_repo/OperationTouchdown/ugv_ws/install/depthai_bridge/bin'
[2.393s] Level 1:colcon.colcon_core.environment:checking '/home/ground/ugv_repo/OperationTouchdown/ugv_ws/install/depthai_bridge/lib/pkgconfig/depthai_bridge.pc'
[2.394s] Level 1:colcon.colcon_core.environment:checking '/home/ground/ugv_repo/OperationTouchdown/ugv_ws/install/depthai_bridge/lib/python3.12/site-packages'
[2.394s] Level 1:colcon.colcon_core.environment:checking '/home/ground/ugv_repo/OperationTouchdown/ugv_ws/install/depthai_bridge/bin'
[2.395s] INFO:colcon.colcon_core.shell:Creating package script '/home/ground/ugv_repo/OperationTouchdown/ugv_ws/install/depthai_bridge/share/depthai_bridge/package.ps1'
[2.396s] INFO:colcon.colcon_core.shell:Creating package descriptor '/home/ground/ugv_repo/OperationTouchdown/ugv_ws/install/depthai_bridge/share/depthai_bridge/package.dsv'
[2.397s] INFO:colcon.colcon_core.shell:Creating package script '/home/ground/ugv_repo/OperationTouchdown/ugv_ws/install/depthai_bridge/share/depthai_bridge/package.sh'
[2.398s] INFO:colcon.colcon_core.shell:Creating package script '/home/ground/ugv_repo/OperationTouchdown/ugv_ws/install/depthai_bridge/share/depthai_bridge/package.bash'
[2.399s] INFO:colcon.colcon_core.shell:Creating package script '/home/ground/ugv_repo/OperationTouchdown/ugv_ws/install/depthai_bridge/share/depthai_bridge/package.zsh'
[2.399s] Level 1:colcon.colcon_core.environment:create_file_with_runtime_dependencies(/home/ground/ugv_repo/OperationTouchdown/ugv_ws/install/depthai_bridge/share/colcon-core/packages/depthai_bridge)
[2.401s] Level 1:colcon.colcon_core.environment:create_environment_scripts_only(depthai_bridge)
[2.401s] Level 1:colcon.colcon_core.environment:checking '/home/ground/ugv_repo/OperationTouchdown/ugv_ws/install/depthai_bridge' for CMake module files
[2.403s] Level 1:colcon.colcon_core.environment:checking '/home/ground/ugv_repo/OperationTouchdown/ugv_ws/install/depthai_bridge' for CMake config files
[2.403s] Level 1:colcon.colcon_core.shell:create_environment_hook('depthai_bridge', 'cmake_prefix_path')
[2.404s] INFO:colcon.colcon_core.shell:Creating environment hook '/home/ground/ugv_repo/OperationTouchdown/ugv_ws/install/depthai_bridge/share/depthai_bridge/hook/cmake_prefix_path.ps1'
[2.404s] INFO:colcon.colcon_core.shell:Creating environment descriptor '/home/ground/ugv_repo/OperationTouchdown/ugv_ws/install/depthai_bridge/share/depthai_bridge/hook/cmake_prefix_path.dsv'
[2.405s] INFO:colcon.colcon_core.shell:Creating environment hook '/home/ground/ugv_repo/OperationTouchdown/ugv_ws/install/depthai_bridge/share/depthai_bridge/hook/cmake_prefix_path.sh'
[2.406s] Level 1:colcon.colcon_core.environment:checking '/home/ground/ugv_repo/OperationTouchdown/ugv_ws/install/depthai_bridge/lib'
[2.407s] Level 1:colcon.colcon_core.shell:create_environment_hook('depthai_bridge', 'ld_library_path_lib')
[2.407s] INFO:colcon.colcon_core.shell:Creating environment hook '/home/ground/ugv_repo/OperationTouchdown/ugv_ws/install/depthai_bridge/share/depthai_bridge/hook/ld_library_path_lib.ps1'
[2.408s] INFO:colcon.colcon_core.shell:Creating environment descriptor '/home/ground/ugv_repo/OperationTouchdown/ugv_ws/install/depthai_bridge/share/depthai_bridge/hook/ld_library_path_lib.dsv'
[2.408s] INFO:colcon.colcon_core.shell:Creating environment hook '/home/ground/ugv_repo/OperationTouchdown/ugv_ws/install/depthai_bridge/share/depthai_bridge/hook/ld_library_path_lib.sh'
[2.409s] Level 1:colcon.colcon_core.environment:checking '/home/ground/ugv_repo/OperationTouchdown/ugv_ws/install/depthai_bridge/bin'
[2.409s] Level 1:colcon.colcon_core.environment:checking '/home/ground/ugv_repo/OperationTouchdown/ugv_ws/install/depthai_bridge/lib/pkgconfig/depthai_bridge.pc'
[2.410s] Level 1:colcon.colcon_core.environment:checking '/home/ground/ugv_repo/OperationTouchdown/ugv_ws/install/depthai_bridge/lib/python3.12/site-packages'
[2.410s] Level 1:colcon.colcon_core.environment:checking '/home/ground/ugv_repo/OperationTouchdown/ugv_ws/install/depthai_bridge/bin'
[2.411s] INFO:colcon.colcon_core.shell:Creating package script '/home/ground/ugv_repo/OperationTouchdown/ugv_ws/install/depthai_bridge/share/depthai_bridge/package.ps1'
[2.412s] INFO:colcon.colcon_core.shell:Creating package descriptor '/home/ground/ugv_repo/OperationTouchdown/ugv_ws/install/depthai_bridge/share/depthai_bridge/package.dsv'
[2.414s] INFO:colcon.colcon_core.shell:Creating package script '/home/ground/ugv_repo/OperationTouchdown/ugv_ws/install/depthai_bridge/share/depthai_bridge/package.sh'
[2.415s] INFO:colcon.colcon_core.shell:Creating package script '/home/ground/ugv_repo/OperationTouchdown/ugv_ws/install/depthai_bridge/share/depthai_bridge/package.bash'
[2.416s] INFO:colcon.colcon_core.shell:Creating package script '/home/ground/ugv_repo/OperationTouchdown/ugv_ws/install/depthai_bridge/share/depthai_bridge/package.zsh'
[2.417s] Level 1:colcon.colcon_core.environment:create_file_with_runtime_dependencies(/home/ground/ugv_repo/OperationTouchdown/ugv_ws/install/depthai_bridge/share/colcon-core/packages/depthai_bridge)
[2.418s] INFO:colcon.colcon_ros.task.ament_cmake.build:Building ROS package in '/home/ground/ugv_repo/OperationTouchdown/ugv_ws/src/depthai-ros/depthai_examples' with build type 'ament_cmake'
[2.419s] INFO:colcon.colcon_cmake.task.cmake.build:Building CMake package in '/home/ground/ugv_repo/OperationTouchdown/ugv_ws/src/depthai-ros/depthai_examples'
[2.420s] INFO:colcon.colcon_core.shell:Skip shell extension 'powershell' for command environment: Not usable outside of PowerShell
[2.420s] DEBUG:colcon.colcon_core.shell:Skip shell extension 'dsv' for command environment
[2.434s] DEBUG:colcon.colcon_core.event_handler.log_command:Invoked command in '/home/ground/ugv_repo/OperationTouchdown/ugv_ws/build/depthai_filters' returned '0': CMAKE_PREFIX_PATH=/home/ground/ugv_repo/OperationTouchdown/ugv_ws/install/depthai_ros_msgs:/home/ground/ugv_repo/OperationTouchdown/ugv_ws/install/rplidar_ros:/home/ground/ugv_repo/OperationTouchdown/ugv_ws/install/roboteq_ros2_driver:/home/ground/ugv_repo/OperationTouchdown/ugv_ws/install/my_ugv_bringup:/home/ground/ugv_repo/OperationTouchdown/ugv_ws/install/my_ugv_description:/home/ground/ugv_repo/OperationTouchdown/ugv_ws/install/dual_laser_merger:/home/ground/ugv_repo/OperationTouchdown/ugv_ws/install/depthai-ros:/home/ground/ugv_repo/OperationTouchdown/ugv_ws/install/depthai_ros_driver:/home/ground/ugv_repo/OperationTouchdown/ugv_ws/install/depthai_filters:/home/ground/ugv_repo/OperationTouchdown/ugv_ws/install/depthai_examples:/home/ground/ugv_repo/OperationTouchdown/ugv_ws/install/depthai_bridge:/home/ground/ugv_repo/OperationTouchdown/ugv_ws/install/depthai_descriptions:/opt/ros/jazzy/opt/gz_sim_vendor:/opt/ros/jazzy/opt/gz_sensors_vendor:/opt/ros/jazzy/opt/gz_physics_vendor:/opt/ros/jazzy/opt/sdformat_vendor:/opt/ros/jazzy/opt/gz_gui_vendor:/opt/ros/jazzy/opt/gz_transport_vendor:/opt/ros/jazzy/opt/gz_rendering_vendor:/opt/ros/jazzy/opt/gz_plugin_vendor:/opt/ros/jazzy/opt/gz_fuel_tools_vendor:/opt/ros/jazzy/opt/gz_msgs_vendor:/opt/ros/jazzy/opt/gz_common_vendor:/opt/ros/jazzy/opt/gz_math_vendor:/opt/ros/jazzy/opt/gz_utils_vendor:/opt/ros/jazzy/opt/gz_tools_vendor:/opt/ros/jazzy/opt/gz_ogre_next_vendor:/opt/ros/jazzy/opt/gz_dartsim_vendor:/opt/ros/jazzy/opt/gz_cmake_vendor:/home/ground/ugv_repo/OperationTouchdown/ugv_ws/install/my_ugv_vision:/home/ground/ugv_repo/OperationTouchdown/ugv_ws/install/my_ugv_hardware:/opt/ros/jazzy DEBUGINFOD_URLS=https://debuginfod.ubuntu.com LD_LIBRARY_PATH=/home/ground/ugv_repo/OperationTouchdown/ugv_ws/install/depthai_ros_msgs/lib:/home/ground/ugv_repo/OperationTouchdown/ugv_ws/install/dual_laser_merger/lib:/home/ground/ugv_repo/OperationTouchdown/ugv_ws/install/depthai_ros_driver/lib:/home/ground/ugv_repo/OperationTouchdown/ugv_ws/install/depthai_filters/lib:/home/ground/ugv_repo/OperationTouchdown/ugv_ws/install/depthai_bridge/lib:/opt/ros/jazzy/opt/gz_sim_vendor/lib:/opt/ros/jazzy/opt/gz_sensors_vendor/lib:/opt/ros/jazzy/opt/gz_physics_vendor/lib:/opt/ros/jazzy/opt/sdformat_vendor/lib:/opt/ros/jazzy/opt/rviz_ogre_vendor/lib:/opt/ros/jazzy/lib/aarch64-linux-gnu:/opt/ros/jazzy/opt/gz_gui_vendor/lib:/opt/ros/jazzy/opt/gz_transport_vendor/lib:/opt/ros/jazzy/opt/gz_rendering_vendor/lib:/opt/ros/jazzy/opt/gz_plugin_vendor/lib:/opt/ros/jazzy/opt/gz_fuel_tools_vendor/lib:/opt/ros/jazzy/opt/gz_msgs_vendor/lib:/opt/ros/jazzy/opt/gz_common_vendor/lib:/opt/ros/jazzy/opt/gz_math_vendor/lib:/opt/ros/jazzy/opt/gz_utils_vendor/lib:/opt/ros/jazzy/opt/gz_tools_vendor/lib:/opt/ros/jazzy/opt/gz_ogre_next_vendor/lib:/opt/ros/jazzy/opt/gz_dartsim_vendor/lib:/opt/ros/jazzy/opt/gz_cmake_vendor/lib:/opt/ros/jazzy/lib PYTHONPATH=/home/ground/ugv_repo/OperationTouchdown/ugv_ws/install/depthai_ros_msgs/lib/python3.12/site-packages:/home/ground/ugv_repo/OperationTouchdown/ugv_ws/build/my_ugv_vision:/home/ground/ugv_repo/OperationTouchdown/ugv_ws/install/my_ugv_vision/lib/python3.12/site-packages:/home/ground/ugv_repo/OperationTouchdown/ugv_ws/build/my_ugv_hardware:/home/ground/ugv_repo/OperationTouchdown/ugv_ws/install/my_ugv_hardware/lib/python3.12/site-packages:/home/ground/ugv_repo/OperationTouchdown/ugv_ws/install/depthai_ros_driver/lib/python3.12/site-packages:/opt/ros/jazzy/lib/python3.12/site-packages /usr/bin/cmake --build /home/ground/ugv_repo/OperationTouchdown/ugv_ws/build/depthai_filters -- -j4 -l4
[2.436s] DEBUG:colcon.colcon_core.event_handler.log_command:Invoking command in '/home/ground/ugv_repo/OperationTouchdown/ugv_ws/build/depthai_filters': CMAKE_PREFIX_PATH=/home/ground/ugv_repo/OperationTouchdown/ugv_ws/install/depthai_ros_msgs:/home/ground/ugv_repo/OperationTouchdown/ugv_ws/install/rplidar_ros:/home/ground/ugv_repo/OperationTouchdown/ugv_ws/install/roboteq_ros2_driver:/home/ground/ugv_repo/OperationTouchdown/ugv_ws/install/my_ugv_bringup:/home/ground/ugv_repo/OperationTouchdown/ugv_ws/install/my_ugv_description:/home/ground/ugv_repo/OperationTouchdown/ugv_ws/install/dual_laser_merger:/home/ground/ugv_repo/OperationTouchdown/ugv_ws/install/depthai-ros:/home/ground/ugv_repo/OperationTouchdown/ugv_ws/install/depthai_ros_driver:/home/ground/ugv_repo/OperationTouchdown/ugv_ws/install/depthai_filters:/home/ground/ugv_repo/OperationTouchdown/ugv_ws/install/depthai_examples:/home/ground/ugv_repo/OperationTouchdown/ugv_ws/install/depthai_bridge:/home/ground/ugv_repo/OperationTouchdown/ugv_ws/install/depthai_descriptions:/opt/ros/jazzy/opt/gz_sim_vendor:/opt/ros/jazzy/opt/gz_sensors_vendor:/opt/ros/jazzy/opt/gz_physics_vendor:/opt/ros/jazzy/opt/sdformat_vendor:/opt/ros/jazzy/opt/gz_gui_vendor:/opt/ros/jazzy/opt/gz_transport_vendor:/opt/ros/jazzy/opt/gz_rendering_vendor:/opt/ros/jazzy/opt/gz_plugin_vendor:/opt/ros/jazzy/opt/gz_fuel_tools_vendor:/opt/ros/jazzy/opt/gz_msgs_vendor:/opt/ros/jazzy/opt/gz_common_vendor:/opt/ros/jazzy/opt/gz_math_vendor:/opt/ros/jazzy/opt/gz_utils_vendor:/opt/ros/jazzy/opt/gz_tools_vendor:/opt/ros/jazzy/opt/gz_ogre_next_vendor:/opt/ros/jazzy/opt/gz_dartsim_vendor:/opt/ros/jazzy/opt/gz_cmake_vendor:/home/ground/ugv_repo/OperationTouchdown/ugv_ws/install/my_ugv_vision:/home/ground/ugv_repo/OperationTouchdown/ugv_ws/install/my_ugv_hardware:/opt/ros/jazzy DEBUGINFOD_URLS=https://debuginfod.ubuntu.com LD_LIBRARY_PATH=/home/ground/ugv_repo/OperationTouchdown/ugv_ws/install/depthai_ros_msgs/lib:/home/ground/ugv_repo/OperationTouchdown/ugv_ws/install/dual_laser_merger/lib:/home/ground/ugv_repo/OperationTouchdown/ugv_ws/install/depthai_ros_driver/lib:/home/ground/ugv_repo/OperationTouchdown/ugv_ws/install/depthai_filters/lib:/home/ground/ugv_repo/OperationTouchdown/ugv_ws/install/depthai_bridge/lib:/opt/ros/jazzy/opt/gz_sim_vendor/lib:/opt/ros/jazzy/opt/gz_sensors_vendor/lib:/opt/ros/jazzy/opt/gz_physics_vendor/lib:/opt/ros/jazzy/opt/sdformat_vendor/lib:/opt/ros/jazzy/opt/rviz_ogre_vendor/lib:/opt/ros/jazzy/lib/aarch64-linux-gnu:/opt/ros/jazzy/opt/gz_gui_vendor/lib:/opt/ros/jazzy/opt/gz_transport_vendor/lib:/opt/ros/jazzy/opt/gz_rendering_vendor/lib:/opt/ros/jazzy/opt/gz_plugin_vendor/lib:/opt/ros/jazzy/opt/gz_fuel_tools_vendor/lib:/opt/ros/jazzy/opt/gz_msgs_vendor/lib:/opt/ros/jazzy/opt/gz_common_vendor/lib:/opt/ros/jazzy/opt/gz_math_vendor/lib:/opt/ros/jazzy/opt/gz_utils_vendor/lib:/opt/ros/jazzy/opt/gz_tools_vendor/lib:/opt/ros/jazzy/opt/gz_ogre_next_vendor/lib:/opt/ros/jazzy/opt/gz_dartsim_vendor/lib:/opt/ros/jazzy/opt/gz_cmake_vendor/lib:/opt/ros/jazzy/lib PYTHONPATH=/home/ground/ugv_repo/OperationTouchdown/ugv_ws/install/depthai_ros_msgs/lib/python3.12/site-packages:/home/ground/ugv_repo/OperationTouchdown/ugv_ws/build/my_ugv_vision:/home/ground/ugv_repo/OperationTouchdown/ugv_ws/install/my_ugv_vision/lib/python3.12/site-packages:/home/ground/ugv_repo/OperationTouchdown/ugv_ws/build/my_ugv_hardware:/home/ground/ugv_repo/OperationTouchdown/ugv_ws/install/my_ugv_hardware/lib/python3.12/site-packages:/home/ground/ugv_repo/OperationTouchdown/ugv_ws/install/depthai_ros_driver/lib/python3.12/site-packages:/opt/ros/jazzy/lib/python3.12/site-packages /usr/bin/cmake --install /home/ground/ugv_repo/OperationTouchdown/ugv_ws/build/depthai_filters
[2.462s] DEBUG:colcon.colcon_core.event_handler.log_command:Invoking command in '/home/ground/ugv_repo/OperationTouchdown/ugv_ws/build/depthai_examples': CMAKE_PREFIX_PATH=/home/ground/ugv_repo/OperationTouchdown/ugv_ws/install/depthai_bridge:/home/ground/ugv_repo/OperationTouchdown/ugv_ws/install/depthai_ros_msgs:/home/ground/ugv_repo/OperationTouchdown/ugv_ws/install/depthai_descriptions:/home/ground/ugv_repo/OperationTouchdown/ugv_ws/install/rplidar_ros:/home/ground/ugv_repo/OperationTouchdown/ugv_ws/install/roboteq_ros2_driver:/home/ground/ugv_repo/OperationTouchdown/ugv_ws/install/my_ugv_bringup:/home/ground/ugv_repo/OperationTouchdown/ugv_ws/install/my_ugv_description:/home/ground/ugv_repo/OperationTouchdown/ugv_ws/install/dual_laser_merger:/home/ground/ugv_repo/OperationTouchdown/ugv_ws/install/depthai-ros:/home/ground/ugv_repo/OperationTouchdown/ugv_ws/install/depthai_ros_driver:/home/ground/ugv_repo/OperationTouchdown/ugv_ws/install/depthai_filters:/home/ground/ugv_repo/OperationTouchdown/ugv_ws/install/depthai_examples:/opt/ros/jazzy/opt/gz_sim_vendor:/opt/ros/jazzy/opt/gz_sensors_vendor:/opt/ros/jazzy/opt/gz_physics_vendor:/opt/ros/jazzy/opt/sdformat_vendor:/opt/ros/jazzy/opt/gz_gui_vendor:/opt/ros/jazzy/opt/gz_transport_vendor:/opt/ros/jazzy/opt/gz_rendering_vendor:/opt/ros/jazzy/opt/gz_plugin_vendor:/opt/ros/jazzy/opt/gz_fuel_tools_vendor:/opt/ros/jazzy/opt/gz_msgs_vendor:/opt/ros/jazzy/opt/gz_common_vendor:/opt/ros/jazzy/opt/gz_math_vendor:/opt/ros/jazzy/opt/gz_utils_vendor:/opt/ros/jazzy/opt/gz_tools_vendor:/opt/ros/jazzy/opt/gz_ogre_next_vendor:/opt/ros/jazzy/opt/gz_dartsim_vendor:/opt/ros/jazzy/opt/gz_cmake_vendor:/home/ground/ugv_repo/OperationTouchdown/ugv_ws/install/my_ugv_vision:/home/ground/ugv_repo/OperationTouchdown/ugv_ws/install/my_ugv_hardware:/opt/ros/jazzy DEBUGINFOD_URLS=https://debuginfod.ubuntu.com GAZEBO_MODEL_PATH=/home/ground/ugv_repo/OperationTouchdown/ugv_ws/install/depthai_descriptions:${GAZEBO_MODEL_PATH} GAZEBO_RESOURCE_PATH=/home/ground/ugv_repo/OperationTouchdown/ugv_ws/install/depthai_descriptions:${GAZEBO_RESOURCE_PATH} IGN_GAZEBO_MODEL_PATH=/home/ground/ugv_repo/OperationTouchdown/ugv_ws/install/depthai_descriptions:${IGN_GAZEBO_MODEL_PATH} IGN_GAZEBO_RESOURCE_PATH=/home/ground/ugv_repo/OperationTouchdown/ugv_ws/install/depthai_descriptions:${IGN_GAZEBO_RESOURCE_PATH} LD_LIBRARY_PATH=/home/ground/ugv_repo/OperationTouchdown/ugv_ws/install/depthai_bridge/lib:/home/ground/ugv_repo/OperationTouchdown/ugv_ws/install/depthai_ros_msgs/lib:/home/ground/ugv_repo/OperationTouchdown/ugv_ws/install/dual_laser_merger/lib:/home/ground/ugv_repo/OperationTouchdown/ugv_ws/install/depthai_ros_driver/lib:/home/ground/ugv_repo/OperationTouchdown/ugv_ws/install/depthai_filters/lib:/opt/ros/jazzy/opt/gz_sim_vendor/lib:/opt/ros/jazzy/opt/gz_sensors_vendor/lib:/opt/ros/jazzy/opt/gz_physics_vendor/lib:/opt/ros/jazzy/opt/sdformat_vendor/lib:/opt/ros/jazzy/opt/rviz_ogre_vendor/lib:/opt/ros/jazzy/lib/aarch64-linux-gnu:/opt/ros/jazzy/opt/gz_gui_vendor/lib:/opt/ros/jazzy/opt/gz_transport_vendor/lib:/opt/ros/jazzy/opt/gz_rendering_vendor/lib:/opt/ros/jazzy/opt/gz_plugin_vendor/lib:/opt/ros/jazzy/opt/gz_fuel_tools_vendor/lib:/opt/ros/jazzy/opt/gz_msgs_vendor/lib:/opt/ros/jazzy/opt/gz_common_vendor/lib:/opt/ros/jazzy/opt/gz_math_vendor/lib:/opt/ros/jazzy/opt/gz_utils_vendor/lib:/opt/ros/jazzy/opt/gz_tools_vendor/lib:/opt/ros/jazzy/opt/gz_ogre_next_vendor/lib:/opt/ros/jazzy/opt/gz_dartsim_vendor/lib:/opt/ros/jazzy/opt/gz_cmake_vendor/lib:/opt/ros/jazzy/lib PYTHONPATH=/home/ground/ugv_repo/OperationTouchdown/ugv_ws/install/depthai_ros_msgs/lib/python3.12/site-packages:/home/ground/ugv_repo/OperationTouchdown/ugv_ws/build/my_ugv_vision:/home/ground/ugv_repo/OperationTouchdown/ugv_ws/install/my_ugv_vision/lib/python3.12/site-packages:/home/ground/ugv_repo/OperationTouchdown/ugv_ws/build/my_ugv_hardware:/home/ground/ugv_repo/OperationTouchdown/ugv_ws/install/my_ugv_hardware/lib/python3.12/site-packages:/home/ground/ugv_repo/OperationTouchdown/ugv_ws/install/depthai_ros_driver/lib/python3.12/site-packages:/opt/ros/jazzy/lib/python3.12/site-packages /usr/bin/cmake --build /home/ground/ugv_repo/OperationTouchdown/ugv_ws/build/depthai_examples -- -j4 -l4
[2.464s] DEBUG:colcon.colcon_core.event_handler.log_command:Invoking command in '/home/ground/ugv_repo/OperationTouchdown/ugv_ws/build/my_ugv_hardware': DEBUGINFOD_URLS=https://debuginfod.ubuntu.com PYTHONPATH=/home/ground/ugv_repo/OperationTouchdown/ugv_ws/build/my_ugv_hardware/prefix_override:/usr/lib/python3/dist-packages/colcon_core/task/python/colcon_distutils_commands:/home/ground/ugv_repo/OperationTouchdown/ugv_ws/install/my_ugv_hardware/lib/python3.12/site-packages:${PYTHONPATH} /usr/bin/python3 -W ignore:setup.py install is deprecated -W ignore:easy_install command is deprecated setup.py develop --editable --build-directory /home/ground/ugv_repo/OperationTouchdown/ugv_ws/build/my_ugv_hardware/build --no-deps symlink_data
[2.514s] Level 1:colcon.colcon_core.environment:create_environment_scripts_only(depthai_filters)
[2.514s] Level 1:colcon.colcon_core.environment:checking '/home/ground/ugv_repo/OperationTouchdown/ugv_ws/install/depthai_filters' for CMake module files
[2.516s] DEBUG:colcon.colcon_core.event_handler.log_command:Invoked command in '/home/ground/ugv_repo/OperationTouchdown/ugv_ws/build/depthai_filters' returned '0': CMAKE_PREFIX_PATH=/home/ground/ugv_repo/OperationTouchdown/ugv_ws/install/depthai_ros_msgs:/home/ground/ugv_repo/OperationTouchdown/ugv_ws/install/rplidar_ros:/home/ground/ugv_repo/OperationTouchdown/ugv_ws/install/roboteq_ros2_driver:/home/ground/ugv_repo/OperationTouchdown/ugv_ws/install/my_ugv_bringup:/home/ground/ugv_repo/OperationTouchdown/ugv_ws/install/my_ugv_description:/home/ground/ugv_repo/OperationTouchdown/ugv_ws/install/dual_laser_merger:/home/ground/ugv_repo/OperationTouchdown/ugv_ws/install/depthai-ros:/home/ground/ugv_repo/OperationTouchdown/ugv_ws/install/depthai_ros_driver:/home/ground/ugv_repo/OperationTouchdown/ugv_ws/install/depthai_filters:/home/ground/ugv_repo/OperationTouchdown/ugv_ws/install/depthai_examples:/home/ground/ugv_repo/OperationTouchdown/ugv_ws/install/depthai_bridge:/home/ground/ugv_repo/OperationTouchdown/ugv_ws/install/depthai_descriptions:/opt/ros/jazzy/opt/gz_sim_vendor:/opt/ros/jazzy/opt/gz_sensors_vendor:/opt/ros/jazzy/opt/gz_physics_vendor:/opt/ros/jazzy/opt/sdformat_vendor:/opt/ros/jazzy/opt/gz_gui_vendor:/opt/ros/jazzy/opt/gz_transport_vendor:/opt/ros/jazzy/opt/gz_rendering_vendor:/opt/ros/jazzy/opt/gz_plugin_vendor:/opt/ros/jazzy/opt/gz_fuel_tools_vendor:/opt/ros/jazzy/opt/gz_msgs_vendor:/opt/ros/jazzy/opt/gz_common_vendor:/opt/ros/jazzy/opt/gz_math_vendor:/opt/ros/jazzy/opt/gz_utils_vendor:/opt/ros/jazzy/opt/gz_tools_vendor:/opt/ros/jazzy/opt/gz_ogre_next_vendor:/opt/ros/jazzy/opt/gz_dartsim_vendor:/opt/ros/jazzy/opt/gz_cmake_vendor:/home/ground/ugv_repo/OperationTouchdown/ugv_ws/install/my_ugv_vision:/home/ground/ugv_repo/OperationTouchdown/ugv_ws/install/my_ugv_hardware:/opt/ros/jazzy DEBUGINFOD_URLS=https://debuginfod.ubuntu.com LD_LIBRARY_PATH=/home/ground/ugv_repo/OperationTouchdown/ugv_ws/install/depthai_ros_msgs/lib:/home/ground/ugv_repo/OperationTouchdown/ugv_ws/install/dual_laser_merger/lib:/home/ground/ugv_repo/OperationTouchdown/ugv_ws/install/depthai_ros_driver/lib:/home/ground/ugv_repo/OperationTouchdown/ugv_ws/install/depthai_filters/lib:/home/ground/ugv_repo/OperationTouchdown/ugv_ws/install/depthai_bridge/lib:/opt/ros/jazzy/opt/gz_sim_vendor/lib:/opt/ros/jazzy/opt/gz_sensors_vendor/lib:/opt/ros/jazzy/opt/gz_physics_vendor/lib:/opt/ros/jazzy/opt/sdformat_vendor/lib:/opt/ros/jazzy/opt/rviz_ogre_vendor/lib:/opt/ros/jazzy/lib/aarch64-linux-gnu:/opt/ros/jazzy/opt/gz_gui_vendor/lib:/opt/ros/jazzy/opt/gz_transport_vendor/lib:/opt/ros/jazzy/opt/gz_rendering_vendor/lib:/opt/ros/jazzy/opt/gz_plugin_vendor/lib:/opt/ros/jazzy/opt/gz_fuel_tools_vendor/lib:/opt/ros/jazzy/opt/gz_msgs_vendor/lib:/opt/ros/jazzy/opt/gz_common_vendor/lib:/opt/ros/jazzy/opt/gz_math_vendor/lib:/opt/ros/jazzy/opt/gz_utils_vendor/lib:/opt/ros/jazzy/opt/gz_tools_vendor/lib:/opt/ros/jazzy/opt/gz_ogre_next_vendor/lib:/opt/ros/jazzy/opt/gz_dartsim_vendor/lib:/opt/ros/jazzy/opt/gz_cmake_vendor/lib:/opt/ros/jazzy/lib PYTHONPATH=/home/ground/ugv_repo/OperationTouchdown/ugv_ws/install/depthai_ros_msgs/lib/python3.12/site-packages:/home/ground/ugv_repo/OperationTouchdown/ugv_ws/build/my_ugv_vision:/home/ground/ugv_repo/OperationTouchdown/ugv_ws/install/my_ugv_vision/lib/python3.12/site-packages:/home/ground/ugv_repo/OperationTouchdown/ugv_ws/build/my_ugv_hardware:/home/ground/ugv_repo/OperationTouchdown/ugv_ws/install/my_ugv_hardware/lib/python3.12/site-packages:/home/ground/ugv_repo/OperationTouchdown/ugv_ws/install/depthai_ros_driver/lib/python3.12/site-packages:/opt/ros/jazzy/lib/python3.12/site-packages /usr/bin/cmake --install /home/ground/ugv_repo/OperationTouchdown/ugv_ws/build/depthai_filters
[2.516s] Level 1:colcon.colcon_core.environment:checking '/home/ground/ugv_repo/OperationTouchdown/ugv_ws/install/depthai_filters' for CMake config files
[2.517s] Level 1:colcon.colcon_core.shell:create_environment_hook('depthai_filters', 'cmake_prefix_path')
[2.518s] INFO:colcon.colcon_core.shell:Creating environment hook '/home/ground/ugv_repo/OperationTouchdown/ugv_ws/install/depthai_filters/share/depthai_filters/hook/cmake_prefix_path.ps1'
[2.519s] INFO:colcon.colcon_core.shell:Creating environment descriptor '/home/ground/ugv_repo/OperationTouchdown/ugv_ws/install/depthai_filters/share/depthai_filters/hook/cmake_prefix_path.dsv'
[2.520s] INFO:colcon.colcon_core.shell:Creating environment hook '/home/ground/ugv_repo/OperationTouchdown/ugv_ws/install/depthai_filters/share/depthai_filters/hook/cmake_prefix_path.sh'
[2.521s] Level 1:colcon.colcon_core.environment:checking '/home/ground/ugv_repo/OperationTouchdown/ugv_ws/install/depthai_filters/lib'
[2.521s] Level 1:colcon.colcon_core.shell:create_environment_hook('depthai_filters', 'ld_library_path_lib')
[2.521s] INFO:colcon.colcon_core.shell:Creating environment hook '/home/ground/ugv_repo/OperationTouchdown/ugv_ws/install/depthai_filters/share/depthai_filters/hook/ld_library_path_lib.ps1'
[2.522s] INFO:colcon.colcon_core.shell:Creating environment descriptor '/home/ground/ugv_repo/OperationTouchdown/ugv_ws/install/depthai_filters/share/depthai_filters/hook/ld_library_path_lib.dsv'
[2.523s] INFO:colcon.colcon_core.shell:Creating environment hook '/home/ground/ugv_repo/OperationTouchdown/ugv_ws/install/depthai_filters/share/depthai_filters/hook/ld_library_path_lib.sh'
[2.524s] Level 1:colcon.colcon_core.environment:checking '/home/ground/ugv_repo/OperationTouchdown/ugv_ws/install/depthai_filters/bin'
[2.524s] Level 1:colcon.colcon_core.environment:checking '/home/ground/ugv_repo/OperationTouchdown/ugv_ws/install/depthai_filters/lib/pkgconfig/depthai_filters.pc'
[2.525s] Level 1:colcon.colcon_core.environment:checking '/home/ground/ugv_repo/OperationTouchdown/ugv_ws/install/depthai_filters/lib/python3.12/site-packages'
[2.525s] Level 1:colcon.colcon_core.environment:checking '/home/ground/ugv_repo/OperationTouchdown/ugv_ws/install/depthai_filters/bin'
[2.527s] INFO:colcon.colcon_core.shell:Creating package script '/home/ground/ugv_repo/OperationTouchdown/ugv_ws/install/depthai_filters/share/depthai_filters/package.ps1'
[2.529s] INFO:colcon.colcon_core.shell:Creating package descriptor '/home/ground/ugv_repo/OperationTouchdown/ugv_ws/install/depthai_filters/share/depthai_filters/package.dsv'
[2.531s] INFO:colcon.colcon_core.shell:Creating package script '/home/ground/ugv_repo/OperationTouchdown/ugv_ws/install/depthai_filters/share/depthai_filters/package.sh'
[2.532s] INFO:colcon.colcon_core.shell:Creating package script '/home/ground/ugv_repo/OperationTouchdown/ugv_ws/install/depthai_filters/share/depthai_filters/package.bash'
[2.534s] INFO:colcon.colcon_core.shell:Creating package script '/home/ground/ugv_repo/OperationTouchdown/ugv_ws/install/depthai_filters/share/depthai_filters/package.zsh'
[2.535s] Level 1:colcon.colcon_core.environment:create_file_with_runtime_dependencies(/home/ground/ugv_repo/OperationTouchdown/ugv_ws/install/depthai_filters/share/colcon-core/packages/depthai_filters)
[2.536s] Level 1:colcon.colcon_core.environment:create_environment_scripts_only(depthai_filters)
[2.536s] Level 1:colcon.colcon_core.environment:checking '/home/ground/ugv_repo/OperationTouchdown/ugv_ws/install/depthai_filters' for CMake module files
[2.537s] Level 1:colcon.colcon_core.environment:checking '/home/ground/ugv_repo/OperationTouchdown/ugv_ws/install/depthai_filters' for CMake config files
[2.538s] Level 1:colcon.colcon_core.shell:create_environment_hook('depthai_filters', 'cmake_prefix_path')
[2.539s] INFO:colcon.colcon_core.shell:Creating environment hook '/home/ground/ugv_repo/OperationTouchdown/ugv_ws/install/depthai_filters/share/depthai_filters/hook/cmake_prefix_path.ps1'
[2.540s] INFO:colcon.colcon_core.shell:Creating environment descriptor '/home/ground/ugv_repo/OperationTouchdown/ugv_ws/install/depthai_filters/share/depthai_filters/hook/cmake_prefix_path.dsv'
[2.541s] INFO:colcon.colcon_core.shell:Creating environment hook '/home/ground/ugv_repo/OperationTouchdown/ugv_ws/install/depthai_filters/share/depthai_filters/hook/cmake_prefix_path.sh'
[2.543s] Level 1:colcon.colcon_core.environment:checking '/home/ground/ugv_repo/OperationTouchdown/ugv_ws/install/depthai_filters/lib'
[2.544s] Level 1:colcon.colcon_core.shell:create_environment_hook('depthai_filters', 'ld_library_path_lib')
[2.544s] INFO:colcon.colcon_core.shell:Creating environment hook '/home/ground/ugv_repo/OperationTouchdown/ugv_ws/install/depthai_filters/share/depthai_filters/hook/ld_library_path_lib.ps1'
[2.545s] INFO:colcon.colcon_core.shell:Creating environment descriptor '/home/ground/ugv_repo/OperationTouchdown/ugv_ws/install/depthai_filters/share/depthai_filters/hook/ld_library_path_lib.dsv'
[2.547s] INFO:colcon.colcon_core.shell:Creating environment hook '/home/ground/ugv_repo/OperationTouchdown/ugv_ws/install/depthai_filters/share/depthai_filters/hook/ld_library_path_lib.sh'
[2.548s] Level 1:colcon.colcon_core.environment:checking '/home/ground/ugv_repo/OperationTouchdown/ugv_ws/install/depthai_filters/bin'
[2.548s] Level 1:colcon.colcon_core.environment:checking '/home/ground/ugv_repo/OperationTouchdown/ugv_ws/install/depthai_filters/lib/pkgconfig/depthai_filters.pc'
[2.548s] Level 1:colcon.colcon_core.environment:checking '/home/ground/ugv_repo/OperationTouchdown/ugv_ws/install/depthai_filters/lib/python3.12/site-packages'
[2.549s] Level 1:colcon.colcon_core.environment:checking '/home/ground/ugv_repo/OperationTouchdown/ugv_ws/install/depthai_filters/bin'
[2.550s] INFO:colcon.colcon_core.shell:Creating package script '/home/ground/ugv_repo/OperationTouchdown/ugv_ws/install/depthai_filters/share/depthai_filters/package.ps1'
[2.551s] INFO:colcon.colcon_core.shell:Creating package descriptor '/home/ground/ugv_repo/OperationTouchdown/ugv_ws/install/depthai_filters/share/depthai_filters/package.dsv'
[2.552s] INFO:colcon.colcon_core.shell:Creating package script '/home/ground/ugv_repo/OperationTouchdown/ugv_ws/install/depthai_filters/share/depthai_filters/package.sh'
[2.553s] INFO:colcon.colcon_core.shell:Creating package script '/home/ground/ugv_repo/OperationTouchdown/ugv_ws/install/depthai_filters/share/depthai_filters/package.bash'
[2.554s] INFO:colcon.colcon_core.shell:Creating package script '/home/ground/ugv_repo/OperationTouchdown/ugv_ws/install/depthai_filters/share/depthai_filters/package.zsh'
[2.556s] Level 1:colcon.colcon_core.environment:create_file_with_runtime_dependencies(/home/ground/ugv_repo/OperationTouchdown/ugv_ws/install/depthai_filters/share/colcon-core/packages/depthai_filters)
[2.561s] INFO:colcon.colcon_ros.task.ament_cmake.build:Building ROS package in '/home/ground/ugv_repo/OperationTouchdown/ugv_ws/src/rplidar_ros' with build type 'ament_cmake'
[2.561s] INFO:colcon.colcon_cmake.task.cmake.build:Building CMake package in '/home/ground/ugv_repo/OperationTouchdown/ugv_ws/src/rplidar_ros'
[2.564s] INFO:colcon.colcon_core.shell:Skip shell extension 'powershell' for command environment: Not usable outside of PowerShell
[2.564s] DEBUG:colcon.colcon_core.shell:Skip shell extension 'dsv' for command environment
[2.592s] DEBUG:colcon.colcon_core.event_handler.log_command:Invoking command in '/home/ground/ugv_repo/OperationTouchdown/ugv_ws/build/rplidar_ros': CMAKE_PREFIX_PATH=${CMAKE_PREFIX_PATH}:/home/ground/ugv_repo/OperationTouchdown/ugv_ws/install/my_ugv_vision:/home/ground/ugv_repo/OperationTouchdown/ugv_ws/install/my_ugv_hardware:/opt/ros/jazzy DEBUGINFOD_URLS=https://debuginfod.ubuntu.com /usr/bin/cmake --build /home/ground/ugv_repo/OperationTouchdown/ugv_ws/build/rplidar_ros -- -j4 -l4
[2.934s] DEBUG:colcon.colcon_core.event_handler.log_command:Invoked command in '/home/ground/ugv_repo/OperationTouchdown/ugv_ws/build/rplidar_ros' returned '0': CMAKE_PREFIX_PATH=${CMAKE_PREFIX_PATH}:/home/ground/ugv_repo/OperationTouchdown/ugv_ws/install/my_ugv_vision:/home/ground/ugv_repo/OperationTouchdown/ugv_ws/install/my_ugv_hardware:/opt/ros/jazzy DEBUGINFOD_URLS=https://debuginfod.ubuntu.com /usr/bin/cmake --build /home/ground/ugv_repo/OperationTouchdown/ugv_ws/build/rplidar_ros -- -j4 -l4
[2.936s] DEBUG:colcon.colcon_core.event_handler.log_command:Invoking command in '/home/ground/ugv_repo/OperationTouchdown/ugv_ws/build/rplidar_ros': CMAKE_PREFIX_PATH=${CMAKE_PREFIX_PATH}:/home/ground/ugv_repo/OperationTouchdown/ugv_ws/install/my_ugv_vision:/home/ground/ugv_repo/OperationTouchdown/ugv_ws/install/my_ugv_hardware:/opt/ros/jazzy DEBUGINFOD_URLS=https://debuginfod.ubuntu.com /usr/bin/cmake --install /home/ground/ugv_repo/OperationTouchdown/ugv_ws/build/rplidar_ros
[2.979s] DEBUG:colcon.colcon_core.event_handler.log_command:Invoked command in '/home/ground/ugv_repo/OperationTouchdown/ugv_ws/build/depthai_examples' returned '0': CMAKE_PREFIX_PATH=/home/ground/ugv_repo/OperationTouchdown/ugv_ws/install/depthai_bridge:/home/ground/ugv_repo/OperationTouchdown/ugv_ws/install/depthai_ros_msgs:/home/ground/ugv_repo/OperationTouchdown/ugv_ws/install/depthai_descriptions:/home/ground/ugv_repo/OperationTouchdown/ugv_ws/install/rplidar_ros:/home/ground/ugv_repo/OperationTouchdown/ugv_ws/install/roboteq_ros2_driver:/home/ground/ugv_repo/OperationTouchdown/ugv_ws/install/my_ugv_bringup:/home/ground/ugv_repo/OperationTouchdown/ugv_ws/install/my_ugv_description:/home/ground/ugv_repo/OperationTouchdown/ugv_ws/install/dual_laser_merger:/home/ground/ugv_repo/OperationTouchdown/ugv_ws/install/depthai-ros:/home/ground/ugv_repo/OperationTouchdown/ugv_ws/install/depthai_ros_driver:/home/ground/ugv_repo/OperationTouchdown/ugv_ws/install/depthai_filters:/home/ground/ugv_repo/OperationTouchdown/ugv_ws/install/depthai_examples:/opt/ros/jazzy/opt/gz_sim_vendor:/opt/ros/jazzy/opt/gz_sensors_vendor:/opt/ros/jazzy/opt/gz_physics_vendor:/opt/ros/jazzy/opt/sdformat_vendor:/opt/ros/jazzy/opt/gz_gui_vendor:/opt/ros/jazzy/opt/gz_transport_vendor:/opt/ros/jazzy/opt/gz_rendering_vendor:/opt/ros/jazzy/opt/gz_plugin_vendor:/opt/ros/jazzy/opt/gz_fuel_tools_vendor:/opt/ros/jazzy/opt/gz_msgs_vendor:/opt/ros/jazzy/opt/gz_common_vendor:/opt/ros/jazzy/opt/gz_math_vendor:/opt/ros/jazzy/opt/gz_utils_vendor:/opt/ros/jazzy/opt/gz_tools_vendor:/opt/ros/jazzy/opt/gz_ogre_next_vendor:/opt/ros/jazzy/opt/gz_dartsim_vendor:/opt/ros/jazzy/opt/gz_cmake_vendor:/home/ground/ugv_repo/OperationTouchdown/ugv_ws/install/my_ugv_vision:/home/ground/ugv_repo/OperationTouchdown/ugv_ws/install/my_ugv_hardware:/opt/ros/jazzy DEBUGINFOD_URLS=https://debuginfod.ubuntu.com GAZEBO_MODEL_PATH=/home/ground/ugv_repo/OperationTouchdown/ugv_ws/install/depthai_descriptions:${GAZEBO_MODEL_PATH} GAZEBO_RESOURCE_PATH=/home/ground/ugv_repo/OperationTouchdown/ugv_ws/install/depthai_descriptions:${GAZEBO_RESOURCE_PATH} IGN_GAZEBO_MODEL_PATH=/home/ground/ugv_repo/OperationTouchdown/ugv_ws/install/depthai_descriptions:${IGN_GAZEBO_MODEL_PATH} IGN_GAZEBO_RESOURCE_PATH=/home/ground/ugv_repo/OperationTouchdown/ugv_ws/install/depthai_descriptions:${IGN_GAZEBO_RESOURCE_PATH} LD_LIBRARY_PATH=/home/ground/ugv_repo/OperationTouchdown/ugv_ws/install/depthai_bridge/lib:/home/ground/ugv_repo/OperationTouchdown/ugv_ws/install/depthai_ros_msgs/lib:/home/ground/ugv_repo/OperationTouchdown/ugv_ws/install/dual_laser_merger/lib:/home/ground/ugv_repo/OperationTouchdown/ugv_ws/install/depthai_ros_driver/lib:/home/ground/ugv_repo/OperationTouchdown/ugv_ws/install/depthai_filters/lib:/opt/ros/jazzy/opt/gz_sim_vendor/lib:/opt/ros/jazzy/opt/gz_sensors_vendor/lib:/opt/ros/jazzy/opt/gz_physics_vendor/lib:/opt/ros/jazzy/opt/sdformat_vendor/lib:/opt/ros/jazzy/opt/rviz_ogre_vendor/lib:/opt/ros/jazzy/lib/aarch64-linux-gnu:/opt/ros/jazzy/opt/gz_gui_vendor/lib:/opt/ros/jazzy/opt/gz_transport_vendor/lib:/opt/ros/jazzy/opt/gz_rendering_vendor/lib:/opt/ros/jazzy/opt/gz_plugin_vendor/lib:/opt/ros/jazzy/opt/gz_fuel_tools_vendor/lib:/opt/ros/jazzy/opt/gz_msgs_vendor/lib:/opt/ros/jazzy/opt/gz_common_vendor/lib:/opt/ros/jazzy/opt/gz_math_vendor/lib:/opt/ros/jazzy/opt/gz_utils_vendor/lib:/opt/ros/jazzy/opt/gz_tools_vendor/lib:/opt/ros/jazzy/opt/gz_ogre_next_vendor/lib:/opt/ros/jazzy/opt/gz_dartsim_vendor/lib:/opt/ros/jazzy/opt/gz_cmake_vendor/lib:/opt/ros/jazzy/lib PYTHONPATH=/home/ground/ugv_repo/OperationTouchdown/ugv_ws/install/depthai_ros_msgs/lib/python3.12/site-packages:/home/ground/ugv_repo/OperationTouchdown/ugv_ws/build/my_ugv_vision:/home/ground/ugv_repo/OperationTouchdown/ugv_ws/install/my_ugv_vision/lib/python3.12/site-packages:/home/ground/ugv_repo/OperationTouchdown/ugv_ws/build/my_ugv_hardware:/home/ground/ugv_repo/OperationTouchdown/ugv_ws/install/my_ugv_hardware/lib/python3.12/site-packages:/home/ground/ugv_repo/OperationTouchdown/ugv_ws/install/depthai_ros_driver/lib/python3.12/site-packages:/opt/ros/jazzy/lib/python3.12/site-packages /usr/bin/cmake --build /home/ground/ugv_repo/OperationTouchdown/ugv_ws/build/depthai_examples -- -j4 -l4
[2.979s] DEBUG:colcon.colcon_core.event_handler.log_command:Invoking command in '/home/ground/ugv_repo/OperationTouchdown/ugv_ws/build/depthai_examples': CMAKE_PREFIX_PATH=/home/ground/ugv_repo/OperationTouchdown/ugv_ws/install/depthai_bridge:/home/ground/ugv_repo/OperationTouchdown/ugv_ws/install/depthai_ros_msgs:/home/ground/ugv_repo/OperationTouchdown/ugv_ws/install/depthai_descriptions:/home/ground/ugv_repo/OperationTouchdown/ugv_ws/install/rplidar_ros:/home/ground/ugv_repo/OperationTouchdown/ugv_ws/install/roboteq_ros2_driver:/home/ground/ugv_repo/OperationTouchdown/ugv_ws/install/my_ugv_bringup:/home/ground/ugv_repo/OperationTouchdown/ugv_ws/install/my_ugv_description:/home/ground/ugv_repo/OperationTouchdown/ugv_ws/install/dual_laser_merger:/home/ground/ugv_repo/OperationTouchdown/ugv_ws/install/depthai-ros:/home/ground/ugv_repo/OperationTouchdown/ugv_ws/install/depthai_ros_driver:/home/ground/ugv_repo/OperationTouchdown/ugv_ws/install/depthai_filters:/home/ground/ugv_repo/OperationTouchdown/ugv_ws/install/depthai_examples:/opt/ros/jazzy/opt/gz_sim_vendor:/opt/ros/jazzy/opt/gz_sensors_vendor:/opt/ros/jazzy/opt/gz_physics_vendor:/opt/ros/jazzy/opt/sdformat_vendor:/opt/ros/jazzy/opt/gz_gui_vendor:/opt/ros/jazzy/opt/gz_transport_vendor:/opt/ros/jazzy/opt/gz_rendering_vendor:/opt/ros/jazzy/opt/gz_plugin_vendor:/opt/ros/jazzy/opt/gz_fuel_tools_vendor:/opt/ros/jazzy/opt/gz_msgs_vendor:/opt/ros/jazzy/opt/gz_common_vendor:/opt/ros/jazzy/opt/gz_math_vendor:/opt/ros/jazzy/opt/gz_utils_vendor:/opt/ros/jazzy/opt/gz_tools_vendor:/opt/ros/jazzy/opt/gz_ogre_next_vendor:/opt/ros/jazzy/opt/gz_dartsim_vendor:/opt/ros/jazzy/opt/gz_cmake_vendor:/home/ground/ugv_repo/OperationTouchdown/ugv_ws/install/my_ugv_vision:/home/ground/ugv_repo/OperationTouchdown/ugv_ws/install/my_ugv_hardware:/opt/ros/jazzy DEBUGINFOD_URLS=https://debuginfod.ubuntu.com GAZEBO_MODEL_PATH=/home/ground/ugv_repo/OperationTouchdown/ugv_ws/install/depthai_descriptions:${GAZEBO_MODEL_PATH} GAZEBO_RESOURCE_PATH=/home/ground/ugv_repo/OperationTouchdown/ugv_ws/install/depthai_descriptions:${GAZEBO_RESOURCE_PATH} IGN_GAZEBO_MODEL_PATH=/home/ground/ugv_repo/OperationTouchdown/ugv_ws/install/depthai_descriptions:${IGN_GAZEBO_MODEL_PATH} IGN_GAZEBO_RESOURCE_PATH=/home/ground/ugv_repo/OperationTouchdown/ugv_ws/install/depthai_descriptions:${IGN_GAZEBO_RESOURCE_PATH} LD_LIBRARY_PATH=/home/ground/ugv_repo/OperationTouchdown/ugv_ws/install/depthai_bridge/lib:/home/ground/ugv_repo/OperationTouchdown/ugv_ws/install/depthai_ros_msgs/lib:/home/ground/ugv_repo/OperationTouchdown/ugv_ws/install/dual_laser_merger/lib:/home/ground/ugv_repo/OperationTouchdown/ugv_ws/install/depthai_ros_driver/lib:/home/ground/ugv_repo/OperationTouchdown/ugv_ws/install/depthai_filters/lib:/opt/ros/jazzy/opt/gz_sim_vendor/lib:/opt/ros/jazzy/opt/gz_sensors_vendor/lib:/opt/ros/jazzy/opt/gz_physics_vendor/lib:/opt/ros/jazzy/opt/sdformat_vendor/lib:/opt/ros/jazzy/opt/rviz_ogre_vendor/lib:/opt/ros/jazzy/lib/aarch64-linux-gnu:/opt/ros/jazzy/opt/gz_gui_vendor/lib:/opt/ros/jazzy/opt/gz_transport_vendor/lib:/opt/ros/jazzy/opt/gz_rendering_vendor/lib:/opt/ros/jazzy/opt/gz_plugin_vendor/lib:/opt/ros/jazzy/opt/gz_fuel_tools_vendor/lib:/opt/ros/jazzy/opt/gz_msgs_vendor/lib:/opt/ros/jazzy/opt/gz_common_vendor/lib:/opt/ros/jazzy/opt/gz_math_vendor/lib:/opt/ros/jazzy/opt/gz_utils_vendor/lib:/opt/ros/jazzy/opt/gz_tools_vendor/lib:/opt/ros/jazzy/opt/gz_ogre_next_vendor/lib:/opt/ros/jazzy/opt/gz_dartsim_vendor/lib:/opt/ros/jazzy/opt/gz_cmake_vendor/lib:/opt/ros/jazzy/lib PYTHONPATH=/home/ground/ugv_repo/OperationTouchdown/ugv_ws/install/depthai_ros_msgs/lib/python3.12/site-packages:/home/ground/ugv_repo/OperationTouchdown/ugv_ws/build/my_ugv_vision:/home/ground/ugv_repo/OperationTouchdown/ugv_ws/install/my_ugv_vision/lib/python3.12/site-packages:/home/ground/ugv_repo/OperationTouchdown/ugv_ws/build/my_ugv_hardware:/home/ground/ugv_repo/OperationTouchdown/ugv_ws/install/my_ugv_hardware/lib/python3.12/site-packages:/home/ground/ugv_repo/OperationTouchdown/ugv_ws/install/depthai_ros_driver/lib/python3.12/site-packages:/opt/ros/jazzy/lib/python3.12/site-packages /usr/bin/cmake --install /home/ground/ugv_repo/OperationTouchdown/ugv_ws/build/depthai_examples
[3.029s] Level 1:colcon.colcon_core.environment:create_environment_scripts_only(rplidar_ros)
[3.029s] Level 1:colcon.colcon_core.environment:checking '/home/ground/ugv_repo/OperationTouchdown/ugv_ws/install/rplidar_ros' for CMake module files
[3.032s] Level 1:colcon.colcon_core.environment:checking '/home/ground/ugv_repo/OperationTouchdown/ugv_ws/install/rplidar_ros' for CMake config files
[3.035s] DEBUG:colcon.colcon_core.event_handler.log_command:Invoked command in '/home/ground/ugv_repo/OperationTouchdown/ugv_ws/build/rplidar_ros' returned '0': CMAKE_PREFIX_PATH=${CMAKE_PREFIX_PATH}:/home/ground/ugv_repo/OperationTouchdown/ugv_ws/install/my_ugv_vision:/home/ground/ugv_repo/OperationTouchdown/ugv_ws/install/my_ugv_hardware:/opt/ros/jazzy DEBUGINFOD_URLS=https://debuginfod.ubuntu.com /usr/bin/cmake --install /home/ground/ugv_repo/OperationTouchdown/ugv_ws/build/rplidar_ros
[3.038s] Level 1:colcon.colcon_core.shell:create_environment_hook('rplidar_ros', 'cmake_prefix_path')
[3.038s] INFO:colcon.colcon_core.shell:Creating environment hook '/home/ground/ugv_repo/OperationTouchdown/ugv_ws/install/rplidar_ros/share/rplidar_ros/hook/cmake_prefix_path.ps1'
[3.040s] INFO:colcon.colcon_core.shell:Creating environment descriptor '/home/ground/ugv_repo/OperationTouchdown/ugv_ws/install/rplidar_ros/share/rplidar_ros/hook/cmake_prefix_path.dsv'
[3.042s] INFO:colcon.colcon_core.shell:Creating environment hook '/home/ground/ugv_repo/OperationTouchdown/ugv_ws/install/rplidar_ros/share/rplidar_ros/hook/cmake_prefix_path.sh'
[3.044s] Level 1:colcon.colcon_core.environment:checking '/home/ground/ugv_repo/OperationTouchdown/ugv_ws/install/rplidar_ros/lib'
[3.045s] Level 1:colcon.colcon_core.environment:checking '/home/ground/ugv_repo/OperationTouchdown/ugv_ws/install/rplidar_ros/bin'
[3.045s] Level 1:colcon.colcon_core.environment:checking '/home/ground/ugv_repo/OperationTouchdown/ugv_ws/install/rplidar_ros/lib/pkgconfig/rplidar_ros.pc'
[3.045s] Level 1:colcon.colcon_core.environment:checking '/home/ground/ugv_repo/OperationTouchdown/ugv_ws/install/rplidar_ros/lib/python3.12/site-packages'
[3.046s] Level 1:colcon.colcon_core.environment:checking '/home/ground/ugv_repo/OperationTouchdown/ugv_ws/install/rplidar_ros/bin'
[3.047s] INFO:colcon.colcon_core.shell:Creating package script '/home/ground/ugv_repo/OperationTouchdown/ugv_ws/install/rplidar_ros/share/rplidar_ros/package.ps1'
[3.048s] INFO:colcon.colcon_core.shell:Creating package descriptor '/home/ground/ugv_repo/OperationTouchdown/ugv_ws/install/rplidar_ros/share/rplidar_ros/package.dsv'
[3.049s] INFO:colcon.colcon_core.shell:Creating package script '/home/ground/ugv_repo/OperationTouchdown/ugv_ws/install/rplidar_ros/share/rplidar_ros/package.sh'
[3.051s] INFO:colcon.colcon_core.shell:Creating package script '/home/ground/ugv_repo/OperationTouchdown/ugv_ws/install/rplidar_ros/share/rplidar_ros/package.bash'
[3.052s] INFO:colcon.colcon_core.shell:Creating package script '/home/ground/ugv_repo/OperationTouchdown/ugv_ws/install/rplidar_ros/share/rplidar_ros/package.zsh'
[3.054s] Level 1:colcon.colcon_core.environment:create_file_with_runtime_dependencies(/home/ground/ugv_repo/OperationTouchdown/ugv_ws/install/rplidar_ros/share/colcon-core/packages/rplidar_ros)
[3.055s] Level 1:colcon.colcon_core.environment:create_environment_scripts_only(rplidar_ros)
[3.055s] Level 1:colcon.colcon_core.environment:checking '/home/ground/ugv_repo/OperationTouchdown/ugv_ws/install/rplidar_ros' for CMake module files
[3.057s] Level 1:colcon.colcon_core.environment:checking '/home/ground/ugv_repo/OperationTouchdown/ugv_ws/install/rplidar_ros' for CMake config files
[3.058s] Level 1:colcon.colcon_core.shell:create_environment_hook('rplidar_ros', 'cmake_prefix_path')
[3.059s] INFO:colcon.colcon_core.shell:Creating environment hook '/home/ground/ugv_repo/OperationTouchdown/ugv_ws/install/rplidar_ros/share/rplidar_ros/hook/cmake_prefix_path.ps1'
[3.064s] INFO:colcon.colcon_core.shell:Creating environment descriptor '/home/ground/ugv_repo/OperationTouchdown/ugv_ws/install/rplidar_ros/share/rplidar_ros/hook/cmake_prefix_path.dsv'
[3.065s] INFO:colcon.colcon_core.shell:Creating environment hook '/home/ground/ugv_repo/OperationTouchdown/ugv_ws/install/rplidar_ros/share/rplidar_ros/hook/cmake_prefix_path.sh'
[3.066s] Level 1:colcon.colcon_core.environment:checking '/home/ground/ugv_repo/OperationTouchdown/ugv_ws/install/rplidar_ros/lib'
[3.066s] Level 1:colcon.colcon_core.environment:checking '/home/ground/ugv_repo/OperationTouchdown/ugv_ws/install/rplidar_ros/bin'
[3.067s] Level 1:colcon.colcon_core.environment:checking '/home/ground/ugv_repo/OperationTouchdown/ugv_ws/install/rplidar_ros/lib/pkgconfig/rplidar_ros.pc'
[3.067s] Level 1:colcon.colcon_core.environment:checking '/home/ground/ugv_repo/OperationTouchdown/ugv_ws/install/rplidar_ros/lib/python3.12/site-packages'
[3.067s] Level 1:colcon.colcon_core.environment:checking '/home/ground/ugv_repo/OperationTouchdown/ugv_ws/install/rplidar_ros/bin'
[3.068s] INFO:colcon.colcon_core.shell:Creating package script '/home/ground/ugv_repo/OperationTouchdown/ugv_ws/install/rplidar_ros/share/rplidar_ros/package.ps1'
[3.069s] INFO:colcon.colcon_core.shell:Creating package descriptor '/home/ground/ugv_repo/OperationTouchdown/ugv_ws/install/rplidar_ros/share/rplidar_ros/package.dsv'
[3.069s] INFO:colcon.colcon_core.shell:Creating package script '/home/ground/ugv_repo/OperationTouchdown/ugv_ws/install/rplidar_ros/share/rplidar_ros/package.sh'
[3.070s] INFO:colcon.colcon_core.shell:Creating package script '/home/ground/ugv_repo/OperationTouchdown/ugv_ws/install/rplidar_ros/share/rplidar_ros/package.bash'
[3.071s] INFO:colcon.colcon_core.shell:Creating package script '/home/ground/ugv_repo/OperationTouchdown/ugv_ws/install/rplidar_ros/share/rplidar_ros/package.zsh'
[3.071s] Level 1:colcon.colcon_core.environment:create_file_with_runtime_dependencies(/home/ground/ugv_repo/OperationTouchdown/ugv_ws/install/rplidar_ros/share/colcon-core/packages/rplidar_ros)
[3.075s] Level 1:colcon.colcon_core.environment:create_environment_scripts_only(depthai_examples)
[3.075s] Level 1:colcon.colcon_core.environment:checking '/home/ground/ugv_repo/OperationTouchdown/ugv_ws/install/depthai_examples' for CMake module files
[3.076s] Level 1:colcon.colcon_core.environment:checking '/home/ground/ugv_repo/OperationTouchdown/ugv_ws/install/depthai_examples' for CMake config files
[3.077s] Level 1:colcon.colcon_core.shell:create_environment_hook('depthai_examples', 'cmake_prefix_path')
[3.077s] INFO:colcon.colcon_core.shell:Creating environment hook '/home/ground/ugv_repo/OperationTouchdown/ugv_ws/install/depthai_examples/share/depthai_examples/hook/cmake_prefix_path.ps1'
[3.078s] DEBUG:colcon.colcon_core.event_handler.log_command:Invoked command in '/home/ground/ugv_repo/OperationTouchdown/ugv_ws/build/depthai_examples' returned '0': CMAKE_PREFIX_PATH=/home/ground/ugv_repo/OperationTouchdown/ugv_ws/install/depthai_bridge:/home/ground/ugv_repo/OperationTouchdown/ugv_ws/install/depthai_ros_msgs:/home/ground/ugv_repo/OperationTouchdown/ugv_ws/install/depthai_descriptions:/home/ground/ugv_repo/OperationTouchdown/ugv_ws/install/rplidar_ros:/home/ground/ugv_repo/OperationTouchdown/ugv_ws/install/roboteq_ros2_driver:/home/ground/ugv_repo/OperationTouchdown/ugv_ws/install/my_ugv_bringup:/home/ground/ugv_repo/OperationTouchdown/ugv_ws/install/my_ugv_description:/home/ground/ugv_repo/OperationTouchdown/ugv_ws/install/dual_laser_merger:/home/ground/ugv_repo/OperationTouchdown/ugv_ws/install/depthai-ros:/home/ground/ugv_repo/OperationTouchdown/ugv_ws/install/depthai_ros_driver:/home/ground/ugv_repo/OperationTouchdown/ugv_ws/install/depthai_filters:/home/ground/ugv_repo/OperationTouchdown/ugv_ws/install/depthai_examples:/opt/ros/jazzy/opt/gz_sim_vendor:/opt/ros/jazzy/opt/gz_sensors_vendor:/opt/ros/jazzy/opt/gz_physics_vendor:/opt/ros/jazzy/opt/sdformat_vendor:/opt/ros/jazzy/opt/gz_gui_vendor:/opt/ros/jazzy/opt/gz_transport_vendor:/opt/ros/jazzy/opt/gz_rendering_vendor:/opt/ros/jazzy/opt/gz_plugin_vendor:/opt/ros/jazzy/opt/gz_fuel_tools_vendor:/opt/ros/jazzy/opt/gz_msgs_vendor:/opt/ros/jazzy/opt/gz_common_vendor:/opt/ros/jazzy/opt/gz_math_vendor:/opt/ros/jazzy/opt/gz_utils_vendor:/opt/ros/jazzy/opt/gz_tools_vendor:/opt/ros/jazzy/opt/gz_ogre_next_vendor:/opt/ros/jazzy/opt/gz_dartsim_vendor:/opt/ros/jazzy/opt/gz_cmake_vendor:/home/ground/ugv_repo/OperationTouchdown/ugv_ws/install/my_ugv_vision:/home/ground/ugv_repo/OperationTouchdown/ugv_ws/install/my_ugv_hardware:/opt/ros/jazzy DEBUGINFOD_URLS=https://debuginfod.ubuntu.com GAZEBO_MODEL_PATH=/home/ground/ugv_repo/OperationTouchdown/ugv_ws/install/depthai_descriptions:${GAZEBO_MODEL_PATH} GAZEBO_RESOURCE_PATH=/home/ground/ugv_repo/OperationTouchdown/ugv_ws/install/depthai_descriptions:${GAZEBO_RESOURCE_PATH} IGN_GAZEBO_MODEL_PATH=/home/ground/ugv_repo/OperationTouchdown/ugv_ws/install/depthai_descriptions:${IGN_GAZEBO_MODEL_PATH} IGN_GAZEBO_RESOURCE_PATH=/home/ground/ugv_repo/OperationTouchdown/ugv_ws/install/depthai_descriptions:${IGN_GAZEBO_RESOURCE_PATH} LD_LIBRARY_PATH=/home/ground/ugv_repo/OperationTouchdown/ugv_ws/install/depthai_bridge/lib:/home/ground/ugv_repo/OperationTouchdown/ugv_ws/install/depthai_ros_msgs/lib:/home/ground/ugv_repo/OperationTouchdown/ugv_ws/install/dual_laser_merger/lib:/home/ground/ugv_repo/OperationTouchdown/ugv_ws/install/depthai_ros_driver/lib:/home/ground/ugv_repo/OperationTouchdown/ugv_ws/install/depthai_filters/lib:/opt/ros/jazzy/opt/gz_sim_vendor/lib:/opt/ros/jazzy/opt/gz_sensors_vendor/lib:/opt/ros/jazzy/opt/gz_physics_vendor/lib:/opt/ros/jazzy/opt/sdformat_vendor/lib:/opt/ros/jazzy/opt/rviz_ogre_vendor/lib:/opt/ros/jazzy/lib/aarch64-linux-gnu:/opt/ros/jazzy/opt/gz_gui_vendor/lib:/opt/ros/jazzy/opt/gz_transport_vendor/lib:/opt/ros/jazzy/opt/gz_rendering_vendor/lib:/opt/ros/jazzy/opt/gz_plugin_vendor/lib:/opt/ros/jazzy/opt/gz_fuel_tools_vendor/lib:/opt/ros/jazzy/opt/gz_msgs_vendor/lib:/opt/ros/jazzy/opt/gz_common_vendor/lib:/opt/ros/jazzy/opt/gz_math_vendor/lib:/opt/ros/jazzy/opt/gz_utils_vendor/lib:/opt/ros/jazzy/opt/gz_tools_vendor/lib:/opt/ros/jazzy/opt/gz_ogre_next_vendor/lib:/opt/ros/jazzy/opt/gz_dartsim_vendor/lib:/opt/ros/jazzy/opt/gz_cmake_vendor/lib:/opt/ros/jazzy/lib PYTHONPATH=/home/ground/ugv_repo/OperationTouchdown/ugv_ws/install/depthai_ros_msgs/lib/python3.12/site-packages:/home/ground/ugv_repo/OperationTouchdown/ugv_ws/build/my_ugv_vision:/home/ground/ugv_repo/OperationTouchdown/ugv_ws/install/my_ugv_vision/lib/python3.12/site-packages:/home/ground/ugv_repo/OperationTouchdown/ugv_ws/build/my_ugv_hardware:/home/ground/ugv_repo/OperationTouchdown/ugv_ws/install/my_ugv_hardware/lib/python3.12/site-packages:/home/ground/ugv_repo/OperationTouchdown/ugv_ws/install/depthai_ros_driver/lib/python3.12/site-packages:/opt/ros/jazzy/lib/python3.12/site-packages /usr/bin/cmake --install /home/ground/ugv_repo/OperationTouchdown/ugv_ws/build/depthai_examples
[3.079s] INFO:colcon.colcon_core.shell:Creating environment descriptor '/home/ground/ugv_repo/OperationTouchdown/ugv_ws/install/depthai_examples/share/depthai_examples/hook/cmake_prefix_path.dsv'
[3.079s] INFO:colcon.colcon_core.shell:Creating environment hook '/home/ground/ugv_repo/OperationTouchdown/ugv_ws/install/depthai_examples/share/depthai_examples/hook/cmake_prefix_path.sh'
[3.080s] Level 1:colcon.colcon_core.environment:checking '/home/ground/ugv_repo/OperationTouchdown/ugv_ws/install/depthai_examples/lib'
[3.080s] Level 1:colcon.colcon_core.environment:checking '/home/ground/ugv_repo/OperationTouchdown/ugv_ws/install/depthai_examples/bin'
[3.080s] Level 1:colcon.colcon_core.environment:checking '/home/ground/ugv_repo/OperationTouchdown/ugv_ws/install/depthai_examples/lib/pkgconfig/depthai_examples.pc'
[3.081s] Level 1:colcon.colcon_core.environment:checking '/home/ground/ugv_repo/OperationTouchdown/ugv_ws/install/depthai_examples/lib/python3.12/site-packages'
[3.081s] Level 1:colcon.colcon_core.environment:checking '/home/ground/ugv_repo/OperationTouchdown/ugv_ws/install/depthai_examples/bin'
[3.082s] INFO:colcon.colcon_core.shell:Creating package script '/home/ground/ugv_repo/OperationTouchdown/ugv_ws/install/depthai_examples/share/depthai_examples/package.ps1'
[3.082s] INFO:colcon.colcon_core.shell:Creating package descriptor '/home/ground/ugv_repo/OperationTouchdown/ugv_ws/install/depthai_examples/share/depthai_examples/package.dsv'
[3.083s] INFO:colcon.colcon_core.shell:Creating package script '/home/ground/ugv_repo/OperationTouchdown/ugv_ws/install/depthai_examples/share/depthai_examples/package.sh'
[3.084s] INFO:colcon.colcon_core.shell:Creating package script '/home/ground/ugv_repo/OperationTouchdown/ugv_ws/install/depthai_examples/share/depthai_examples/package.bash'
[3.084s] INFO:colcon.colcon_core.shell:Creating package script '/home/ground/ugv_repo/OperationTouchdown/ugv_ws/install/depthai_examples/share/depthai_examples/package.zsh'
[3.085s] Level 1:colcon.colcon_core.environment:create_file_with_runtime_dependencies(/home/ground/ugv_repo/OperationTouchdown/ugv_ws/install/depthai_examples/share/colcon-core/packages/depthai_examples)
[3.086s] Level 1:colcon.colcon_core.environment:create_environment_scripts_only(depthai_examples)
[3.087s] Level 1:colcon.colcon_core.environment:checking '/home/ground/ugv_repo/OperationTouchdown/ugv_ws/install/depthai_examples' for CMake module files
[3.087s] Level 1:colcon.colcon_core.environment:checking '/home/ground/ugv_repo/OperationTouchdown/ugv_ws/install/depthai_examples' for CMake config files
[3.088s] Level 1:colcon.colcon_core.shell:create_environment_hook('depthai_examples', 'cmake_prefix_path')
[3.088s] INFO:colcon.colcon_core.shell:Creating environment hook '/home/ground/ugv_repo/OperationTouchdown/ugv_ws/install/depthai_examples/share/depthai_examples/hook/cmake_prefix_path.ps1'
[3.089s] INFO:colcon.colcon_core.shell:Creating environment descriptor '/home/ground/ugv_repo/OperationTouchdown/ugv_ws/install/depthai_examples/share/depthai_examples/hook/cmake_prefix_path.dsv'
[3.090s] INFO:colcon.colcon_core.shell:Creating environment hook '/home/ground/ugv_repo/OperationTouchdown/ugv_ws/install/depthai_examples/share/depthai_examples/hook/cmake_prefix_path.sh'
[3.090s] Level 1:colcon.colcon_core.environment:checking '/home/ground/ugv_repo/OperationTouchdown/ugv_ws/install/depthai_examples/lib'
[3.091s] Level 1:colcon.colcon_core.environment:checking '/home/ground/ugv_repo/OperationTouchdown/ugv_ws/install/depthai_examples/bin'
[3.091s] Level 1:colcon.colcon_core.environment:checking '/home/ground/ugv_repo/OperationTouchdown/ugv_ws/install/depthai_examples/lib/pkgconfig/depthai_examples.pc'
[3.091s] Level 1:colcon.colcon_core.environment:checking '/home/ground/ugv_repo/OperationTouchdown/ugv_ws/install/depthai_examples/lib/python3.12/site-packages'
[3.092s] Level 1:colcon.colcon_core.environment:checking '/home/ground/ugv_repo/OperationTouchdown/ugv_ws/install/depthai_examples/bin'
[3.092s] INFO:colcon.colcon_core.shell:Creating package script '/home/ground/ugv_repo/OperationTouchdown/ugv_ws/install/depthai_examples/share/depthai_examples/package.ps1'
[3.093s] INFO:colcon.colcon_core.shell:Creating package descriptor '/home/ground/ugv_repo/OperationTouchdown/ugv_ws/install/depthai_examples/share/depthai_examples/package.dsv'
[3.094s] INFO:colcon.colcon_core.shell:Creating package script '/home/ground/ugv_repo/OperationTouchdown/ugv_ws/install/depthai_examples/share/depthai_examples/package.sh'
[3.094s] INFO:colcon.colcon_core.shell:Creating package script '/home/ground/ugv_repo/OperationTouchdown/ugv_ws/install/depthai_examples/share/depthai_examples/package.bash'
[3.095s] INFO:colcon.colcon_core.shell:Creating package script '/home/ground/ugv_repo/OperationTouchdown/ugv_ws/install/depthai_examples/share/depthai_examples/package.zsh'
[3.096s] Level 1:colcon.colcon_core.environment:create_file_with_runtime_dependencies(/home/ground/ugv_repo/OperationTouchdown/ugv_ws/install/depthai_examples/share/colcon-core/packages/depthai_examples)
[3.097s] INFO:colcon.colcon_ros.task.ament_cmake.build:Building ROS package in '/home/ground/ugv_repo/OperationTouchdown/ugv_ws/src/depthai-ros/depthai_ros_driver' with build type 'ament_cmake'
[3.097s] INFO:colcon.colcon_cmake.task.cmake.build:Building CMake package in '/home/ground/ugv_repo/OperationTouchdown/ugv_ws/src/depthai-ros/depthai_ros_driver'
[3.097s] INFO:colcon.colcon_core.shell:Skip shell extension 'powershell' for command environment: Not usable outside of PowerShell
[3.098s] DEBUG:colcon.colcon_core.shell:Skip shell extension 'dsv' for command environment
[3.128s] DEBUG:colcon.colcon_core.event_handler.log_command:Invoking command in '/home/ground/ugv_repo/OperationTouchdown/ugv_ws/build/depthai_ros_driver': CMAKE_PREFIX_PATH=/home/ground/ugv_repo/OperationTouchdown/ugv_ws/install/depthai_examples:/home/ground/ugv_repo/OperationTouchdown/ugv_ws/install/depthai_bridge:/home/ground/ugv_repo/OperationTouchdown/ugv_ws/install/depthai_ros_msgs:/home/ground/ugv_repo/OperationTouchdown/ugv_ws/install/depthai_descriptions:/home/ground/ugv_repo/OperationTouchdown/ugv_ws/install/rplidar_ros:/home/ground/ugv_repo/OperationTouchdown/ugv_ws/install/roboteq_ros2_driver:/home/ground/ugv_repo/OperationTouchdown/ugv_ws/install/my_ugv_bringup:/home/ground/ugv_repo/OperationTouchdown/ugv_ws/install/my_ugv_description:/home/ground/ugv_repo/OperationTouchdown/ugv_ws/install/dual_laser_merger:/home/ground/ugv_repo/OperationTouchdown/ugv_ws/install/depthai-ros:/home/ground/ugv_repo/OperationTouchdown/ugv_ws/install/depthai_ros_driver:/home/ground/ugv_repo/OperationTouchdown/ugv_ws/install/depthai_filters:/opt/ros/jazzy/opt/gz_sim_vendor:/opt/ros/jazzy/opt/gz_sensors_vendor:/opt/ros/jazzy/opt/gz_physics_vendor:/opt/ros/jazzy/opt/sdformat_vendor:/opt/ros/jazzy/opt/gz_gui_vendor:/opt/ros/jazzy/opt/gz_transport_vendor:/opt/ros/jazzy/opt/gz_rendering_vendor:/opt/ros/jazzy/opt/gz_plugin_vendor:/opt/ros/jazzy/opt/gz_fuel_tools_vendor:/opt/ros/jazzy/opt/gz_msgs_vendor:/opt/ros/jazzy/opt/gz_common_vendor:/opt/ros/jazzy/opt/gz_math_vendor:/opt/ros/jazzy/opt/gz_utils_vendor:/opt/ros/jazzy/opt/gz_tools_vendor:/opt/ros/jazzy/opt/gz_ogre_next_vendor:/opt/ros/jazzy/opt/gz_dartsim_vendor:/opt/ros/jazzy/opt/gz_cmake_vendor:/home/ground/ugv_repo/OperationTouchdown/ugv_ws/install/my_ugv_vision:/home/ground/ugv_repo/OperationTouchdown/ugv_ws/install/my_ugv_hardware:/opt/ros/jazzy DEBUGINFOD_URLS=https://debuginfod.ubuntu.com GAZEBO_MODEL_PATH=/home/ground/ugv_repo/OperationTouchdown/ugv_ws/install/depthai_descriptions:${GAZEBO_MODEL_PATH} GAZEBO_RESOURCE_PATH=/home/ground/ugv_repo/OperationTouchdown/ugv_ws/install/depthai_descriptions:${GAZEBO_RESOURCE_PATH} IGN_GAZEBO_MODEL_PATH=/home/ground/ugv_repo/OperationTouchdown/ugv_ws/install/depthai_descriptions:${IGN_GAZEBO_MODEL_PATH} IGN_GAZEBO_RESOURCE_PATH=/home/ground/ugv_repo/OperationTouchdown/ugv_ws/install/depthai_descriptions:${IGN_GAZEBO_RESOURCE_PATH} LD_LIBRARY_PATH=/home/ground/ugv_repo/OperationTouchdown/ugv_ws/install/depthai_bridge/lib:/home/ground/ugv_repo/OperationTouchdown/ugv_ws/install/depthai_ros_msgs/lib:/home/ground/ugv_repo/OperationTouchdown/ugv_ws/install/dual_laser_merger/lib:/home/ground/ugv_repo/OperationTouchdown/ugv_ws/install/depthai_ros_driver/lib:/home/ground/ugv_repo/OperationTouchdown/ugv_ws/install/depthai_filters/lib:/opt/ros/jazzy/opt/gz_sim_vendor/lib:/opt/ros/jazzy/opt/gz_sensors_vendor/lib:/opt/ros/jazzy/opt/gz_physics_vendor/lib:/opt/ros/jazzy/opt/sdformat_vendor/lib:/opt/ros/jazzy/opt/rviz_ogre_vendor/lib:/opt/ros/jazzy/lib/aarch64-linux-gnu:/opt/ros/jazzy/opt/gz_gui_vendor/lib:/opt/ros/jazzy/opt/gz_transport_vendor/lib:/opt/ros/jazzy/opt/gz_rendering_vendor/lib:/opt/ros/jazzy/opt/gz_plugin_vendor/lib:/opt/ros/jazzy/opt/gz_fuel_tools_vendor/lib:/opt/ros/jazzy/opt/gz_msgs_vendor/lib:/opt/ros/jazzy/opt/gz_common_vendor/lib:/opt/ros/jazzy/opt/gz_math_vendor/lib:/opt/ros/jazzy/opt/gz_utils_vendor/lib:/opt/ros/jazzy/opt/gz_tools_vendor/lib:/opt/ros/jazzy/opt/gz_ogre_next_vendor/lib:/opt/ros/jazzy/opt/gz_dartsim_vendor/lib:/opt/ros/jazzy/opt/gz_cmake_vendor/lib:/opt/ros/jazzy/lib PYTHONPATH=/home/ground/ugv_repo/OperationTouchdown/ugv_ws/install/depthai_ros_msgs/lib/python3.12/site-packages:/home/ground/ugv_repo/OperationTouchdown/ugv_ws/build/my_ugv_vision:/home/ground/ugv_repo/OperationTouchdown/ugv_ws/install/my_ugv_vision/lib/python3.12/site-packages:/home/ground/ugv_repo/OperationTouchdown/ugv_ws/build/my_ugv_hardware:/home/ground/ugv_repo/OperationTouchdown/ugv_ws/install/my_ugv_hardware/lib/python3.12/site-packages:/home/ground/ugv_repo/OperationTouchdown/ugv_ws/install/depthai_ros_driver/lib/python3.12/site-packages:/opt/ros/jazzy/lib/python3.12/site-packages /usr/bin/cmake --build /home/ground/ugv_repo/OperationTouchdown/ugv_ws/build/depthai_ros_driver -- -j4 -l4
[3.345s] DEBUG:colcon.colcon_core.event_handler.log_command:Invoking command in '/home/ground/ugv_repo/OperationTouchdown/ugv_ws/build/my_ugv_vision': DEBUGINFOD_URLS=https://debuginfod.ubuntu.com PYTHONPATH=/home/ground/ugv_repo/OperationTouchdown/ugv_ws/build/my_ugv_vision/prefix_override:/usr/lib/python3/dist-packages/colcon_core/task/python/colcon_distutils_commands:/home/ground/ugv_repo/OperationTouchdown/ugv_ws/install/my_ugv_vision/lib/python3.12/site-packages:${PYTHONPATH} /usr/bin/python3 -W ignore:setup.py install is deprecated -W ignore:easy_install command is deprecated setup.py develop --editable --build-directory /home/ground/ugv_repo/OperationTouchdown/ugv_ws/build/my_ugv_vision/build --no-deps symlink_data
[3.975s] DEBUG:colcon.colcon_core.event_handler.log_command:Invoked command in '/home/ground/ugv_repo/OperationTouchdown/ugv_ws/build/depthai_ros_driver' returned '0': CMAKE_PREFIX_PATH=/home/ground/ugv_repo/OperationTouchdown/ugv_ws/install/depthai_examples:/home/ground/ugv_repo/OperationTouchdown/ugv_ws/install/depthai_bridge:/home/ground/ugv_repo/OperationTouchdown/ugv_ws/install/depthai_ros_msgs:/home/ground/ugv_repo/OperationTouchdown/ugv_ws/install/depthai_descriptions:/home/ground/ugv_repo/OperationTouchdown/ugv_ws/install/rplidar_ros:/home/ground/ugv_repo/OperationTouchdown/ugv_ws/install/roboteq_ros2_driver:/home/ground/ugv_repo/OperationTouchdown/ugv_ws/install/my_ugv_bringup:/home/ground/ugv_repo/OperationTouchdown/ugv_ws/install/my_ugv_description:/home/ground/ugv_repo/OperationTouchdown/ugv_ws/install/dual_laser_merger:/home/ground/ugv_repo/OperationTouchdown/ugv_ws/install/depthai-ros:/home/ground/ugv_repo/OperationTouchdown/ugv_ws/install/depthai_ros_driver:/home/ground/ugv_repo/OperationTouchdown/ugv_ws/install/depthai_filters:/opt/ros/jazzy/opt/gz_sim_vendor:/opt/ros/jazzy/opt/gz_sensors_vendor:/opt/ros/jazzy/opt/gz_physics_vendor:/opt/ros/jazzy/opt/sdformat_vendor:/opt/ros/jazzy/opt/gz_gui_vendor:/opt/ros/jazzy/opt/gz_transport_vendor:/opt/ros/jazzy/opt/gz_rendering_vendor:/opt/ros/jazzy/opt/gz_plugin_vendor:/opt/ros/jazzy/opt/gz_fuel_tools_vendor:/opt/ros/jazzy/opt/gz_msgs_vendor:/opt/ros/jazzy/opt/gz_common_vendor:/opt/ros/jazzy/opt/gz_math_vendor:/opt/ros/jazzy/opt/gz_utils_vendor:/opt/ros/jazzy/opt/gz_tools_vendor:/opt/ros/jazzy/opt/gz_ogre_next_vendor:/opt/ros/jazzy/opt/gz_dartsim_vendor:/opt/ros/jazzy/opt/gz_cmake_vendor:/home/ground/ugv_repo/OperationTouchdown/ugv_ws/install/my_ugv_vision:/home/ground/ugv_repo/OperationTouchdown/ugv_ws/install/my_ugv_hardware:/opt/ros/jazzy DEBUGINFOD_URLS=https://debuginfod.ubuntu.com GAZEBO_MODEL_PATH=/home/ground/ugv_repo/OperationTouchdown/ugv_ws/install/depthai_descriptions:${GAZEBO_MODEL_PATH} GAZEBO_RESOURCE_PATH=/home/ground/ugv_repo/OperationTouchdown/ugv_ws/install/depthai_descriptions:${GAZEBO_RESOURCE_PATH} IGN_GAZEBO_MODEL_PATH=/home/ground/ugv_repo/OperationTouchdown/ugv_ws/install/depthai_descriptions:${IGN_GAZEBO_MODEL_PATH} IGN_GAZEBO_RESOURCE_PATH=/home/ground/ugv_repo/OperationTouchdown/ugv_ws/install/depthai_descriptions:${IGN_GAZEBO_RESOURCE_PATH} LD_LIBRARY_PATH=/home/ground/ugv_repo/OperationTouchdown/ugv_ws/install/depthai_bridge/lib:/home/ground/ugv_repo/OperationTouchdown/ugv_ws/install/depthai_ros_msgs/lib:/home/ground/ugv_repo/OperationTouchdown/ugv_ws/install/dual_laser_merger/lib:/home/ground/ugv_repo/OperationTouchdown/ugv_ws/install/depthai_ros_driver/lib:/home/ground/ugv_repo/OperationTouchdown/ugv_ws/install/depthai_filters/lib:/opt/ros/jazzy/opt/gz_sim_vendor/lib:/opt/ros/jazzy/opt/gz_sensors_vendor/lib:/opt/ros/jazzy/opt/gz_physics_vendor/lib:/opt/ros/jazzy/opt/sdformat_vendor/lib:/opt/ros/jazzy/opt/rviz_ogre_vendor/lib:/opt/ros/jazzy/lib/aarch64-linux-gnu:/opt/ros/jazzy/opt/gz_gui_vendor/lib:/opt/ros/jazzy/opt/gz_transport_vendor/lib:/opt/ros/jazzy/opt/gz_rendering_vendor/lib:/opt/ros/jazzy/opt/gz_plugin_vendor/lib:/opt/ros/jazzy/opt/gz_fuel_tools_vendor/lib:/opt/ros/jazzy/opt/gz_msgs_vendor/lib:/opt/ros/jazzy/opt/gz_common_vendor/lib:/opt/ros/jazzy/opt/gz_math_vendor/lib:/opt/ros/jazzy/opt/gz_utils_vendor/lib:/opt/ros/jazzy/opt/gz_tools_vendor/lib:/opt/ros/jazzy/opt/gz_ogre_next_vendor/lib:/opt/ros/jazzy/opt/gz_dartsim_vendor/lib:/opt/ros/jazzy/opt/gz_cmake_vendor/lib:/opt/ros/jazzy/lib PYTHONPATH=/home/ground/ugv_repo/OperationTouchdown/ugv_ws/install/depthai_ros_msgs/lib/python3.12/site-packages:/home/ground/ugv_repo/OperationTouchdown/ugv_ws/build/my_ugv_vision:/home/ground/ugv_repo/OperationTouchdown/ugv_ws/install/my_ugv_vision/lib/python3.12/site-packages:/home/ground/ugv_repo/OperationTouchdown/ugv_ws/build/my_ugv_hardware:/home/ground/ugv_repo/OperationTouchdown/ugv_ws/install/my_ugv_hardware/lib/python3.12/site-packages:/home/ground/ugv_repo/OperationTouchdown/ugv_ws/install/depthai_ros_driver/lib/python3.12/site-packages:/opt/ros/jazzy/lib/python3.12/site-packages /usr/bin/cmake --build /home/ground/ugv_repo/OperationTouchdown/ugv_ws/build/depthai_ros_driver -- -j4 -l4
[3.979s] DEBUG:colcon.colcon_core.event_handler.log_command:Invoking command in '/home/ground/ugv_repo/OperationTouchdown/ugv_ws/build/depthai_ros_driver': CMAKE_PREFIX_PATH=/home/ground/ugv_repo/OperationTouchdown/ugv_ws/install/depthai_examples:/home/ground/ugv_repo/OperationTouchdown/ugv_ws/install/depthai_bridge:/home/ground/ugv_repo/OperationTouchdown/ugv_ws/install/depthai_ros_msgs:/home/ground/ugv_repo/OperationTouchdown/ugv_ws/install/depthai_descriptions:/home/ground/ugv_repo/OperationTouchdown/ugv_ws/install/rplidar_ros:/home/ground/ugv_repo/OperationTouchdown/ugv_ws/install/roboteq_ros2_driver:/home/ground/ugv_repo/OperationTouchdown/ugv_ws/install/my_ugv_bringup:/home/ground/ugv_repo/OperationTouchdown/ugv_ws/install/my_ugv_description:/home/ground/ugv_repo/OperationTouchdown/ugv_ws/install/dual_laser_merger:/home/ground/ugv_repo/OperationTouchdown/ugv_ws/install/depthai-ros:/home/ground/ugv_repo/OperationTouchdown/ugv_ws/install/depthai_ros_driver:/home/ground/ugv_repo/OperationTouchdown/ugv_ws/install/depthai_filters:/opt/ros/jazzy/opt/gz_sim_vendor:/opt/ros/jazzy/opt/gz_sensors_vendor:/opt/ros/jazzy/opt/gz_physics_vendor:/opt/ros/jazzy/opt/sdformat_vendor:/opt/ros/jazzy/opt/gz_gui_vendor:/opt/ros/jazzy/opt/gz_transport_vendor:/opt/ros/jazzy/opt/gz_rendering_vendor:/opt/ros/jazzy/opt/gz_plugin_vendor:/opt/ros/jazzy/opt/gz_fuel_tools_vendor:/opt/ros/jazzy/opt/gz_msgs_vendor:/opt/ros/jazzy/opt/gz_common_vendor:/opt/ros/jazzy/opt/gz_math_vendor:/opt/ros/jazzy/opt/gz_utils_vendor:/opt/ros/jazzy/opt/gz_tools_vendor:/opt/ros/jazzy/opt/gz_ogre_next_vendor:/opt/ros/jazzy/opt/gz_dartsim_vendor:/opt/ros/jazzy/opt/gz_cmake_vendor:/home/ground/ugv_repo/OperationTouchdown/ugv_ws/install/my_ugv_vision:/home/ground/ugv_repo/OperationTouchdown/ugv_ws/install/my_ugv_hardware:/opt/ros/jazzy DEBUGINFOD_URLS=https://debuginfod.ubuntu.com GAZEBO_MODEL_PATH=/home/ground/ugv_repo/OperationTouchdown/ugv_ws/install/depthai_descriptions:${GAZEBO_MODEL_PATH} GAZEBO_RESOURCE_PATH=/home/ground/ugv_repo/OperationTouchdown/ugv_ws/install/depthai_descriptions:${GAZEBO_RESOURCE_PATH} IGN_GAZEBO_MODEL_PATH=/home/ground/ugv_repo/OperationTouchdown/ugv_ws/install/depthai_descriptions:${IGN_GAZEBO_MODEL_PATH} IGN_GAZEBO_RESOURCE_PATH=/home/ground/ugv_repo/OperationTouchdown/ugv_ws/install/depthai_descriptions:${IGN_GAZEBO_RESOURCE_PATH} LD_LIBRARY_PATH=/home/ground/ugv_repo/OperationTouchdown/ugv_ws/install/depthai_bridge/lib:/home/ground/ugv_repo/OperationTouchdown/ugv_ws/install/depthai_ros_msgs/lib:/home/ground/ugv_repo/OperationTouchdown/ugv_ws/install/dual_laser_merger/lib:/home/ground/ugv_repo/OperationTouchdown/ugv_ws/install/depthai_ros_driver/lib:/home/ground/ugv_repo/OperationTouchdown/ugv_ws/install/depthai_filters/lib:/opt/ros/jazzy/opt/gz_sim_vendor/lib:/opt/ros/jazzy/opt/gz_sensors_vendor/lib:/opt/ros/jazzy/opt/gz_physics_vendor/lib:/opt/ros/jazzy/opt/sdformat_vendor/lib:/opt/ros/jazzy/opt/rviz_ogre_vendor/lib:/opt/ros/jazzy/lib/aarch64-linux-gnu:/opt/ros/jazzy/opt/gz_gui_vendor/lib:/opt/ros/jazzy/opt/gz_transport_vendor/lib:/opt/ros/jazzy/opt/gz_rendering_vendor/lib:/opt/ros/jazzy/opt/gz_plugin_vendor/lib:/opt/ros/jazzy/opt/gz_fuel_tools_vendor/lib:/opt/ros/jazzy/opt/gz_msgs_vendor/lib:/opt/ros/jazzy/opt/gz_common_vendor/lib:/opt/ros/jazzy/opt/gz_math_vendor/lib:/opt/ros/jazzy/opt/gz_utils_vendor/lib:/opt/ros/jazzy/opt/gz_tools_vendor/lib:/opt/ros/jazzy/opt/gz_ogre_next_vendor/lib:/opt/ros/jazzy/opt/gz_dartsim_vendor/lib:/opt/ros/jazzy/opt/gz_cmake_vendor/lib:/opt/ros/jazzy/lib PYTHONPATH=/home/ground/ugv_repo/OperationTouchdown/ugv_ws/install/depthai_ros_msgs/lib/python3.12/site-packages:/home/ground/ugv_repo/OperationTouchdown/ugv_ws/build/my_ugv_vision:/home/ground/ugv_repo/OperationTouchdown/ugv_ws/install/my_ugv_vision/lib/python3.12/site-packages:/home/ground/ugv_repo/OperationTouchdown/ugv_ws/build/my_ugv_hardware:/home/ground/ugv_repo/OperationTouchdown/ugv_ws/install/my_ugv_hardware/lib/python3.12/site-packages:/home/ground/ugv_repo/OperationTouchdown/ugv_ws/install/depthai_ros_driver/lib/python3.12/site-packages:/opt/ros/jazzy/lib/python3.12/site-packages /usr/bin/cmake --install /home/ground/ugv_repo/OperationTouchdown/ugv_ws/build/depthai_ros_driver
[4.012s] Level 1:colcon.colcon_core.shell:create_environment_hook('my_ugv_hardware', 'pythonpath_develop')
[4.015s] INFO:colcon.colcon_core.shell:Creating environment hook '/home/ground/ugv_repo/OperationTouchdown/ugv_ws/build/my_ugv_hardware/share/my_ugv_hardware/hook/pythonpath_develop.ps1'
[4.018s] INFO:colcon.colcon_core.shell:Creating environment descriptor '/home/ground/ugv_repo/OperationTouchdown/ugv_ws/build/my_ugv_hardware/share/my_ugv_hardware/hook/pythonpath_develop.dsv'
[4.020s] INFO:colcon.colcon_core.shell:Creating environment hook '/home/ground/ugv_repo/OperationTouchdown/ugv_ws/build/my_ugv_hardware/share/my_ugv_hardware/hook/pythonpath_develop.sh'
[4.023s] Level 1:colcon.colcon_core.environment:checking '/home/ground/ugv_repo/OperationTouchdown/ugv_ws/install/my_ugv_hardware' for CMake module files
[4.024s] DEBUG:colcon.colcon_core.event_handler.log_command:Invoked command in '/home/ground/ugv_repo/OperationTouchdown/ugv_ws/build/my_ugv_hardware' returned '0': DEBUGINFOD_URLS=https://debuginfod.ubuntu.com PYTHONPATH=/home/ground/ugv_repo/OperationTouchdown/ugv_ws/build/my_ugv_hardware/prefix_override:/usr/lib/python3/dist-packages/colcon_core/task/python/colcon_distutils_commands:/home/ground/ugv_repo/OperationTouchdown/ugv_ws/install/my_ugv_hardware/lib/python3.12/site-packages:${PYTHONPATH} /usr/bin/python3 -W ignore:setup.py install is deprecated -W ignore:easy_install command is deprecated setup.py develop --editable --build-directory /home/ground/ugv_repo/OperationTouchdown/ugv_ws/build/my_ugv_hardware/build --no-deps symlink_data
[4.025s] Level 1:colcon.colcon_core.environment:checking '/home/ground/ugv_repo/OperationTouchdown/ugv_ws/install/my_ugv_hardware' for CMake config files
[4.029s] Level 1:colcon.colcon_core.environment:checking '/home/ground/ugv_repo/OperationTouchdown/ugv_ws/install/my_ugv_hardware/lib'
[4.030s] Level 1:colcon.colcon_core.environment:checking '/home/ground/ugv_repo/OperationTouchdown/ugv_ws/install/my_ugv_hardware/bin'
[4.030s] Level 1:colcon.colcon_core.environment:checking '/home/ground/ugv_repo/OperationTouchdown/ugv_ws/install/my_ugv_hardware/lib/pkgconfig/my_ugv_hardware.pc'
[4.031s] Level 1:colcon.colcon_core.environment:checking '/home/ground/ugv_repo/OperationTouchdown/ugv_ws/install/my_ugv_hardware/lib/python3.12/site-packages'
[4.032s] Level 1:colcon.colcon_core.shell:create_environment_hook('my_ugv_hardware', 'pythonpath')
[4.032s] INFO:colcon.colcon_core.shell:Creating environment hook '/home/ground/ugv_repo/OperationTouchdown/ugv_ws/install/my_ugv_hardware/share/my_ugv_hardware/hook/pythonpath.ps1'
[4.033s] INFO:colcon.colcon_core.shell:Creating environment descriptor '/home/ground/ugv_repo/OperationTouchdown/ugv_ws/install/my_ugv_hardware/share/my_ugv_hardware/hook/pythonpath.dsv'
[4.036s] INFO:colcon.colcon_core.shell:Creating environment hook '/home/ground/ugv_repo/OperationTouchdown/ugv_ws/install/my_ugv_hardware/share/my_ugv_hardware/hook/pythonpath.sh'
[4.038s] Level 1:colcon.colcon_core.environment:checking '/home/ground/ugv_repo/OperationTouchdown/ugv_ws/install/my_ugv_hardware/bin'
[4.038s] Level 1:colcon.colcon_core.environment:create_environment_scripts_only(my_ugv_hardware)
[4.039s] INFO:colcon.colcon_core.shell:Creating package script '/home/ground/ugv_repo/OperationTouchdown/ugv_ws/install/my_ugv_hardware/share/my_ugv_hardware/package.ps1'
[4.041s] INFO:colcon.colcon_core.shell:Creating package descriptor '/home/ground/ugv_repo/OperationTouchdown/ugv_ws/install/my_ugv_hardware/share/my_ugv_hardware/package.dsv'
[4.043s] INFO:colcon.colcon_core.shell:Creating package script '/home/ground/ugv_repo/OperationTouchdown/ugv_ws/install/my_ugv_hardware/share/my_ugv_hardware/package.sh'
[4.045s] INFO:colcon.colcon_core.shell:Creating package script '/home/ground/ugv_repo/OperationTouchdown/ugv_ws/install/my_ugv_hardware/share/my_ugv_hardware/package.bash'
[4.046s] INFO:colcon.colcon_core.shell:Creating package script '/home/ground/ugv_repo/OperationTouchdown/ugv_ws/install/my_ugv_hardware/share/my_ugv_hardware/package.zsh'
[4.047s] Level 1:colcon.colcon_core.environment:create_file_with_runtime_dependencies(/home/ground/ugv_repo/OperationTouchdown/ugv_ws/install/my_ugv_hardware/share/colcon-core/packages/my_ugv_hardware)
[4.048s] INFO:colcon.colcon_ros.task.ament_cmake.build:Building ROS package in '/home/ground/ugv_repo/OperationTouchdown/ugv_ws/src/my_ugv_bringup' with build type 'ament_cmake'
[4.049s] INFO:colcon.colcon_cmake.task.cmake.build:Building CMake package in '/home/ground/ugv_repo/OperationTouchdown/ugv_ws/src/my_ugv_bringup'
[4.050s] INFO:colcon.colcon_core.shell:Skip shell extension 'powershell' for command environment: Not usable outside of PowerShell
[4.050s] DEBUG:colcon.colcon_core.shell:Skip shell extension 'dsv' for command environment
[4.078s] DEBUG:colcon.colcon_core.event_handler.log_command:Invoking command in '/home/ground/ugv_repo/OperationTouchdown/ugv_ws/build/my_ugv_bringup': AMENT_PREFIX_PATH=/home/ground/ugv_repo/OperationTouchdown/ugv_ws/install/my_ugv_hardware:/home/ground/ugv_repo/OperationTouchdown/ugv_ws/install/rplidar_ros:/home/ground/ugv_repo/OperationTouchdown/ugv_ws/install/roboteq_ros2_driver:/home/ground/ugv_repo/OperationTouchdown/ugv_ws/install/my_ugv_vision:/home/ground/ugv_repo/OperationTouchdown/ugv_ws/install/my_ugv_bringup:/home/ground/ugv_repo/OperationTouchdown/ugv_ws/install/my_ugv_description:/home/ground/ugv_repo/OperationTouchdown/ugv_ws/install/dual_laser_merger:/home/ground/ugv_repo/OperationTouchdown/ugv_ws/install/depthai-ros:/home/ground/ugv_repo/OperationTouchdown/ugv_ws/install/depthai_ros_driver:/home/ground/ugv_repo/OperationTouchdown/ugv_ws/install/depthai_filters:/home/ground/ugv_repo/OperationTouchdown/ugv_ws/install/depthai_examples:/home/ground/ugv_repo/OperationTouchdown/ugv_ws/install/depthai_bridge:/home/ground/ugv_repo/OperationTouchdown/ugv_ws/install/depthai_ros_msgs:/home/ground/ugv_repo/OperationTouchdown/ugv_ws/install/depthai_descriptions:/opt/ros/jazzy CMAKE_PREFIX_PATH=/home/ground/ugv_repo/OperationTouchdown/ugv_ws/install/my_ugv_description:/home/ground/ugv_repo/OperationTouchdown/ugv_ws/install/rplidar_ros:/home/ground/ugv_repo/OperationTouchdown/ugv_ws/install/roboteq_ros2_driver:/home/ground/ugv_repo/OperationTouchdown/ugv_ws/install/my_ugv_bringup:/home/ground/ugv_repo/OperationTouchdown/ugv_ws/install/dual_laser_merger:/home/ground/ugv_repo/OperationTouchdown/ugv_ws/install/depthai-ros:/home/ground/ugv_repo/OperationTouchdown/ugv_ws/install/depthai_ros_driver:/home/ground/ugv_repo/OperationTouchdown/ugv_ws/install/depthai_filters:/home/ground/ugv_repo/OperationTouchdown/ugv_ws/install/depthai_examples:/home/ground/ugv_repo/OperationTouchdown/ugv_ws/install/depthai_bridge:/home/ground/ugv_repo/OperationTouchdown/ugv_ws/install/depthai_ros_msgs:/home/ground/ugv_repo/OperationTouchdown/ugv_ws/install/depthai_descriptions:/opt/ros/jazzy/opt/gz_sim_vendor:/opt/ros/jazzy/opt/gz_sensors_vendor:/opt/ros/jazzy/opt/gz_physics_vendor:/opt/ros/jazzy/opt/sdformat_vendor:/opt/ros/jazzy/opt/gz_gui_vendor:/opt/ros/jazzy/opt/gz_transport_vendor:/opt/ros/jazzy/opt/gz_rendering_vendor:/opt/ros/jazzy/opt/gz_plugin_vendor:/opt/ros/jazzy/opt/gz_fuel_tools_vendor:/opt/ros/jazzy/opt/gz_msgs_vendor:/opt/ros/jazzy/opt/gz_common_vendor:/opt/ros/jazzy/opt/gz_math_vendor:/opt/ros/jazzy/opt/gz_utils_vendor:/opt/ros/jazzy/opt/gz_tools_vendor:/opt/ros/jazzy/opt/gz_ogre_next_vendor:/opt/ros/jazzy/opt/gz_dartsim_vendor:/opt/ros/jazzy/opt/gz_cmake_vendor:/home/ground/ugv_repo/OperationTouchdown/ugv_ws/install/my_ugv_vision:/home/ground/ugv_repo/OperationTouchdown/ugv_ws/install/my_ugv_hardware:/opt/ros/jazzy DEBUGINFOD_URLS=https://debuginfod.ubuntu.com PYTHONPATH=/home/ground/ugv_repo/OperationTouchdown/ugv_ws/build/my_ugv_hardware:/home/ground/ugv_repo/OperationTouchdown/ugv_ws/install/my_ugv_hardware/lib/python3.12/site-packages:/home/ground/ugv_repo/OperationTouchdown/ugv_ws/build/my_ugv_vision:/home/ground/ugv_repo/OperationTouchdown/ugv_ws/install/my_ugv_vision/lib/python3.12/site-packages:/home/ground/ugv_repo/OperationTouchdown/ugv_ws/install/depthai_ros_driver/lib/python3.12/site-packages:/home/ground/ugv_repo/OperationTouchdown/ugv_ws/install/depthai_ros_msgs/lib/python3.12/site-packages:/opt/ros/jazzy/lib/python3.12/site-packages /usr/bin/cmake --build /home/ground/ugv_repo/OperationTouchdown/ugv_ws/build/my_ugv_bringup -- -j4 -l4
[4.140s] Level 1:colcon.colcon_core.environment:create_environment_scripts_only(depthai_ros_driver)
[4.141s] Level 1:colcon.colcon_core.environment:checking '/home/ground/ugv_repo/OperationTouchdown/ugv_ws/install/depthai_ros_driver' for CMake module files
[4.142s] DEBUG:colcon.colcon_core.event_handler.log_command:Invoked command in '/home/ground/ugv_repo/OperationTouchdown/ugv_ws/build/depthai_ros_driver' returned '0': CMAKE_PREFIX_PATH=/home/ground/ugv_repo/OperationTouchdown/ugv_ws/install/depthai_examples:/home/ground/ugv_repo/OperationTouchdown/ugv_ws/install/depthai_bridge:/home/ground/ugv_repo/OperationTouchdown/ugv_ws/install/depthai_ros_msgs:/home/ground/ugv_repo/OperationTouchdown/ugv_ws/install/depthai_descriptions:/home/ground/ugv_repo/OperationTouchdown/ugv_ws/install/rplidar_ros:/home/ground/ugv_repo/OperationTouchdown/ugv_ws/install/roboteq_ros2_driver:/home/ground/ugv_repo/OperationTouchdown/ugv_ws/install/my_ugv_bringup:/home/ground/ugv_repo/OperationTouchdown/ugv_ws/install/my_ugv_description:/home/ground/ugv_repo/OperationTouchdown/ugv_ws/install/dual_laser_merger:/home/ground/ugv_repo/OperationTouchdown/ugv_ws/install/depthai-ros:/home/ground/ugv_repo/OperationTouchdown/ugv_ws/install/depthai_ros_driver:/home/ground/ugv_repo/OperationTouchdown/ugv_ws/install/depthai_filters:/opt/ros/jazzy/opt/gz_sim_vendor:/opt/ros/jazzy/opt/gz_sensors_vendor:/opt/ros/jazzy/opt/gz_physics_vendor:/opt/ros/jazzy/opt/sdformat_vendor:/opt/ros/jazzy/opt/gz_gui_vendor:/opt/ros/jazzy/opt/gz_transport_vendor:/opt/ros/jazzy/opt/gz_rendering_vendor:/opt/ros/jazzy/opt/gz_plugin_vendor:/opt/ros/jazzy/opt/gz_fuel_tools_vendor:/opt/ros/jazzy/opt/gz_msgs_vendor:/opt/ros/jazzy/opt/gz_common_vendor:/opt/ros/jazzy/opt/gz_math_vendor:/opt/ros/jazzy/opt/gz_utils_vendor:/opt/ros/jazzy/opt/gz_tools_vendor:/opt/ros/jazzy/opt/gz_ogre_next_vendor:/opt/ros/jazzy/opt/gz_dartsim_vendor:/opt/ros/jazzy/opt/gz_cmake_vendor:/home/ground/ugv_repo/OperationTouchdown/ugv_ws/install/my_ugv_vision:/home/ground/ugv_repo/OperationTouchdown/ugv_ws/install/my_ugv_hardware:/opt/ros/jazzy DEBUGINFOD_URLS=https://debuginfod.ubuntu.com GAZEBO_MODEL_PATH=/home/ground/ugv_repo/OperationTouchdown/ugv_ws/install/depthai_descriptions:${GAZEBO_MODEL_PATH} GAZEBO_RESOURCE_PATH=/home/ground/ugv_repo/OperationTouchdown/ugv_ws/install/depthai_descriptions:${GAZEBO_RESOURCE_PATH} IGN_GAZEBO_MODEL_PATH=/home/ground/ugv_repo/OperationTouchdown/ugv_ws/install/depthai_descriptions:${IGN_GAZEBO_MODEL_PATH} IGN_GAZEBO_RESOURCE_PATH=/home/ground/ugv_repo/OperationTouchdown/ugv_ws/install/depthai_descriptions:${IGN_GAZEBO_RESOURCE_PATH} LD_LIBRARY_PATH=/home/ground/ugv_repo/OperationTouchdown/ugv_ws/install/depthai_bridge/lib:/home/ground/ugv_repo/OperationTouchdown/ugv_ws/install/depthai_ros_msgs/lib:/home/ground/ugv_repo/OperationTouchdown/ugv_ws/install/dual_laser_merger/lib:/home/ground/ugv_repo/OperationTouchdown/ugv_ws/install/depthai_ros_driver/lib:/home/ground/ugv_repo/OperationTouchdown/ugv_ws/install/depthai_filters/lib:/opt/ros/jazzy/opt/gz_sim_vendor/lib:/opt/ros/jazzy/opt/gz_sensors_vendor/lib:/opt/ros/jazzy/opt/gz_physics_vendor/lib:/opt/ros/jazzy/opt/sdformat_vendor/lib:/opt/ros/jazzy/opt/rviz_ogre_vendor/lib:/opt/ros/jazzy/lib/aarch64-linux-gnu:/opt/ros/jazzy/opt/gz_gui_vendor/lib:/opt/ros/jazzy/opt/gz_transport_vendor/lib:/opt/ros/jazzy/opt/gz_rendering_vendor/lib:/opt/ros/jazzy/opt/gz_plugin_vendor/lib:/opt/ros/jazzy/opt/gz_fuel_tools_vendor/lib:/opt/ros/jazzy/opt/gz_msgs_vendor/lib:/opt/ros/jazzy/opt/gz_common_vendor/lib:/opt/ros/jazzy/opt/gz_math_vendor/lib:/opt/ros/jazzy/opt/gz_utils_vendor/lib:/opt/ros/jazzy/opt/gz_tools_vendor/lib:/opt/ros/jazzy/opt/gz_ogre_next_vendor/lib:/opt/ros/jazzy/opt/gz_dartsim_vendor/lib:/opt/ros/jazzy/opt/gz_cmake_vendor/lib:/opt/ros/jazzy/lib PYTHONPATH=/home/ground/ugv_repo/OperationTouchdown/ugv_ws/install/depthai_ros_msgs/lib/python3.12/site-packages:/home/ground/ugv_repo/OperationTouchdown/ugv_ws/build/my_ugv_vision:/home/ground/ugv_repo/OperationTouchdown/ugv_ws/install/my_ugv_vision/lib/python3.12/site-packages:/home/ground/ugv_repo/OperationTouchdown/ugv_ws/build/my_ugv_hardware:/home/ground/ugv_repo/OperationTouchdown/ugv_ws/install/my_ugv_hardware/lib/python3.12/site-packages:/home/ground/ugv_repo/OperationTouchdown/ugv_ws/install/depthai_ros_driver/lib/python3.12/site-packages:/opt/ros/jazzy/lib/python3.12/site-packages /usr/bin/cmake --install /home/ground/ugv_repo/OperationTouchdown/ugv_ws/build/depthai_ros_driver
[4.143s] Level 1:colcon.colcon_core.environment:checking '/home/ground/ugv_repo/OperationTouchdown/ugv_ws/install/depthai_ros_driver' for CMake config files
[4.144s] Level 1:colcon.colcon_core.shell:create_environment_hook('depthai_ros_driver', 'cmake_prefix_path')
[4.144s] INFO:colcon.colcon_core.shell:Creating environment hook '/home/ground/ugv_repo/OperationTouchdown/ugv_ws/install/depthai_ros_driver/share/depthai_ros_driver/hook/cmake_prefix_path.ps1'
[4.145s] INFO:colcon.colcon_core.shell:Creating environment descriptor '/home/ground/ugv_repo/OperationTouchdown/ugv_ws/install/depthai_ros_driver/share/depthai_ros_driver/hook/cmake_prefix_path.dsv'
[4.146s] INFO:colcon.colcon_core.shell:Creating environment hook '/home/ground/ugv_repo/OperationTouchdown/ugv_ws/install/depthai_ros_driver/share/depthai_ros_driver/hook/cmake_prefix_path.sh'
[4.147s] Level 1:colcon.colcon_core.environment:checking '/home/ground/ugv_repo/OperationTouchdown/ugv_ws/install/depthai_ros_driver/lib'
[4.147s] Level 1:colcon.colcon_core.shell:create_environment_hook('depthai_ros_driver', 'ld_library_path_lib')
[4.147s] INFO:colcon.colcon_core.shell:Creating environment hook '/home/ground/ugv_repo/OperationTouchdown/ugv_ws/install/depthai_ros_driver/share/depthai_ros_driver/hook/ld_library_path_lib.ps1'
[4.148s] INFO:colcon.colcon_core.shell:Creating environment descriptor '/home/ground/ugv_repo/OperationTouchdown/ugv_ws/install/depthai_ros_driver/share/depthai_ros_driver/hook/ld_library_path_lib.dsv'
[4.149s] INFO:colcon.colcon_core.shell:Creating environment hook '/home/ground/ugv_repo/OperationTouchdown/ugv_ws/install/depthai_ros_driver/share/depthai_ros_driver/hook/ld_library_path_lib.sh'
[4.149s] Level 1:colcon.colcon_core.environment:checking '/home/ground/ugv_repo/OperationTouchdown/ugv_ws/install/depthai_ros_driver/bin'
[4.150s] Level 1:colcon.colcon_core.environment:checking '/home/ground/ugv_repo/OperationTouchdown/ugv_ws/install/depthai_ros_driver/lib/pkgconfig/depthai_ros_driver.pc'
[4.150s] Level 1:colcon.colcon_core.environment:checking '/home/ground/ugv_repo/OperationTouchdown/ugv_ws/install/depthai_ros_driver/lib/python3.12/site-packages'
[4.150s] Level 1:colcon.colcon_core.shell:create_environment_hook('depthai_ros_driver', 'pythonpath')
[4.150s] INFO:colcon.colcon_core.shell:Creating environment hook '/home/ground/ugv_repo/OperationTouchdown/ugv_ws/install/depthai_ros_driver/share/depthai_ros_driver/hook/pythonpath.ps1'
[4.151s] INFO:colcon.colcon_core.shell:Creating environment descriptor '/home/ground/ugv_repo/OperationTouchdown/ugv_ws/install/depthai_ros_driver/share/depthai_ros_driver/hook/pythonpath.dsv'
[4.152s] INFO:colcon.colcon_core.shell:Creating environment hook '/home/ground/ugv_repo/OperationTouchdown/ugv_ws/install/depthai_ros_driver/share/depthai_ros_driver/hook/pythonpath.sh'
[4.153s] Level 1:colcon.colcon_core.environment:checking '/home/ground/ugv_repo/OperationTouchdown/ugv_ws/install/depthai_ros_driver/bin'
[4.153s] INFO:colcon.colcon_core.shell:Creating package script '/home/ground/ugv_repo/OperationTouchdown/ugv_ws/install/depthai_ros_driver/share/depthai_ros_driver/package.ps1'
[4.154s] INFO:colcon.colcon_core.shell:Creating package descriptor '/home/ground/ugv_repo/OperationTouchdown/ugv_ws/install/depthai_ros_driver/share/depthai_ros_driver/package.dsv'
[4.155s] INFO:colcon.colcon_core.shell:Creating package script '/home/ground/ugv_repo/OperationTouchdown/ugv_ws/install/depthai_ros_driver/share/depthai_ros_driver/package.sh'
[4.156s] INFO:colcon.colcon_core.shell:Creating package script '/home/ground/ugv_repo/OperationTouchdown/ugv_ws/install/depthai_ros_driver/share/depthai_ros_driver/package.bash'
[4.156s] INFO:colcon.colcon_core.shell:Creating package script '/home/ground/ugv_repo/OperationTouchdown/ugv_ws/install/depthai_ros_driver/share/depthai_ros_driver/package.zsh'
[4.157s] Level 1:colcon.colcon_core.environment:create_file_with_runtime_dependencies(/home/ground/ugv_repo/OperationTouchdown/ugv_ws/install/depthai_ros_driver/share/colcon-core/packages/depthai_ros_driver)
[4.158s] Level 1:colcon.colcon_core.environment:create_environment_scripts_only(depthai_ros_driver)
[4.159s] Level 1:colcon.colcon_core.environment:checking '/home/ground/ugv_repo/OperationTouchdown/ugv_ws/install/depthai_ros_driver' for CMake module files
[4.160s] Level 1:colcon.colcon_core.environment:checking '/home/ground/ugv_repo/OperationTouchdown/ugv_ws/install/depthai_ros_driver' for CMake config files
[4.161s] Level 1:colcon.colcon_core.shell:create_environment_hook('depthai_ros_driver', 'cmake_prefix_path')
[4.161s] INFO:colcon.colcon_core.shell:Creating environment hook '/home/ground/ugv_repo/OperationTouchdown/ugv_ws/install/depthai_ros_driver/share/depthai_ros_driver/hook/cmake_prefix_path.ps1'
[4.162s] INFO:colcon.colcon_core.shell:Creating environment descriptor '/home/ground/ugv_repo/OperationTouchdown/ugv_ws/install/depthai_ros_driver/share/depthai_ros_driver/hook/cmake_prefix_path.dsv'
[4.163s] INFO:colcon.colcon_core.shell:Creating environment hook '/home/ground/ugv_repo/OperationTouchdown/ugv_ws/install/depthai_ros_driver/share/depthai_ros_driver/hook/cmake_prefix_path.sh'
[4.164s] Level 1:colcon.colcon_core.environment:checking '/home/ground/ugv_repo/OperationTouchdown/ugv_ws/install/depthai_ros_driver/lib'
[4.164s] Level 1:colcon.colcon_core.shell:create_environment_hook('depthai_ros_driver', 'ld_library_path_lib')
[4.164s] INFO:colcon.colcon_core.shell:Creating environment hook '/home/ground/ugv_repo/OperationTouchdown/ugv_ws/install/depthai_ros_driver/share/depthai_ros_driver/hook/ld_library_path_lib.ps1'
[4.165s] INFO:colcon.colcon_core.shell:Creating environment descriptor '/home/ground/ugv_repo/OperationTouchdown/ugv_ws/install/depthai_ros_driver/share/depthai_ros_driver/hook/ld_library_path_lib.dsv'
[4.166s] INFO:colcon.colcon_core.shell:Creating environment hook '/home/ground/ugv_repo/OperationTouchdown/ugv_ws/install/depthai_ros_driver/share/depthai_ros_driver/hook/ld_library_path_lib.sh'
[4.167s] Level 1:colcon.colcon_core.environment:checking '/home/ground/ugv_repo/OperationTouchdown/ugv_ws/install/depthai_ros_driver/bin'
[4.167s] Level 1:colcon.colcon_core.environment:checking '/home/ground/ugv_repo/OperationTouchdown/ugv_ws/install/depthai_ros_driver/lib/pkgconfig/depthai_ros_driver.pc'
[4.168s] Level 1:colcon.colcon_core.environment:checking '/home/ground/ugv_repo/OperationTouchdown/ugv_ws/install/depthai_ros_driver/lib/python3.12/site-packages'
[4.168s] Level 1:colcon.colcon_core.shell:create_environment_hook('depthai_ros_driver', 'pythonpath')
[4.168s] INFO:colcon.colcon_core.shell:Creating environment hook '/home/ground/ugv_repo/OperationTouchdown/ugv_ws/install/depthai_ros_driver/share/depthai_ros_driver/hook/pythonpath.ps1'
[4.169s] INFO:colcon.colcon_core.shell:Creating environment descriptor '/home/ground/ugv_repo/OperationTouchdown/ugv_ws/install/depthai_ros_driver/share/depthai_ros_driver/hook/pythonpath.dsv'
[4.169s] INFO:colcon.colcon_core.shell:Creating environment hook '/home/ground/ugv_repo/OperationTouchdown/ugv_ws/install/depthai_ros_driver/share/depthai_ros_driver/hook/pythonpath.sh'
[4.171s] Level 1:colcon.colcon_core.environment:checking '/home/ground/ugv_repo/OperationTouchdown/ugv_ws/install/depthai_ros_driver/bin'
[4.171s] INFO:colcon.colcon_core.shell:Creating package script '/home/ground/ugv_repo/OperationTouchdown/ugv_ws/install/depthai_ros_driver/share/depthai_ros_driver/package.ps1'
[4.172s] INFO:colcon.colcon_core.shell:Creating package descriptor '/home/ground/ugv_repo/OperationTouchdown/ugv_ws/install/depthai_ros_driver/share/depthai_ros_driver/package.dsv'
[4.173s] INFO:colcon.colcon_core.shell:Creating package script '/home/ground/ugv_repo/OperationTouchdown/ugv_ws/install/depthai_ros_driver/share/depthai_ros_driver/package.sh'
[4.173s] INFO:colcon.colcon_core.shell:Creating package script '/home/ground/ugv_repo/OperationTouchdown/ugv_ws/install/depthai_ros_driver/share/depthai_ros_driver/package.bash'
[4.174s] INFO:colcon.colcon_core.shell:Creating package script '/home/ground/ugv_repo/OperationTouchdown/ugv_ws/install/depthai_ros_driver/share/depthai_ros_driver/package.zsh'
[4.175s] Level 1:colcon.colcon_core.environment:create_file_with_runtime_dependencies(/home/ground/ugv_repo/OperationTouchdown/ugv_ws/install/depthai_ros_driver/share/colcon-core/packages/depthai_ros_driver)
[4.176s] INFO:colcon.colcon_ros.task.ament_cmake.build:Building ROS package in '/home/ground/ugv_repo/OperationTouchdown/ugv_ws/src/depthai-ros/depthai-ros' with build type 'ament_cmake'
[4.176s] INFO:colcon.colcon_cmake.task.cmake.build:Building CMake package in '/home/ground/ugv_repo/OperationTouchdown/ugv_ws/src/depthai-ros/depthai-ros'
[4.177s] INFO:colcon.colcon_core.shell:Skip shell extension 'powershell' for command environment: Not usable outside of PowerShell
[4.177s] DEBUG:colcon.colcon_core.shell:Skip shell extension 'dsv' for command environment
[4.188s] DEBUG:colcon.colcon_core.event_handler.log_command:Invoked command in '/home/ground/ugv_repo/OperationTouchdown/ugv_ws/build/my_ugv_bringup' returned '0': AMENT_PREFIX_PATH=/home/ground/ugv_repo/OperationTouchdown/ugv_ws/install/my_ugv_hardware:/home/ground/ugv_repo/OperationTouchdown/ugv_ws/install/rplidar_ros:/home/ground/ugv_repo/OperationTouchdown/ugv_ws/install/roboteq_ros2_driver:/home/ground/ugv_repo/OperationTouchdown/ugv_ws/install/my_ugv_vision:/home/ground/ugv_repo/OperationTouchdown/ugv_ws/install/my_ugv_bringup:/home/ground/ugv_repo/OperationTouchdown/ugv_ws/install/my_ugv_description:/home/ground/ugv_repo/OperationTouchdown/ugv_ws/install/dual_laser_merger:/home/ground/ugv_repo/OperationTouchdown/ugv_ws/install/depthai-ros:/home/ground/ugv_repo/OperationTouchdown/ugv_ws/install/depthai_ros_driver:/home/ground/ugv_repo/OperationTouchdown/ugv_ws/install/depthai_filters:/home/ground/ugv_repo/OperationTouchdown/ugv_ws/install/depthai_examples:/home/ground/ugv_repo/OperationTouchdown/ugv_ws/install/depthai_bridge:/home/ground/ugv_repo/OperationTouchdown/ugv_ws/install/depthai_ros_msgs:/home/ground/ugv_repo/OperationTouchdown/ugv_ws/install/depthai_descriptions:/opt/ros/jazzy CMAKE_PREFIX_PATH=/home/ground/ugv_repo/OperationTouchdown/ugv_ws/install/my_ugv_description:/home/ground/ugv_repo/OperationTouchdown/ugv_ws/install/rplidar_ros:/home/ground/ugv_repo/OperationTouchdown/ugv_ws/install/roboteq_ros2_driver:/home/ground/ugv_repo/OperationTouchdown/ugv_ws/install/my_ugv_bringup:/home/ground/ugv_repo/OperationTouchdown/ugv_ws/install/dual_laser_merger:/home/ground/ugv_repo/OperationTouchdown/ugv_ws/install/depthai-ros:/home/ground/ugv_repo/OperationTouchdown/ugv_ws/install/depthai_ros_driver:/home/ground/ugv_repo/OperationTouchdown/ugv_ws/install/depthai_filters:/home/ground/ugv_repo/OperationTouchdown/ugv_ws/install/depthai_examples:/home/ground/ugv_repo/OperationTouchdown/ugv_ws/install/depthai_bridge:/home/ground/ugv_repo/OperationTouchdown/ugv_ws/install/depthai_ros_msgs:/home/ground/ugv_repo/OperationTouchdown/ugv_ws/install/depthai_descriptions:/opt/ros/jazzy/opt/gz_sim_vendor:/opt/ros/jazzy/opt/gz_sensors_vendor:/opt/ros/jazzy/opt/gz_physics_vendor:/opt/ros/jazzy/opt/sdformat_vendor:/opt/ros/jazzy/opt/gz_gui_vendor:/opt/ros/jazzy/opt/gz_transport_vendor:/opt/ros/jazzy/opt/gz_rendering_vendor:/opt/ros/jazzy/opt/gz_plugin_vendor:/opt/ros/jazzy/opt/gz_fuel_tools_vendor:/opt/ros/jazzy/opt/gz_msgs_vendor:/opt/ros/jazzy/opt/gz_common_vendor:/opt/ros/jazzy/opt/gz_math_vendor:/opt/ros/jazzy/opt/gz_utils_vendor:/opt/ros/jazzy/opt/gz_tools_vendor:/opt/ros/jazzy/opt/gz_ogre_next_vendor:/opt/ros/jazzy/opt/gz_dartsim_vendor:/opt/ros/jazzy/opt/gz_cmake_vendor:/home/ground/ugv_repo/OperationTouchdown/ugv_ws/install/my_ugv_vision:/home/ground/ugv_repo/OperationTouchdown/ugv_ws/install/my_ugv_hardware:/opt/ros/jazzy DEBUGINFOD_URLS=https://debuginfod.ubuntu.com PYTHONPATH=/home/ground/ugv_repo/OperationTouchdown/ugv_ws/build/my_ugv_hardware:/home/ground/ugv_repo/OperationTouchdown/ugv_ws/install/my_ugv_hardware/lib/python3.12/site-packages:/home/ground/ugv_repo/OperationTouchdown/ugv_ws/build/my_ugv_vision:/home/ground/ugv_repo/OperationTouchdown/ugv_ws/install/my_ugv_vision/lib/python3.12/site-packages:/home/ground/ugv_repo/OperationTouchdown/ugv_ws/install/depthai_ros_driver/lib/python3.12/site-packages:/home/ground/ugv_repo/OperationTouchdown/ugv_ws/install/depthai_ros_msgs/lib/python3.12/site-packages:/opt/ros/jazzy/lib/python3.12/site-packages /usr/bin/cmake --build /home/ground/ugv_repo/OperationTouchdown/ugv_ws/build/my_ugv_bringup -- -j4 -l4
[4.189s] DEBUG:colcon.colcon_core.event_handler.log_command:Invoking command in '/home/ground/ugv_repo/OperationTouchdown/ugv_ws/build/my_ugv_bringup': AMENT_PREFIX_PATH=/home/ground/ugv_repo/OperationTouchdown/ugv_ws/install/my_ugv_hardware:/home/ground/ugv_repo/OperationTouchdown/ugv_ws/install/rplidar_ros:/home/ground/ugv_repo/OperationTouchdown/ugv_ws/install/roboteq_ros2_driver:/home/ground/ugv_repo/OperationTouchdown/ugv_ws/install/my_ugv_vision:/home/ground/ugv_repo/OperationTouchdown/ugv_ws/install/my_ugv_bringup:/home/ground/ugv_repo/OperationTouchdown/ugv_ws/install/my_ugv_description:/home/ground/ugv_repo/OperationTouchdown/ugv_ws/install/dual_laser_merger:/home/ground/ugv_repo/OperationTouchdown/ugv_ws/install/depthai-ros:/home/ground/ugv_repo/OperationTouchdown/ugv_ws/install/depthai_ros_driver:/home/ground/ugv_repo/OperationTouchdown/ugv_ws/install/depthai_filters:/home/ground/ugv_repo/OperationTouchdown/ugv_ws/install/depthai_examples:/home/ground/ugv_repo/OperationTouchdown/ugv_ws/install/depthai_bridge:/home/ground/ugv_repo/OperationTouchdown/ugv_ws/install/depthai_ros_msgs:/home/ground/ugv_repo/OperationTouchdown/ugv_ws/install/depthai_descriptions:/opt/ros/jazzy CMAKE_PREFIX_PATH=/home/ground/ugv_repo/OperationTouchdown/ugv_ws/install/my_ugv_description:/home/ground/ugv_repo/OperationTouchdown/ugv_ws/install/rplidar_ros:/home/ground/ugv_repo/OperationTouchdown/ugv_ws/install/roboteq_ros2_driver:/home/ground/ugv_repo/OperationTouchdown/ugv_ws/install/my_ugv_bringup:/home/ground/ugv_repo/OperationTouchdown/ugv_ws/install/dual_laser_merger:/home/ground/ugv_repo/OperationTouchdown/ugv_ws/install/depthai-ros:/home/ground/ugv_repo/OperationTouchdown/ugv_ws/install/depthai_ros_driver:/home/ground/ugv_repo/OperationTouchdown/ugv_ws/install/depthai_filters:/home/ground/ugv_repo/OperationTouchdown/ugv_ws/install/depthai_examples:/home/ground/ugv_repo/OperationTouchdown/ugv_ws/install/depthai_bridge:/home/ground/ugv_repo/OperationTouchdown/ugv_ws/install/depthai_ros_msgs:/home/ground/ugv_repo/OperationTouchdown/ugv_ws/install/depthai_descriptions:/opt/ros/jazzy/opt/gz_sim_vendor:/opt/ros/jazzy/opt/gz_sensors_vendor:/opt/ros/jazzy/opt/gz_physics_vendor:/opt/ros/jazzy/opt/sdformat_vendor:/opt/ros/jazzy/opt/gz_gui_vendor:/opt/ros/jazzy/opt/gz_transport_vendor:/opt/ros/jazzy/opt/gz_rendering_vendor:/opt/ros/jazzy/opt/gz_plugin_vendor:/opt/ros/jazzy/opt/gz_fuel_tools_vendor:/opt/ros/jazzy/opt/gz_msgs_vendor:/opt/ros/jazzy/opt/gz_common_vendor:/opt/ros/jazzy/opt/gz_math_vendor:/opt/ros/jazzy/opt/gz_utils_vendor:/opt/ros/jazzy/opt/gz_tools_vendor:/opt/ros/jazzy/opt/gz_ogre_next_vendor:/opt/ros/jazzy/opt/gz_dartsim_vendor:/opt/ros/jazzy/opt/gz_cmake_vendor:/home/ground/ugv_repo/OperationTouchdown/ugv_ws/install/my_ugv_vision:/home/ground/ugv_repo/OperationTouchdown/ugv_ws/install/my_ugv_hardware:/opt/ros/jazzy DEBUGINFOD_URLS=https://debuginfod.ubuntu.com PYTHONPATH=/home/ground/ugv_repo/OperationTouchdown/ugv_ws/build/my_ugv_hardware:/home/ground/ugv_repo/OperationTouchdown/ugv_ws/install/my_ugv_hardware/lib/python3.12/site-packages:/home/ground/ugv_repo/OperationTouchdown/ugv_ws/build/my_ugv_vision:/home/ground/ugv_repo/OperationTouchdown/ugv_ws/install/my_ugv_vision/lib/python3.12/site-packages:/home/ground/ugv_repo/OperationTouchdown/ugv_ws/install/depthai_ros_driver/lib/python3.12/site-packages:/home/ground/ugv_repo/OperationTouchdown/ugv_ws/install/depthai_ros_msgs/lib/python3.12/site-packages:/opt/ros/jazzy/lib/python3.12/site-packages /usr/bin/cmake --install /home/ground/ugv_repo/OperationTouchdown/ugv_ws/build/my_ugv_bringup
[4.215s] DEBUG:colcon.colcon_core.event_handler.log_command:Invoking command in '/home/ground/ugv_repo/OperationTouchdown/ugv_ws/build/depthai-ros': CMAKE_PREFIX_PATH=/home/ground/ugv_repo/OperationTouchdown/ugv_ws/install/depthai_ros_driver:/home/ground/ugv_repo/OperationTouchdown/ugv_ws/install/depthai_examples:/home/ground/ugv_repo/OperationTouchdown/ugv_ws/install/depthai_filters:/home/ground/ugv_repo/OperationTouchdown/ugv_ws/install/depthai_bridge:/home/ground/ugv_repo/OperationTouchdown/ugv_ws/install/depthai_ros_msgs:/home/ground/ugv_repo/OperationTouchdown/ugv_ws/install/depthai_descriptions:/home/ground/ugv_repo/OperationTouchdown/ugv_ws/install/rplidar_ros:/home/ground/ugv_repo/OperationTouchdown/ugv_ws/install/roboteq_ros2_driver:/home/ground/ugv_repo/OperationTouchdown/ugv_ws/install/my_ugv_bringup:/home/ground/ugv_repo/OperationTouchdown/ugv_ws/install/my_ugv_description:/home/ground/ugv_repo/OperationTouchdown/ugv_ws/install/dual_laser_merger:/home/ground/ugv_repo/OperationTouchdown/ugv_ws/install/depthai-ros:/opt/ros/jazzy/opt/gz_sim_vendor:/opt/ros/jazzy/opt/gz_sensors_vendor:/opt/ros/jazzy/opt/gz_physics_vendor:/opt/ros/jazzy/opt/sdformat_vendor:/opt/ros/jazzy/opt/gz_gui_vendor:/opt/ros/jazzy/opt/gz_transport_vendor:/opt/ros/jazzy/opt/gz_rendering_vendor:/opt/ros/jazzy/opt/gz_plugin_vendor:/opt/ros/jazzy/opt/gz_fuel_tools_vendor:/opt/ros/jazzy/opt/gz_msgs_vendor:/opt/ros/jazzy/opt/gz_common_vendor:/opt/ros/jazzy/opt/gz_math_vendor:/opt/ros/jazzy/opt/gz_utils_vendor:/opt/ros/jazzy/opt/gz_tools_vendor:/opt/ros/jazzy/opt/gz_ogre_next_vendor:/opt/ros/jazzy/opt/gz_dartsim_vendor:/opt/ros/jazzy/opt/gz_cmake_vendor:/home/ground/ugv_repo/OperationTouchdown/ugv_ws/install/my_ugv_vision:/home/ground/ugv_repo/OperationTouchdown/ugv_ws/install/my_ugv_hardware:/opt/ros/jazzy DEBUGINFOD_URLS=https://debuginfod.ubuntu.com GAZEBO_MODEL_PATH=/home/ground/ugv_repo/OperationTouchdown/ugv_ws/install/depthai_descriptions:${GAZEBO_MODEL_PATH} GAZEBO_RESOURCE_PATH=/home/ground/ugv_repo/OperationTouchdown/ugv_ws/install/depthai_descriptions:${GAZEBO_RESOURCE_PATH} IGN_GAZEBO_MODEL_PATH=/home/ground/ugv_repo/OperationTouchdown/ugv_ws/install/depthai_descriptions:${IGN_GAZEBO_MODEL_PATH} IGN_GAZEBO_RESOURCE_PATH=/home/ground/ugv_repo/OperationTouchdown/ugv_ws/install/depthai_descriptions:${IGN_GAZEBO_RESOURCE_PATH} LD_LIBRARY_PATH=/home/ground/ugv_repo/OperationTouchdown/ugv_ws/install/depthai_ros_driver/lib:/home/ground/ugv_repo/OperationTouchdown/ugv_ws/install/depthai_filters/lib:/home/ground/ugv_repo/OperationTouchdown/ugv_ws/install/depthai_bridge/lib:/home/ground/ugv_repo/OperationTouchdown/ugv_ws/install/depthai_ros_msgs/lib:/home/ground/ugv_repo/OperationTouchdown/ugv_ws/install/dual_laser_merger/lib:/opt/ros/jazzy/opt/gz_sim_vendor/lib:/opt/ros/jazzy/opt/gz_sensors_vendor/lib:/opt/ros/jazzy/opt/gz_physics_vendor/lib:/opt/ros/jazzy/opt/sdformat_vendor/lib:/opt/ros/jazzy/opt/rviz_ogre_vendor/lib:/opt/ros/jazzy/lib/aarch64-linux-gnu:/opt/ros/jazzy/opt/gz_gui_vendor/lib:/opt/ros/jazzy/opt/gz_transport_vendor/lib:/opt/ros/jazzy/opt/gz_rendering_vendor/lib:/opt/ros/jazzy/opt/gz_plugin_vendor/lib:/opt/ros/jazzy/opt/gz_fuel_tools_vendor/lib:/opt/ros/jazzy/opt/gz_msgs_vendor/lib:/opt/ros/jazzy/opt/gz_common_vendor/lib:/opt/ros/jazzy/opt/gz_math_vendor/lib:/opt/ros/jazzy/opt/gz_utils_vendor/lib:/opt/ros/jazzy/opt/gz_tools_vendor/lib:/opt/ros/jazzy/opt/gz_ogre_next_vendor/lib:/opt/ros/jazzy/opt/gz_dartsim_vendor/lib:/opt/ros/jazzy/opt/gz_cmake_vendor/lib:/opt/ros/jazzy/lib PYTHONPATH=/home/ground/ugv_repo/OperationTouchdown/ugv_ws/install/depthai_ros_driver/lib/python3.12/site-packages:/home/ground/ugv_repo/OperationTouchdown/ugv_ws/install/depthai_ros_msgs/lib/python3.12/site-packages:/home/ground/ugv_repo/OperationTouchdown/ugv_ws/build/my_ugv_vision:/home/ground/ugv_repo/OperationTouchdown/ugv_ws/install/my_ugv_vision/lib/python3.12/site-packages:/home/ground/ugv_repo/OperationTouchdown/ugv_ws/build/my_ugv_hardware:/home/ground/ugv_repo/OperationTouchdown/ugv_ws/install/my_ugv_hardware/lib/python3.12/site-packages:/opt/ros/jazzy/lib/python3.12/site-packages /usr/bin/cmake --build /home/ground/ugv_repo/OperationTouchdown/ugv_ws/build/depthai-ros -- -j4 -l4
[4.250s] Level 1:colcon.colcon_core.environment:create_environment_scripts_only(my_ugv_bringup)
[4.250s] Level 1:colcon.colcon_core.environment:checking '/home/ground/ugv_repo/OperationTouchdown/ugv_ws/install/my_ugv_bringup' for CMake module files
[4.251s] DEBUG:colcon.colcon_core.event_handler.log_command:Invoked command in '/home/ground/ugv_repo/OperationTouchdown/ugv_ws/build/my_ugv_bringup' returned '0': AMENT_PREFIX_PATH=/home/ground/ugv_repo/OperationTouchdown/ugv_ws/install/my_ugv_hardware:/home/ground/ugv_repo/OperationTouchdown/ugv_ws/install/rplidar_ros:/home/ground/ugv_repo/OperationTouchdown/ugv_ws/install/roboteq_ros2_driver:/home/ground/ugv_repo/OperationTouchdown/ugv_ws/install/my_ugv_vision:/home/ground/ugv_repo/OperationTouchdown/ugv_ws/install/my_ugv_bringup:/home/ground/ugv_repo/OperationTouchdown/ugv_ws/install/my_ugv_description:/home/ground/ugv_repo/OperationTouchdown/ugv_ws/install/dual_laser_merger:/home/ground/ugv_repo/OperationTouchdown/ugv_ws/install/depthai-ros:/home/ground/ugv_repo/OperationTouchdown/ugv_ws/install/depthai_ros_driver:/home/ground/ugv_repo/OperationTouchdown/ugv_ws/install/depthai_filters:/home/ground/ugv_repo/OperationTouchdown/ugv_ws/install/depthai_examples:/home/ground/ugv_repo/OperationTouchdown/ugv_ws/install/depthai_bridge:/home/ground/ugv_repo/OperationTouchdown/ugv_ws/install/depthai_ros_msgs:/home/ground/ugv_repo/OperationTouchdown/ugv_ws/install/depthai_descriptions:/opt/ros/jazzy CMAKE_PREFIX_PATH=/home/ground/ugv_repo/OperationTouchdown/ugv_ws/install/my_ugv_description:/home/ground/ugv_repo/OperationTouchdown/ugv_ws/install/rplidar_ros:/home/ground/ugv_repo/OperationTouchdown/ugv_ws/install/roboteq_ros2_driver:/home/ground/ugv_repo/OperationTouchdown/ugv_ws/install/my_ugv_bringup:/home/ground/ugv_repo/OperationTouchdown/ugv_ws/install/dual_laser_merger:/home/ground/ugv_repo/OperationTouchdown/ugv_ws/install/depthai-ros:/home/ground/ugv_repo/OperationTouchdown/ugv_ws/install/depthai_ros_driver:/home/ground/ugv_repo/OperationTouchdown/ugv_ws/install/depthai_filters:/home/ground/ugv_repo/OperationTouchdown/ugv_ws/install/depthai_examples:/home/ground/ugv_repo/OperationTouchdown/ugv_ws/install/depthai_bridge:/home/ground/ugv_repo/OperationTouchdown/ugv_ws/install/depthai_ros_msgs:/home/ground/ugv_repo/OperationTouchdown/ugv_ws/install/depthai_descriptions:/opt/ros/jazzy/opt/gz_sim_vendor:/opt/ros/jazzy/opt/gz_sensors_vendor:/opt/ros/jazzy/opt/gz_physics_vendor:/opt/ros/jazzy/opt/sdformat_vendor:/opt/ros/jazzy/opt/gz_gui_vendor:/opt/ros/jazzy/opt/gz_transport_vendor:/opt/ros/jazzy/opt/gz_rendering_vendor:/opt/ros/jazzy/opt/gz_plugin_vendor:/opt/ros/jazzy/opt/gz_fuel_tools_vendor:/opt/ros/jazzy/opt/gz_msgs_vendor:/opt/ros/jazzy/opt/gz_common_vendor:/opt/ros/jazzy/opt/gz_math_vendor:/opt/ros/jazzy/opt/gz_utils_vendor:/opt/ros/jazzy/opt/gz_tools_vendor:/opt/ros/jazzy/opt/gz_ogre_next_vendor:/opt/ros/jazzy/opt/gz_dartsim_vendor:/opt/ros/jazzy/opt/gz_cmake_vendor:/home/ground/ugv_repo/OperationTouchdown/ugv_ws/install/my_ugv_vision:/home/ground/ugv_repo/OperationTouchdown/ugv_ws/install/my_ugv_hardware:/opt/ros/jazzy DEBUGINFOD_URLS=https://debuginfod.ubuntu.com PYTHONPATH=/home/ground/ugv_repo/OperationTouchdown/ugv_ws/build/my_ugv_hardware:/home/ground/ugv_repo/OperationTouchdown/ugv_ws/install/my_ugv_hardware/lib/python3.12/site-packages:/home/ground/ugv_repo/OperationTouchdown/ugv_ws/build/my_ugv_vision:/home/ground/ugv_repo/OperationTouchdown/ugv_ws/install/my_ugv_vision/lib/python3.12/site-packages:/home/ground/ugv_repo/OperationTouchdown/ugv_ws/install/depthai_ros_driver/lib/python3.12/site-packages:/home/ground/ugv_repo/OperationTouchdown/ugv_ws/install/depthai_ros_msgs/lib/python3.12/site-packages:/opt/ros/jazzy/lib/python3.12/site-packages /usr/bin/cmake --install /home/ground/ugv_repo/OperationTouchdown/ugv_ws/build/my_ugv_bringup
[4.252s] Level 1:colcon.colcon_core.environment:checking '/home/ground/ugv_repo/OperationTouchdown/ugv_ws/install/my_ugv_bringup' for CMake config files
[4.253s] Level 1:colcon.colcon_core.shell:create_environment_hook('my_ugv_bringup', 'cmake_prefix_path')
[4.253s] INFO:colcon.colcon_core.shell:Creating environment hook '/home/ground/ugv_repo/OperationTouchdown/ugv_ws/install/my_ugv_bringup/share/my_ugv_bringup/hook/cmake_prefix_path.ps1'
[4.254s] INFO:colcon.colcon_core.shell:Creating environment descriptor '/home/ground/ugv_repo/OperationTouchdown/ugv_ws/install/my_ugv_bringup/share/my_ugv_bringup/hook/cmake_prefix_path.dsv'
[4.255s] INFO:colcon.colcon_core.shell:Creating environment hook '/home/ground/ugv_repo/OperationTouchdown/ugv_ws/install/my_ugv_bringup/share/my_ugv_bringup/hook/cmake_prefix_path.sh'
[4.256s] Level 1:colcon.colcon_core.environment:checking '/home/ground/ugv_repo/OperationTouchdown/ugv_ws/install/my_ugv_bringup/bin'
[4.256s] Level 1:colcon.colcon_core.environment:checking '/home/ground/ugv_repo/OperationTouchdown/ugv_ws/install/my_ugv_bringup/lib/pkgconfig/my_ugv_bringup.pc'
[4.256s] Level 1:colcon.colcon_core.environment:checking '/home/ground/ugv_repo/OperationTouchdown/ugv_ws/install/my_ugv_bringup/lib/python3.12/site-packages'
[4.257s] Level 1:colcon.colcon_core.environment:checking '/home/ground/ugv_repo/OperationTouchdown/ugv_ws/install/my_ugv_bringup/bin'
[4.257s] INFO:colcon.colcon_core.shell:Creating package script '/home/ground/ugv_repo/OperationTouchdown/ugv_ws/install/my_ugv_bringup/share/my_ugv_bringup/package.ps1'
[4.258s] INFO:colcon.colcon_core.shell:Creating package descriptor '/home/ground/ugv_repo/OperationTouchdown/ugv_ws/install/my_ugv_bringup/share/my_ugv_bringup/package.dsv'
[4.259s] INFO:colcon.colcon_core.shell:Creating package script '/home/ground/ugv_repo/OperationTouchdown/ugv_ws/install/my_ugv_bringup/share/my_ugv_bringup/package.sh'
[4.260s] INFO:colcon.colcon_core.shell:Creating package script '/home/ground/ugv_repo/OperationTouchdown/ugv_ws/install/my_ugv_bringup/share/my_ugv_bringup/package.bash'
[4.261s] INFO:colcon.colcon_core.shell:Creating package script '/home/ground/ugv_repo/OperationTouchdown/ugv_ws/install/my_ugv_bringup/share/my_ugv_bringup/package.zsh'
[4.262s] Level 1:colcon.colcon_core.environment:create_file_with_runtime_dependencies(/home/ground/ugv_repo/OperationTouchdown/ugv_ws/install/my_ugv_bringup/share/colcon-core/packages/my_ugv_bringup)
[4.263s] Level 1:colcon.colcon_core.environment:create_environment_scripts_only(my_ugv_bringup)
[4.263s] Level 1:colcon.colcon_core.environment:checking '/home/ground/ugv_repo/OperationTouchdown/ugv_ws/install/my_ugv_bringup' for CMake module files
[4.264s] Level 1:colcon.colcon_core.environment:checking '/home/ground/ugv_repo/OperationTouchdown/ugv_ws/install/my_ugv_bringup' for CMake config files
[4.265s] Level 1:colcon.colcon_core.shell:create_environment_hook('my_ugv_bringup', 'cmake_prefix_path')
[4.266s] INFO:colcon.colcon_core.shell:Creating environment hook '/home/ground/ugv_repo/OperationTouchdown/ugv_ws/install/my_ugv_bringup/share/my_ugv_bringup/hook/cmake_prefix_path.ps1'
[4.266s] INFO:colcon.colcon_core.shell:Creating environment descriptor '/home/ground/ugv_repo/OperationTouchdown/ugv_ws/install/my_ugv_bringup/share/my_ugv_bringup/hook/cmake_prefix_path.dsv'
[4.267s] INFO:colcon.colcon_core.shell:Creating environment hook '/home/ground/ugv_repo/OperationTouchdown/ugv_ws/install/my_ugv_bringup/share/my_ugv_bringup/hook/cmake_prefix_path.sh'
[4.268s] Level 1:colcon.colcon_core.environment:checking '/home/ground/ugv_repo/OperationTouchdown/ugv_ws/install/my_ugv_bringup/bin'
[4.268s] Level 1:colcon.colcon_core.environment:checking '/home/ground/ugv_repo/OperationTouchdown/ugv_ws/install/my_ugv_bringup/lib/pkgconfig/my_ugv_bringup.pc'
[4.268s] Level 1:colcon.colcon_core.environment:checking '/home/ground/ugv_repo/OperationTouchdown/ugv_ws/install/my_ugv_bringup/lib/python3.12/site-packages'
[4.269s] Level 1:colcon.colcon_core.environment:checking '/home/ground/ugv_repo/OperationTouchdown/ugv_ws/install/my_ugv_bringup/bin'
[4.269s] INFO:colcon.colcon_core.shell:Creating package script '/home/ground/ugv_repo/OperationTouchdown/ugv_ws/install/my_ugv_bringup/share/my_ugv_bringup/package.ps1'
[4.270s] INFO:colcon.colcon_core.shell:Creating package descriptor '/home/ground/ugv_repo/OperationTouchdown/ugv_ws/install/my_ugv_bringup/share/my_ugv_bringup/package.dsv'
[4.271s] INFO:colcon.colcon_core.shell:Creating package script '/home/ground/ugv_repo/OperationTouchdown/ugv_ws/install/my_ugv_bringup/share/my_ugv_bringup/package.sh'
[4.272s] INFO:colcon.colcon_core.shell:Creating package script '/home/ground/ugv_repo/OperationTouchdown/ugv_ws/install/my_ugv_bringup/share/my_ugv_bringup/package.bash'
[4.273s] INFO:colcon.colcon_core.shell:Creating package script '/home/ground/ugv_repo/OperationTouchdown/ugv_ws/install/my_ugv_bringup/share/my_ugv_bringup/package.zsh'
[4.273s] Level 1:colcon.colcon_core.environment:create_file_with_runtime_dependencies(/home/ground/ugv_repo/OperationTouchdown/ugv_ws/install/my_ugv_bringup/share/colcon-core/packages/my_ugv_bringup)
[4.314s] DEBUG:colcon.colcon_core.event_handler.log_command:Invoked command in '/home/ground/ugv_repo/OperationTouchdown/ugv_ws/build/depthai-ros' returned '0': CMAKE_PREFIX_PATH=/home/ground/ugv_repo/OperationTouchdown/ugv_ws/install/depthai_ros_driver:/home/ground/ugv_repo/OperationTouchdown/ugv_ws/install/depthai_examples:/home/ground/ugv_repo/OperationTouchdown/ugv_ws/install/depthai_filters:/home/ground/ugv_repo/OperationTouchdown/ugv_ws/install/depthai_bridge:/home/ground/ugv_repo/OperationTouchdown/ugv_ws/install/depthai_ros_msgs:/home/ground/ugv_repo/OperationTouchdown/ugv_ws/install/depthai_descriptions:/home/ground/ugv_repo/OperationTouchdown/ugv_ws/install/rplidar_ros:/home/ground/ugv_repo/OperationTouchdown/ugv_ws/install/roboteq_ros2_driver:/home/ground/ugv_repo/OperationTouchdown/ugv_ws/install/my_ugv_bringup:/home/ground/ugv_repo/OperationTouchdown/ugv_ws/install/my_ugv_description:/home/ground/ugv_repo/OperationTouchdown/ugv_ws/install/dual_laser_merger:/home/ground/ugv_repo/OperationTouchdown/ugv_ws/install/depthai-ros:/opt/ros/jazzy/opt/gz_sim_vendor:/opt/ros/jazzy/opt/gz_sensors_vendor:/opt/ros/jazzy/opt/gz_physics_vendor:/opt/ros/jazzy/opt/sdformat_vendor:/opt/ros/jazzy/opt/gz_gui_vendor:/opt/ros/jazzy/opt/gz_transport_vendor:/opt/ros/jazzy/opt/gz_rendering_vendor:/opt/ros/jazzy/opt/gz_plugin_vendor:/opt/ros/jazzy/opt/gz_fuel_tools_vendor:/opt/ros/jazzy/opt/gz_msgs_vendor:/opt/ros/jazzy/opt/gz_common_vendor:/opt/ros/jazzy/opt/gz_math_vendor:/opt/ros/jazzy/opt/gz_utils_vendor:/opt/ros/jazzy/opt/gz_tools_vendor:/opt/ros/jazzy/opt/gz_ogre_next_vendor:/opt/ros/jazzy/opt/gz_dartsim_vendor:/opt/ros/jazzy/opt/gz_cmake_vendor:/home/ground/ugv_repo/OperationTouchdown/ugv_ws/install/my_ugv_vision:/home/ground/ugv_repo/OperationTouchdown/ugv_ws/install/my_ugv_hardware:/opt/ros/jazzy DEBUGINFOD_URLS=https://debuginfod.ubuntu.com GAZEBO_MODEL_PATH=/home/ground/ugv_repo/OperationTouchdown/ugv_ws/install/depthai_descriptions:${GAZEBO_MODEL_PATH} GAZEBO_RESOURCE_PATH=/home/ground/ugv_repo/OperationTouchdown/ugv_ws/install/depthai_descriptions:${GAZEBO_RESOURCE_PATH} IGN_GAZEBO_MODEL_PATH=/home/ground/ugv_repo/OperationTouchdown/ugv_ws/install/depthai_descriptions:${IGN_GAZEBO_MODEL_PATH} IGN_GAZEBO_RESOURCE_PATH=/home/ground/ugv_repo/OperationTouchdown/ugv_ws/install/depthai_descriptions:${IGN_GAZEBO_RESOURCE_PATH} LD_LIBRARY_PATH=/home/ground/ugv_repo/OperationTouchdown/ugv_ws/install/depthai_ros_driver/lib:/home/ground/ugv_repo/OperationTouchdown/ugv_ws/install/depthai_filters/lib:/home/ground/ugv_repo/OperationTouchdown/ugv_ws/install/depthai_bridge/lib:/home/ground/ugv_repo/OperationTouchdown/ugv_ws/install/depthai_ros_msgs/lib:/home/ground/ugv_repo/OperationTouchdown/ugv_ws/install/dual_laser_merger/lib:/opt/ros/jazzy/opt/gz_sim_vendor/lib:/opt/ros/jazzy/opt/gz_sensors_vendor/lib:/opt/ros/jazzy/opt/gz_physics_vendor/lib:/opt/ros/jazzy/opt/sdformat_vendor/lib:/opt/ros/jazzy/opt/rviz_ogre_vendor/lib:/opt/ros/jazzy/lib/aarch64-linux-gnu:/opt/ros/jazzy/opt/gz_gui_vendor/lib:/opt/ros/jazzy/opt/gz_transport_vendor/lib:/opt/ros/jazzy/opt/gz_rendering_vendor/lib:/opt/ros/jazzy/opt/gz_plugin_vendor/lib:/opt/ros/jazzy/opt/gz_fuel_tools_vendor/lib:/opt/ros/jazzy/opt/gz_msgs_vendor/lib:/opt/ros/jazzy/opt/gz_common_vendor/lib:/opt/ros/jazzy/opt/gz_math_vendor/lib:/opt/ros/jazzy/opt/gz_utils_vendor/lib:/opt/ros/jazzy/opt/gz_tools_vendor/lib:/opt/ros/jazzy/opt/gz_ogre_next_vendor/lib:/opt/ros/jazzy/opt/gz_dartsim_vendor/lib:/opt/ros/jazzy/opt/gz_cmake_vendor/lib:/opt/ros/jazzy/lib PYTHONPATH=/home/ground/ugv_repo/OperationTouchdown/ugv_ws/install/depthai_ros_driver/lib/python3.12/site-packages:/home/ground/ugv_repo/OperationTouchdown/ugv_ws/install/depthai_ros_msgs/lib/python3.12/site-packages:/home/ground/ugv_repo/OperationTouchdown/ugv_ws/build/my_ugv_vision:/home/ground/ugv_repo/OperationTouchdown/ugv_ws/install/my_ugv_vision/lib/python3.12/site-packages:/home/ground/ugv_repo/OperationTouchdown/ugv_ws/build/my_ugv_hardware:/home/ground/ugv_repo/OperationTouchdown/ugv_ws/install/my_ugv_hardware/lib/python3.12/site-packages:/opt/ros/jazzy/lib/python3.12/site-packages /usr/bin/cmake --build /home/ground/ugv_repo/OperationTouchdown/ugv_ws/build/depthai-ros -- -j4 -l4
[4.316s] DEBUG:colcon.colcon_core.event_handler.log_command:Invoking command in '/home/ground/ugv_repo/OperationTouchdown/ugv_ws/build/depthai-ros': CMAKE_PREFIX_PATH=/home/ground/ugv_repo/OperationTouchdown/ugv_ws/install/depthai_ros_driver:/home/ground/ugv_repo/OperationTouchdown/ugv_ws/install/depthai_examples:/home/ground/ugv_repo/OperationTouchdown/ugv_ws/install/depthai_filters:/home/ground/ugv_repo/OperationTouchdown/ugv_ws/install/depthai_bridge:/home/ground/ugv_repo/OperationTouchdown/ugv_ws/install/depthai_ros_msgs:/home/ground/ugv_repo/OperationTouchdown/ugv_ws/install/depthai_descriptions:/home/ground/ugv_repo/OperationTouchdown/ugv_ws/install/rplidar_ros:/home/ground/ugv_repo/OperationTouchdown/ugv_ws/install/roboteq_ros2_driver:/home/ground/ugv_repo/OperationTouchdown/ugv_ws/install/my_ugv_bringup:/home/ground/ugv_repo/OperationTouchdown/ugv_ws/install/my_ugv_description:/home/ground/ugv_repo/OperationTouchdown/ugv_ws/install/dual_laser_merger:/home/ground/ugv_repo/OperationTouchdown/ugv_ws/install/depthai-ros:/opt/ros/jazzy/opt/gz_sim_vendor:/opt/ros/jazzy/opt/gz_sensors_vendor:/opt/ros/jazzy/opt/gz_physics_vendor:/opt/ros/jazzy/opt/sdformat_vendor:/opt/ros/jazzy/opt/gz_gui_vendor:/opt/ros/jazzy/opt/gz_transport_vendor:/opt/ros/jazzy/opt/gz_rendering_vendor:/opt/ros/jazzy/opt/gz_plugin_vendor:/opt/ros/jazzy/opt/gz_fuel_tools_vendor:/opt/ros/jazzy/opt/gz_msgs_vendor:/opt/ros/jazzy/opt/gz_common_vendor:/opt/ros/jazzy/opt/gz_math_vendor:/opt/ros/jazzy/opt/gz_utils_vendor:/opt/ros/jazzy/opt/gz_tools_vendor:/opt/ros/jazzy/opt/gz_ogre_next_vendor:/opt/ros/jazzy/opt/gz_dartsim_vendor:/opt/ros/jazzy/opt/gz_cmake_vendor:/home/ground/ugv_repo/OperationTouchdown/ugv_ws/install/my_ugv_vision:/home/ground/ugv_repo/OperationTouchdown/ugv_ws/install/my_ugv_hardware:/opt/ros/jazzy DEBUGINFOD_URLS=https://debuginfod.ubuntu.com GAZEBO_MODEL_PATH=/home/ground/ugv_repo/OperationTouchdown/ugv_ws/install/depthai_descriptions:${GAZEBO_MODEL_PATH} GAZEBO_RESOURCE_PATH=/home/ground/ugv_repo/OperationTouchdown/ugv_ws/install/depthai_descriptions:${GAZEBO_RESOURCE_PATH} IGN_GAZEBO_MODEL_PATH=/home/ground/ugv_repo/OperationTouchdown/ugv_ws/install/depthai_descriptions:${IGN_GAZEBO_MODEL_PATH} IGN_GAZEBO_RESOURCE_PATH=/home/ground/ugv_repo/OperationTouchdown/ugv_ws/install/depthai_descriptions:${IGN_GAZEBO_RESOURCE_PATH} LD_LIBRARY_PATH=/home/ground/ugv_repo/OperationTouchdown/ugv_ws/install/depthai_ros_driver/lib:/home/ground/ugv_repo/OperationTouchdown/ugv_ws/install/depthai_filters/lib:/home/ground/ugv_repo/OperationTouchdown/ugv_ws/install/depthai_bridge/lib:/home/ground/ugv_repo/OperationTouchdown/ugv_ws/install/depthai_ros_msgs/lib:/home/ground/ugv_repo/OperationTouchdown/ugv_ws/install/dual_laser_merger/lib:/opt/ros/jazzy/opt/gz_sim_vendor/lib:/opt/ros/jazzy/opt/gz_sensors_vendor/lib:/opt/ros/jazzy/opt/gz_physics_vendor/lib:/opt/ros/jazzy/opt/sdformat_vendor/lib:/opt/ros/jazzy/opt/rviz_ogre_vendor/lib:/opt/ros/jazzy/lib/aarch64-linux-gnu:/opt/ros/jazzy/opt/gz_gui_vendor/lib:/opt/ros/jazzy/opt/gz_transport_vendor/lib:/opt/ros/jazzy/opt/gz_rendering_vendor/lib:/opt/ros/jazzy/opt/gz_plugin_vendor/lib:/opt/ros/jazzy/opt/gz_fuel_tools_vendor/lib:/opt/ros/jazzy/opt/gz_msgs_vendor/lib:/opt/ros/jazzy/opt/gz_common_vendor/lib:/opt/ros/jazzy/opt/gz_math_vendor/lib:/opt/ros/jazzy/opt/gz_utils_vendor/lib:/opt/ros/jazzy/opt/gz_tools_vendor/lib:/opt/ros/jazzy/opt/gz_ogre_next_vendor/lib:/opt/ros/jazzy/opt/gz_dartsim_vendor/lib:/opt/ros/jazzy/opt/gz_cmake_vendor/lib:/opt/ros/jazzy/lib PYTHONPATH=/home/ground/ugv_repo/OperationTouchdown/ugv_ws/install/depthai_ros_driver/lib/python3.12/site-packages:/home/ground/ugv_repo/OperationTouchdown/ugv_ws/install/depthai_ros_msgs/lib/python3.12/site-packages:/home/ground/ugv_repo/OperationTouchdown/ugv_ws/build/my_ugv_vision:/home/ground/ugv_repo/OperationTouchdown/ugv_ws/install/my_ugv_vision/lib/python3.12/site-packages:/home/ground/ugv_repo/OperationTouchdown/ugv_ws/build/my_ugv_hardware:/home/ground/ugv_repo/OperationTouchdown/ugv_ws/install/my_ugv_hardware/lib/python3.12/site-packages:/opt/ros/jazzy/lib/python3.12/site-packages /usr/bin/cmake --install /home/ground/ugv_repo/OperationTouchdown/ugv_ws/build/depthai-ros
[4.361s] Level 1:colcon.colcon_core.environment:create_environment_scripts_only(depthai-ros)
[4.361s] Level 1:colcon.colcon_core.environment:checking '/home/ground/ugv_repo/OperationTouchdown/ugv_ws/install/depthai-ros' for CMake module files
[4.362s] DEBUG:colcon.colcon_core.event_handler.log_command:Invoked command in '/home/ground/ugv_repo/OperationTouchdown/ugv_ws/build/depthai-ros' returned '0': CMAKE_PREFIX_PATH=/home/ground/ugv_repo/OperationTouchdown/ugv_ws/install/depthai_ros_driver:/home/ground/ugv_repo/OperationTouchdown/ugv_ws/install/depthai_examples:/home/ground/ugv_repo/OperationTouchdown/ugv_ws/install/depthai_filters:/home/ground/ugv_repo/OperationTouchdown/ugv_ws/install/depthai_bridge:/home/ground/ugv_repo/OperationTouchdown/ugv_ws/install/depthai_ros_msgs:/home/ground/ugv_repo/OperationTouchdown/ugv_ws/install/depthai_descriptions:/home/ground/ugv_repo/OperationTouchdown/ugv_ws/install/rplidar_ros:/home/ground/ugv_repo/OperationTouchdown/ugv_ws/install/roboteq_ros2_driver:/home/ground/ugv_repo/OperationTouchdown/ugv_ws/install/my_ugv_bringup:/home/ground/ugv_repo/OperationTouchdown/ugv_ws/install/my_ugv_description:/home/ground/ugv_repo/OperationTouchdown/ugv_ws/install/dual_laser_merger:/home/ground/ugv_repo/OperationTouchdown/ugv_ws/install/depthai-ros:/opt/ros/jazzy/opt/gz_sim_vendor:/opt/ros/jazzy/opt/gz_sensors_vendor:/opt/ros/jazzy/opt/gz_physics_vendor:/opt/ros/jazzy/opt/sdformat_vendor:/opt/ros/jazzy/opt/gz_gui_vendor:/opt/ros/jazzy/opt/gz_transport_vendor:/opt/ros/jazzy/opt/gz_rendering_vendor:/opt/ros/jazzy/opt/gz_plugin_vendor:/opt/ros/jazzy/opt/gz_fuel_tools_vendor:/opt/ros/jazzy/opt/gz_msgs_vendor:/opt/ros/jazzy/opt/gz_common_vendor:/opt/ros/jazzy/opt/gz_math_vendor:/opt/ros/jazzy/opt/gz_utils_vendor:/opt/ros/jazzy/opt/gz_tools_vendor:/opt/ros/jazzy/opt/gz_ogre_next_vendor:/opt/ros/jazzy/opt/gz_dartsim_vendor:/opt/ros/jazzy/opt/gz_cmake_vendor:/home/ground/ugv_repo/OperationTouchdown/ugv_ws/install/my_ugv_vision:/home/ground/ugv_repo/OperationTouchdown/ugv_ws/install/my_ugv_hardware:/opt/ros/jazzy DEBUGINFOD_URLS=https://debuginfod.ubuntu.com GAZEBO_MODEL_PATH=/home/ground/ugv_repo/OperationTouchdown/ugv_ws/install/depthai_descriptions:${GAZEBO_MODEL_PATH} GAZEBO_RESOURCE_PATH=/home/ground/ugv_repo/OperationTouchdown/ugv_ws/install/depthai_descriptions:${GAZEBO_RESOURCE_PATH} IGN_GAZEBO_MODEL_PATH=/home/ground/ugv_repo/OperationTouchdown/ugv_ws/install/depthai_descriptions:${IGN_GAZEBO_MODEL_PATH} IGN_GAZEBO_RESOURCE_PATH=/home/ground/ugv_repo/OperationTouchdown/ugv_ws/install/depthai_descriptions:${IGN_GAZEBO_RESOURCE_PATH} LD_LIBRARY_PATH=/home/ground/ugv_repo/OperationTouchdown/ugv_ws/install/depthai_ros_driver/lib:/home/ground/ugv_repo/OperationTouchdown/ugv_ws/install/depthai_filters/lib:/home/ground/ugv_repo/OperationTouchdown/ugv_ws/install/depthai_bridge/lib:/home/ground/ugv_repo/OperationTouchdown/ugv_ws/install/depthai_ros_msgs/lib:/home/ground/ugv_repo/OperationTouchdown/ugv_ws/install/dual_laser_merger/lib:/opt/ros/jazzy/opt/gz_sim_vendor/lib:/opt/ros/jazzy/opt/gz_sensors_vendor/lib:/opt/ros/jazzy/opt/gz_physics_vendor/lib:/opt/ros/jazzy/opt/sdformat_vendor/lib:/opt/ros/jazzy/opt/rviz_ogre_vendor/lib:/opt/ros/jazzy/lib/aarch64-linux-gnu:/opt/ros/jazzy/opt/gz_gui_vendor/lib:/opt/ros/jazzy/opt/gz_transport_vendor/lib:/opt/ros/jazzy/opt/gz_rendering_vendor/lib:/opt/ros/jazzy/opt/gz_plugin_vendor/lib:/opt/ros/jazzy/opt/gz_fuel_tools_vendor/lib:/opt/ros/jazzy/opt/gz_msgs_vendor/lib:/opt/ros/jazzy/opt/gz_common_vendor/lib:/opt/ros/jazzy/opt/gz_math_vendor/lib:/opt/ros/jazzy/opt/gz_utils_vendor/lib:/opt/ros/jazzy/opt/gz_tools_vendor/lib:/opt/ros/jazzy/opt/gz_ogre_next_vendor/lib:/opt/ros/jazzy/opt/gz_dartsim_vendor/lib:/opt/ros/jazzy/opt/gz_cmake_vendor/lib:/opt/ros/jazzy/lib PYTHONPATH=/home/ground/ugv_repo/OperationTouchdown/ugv_ws/install/depthai_ros_driver/lib/python3.12/site-packages:/home/ground/ugv_repo/OperationTouchdown/ugv_ws/install/depthai_ros_msgs/lib/python3.12/site-packages:/home/ground/ugv_repo/OperationTouchdown/ugv_ws/build/my_ugv_vision:/home/ground/ugv_repo/OperationTouchdown/ugv_ws/install/my_ugv_vision/lib/python3.12/site-packages:/home/ground/ugv_repo/OperationTouchdown/ugv_ws/build/my_ugv_hardware:/home/ground/ugv_repo/OperationTouchdown/ugv_ws/install/my_ugv_hardware/lib/python3.12/site-packages:/opt/ros/jazzy/lib/python3.12/site-packages /usr/bin/cmake --install /home/ground/ugv_repo/OperationTouchdown/ugv_ws/build/depthai-ros
[4.363s] Level 1:colcon.colcon_core.environment:checking '/home/ground/ugv_repo/OperationTouchdown/ugv_ws/install/depthai-ros' for CMake config files
[4.363s] Level 1:colcon.colcon_core.shell:create_environment_hook('depthai-ros', 'cmake_prefix_path')
[4.363s] INFO:colcon.colcon_core.shell:Creating environment hook '/home/ground/ugv_repo/OperationTouchdown/ugv_ws/install/depthai-ros/share/depthai-ros/hook/cmake_prefix_path.ps1'
[4.364s] INFO:colcon.colcon_core.shell:Creating environment descriptor '/home/ground/ugv_repo/OperationTouchdown/ugv_ws/install/depthai-ros/share/depthai-ros/hook/cmake_prefix_path.dsv'
[4.364s] INFO:colcon.colcon_core.shell:Creating environment hook '/home/ground/ugv_repo/OperationTouchdown/ugv_ws/install/depthai-ros/share/depthai-ros/hook/cmake_prefix_path.sh'
[4.365s] Level 1:colcon.colcon_core.environment:checking '/home/ground/ugv_repo/OperationTouchdown/ugv_ws/install/depthai-ros/bin'
[4.365s] Level 1:colcon.colcon_core.environment:checking '/home/ground/ugv_repo/OperationTouchdown/ugv_ws/install/depthai-ros/lib/pkgconfig/depthai-ros.pc'
[4.366s] Level 1:colcon.colcon_core.environment:checking '/home/ground/ugv_repo/OperationTouchdown/ugv_ws/install/depthai-ros/lib/python3.12/site-packages'
[4.366s] Level 1:colcon.colcon_core.environment:checking '/home/ground/ugv_repo/OperationTouchdown/ugv_ws/install/depthai-ros/bin'
[4.366s] INFO:colcon.colcon_core.shell:Creating package script '/home/ground/ugv_repo/OperationTouchdown/ugv_ws/install/depthai-ros/share/depthai-ros/package.ps1'
[4.367s] INFO:colcon.colcon_core.shell:Creating package descriptor '/home/ground/ugv_repo/OperationTouchdown/ugv_ws/install/depthai-ros/share/depthai-ros/package.dsv'
[4.368s] INFO:colcon.colcon_core.shell:Creating package script '/home/ground/ugv_repo/OperationTouchdown/ugv_ws/install/depthai-ros/share/depthai-ros/package.sh'
[4.368s] INFO:colcon.colcon_core.shell:Creating package script '/home/ground/ugv_repo/OperationTouchdown/ugv_ws/install/depthai-ros/share/depthai-ros/package.bash'
[4.369s] INFO:colcon.colcon_core.shell:Creating package script '/home/ground/ugv_repo/OperationTouchdown/ugv_ws/install/depthai-ros/share/depthai-ros/package.zsh'
[4.369s] Level 1:colcon.colcon_core.environment:create_file_with_runtime_dependencies(/home/ground/ugv_repo/OperationTouchdown/ugv_ws/install/depthai-ros/share/colcon-core/packages/depthai-ros)
[4.371s] Level 1:colcon.colcon_core.environment:create_environment_scripts_only(depthai-ros)
[4.371s] Level 1:colcon.colcon_core.environment:checking '/home/ground/ugv_repo/OperationTouchdown/ugv_ws/install/depthai-ros' for CMake module files
[4.372s] Level 1:colcon.colcon_core.environment:checking '/home/ground/ugv_repo/OperationTouchdown/ugv_ws/install/depthai-ros' for CMake config files
[4.372s] Level 1:colcon.colcon_core.shell:create_environment_hook('depthai-ros', 'cmake_prefix_path')
[4.372s] INFO:colcon.colcon_core.shell:Creating environment hook '/home/ground/ugv_repo/OperationTouchdown/ugv_ws/install/depthai-ros/share/depthai-ros/hook/cmake_prefix_path.ps1'
[4.373s] INFO:colcon.colcon_core.shell:Creating environment descriptor '/home/ground/ugv_repo/OperationTouchdown/ugv_ws/install/depthai-ros/share/depthai-ros/hook/cmake_prefix_path.dsv'
[4.373s] INFO:colcon.colcon_core.shell:Creating environment hook '/home/ground/ugv_repo/OperationTouchdown/ugv_ws/install/depthai-ros/share/depthai-ros/hook/cmake_prefix_path.sh'
[4.374s] Level 1:colcon.colcon_core.environment:checking '/home/ground/ugv_repo/OperationTouchdown/ugv_ws/install/depthai-ros/bin'
[4.374s] Level 1:colcon.colcon_core.environment:checking '/home/ground/ugv_repo/OperationTouchdown/ugv_ws/install/depthai-ros/lib/pkgconfig/depthai-ros.pc'
[4.375s] Level 1:colcon.colcon_core.environment:checking '/home/ground/ugv_repo/OperationTouchdown/ugv_ws/install/depthai-ros/lib/python3.12/site-packages'
[4.375s] Level 1:colcon.colcon_core.environment:checking '/home/ground/ugv_repo/OperationTouchdown/ugv_ws/install/depthai-ros/bin'
[4.375s] INFO:colcon.colcon_core.shell:Creating package script '/home/ground/ugv_repo/OperationTouchdown/ugv_ws/install/depthai-ros/share/depthai-ros/package.ps1'
[4.376s] INFO:colcon.colcon_core.shell:Creating package descriptor '/home/ground/ugv_repo/OperationTouchdown/ugv_ws/install/depthai-ros/share/depthai-ros/package.dsv'
[4.377s] INFO:colcon.colcon_core.shell:Creating package script '/home/ground/ugv_repo/OperationTouchdown/ugv_ws/install/depthai-ros/share/depthai-ros/package.sh'
[4.378s] INFO:colcon.colcon_core.shell:Creating package script '/home/ground/ugv_repo/OperationTouchdown/ugv_ws/install/depthai-ros/share/depthai-ros/package.bash'
[4.378s] INFO:colcon.colcon_core.shell:Creating package script '/home/ground/ugv_repo/OperationTouchdown/ugv_ws/install/depthai-ros/share/depthai-ros/package.zsh'
[4.379s] Level 1:colcon.colcon_core.environment:create_file_with_runtime_dependencies(/home/ground/ugv_repo/OperationTouchdown/ugv_ws/install/depthai-ros/share/colcon-core/packages/depthai-ros)
[4.524s] Level 1:colcon.colcon_core.shell:create_environment_hook('my_ugv_vision', 'pythonpath_develop')
[4.524s] INFO:colcon.colcon_core.shell:Creating environment hook '/home/ground/ugv_repo/OperationTouchdown/ugv_ws/build/my_ugv_vision/share/my_ugv_vision/hook/pythonpath_develop.ps1'
[4.525s] DEBUG:colcon.colcon_core.event_handler.log_command:Invoked command in '/home/ground/ugv_repo/OperationTouchdown/ugv_ws/build/my_ugv_vision' returned '0': DEBUGINFOD_URLS=https://debuginfod.ubuntu.com PYTHONPATH=/home/ground/ugv_repo/OperationTouchdown/ugv_ws/build/my_ugv_vision/prefix_override:/usr/lib/python3/dist-packages/colcon_core/task/python/colcon_distutils_commands:/home/ground/ugv_repo/OperationTouchdown/ugv_ws/install/my_ugv_vision/lib/python3.12/site-packages:${PYTHONPATH} /usr/bin/python3 -W ignore:setup.py install is deprecated -W ignore:easy_install command is deprecated setup.py develop --editable --build-directory /home/ground/ugv_repo/OperationTouchdown/ugv_ws/build/my_ugv_vision/build --no-deps symlink_data
[4.525s] INFO:colcon.colcon_core.shell:Creating environment descriptor '/home/ground/ugv_repo/OperationTouchdown/ugv_ws/build/my_ugv_vision/share/my_ugv_vision/hook/pythonpath_develop.dsv'
[4.526s] INFO:colcon.colcon_core.shell:Creating environment hook '/home/ground/ugv_repo/OperationTouchdown/ugv_ws/build/my_ugv_vision/share/my_ugv_vision/hook/pythonpath_develop.sh'
[4.527s] Level 1:colcon.colcon_core.environment:checking '/home/ground/ugv_repo/OperationTouchdown/ugv_ws/install/my_ugv_vision' for CMake module files
[4.527s] Level 1:colcon.colcon_core.environment:checking '/home/ground/ugv_repo/OperationTouchdown/ugv_ws/install/my_ugv_vision' for CMake config files
[4.528s] Level 1:colcon.colcon_core.environment:checking '/home/ground/ugv_repo/OperationTouchdown/ugv_ws/install/my_ugv_vision/lib'
[4.528s] Level 1:colcon.colcon_core.environment:checking '/home/ground/ugv_repo/OperationTouchdown/ugv_ws/install/my_ugv_vision/bin'
[4.528s] Level 1:colcon.colcon_core.environment:checking '/home/ground/ugv_repo/OperationTouchdown/ugv_ws/install/my_ugv_vision/lib/pkgconfig/my_ugv_vision.pc'
[4.528s] Level 1:colcon.colcon_core.environment:checking '/home/ground/ugv_repo/OperationTouchdown/ugv_ws/install/my_ugv_vision/lib/python3.12/site-packages'
[4.529s] Level 1:colcon.colcon_core.shell:create_environment_hook('my_ugv_vision', 'pythonpath')
[4.529s] INFO:colcon.colcon_core.shell:Creating environment hook '/home/ground/ugv_repo/OperationTouchdown/ugv_ws/install/my_ugv_vision/share/my_ugv_vision/hook/pythonpath.ps1'
[4.529s] INFO:colcon.colcon_core.shell:Creating environment descriptor '/home/ground/ugv_repo/OperationTouchdown/ugv_ws/install/my_ugv_vision/share/my_ugv_vision/hook/pythonpath.dsv'
[4.530s] INFO:colcon.colcon_core.shell:Creating environment hook '/home/ground/ugv_repo/OperationTouchdown/ugv_ws/install/my_ugv_vision/share/my_ugv_vision/hook/pythonpath.sh'
[4.531s] Level 1:colcon.colcon_core.environment:checking '/home/ground/ugv_repo/OperationTouchdown/ugv_ws/install/my_ugv_vision/bin'
[4.531s] Level 1:colcon.colcon_core.environment:create_environment_scripts_only(my_ugv_vision)
[4.531s] INFO:colcon.colcon_core.shell:Creating package script '/home/ground/ugv_repo/OperationTouchdown/ugv_ws/install/my_ugv_vision/share/my_ugv_vision/package.ps1'
[4.532s] INFO:colcon.colcon_core.shell:Creating package descriptor '/home/ground/ugv_repo/OperationTouchdown/ugv_ws/install/my_ugv_vision/share/my_ugv_vision/package.dsv'
[4.533s] INFO:colcon.colcon_core.shell:Creating package script '/home/ground/ugv_repo/OperationTouchdown/ugv_ws/install/my_ugv_vision/share/my_ugv_vision/package.sh'
[4.533s] INFO:colcon.colcon_core.shell:Creating package script '/home/ground/ugv_repo/OperationTouchdown/ugv_ws/install/my_ugv_vision/share/my_ugv_vision/package.bash'
[4.534s] INFO:colcon.colcon_core.shell:Creating package script '/home/ground/ugv_repo/OperationTouchdown/ugv_ws/install/my_ugv_vision/share/my_ugv_vision/package.zsh'
[4.535s] Level 1:colcon.colcon_core.environment:create_file_with_runtime_dependencies(/home/ground/ugv_repo/OperationTouchdown/ugv_ws/install/my_ugv_vision/share/colcon-core/packages/my_ugv_vision)
[4.536s] DEBUG:colcon.colcon_parallel_executor.executor.parallel:closing loop
[4.536s] DEBUG:colcon.colcon_parallel_executor.executor.parallel:loop closed
[4.536s] DEBUG:colcon.colcon_parallel_executor.executor.parallel:run_until_complete finished with '0'
[4.537s] DEBUG:colcon.colcon_core.event_reactor:joining thread
[4.545s] INFO:colcon.colcon_core.plugin_system:Skipping extension 'colcon_notification.desktop_notification.terminal_notifier': Not used on non-Darwin systems
[4.545s] INFO:colcon.colcon_core.plugin_system:Skipping extension 'colcon_notification.desktop_notification.win32': Not used on non-Windows systems
[4.545s] INFO:colcon.colcon_notification.desktop_notification:Sending desktop notification using 'notify2'
[4.547s] DEBUG:colcon.colcon_notification.desktop_notification.notify2:Failed to initialize notify2: org.freedesktop.DBus.Error.ServiceUnknown: The name org.freedesktop.Notifications was not provided by any .service files
[4.547s] DEBUG:colcon.colcon_core.event_reactor:joined thread
[4.547s] INFO:colcon.colcon_core.shell:Creating prefix script '/home/ground/ugv_repo/OperationTouchdown/ugv_ws/install/local_setup.ps1'
[4.549s] INFO:colcon.colcon_core.shell:Creating prefix util module '/home/ground/ugv_repo/OperationTouchdown/ugv_ws/install/_local_setup_util_ps1.py'
[4.550s] INFO:colcon.colcon_core.shell:Creating prefix chain script '/home/ground/ugv_repo/OperationTouchdown/ugv_ws/install/setup.ps1'
[4.552s] INFO:colcon.colcon_core.shell:Creating prefix script '/home/ground/ugv_repo/OperationTouchdown/ugv_ws/install/local_setup.sh'
[4.553s] INFO:colcon.colcon_core.shell:Creating prefix util module '/home/ground/ugv_repo/OperationTouchdown/ugv_ws/install/_local_setup_util_sh.py'
[4.554s] INFO:colcon.colcon_core.shell:Creating prefix chain script '/home/ground/ugv_repo/OperationTouchdown/ugv_ws/install/setup.sh'
[4.556s] INFO:colcon.colcon_core.shell:Creating prefix script '/home/ground/ugv_repo/OperationTouchdown/ugv_ws/install/local_setup.bash'
[4.557s] INFO:colcon.colcon_core.shell:Creating prefix chain script '/home/ground/ugv_repo/OperationTouchdown/ugv_ws/install/setup.bash'
[4.559s] INFO:colcon.colcon_core.shell:Creating prefix script '/home/ground/ugv_repo/OperationTouchdown/ugv_ws/install/local_setup.zsh'
[4.559s] INFO:colcon.colcon_core.shell:Creating prefix chain script '/home/ground/ugv_repo/OperationTouchdown/ugv_ws/install/setup.zsh'
