wall_time_iso,t_sec,status,x_m,y_m,z_m,yaw_vis_deg,yaw_oak_imu_deg,tracked_pts,pnp_pts,inliers,loop_detected,loop_kf_id,loop_score,loop_drift_m,softcorr_applied,softcorr_step_m,mavlink_sent,mavlink_aligned
2026-03-27T12:10:46.153,0.665860,WARMUP,0.000000,0.000000,0.000000,0.000,0.000,0,0,0,0,,,,0,,0,0
2026-03-27T12:10:50.902,5.414941,REDETECT,0.000000,0.000000,0.000000,0.000,0.000,0,0,0,0,,,,0,,0,0
2026-03-27T12:10:50.936,5.449797,REDETECT,0.000000,0.000000,0.000000,0.000,0.004,0,0,0,0,,,,0,,0,0
2026-03-27T12:10:50.977,5.490421,REDETECT,0.000000,0.000000,0.000000,0.000,0.006,0,0,0,0,,,,0,,0,0
2026-03-27T12:10:51.020,5.533626,REDETECT,0.000000,0.000000,0.000000,0.000,0.007,0,0,0,0,,,,0,,0,0
2026-03-27T12:10:51.057,5.570882,REDETECT,0.000000,0.000000,0.000000,0.000,0.008,0,0,0,0,,,,0,,0,0
2026-03-27T12:10:51.096,5.608954,REDETECT,0.000000,0.000000,0.000000,0.000,0.012,0,0,0,0,,,,0,,0,0
2026-03-27T12:10:51.134,5.647794,REDETECT,0.000000,0.000000,0.000000,0.000,0.013,0,0,0,0,,,,0,,0,0
2026-03-27T12:10:51.177,5.690813,REDETECT,0.000000,0.000000,0.000000,0.000,0.015,0,0,0,0,,,,0,,0,0
2026-03-27T12:10:51.218,5.731384,REDETECT,0.000000,0.000000,0.000000,0.000,0.018,0,0,0,0,,,,0,,0,0
2026-03-27T12:10:51.276,5.789557,REDETECT,0.000000,0.000000,0.000000,0.000,0.018,0,0,0,0,,,,0,,0,0
2026-03-27T12:10:51.340,5.853452,REDETECT,0.000000,0.000000,0.000000,0.000,0.025,0,0,0,0,,,,0,,0,0
2026-03-27T12:10:51.374,5.887704,REDETECT,0.000000,0.000000,0.000000,0.000,0.028,0,0,0,0,,,,0,,0,0
2026-03-27T12:10:51.440,5.953410,REDETECT,0.000000,0.000000,0.000000,0.000,0.034,0,0,0,0,,,,0,,0,0
2026-03-27T12:10:51.477,5.990670,REDETECT,0.000000,0.000000,0.000000,0.000,0.036,0,0,0,0,,,,0,,0,0
2026-03-27T12:10:51.544,6.057568,REDETECT,0.000000,0.000000,0.000000,0.000,0.048,0,0,0,0,,,,0,,0,0
2026-03-27T12:10:51.609,6.122190,REDETECT,0.000000,0.000000,0.000000,0.000,0.050,0,0,0,0,,,,0,,0,0
2026-03-27T12:10:51.651,6.163901,REDETECT,0.000000,0.000000,0.000000,0.000,0.050,0,0,0,0,,,,0,,0,0
2026-03-27T12:10:51.728,6.240993,REDETECT,0.000000,0.000000,0.000000,0.000,0.047,0,0,0,0,,,,0,,0,0
2026-03-27T12:10:51.777,6.290663,REDETECT,0.000000,0.000000,0.000000,0.000,0.051,0,0,0,0,,,,0,,0,0
2026-03-27T12:10:51.840,6.353284,REDETECT,0.000000,0.000000,0.000000,0.000,0.055,0,0,0,0,,,,0,,0,0
2026-03-27T12:10:51.877,6.390409,REDETECT,0.000000,0.000000,0.000000,0.000,0.055,0,0,0,0,,,,0,,0,0
2026-03-27T12:10:51.942,6.455585,REDETECT,0.000000,0.000000,0.000000,0.000,0.051,0,0,0,0,,,,0,,0,0
2026-03-27T12:10:51.977,6.490749,REDETECT,0.000000,0.000000,0.000000,0.000,0.053,0,0,0,0,,,,0,,0,0
2026-03-27T12:10:52.042,6.555493,REDETECT,0.000000,0.000000,0.000000,0.000,0.061,0,0,0,0,,,,0,,0,0
2026-03-27T12:10:52.076,6.589894,REDETECT,0.000000,0.000000,0.000000,0.000,0.061,0,0,0,0,,,,0,,0,0
2026-03-27T12:10:52.114,6.627009,REDETECT,0.000000,0.000000,0.000000,0.000,0.063,0,0,0,0,,,,0,,0,0
2026-03-27T12:10:52.177,6.690096,REDETECT,0.000000,0.000000,0.000000,0.000,0.067,0,0,0,0,,,,0,,0,0
2026-03-27T12:10:52.242,6.755035,REDETECT,0.000000,0.000000,0.000000,0.000,0.073,0,0,0,0,,,,0,,0,0
2026-03-27T12:10:52.277,6.790306,REDETECT,0.000000,0.000000,0.000000,0.000,0.075,0,0,0,0,,,,0,,0,0
2026-03-27T12:10:52.311,6.823940,REDETECT,0.000000,0.000000,0.000000,0.000,0.075,0,0,0,0,,,,0,,0,0
2026-03-27T12:10:52.378,6.890917,REDETECT,0.000000,0.000000,0.000000,0.000,0.083,0,0,0,0,,,,0,,0,0
2026-03-27T12:10:52.441,6.954854,REDETECT,0.000000,0.000000,0.000000,0.000,0.085,0,0,0,0,,,,0,,0,0
2026-03-27T12:10:52.478,6.991888,REDETECT,0.000000,0.000000,0.000000,0.000,0.088,0,0,0,0,,,,0,,0,0
2026-03-27T12:10:52.515,7.028520,REDETECT,0.000000,0.000000,0.000000,0.000,0.090,0,0,0,0,,,,0,,0,0
2026-03-27T12:10:52.583,7.096567,REDETECT,0.000000,0.000000,0.000000,0.000,0.090,0,0,0,0,,,,0,,0,0
2026-03-27T12:10:52.642,7.155461,REDETECT,0.000000,0.000000,0.000000,0.000,0.095,0,0,0,0,,,,0,,0,0
2026-03-27T12:10:52.709,7.222741,REDETECT,0.000000,0.000000,0.000000,0.000,0.097,0,0,0,0,,,,0,,0,0
2026-03-27T12:10:52.776,7.289158,REDETECT,0.000000,0.000000,0.000000,0.000,0.103,0,0,0,0,,,,0,,0,0
2026-03-27T12:10:52.840,7.353868,REDETECT,0.000000,0.000000,0.000000,0.000,0.109,0,0,0,0,,,,0,,0,0
2026-03-27T12:10:52.878,7.391235,REDETECT,0.000000,0.000000,0.000000,0.000,0.109,0,0,0,0,,,,0,,0,0
2026-03-27T12:10:52.940,7.453826,REDETECT,0.000000,0.000000,0.000000,0.000,0.115,0,0,0,0,,,,0,,0,0
2026-03-27T12:10:52.977,7.490590,REDETECT,0.000000,0.000000,0.000000,0.000,0.119,0,0,0,0,,,,0,,0,0
2026-03-27T12:10:53.011,7.524075,REDETECT,0.000000,0.000000,0.000000,0.000,0.121,0,0,0,0,,,,0,,0,0
2026-03-27T12:10:53.078,7.591739,REDETECT,0.000000,0.000000,0.000000,0.000,0.115,0,0,0,0,,,,0,,0,0
2026-03-27T12:10:53.142,7.655469,REDETECT,0.000000,0.000000,0.000000,0.000,0.123,0,0,0,0,,,,0,,0,0
2026-03-27T12:10:53.179,7.692411,REDETECT,0.000000,0.000000,0.000000,0.000,0.125,0,0,0,0,,,,0,,0,0
2026-03-27T12:10:53.244,7.757204,REDETECT,0.000000,0.000000,0.000000,0.000,0.117,0,0,0,0,,,,0,,0,0
2026-03-27T12:10:53.278,7.791363,REDETECT,0.000000,0.000000,0.000000,0.000,0.119,0,0,0,0,,,,0,,0,0
2026-03-27T12:10:53.342,7.855838,REDETECT,0.000000,0.000000,0.000000,0.000,0.129,0,0,0,0,,,,0,,0,0
2026-03-27T12:10:53.379,7.892234,REDETECT,0.000000,0.000000,0.000000,0.000,0.129,0,0,0,0,,,,0,,0,0
2026-03-27T12:10:53.447,7.959913,REDETECT,0.000000,0.000000,0.000000,0.000,0.122,0,0,0,0,,,,0,,0,0
2026-03-27T12:10:53.513,8.026007,REDETECT,0.000000,0.000000,0.000000,0.000,0.142,0,0,0,0,,,,0,,0,0
2026-03-27T12:10:53.578,8.091642,REDETECT,0.000000,0.000000,0.000000,0.000,0.146,0,0,0,0,,,,0,,0,0
2026-03-27T12:10:53.641,8.154828,REDETECT,0.000000,0.000000,0.000000,0.000,0.129,0,0,0,0,,,,0,,0,0
2026-03-27T12:10:53.678,8.191489,REDETECT,0.000000,0.000000,0.000000,0.000,0.140,0,0,0,0,,,,0,,0,0
2026-03-27T12:10:53.745,8.258238,REDETECT,0.000000,0.000000,0.000000,0.000,0.173,0,0,0,0,,,,0,,0,0
2026-03-27T12:10:53.779,8.292711,REDETECT,0.000000,0.000000,0.000000,0.000,0.172,0,0,0,0,,,,0,,0,0
2026-03-27T12:10:53.842,8.355587,REDETECT,0.000000,0.000000,0.000000,0.000,0.153,0,0,0,0,,,,0,,0,0
2026-03-27T12:10:53.878,8.391877,REDETECT,0.000000,0.000000,0.000000,0.000,0.162,0,0,0,0,,,,0,,0,0
2026-03-27T12:10:53.942,8.455779,REDETECT,0.000000,0.000000,0.000000,0.000,0.191,0,0,0,0,,,,0,,0,0
2026-03-27T12:10:53.977,8.490327,REDETECT,0.000000,0.000000,0.000000,0.000,0.191,0,0,0,0,,,,0,,0,0
2026-03-27T12:10:54.045,8.558847,REDETECT,0.000000,0.000000,0.000000,0.000,0.179,0,0,0,0,,,,0,,0,0
2026-03-27T12:10:54.079,8.592420,REDETECT,0.000000,0.000000,0.000000,0.000,0.179,0,0,0,0,,,,0,,0,0
2026-03-27T12:10:54.143,8.656254,REDETECT,0.000000,0.000000,0.000000,0.000,0.195,0,0,0,0,,,,0,,0,0
2026-03-27T12:10:54.179,8.692258,REDETECT,0.000000,0.000000,0.000000,0.000,0.190,0,0,0,0,,,,0,,0,0
2026-03-27T12:10:54.242,8.755227,REDETECT,0.000000,0.000000,0.000000,0.000,0.187,0,0,0,0,,,,0,,0,0
2026-03-27T12:10:54.277,8.790186,REDETECT,0.000000,0.000000,0.000000,0.000,0.189,0,0,0,0,,,,0,,0,0
2026-03-27T12:10:54.342,8.855647,REDETECT,0.000000,0.000000,0.000000,0.000,0.199,0,0,0,0,,,,0,,0,0
2026-03-27T12:10:54.379,8.891949,REDETECT,0.000000,0.000000,0.000000,0.000,0.199,0,0,0,0,,,,0,,0,0
2026-03-27T12:10:54.443,8.956660,REDETECT,0.000000,0.000000,0.000000,0.000,0.199,0,0,0,0,,,,0,,0,0
2026-03-27T12:10:54.477,8.990885,REDETECT,0.000000,0.000000,0.000000,0.000,0.201,0,0,0,0,,,,0,,0,0
2026-03-27T12:10:54.545,9.058162,REDETECT,0.000000,0.000000,0.000000,0.000,0.201,0,0,0,0,,,,0,,0,0
2026-03-27T12:10:54.610,9.123536,REDETECT,0.000000,0.000000,0.000000,0.000,0.203,0,0,0,0,,,,0,,0,0
2026-03-27T12:10:54.646,9.159132,REDETECT,0.000000,0.000000,0.000000,0.000,0.207,0,0,0,0,,,,0,,0,0
2026-03-27T12:10:54.708,9.221868,REDETECT,0.000000,0.000000,0.000000,0.000,0.213,0,0,0,0,,,,0,,0,0
2026-03-27T12:10:54.744,9.257304,REDETECT,0.000000,0.000000,0.000000,0.000,0.217,0,0,0,0,,,,0,,0,0
2026-03-27T12:10:54.780,9.293268,REDETECT,0.000000,0.000000,0.000000,0.000,0.219,0,0,0,0,,,,0,,0,0
2026-03-27T12:10:54.841,9.354877,REDETECT,0.000000,0.000000,0.000000,0.000,0.223,0,0,0,0,,,,0,,0,0
2026-03-27T12:10:54.878,9.391775,REDETECT,0.000000,0.000000,0.000000,0.000,0.228,0,0,0,0,,,,0,,0,0
2026-03-27T12:10:54.944,9.457299,REDETECT,0.000000,0.000000,0.000000,0.000,0.228,0,0,0,0,,,,0,,0,0
2026-03-27T12:10:55.009,9.522194,REDETECT,0.000000,0.000000,0.000000,0.000,0.232,0,0,0,0,,,,0,,0,0
2026-03-27T12:10:55.079,9.592569,REDETECT,0.000000,0.000000,0.000000,0.000,0.240,0,0,0,0,,,,0,,0,0
2026-03-27T12:10:55.143,9.656188,REDETECT,0.000000,0.000000,0.000000,0.000,0.242,0,0,0,0,,,,0,,0,0
2026-03-27T12:10:55.180,9.693409,REDETECT,0.000000,0.000000,0.000000,0.000,0.247,0,0,0,0,,,,0,,0,0
2026-03-27T12:10:55.246,9.759307,REDETECT,0.000000,0.000000,0.000000,0.000,0.255,0,0,0,0,,,,0,,0,0
2026-03-27T12:10:55.281,9.794278,REDETECT,0.000000,0.000000,0.000000,0.000,0.259,0,0,0,0,,,,0,,0,0
2026-03-27T12:10:55.342,9.855405,REDETECT,0.000000,0.000000,0.000000,0.000,0.263,0,0,0,0,,,,0,,0,0
2026-03-27T12:10:55.379,9.892499,REDETECT,0.000000,0.000000,0.000000,0.000,0.267,0,0,0,0,,,,0,,0,0
2026-03-27T12:10:55.442,9.955830,REDETECT,0.000000,0.000000,0.000000,0.000,0.271,0,0,0,0,,,,0,,0,0
2026-03-27T12:10:55.479,9.992042,REDETECT,0.000000,0.000000,0.000000,0.000,0.271,0,0,0,0,,,,0,,0,0
2026-03-27T12:10:55.543,10.056376,REDETECT,0.000000,0.000000,0.000000,0.000,0.279,0,0,0,0,,,,0,,0,0
2026-03-27T12:10:55.580,10.093040,REDETECT,0.000000,0.000000,0.000000,0.000,0.283,0,0,0,0,,,,0,,0,0
2026-03-27T12:10:55.642,10.155140,REDETECT,0.000000,0.000000,0.000000,0.000,0.285,0,0,0,0,,,,0,,0,0
2026-03-27T12:10:55.679,10.192747,REDETECT,0.000000,0.000000,0.000000,0.000,0.288,0,0,0,0,,,,0,,0,0
2026-03-27T12:10:55.742,10.255893,REDETECT,0.000000,0.000000,0.000000,0.000,0.295,0,0,0,0,,,,0,,0,0
2026-03-27T12:10:55.778,10.291889,REDETECT,0.000000,0.000000,0.000000,0.000,0.293,0,0,0,0,,,,0,,0,0
2026-03-27T12:10:55.844,10.356925,REDETECT,0.000000,0.000000,0.000000,0.000,0.297,0,0,0,0,,,,0,,0,0
2026-03-27T12:10:55.879,10.392304,REDETECT,0.000000,0.000000,0.000000,0.000,0.299,0,0,0,0,,,,0,,0,0
2026-03-27T12:10:55.942,10.455890,REDETECT,0.000000,0.000000,0.000000,0.000,0.303,0,0,0,0,,,,0,,0,0
2026-03-27T12:10:55.979,10.492169,REDETECT,0.000000,0.000000,0.000000,0.000,0.305,0,0,0,0,,,,0,,0,0
2026-03-27T12:10:56.042,10.555655,REDETECT,0.000000,0.000000,0.000000,0.000,0.309,0,0,0,0,,,,0,,0,0
2026-03-27T12:10:56.078,10.591402,REDETECT,0.000000,0.000000,0.000000,0.000,0.314,0,0,0,0,,,,0,,0,0
2026-03-27T12:10:56.143,10.656157,REDETECT,0.000000,0.000000,0.000000,0.000,0.318,0,0,0,0,,,,0,,0,0
2026-03-27T12:10:56.178,10.691713,REDETECT,0.000000,0.000000,0.000000,0.000,0.322,0,0,0,0,,,,0,,0,0
2026-03-27T12:10:56.241,10.754857,REDETECT,0.000000,0.000000,0.000000,0.000,0.330,0,0,0,0,,,,0,,0,0
2026-03-27T12:10:56.277,10.789974,REDETECT,0.000000,0.000000,0.000000,0.000,0.332,0,0,0,0,,,,0,,0,0
2026-03-27T12:10:56.342,10.855568,REDETECT,0.000000,0.000000,0.000000,0.000,0.340,0,0,0,0,,,,0,,0,0
2026-03-27T12:10:56.379,10.892303,REDETECT,0.000000,0.000000,0.000000,0.000,0.340,0,0,0,0,,,,0,,0,0
2026-03-27T12:10:56.446,10.959368,REDETECT,0.000000,0.000000,0.000000,0.000,0.342,0,0,0,0,,,,0,,0,0
2026-03-27T12:10:56.511,11.024572,REDETECT,0.000000,0.000000,0.000000,0.000,0.347,0,0,0,0,,,,0,,0,0
2026-03-27T12:10:56.579,11.092866,REDETECT,0.000000,0.000000,0.000000,0.000,0.356,0,0,0,0,,,,0,,0,0
2026-03-27T12:10:56.642,11.155519,REDETECT,0.000000,0.000000,0.000000,0.000,0.361,0,0,0,0,,,,0,,0,0
2026-03-27T12:10:56.678,11.191716,REDETECT,0.000000,0.000000,0.000000,0.000,0.364,0,0,0,0,,,,0,,0,0
2026-03-27T12:10:56.751,11.264475,REDETECT,0.000000,0.000000,0.000000,0.000,0.373,0,0,0,0,,,,0,,0,0
2026-03-27T12:10:56.800,11.313422,REDETECT,0.000000,0.000000,0.000000,0.000,0.376,0,0,0,0,,,,0,,0,0
2026-03-27T12:10:56.860,11.373163,REDETECT,0.000000,0.000000,0.000000,0.000,0.381,0,0,0,0,,,,0,,0,0
2026-03-27T12:10:56.910,11.423261,REDETECT,0.000000,0.000000,0.000000,0.000,0.384,0,0,0,0,,,,0,,0,0
2026-03-27T12:10:56.977,11.490822,REDETECT,0.000000,0.000000,0.000000,0.000,0.392,0,0,0,0,,,,0,,0,0
2026-03-27T12:10:57.042,11.555464,REDETECT,0.000000,0.000000,0.000000,0.000,0.394,0,0,0,0,,,,0,,0,0
2026-03-27T12:10:57.078,11.591664,REDETECT,0.000000,0.000000,0.000000,0.000,0.392,0,0,0,0,,,,0,,0,0
2026-03-27T12:10:57.142,11.655103,REDETECT,0.000000,0.000000,0.000000,0.000,0.392,0,0,0,0,,,,0,,0,0
2026-03-27T12:10:57.178,11.691022,REDETECT,0.000000,0.000000,0.000000,0.000,0.392,0,0,0,0,,,,0,,0,0
2026-03-27T12:10:57.240,11.753829,REDETECT,0.000000,0.000000,0.000000,0.000,0.392,0,0,0,0,,,,0,,0,0
2026-03-27T12:10:57.276,11.789854,REDETECT,0.000000,0.000000,0.000000,0.000,0.390,0,0,0,0,,,,0,,0,0
2026-03-27T12:10:57.340,11.853668,REDETECT,0.000000,0.000000,0.000000,0.000,0.394,0,0,0,0,,,,0,,0,0
2026-03-27T12:10:57.377,11.890555,REDETECT,0.000000,0.000000,0.000000,0.000,0.396,0,0,0,0,,,,0,,0,0
2026-03-27T12:10:57.440,11.953660,REDETECT,0.000000,0.000000,0.000000,0.000,0.400,0,0,0,0,,,,0,,0,0
2026-03-27T12:10:57.475,11.988471,REDETECT,0.000000,0.000000,0.000000,0.000,0.402,0,0,0,0,,,,0,,0,0
2026-03-27T12:10:57.540,12.053859,REDETECT,0.000000,0.000000,0.000000,0.000,0.406,0,0,0,0,,,,0,,0,0
2026-03-27T12:10:57.578,12.091691,REDETECT,0.000000,0.000000,0.000000,0.000,0.410,0,0,0,0,,,,0,,0,0
2026-03-27T12:10:57.615,12.128158,REDETECT,0.000000,0.000000,0.000000,0.000,0.415,0,0,0,0,,,,0,,0,0
2026-03-27T12:10:57.683,12.196597,REDETECT,0.000000,0.000000,0.000000,0.000,0.421,0,0,0,0,,,,0,,0,0
2026-03-27T12:10:57.742,12.255597,REDETECT,0.000000,0.000000,0.000000,0.000,0.427,0,0,0,0,,,,0,,0,0
2026-03-27T12:10:57.778,12.291662,REDETECT,0.000000,0.000000,0.000000,0.000,0.429,0,0,0,0,,,,0,,0,0
2026-03-27T12:10:57.841,12.354002,REDETECT,0.000000,0.000000,0.000000,0.000,0.431,0,0,0,0,,,,0,,0,0
2026-03-27T12:10:57.877,12.389986,REDETECT,0.000000,0.000000,0.000000,0.000,0.435,0,0,0,0,,,,0,,0,0
2026-03-27T12:10:57.942,12.455382,REDETECT,0.000000,0.000000,0.000000,0.000,0.438,0,0,0,0,,,,0,,0,0
2026-03-27T12:10:58.008,12.521571,REDETECT,0.000000,0.000000,0.000000,0.000,0.444,0,0,0,0,,,,0,,0,0
2026-03-27T12:10:58.043,12.556206,REDETECT,0.000000,0.000000,0.000000,0.000,0.444,0,0,0,0,,,,0,,0,0
2026-03-27T12:10:58.077,12.589946,REDETECT,0.000000,0.000000,0.000000,0.000,0.444,0,0,0,0,,,,0,,0,0
2026-03-27T12:10:58.141,12.653982,REDETECT,0.000000,0.000000,0.000000,0.000,0.451,0,0,0,0,,,,0,,0,0
2026-03-27T12:10:58.177,12.690285,REDETECT,0.000000,0.000000,0.000000,0.000,0.456,0,0,0,0,,,,0,,0,0
2026-03-27T12:10:58.215,12.728675,REDETECT,0.000000,0.000000,0.000000,0.000,0.460,0,0,0,0,,,,0,,0,0
2026-03-27T12:10:58.251,12.763983,REDETECT,0.000000,0.000000,0.000000,0.000,0.458,0,0,0,0,,,,0,,0,0
2026-03-27T12:10:58.308,12.821781,REDETECT,0.000000,0.000000,0.000000,0.000,0.463,0,0,0,0,,,,0,,0,0
2026-03-27T12:10:58.348,12.861150,REDETECT,0.000000,0.000000,0.000000,0.000,0.463,0,0,0,0,,,,0,,0,0
2026-03-27T12:10:58.411,12.923936,REDETECT,0.000000,0.000000,0.000000,0.000,0.469,0,0,0,0,,,,0,,0,0
2026-03-27T12:10:58.475,12.988526,REDETECT,0.000000,0.000000,0.000000,0.000,0.477,0,0,0,0,,,,0,,0,0
2026-03-27T12:10:58.544,13.057540,REDETECT,0.000000,0.000000,0.000000,0.000,0.479,0,0,0,0,,,,0,,0,0
2026-03-27T12:10:58.608,13.121601,REDETECT,0.000000,0.000000,0.000000,0.000,0.481,0,0,0,0,,,,0,,0,0
2026-03-27T12:10:58.675,13.188297,REDETECT,0.000000,0.000000,0.000000,0.000,0.489,0,0,0,0,,,,0,,0,0
2026-03-27T12:10:58.708,13.221817,REDETECT,0.000000,0.000000,0.000000,0.000,0.495,0,0,0,0,,,,0,,0,0
2026-03-27T12:10:58.743,13.256245,REDETECT,0.000000,0.000000,0.000000,0.000,0.500,0,0,0,0,,,,0,,0,0
2026-03-27T12:10:58.783,13.296827,REDETECT,0.000000,0.000000,0.000000,0.000,0.504,0,0,0,0,,,,0,,0,0
2026-03-27T12:10:58.844,13.357558,REDETECT,0.000000,0.000000,0.000000,0.000,0.503,0,0,0,0,,,,0,,0,0
2026-03-27T12:10:58.909,13.422672,REDETECT,0.000000,0.000000,0.000000,0.000,0.507,0,0,0,0,,,,0,,0,0
2026-03-27T12:10:58.984,13.497746,REDETECT,0.000000,0.000000,0.000000,0.000,0.511,0,0,0,0,,,,0,,0,0
2026-03-27T12:10:59.048,13.561109,REDETECT,0.000000,0.000000,0.000000,0.000,0.515,0,0,0,0,,,,0,,0,0
2026-03-27T12:10:59.107,13.620704,REDETECT,0.000000,0.000000,0.000000,0.000,0.517,0,0,0,0,,,,0,,0,0
2026-03-27T12:10:59.141,13.654317,REDETECT,0.000000,0.000000,0.000000,0.000,0.517,0,0,0,0,,,,0,,0,0
2026-03-27T12:10:59.178,13.691171,REDETECT,0.000000,0.000000,0.000000,0.000,0.519,0,0,0,0,,,,0,,0,0
2026-03-27T12:10:59.241,13.754137,REDETECT,0.000000,0.000000,0.000000,0.000,0.523,0,0,0,0,,,,0,,0,0
2026-03-27T12:10:59.276,13.788910,REDETECT,0.000000,0.000000,0.000000,0.000,0.527,0,0,0,0,,,,0,,0,0
2026-03-27T12:10:59.310,13.823418,REDETECT,0.000000,0.000000,0.000000,0.000,0.531,0,0,0,0,,,,0,,0,0
2026-03-27T12:10:59.377,13.890405,REDETECT,0.000000,0.000000,0.000000,0.000,0.538,0,0,0,0,,,,0,,0,0
2026-03-27T12:10:59.440,13.953420,REDETECT,0.000000,0.000000,0.000000,0.000,0.543,0,0,0,0,,,,0,,0,0
2026-03-27T12:10:59.483,13.996400,REDETECT,0.000000,0.000000,0.000000,0.000,0.546,0,0,0,0,,,,0,,0,0
2026-03-27T12:10:59.546,14.059670,REDETECT,0.000000,0.000000,0.000000,0.000,0.546,0,0,0,0,,,,0,,0,0
2026-03-27T12:10:59.609,14.122493,REDETECT,0.000000,0.000000,0.000000,0.000,0.544,0,0,0,0,,,,0,,0,0
2026-03-27T12:10:59.679,14.192886,REDETECT,0.000000,0.000000,0.000000,0.000,0.548,0,0,0,0,,,,0,,0,0
2026-03-27T12:10:59.740,14.253806,REDETECT,0.000000,0.000000,0.000000,0.000,0.546,0,0,0,0,,,,0,,0,0
2026-03-27T12:10:59.777,14.290580,REDETECT,0.000000,0.000000,0.000000,0.000,0.546,0,0,0,0,,,,0,,0,0
2026-03-27T12:10:59.843,14.356280,REDETECT,0.000000,0.000000,0.000000,0.000,0.554,0,0,0,0,,,,0,,0,0
2026-03-27T12:10:59.877,14.389933,REDETECT,0.000000,0.000000,0.000000,0.000,0.556,0,0,0,0,,,,0,,0,0
2026-03-27T12:10:59.941,14.454133,REDETECT,0.000000,0.000000,0.000000,0.000,0.566,0,0,0,0,,,,0,,0,0
2026-03-27T12:10:59.978,14.491406,REDETECT,0.000000,0.000000,0.000000,0.000,0.566,0,0,0,0,,,,0,,0,0
2026-03-27T12:11:00.040,14.553607,REDETECT,0.000000,0.000000,0.000000,0.000,0.568,0,0,0,0,,,,0,,0,0
2026-03-27T12:11:00.083,14.596400,REDETECT,0.000000,0.000000,0.000000,0.000,0.573,0,0,0,0,,,,0,,0,0
2026-03-27T12:11:00.118,14.631832,REDETECT,0.000000,0.000000,0.000000,0.000,0.573,0,0,0,0,,,,0,,0,0
2026-03-27T12:11:00.178,14.691422,REDETECT,0.000000,0.000000,0.000000,0.000,0.578,0,0,0,0,,,,0,,0,0
2026-03-27T12:11:00.241,14.754232,REDETECT,0.000000,0.000000,0.000000,0.000,0.582,0,0,0,0,,,,0,,0,0
2026-03-27T12:11:00.278,14.790977,REDETECT,0.000000,0.000000,0.000000,0.000,0.584,0,0,0,0,,,,0,,0,0
2026-03-27T12:11:00.342,14.855576,REDETECT,0.000000,0.000000,0.000000,0.000,0.592,0,0,0,0,,,,0,,0,0
2026-03-27T12:11:00.410,14.923278,REDETECT,0.000000,0.000000,0.000000,0.000,0.602,0,0,0,0,,,,0,,0,0
2026-03-27T12:11:00.477,14.990338,REDETECT,0.000000,0.000000,0.000000,0.000,0.604,0,0,0,0,,,,0,,0,0
2026-03-27T12:11:00.543,15.055962,REDETECT,0.000000,0.000000,0.000000,0.000,0.612,0,0,0,0,,,,0,,0,0
2026-03-27T12:11:00.578,15.091221,REDETECT,0.000000,0.000000,0.000000,0.000,0.614,0,0,0,0,,,,0,,0,0
2026-03-27T12:11:00.640,15.153812,REDETECT,0.000000,0.000000,0.000000,0.000,0.618,0,0,0,0,,,,0,,0,0
2026-03-27T12:11:00.675,15.188280,REDETECT,0.000000,0.000000,0.000000,0.000,0.622,0,0,0,0,,,,0,,0,0
2026-03-27T12:11:00.710,15.222961,REDETECT,0.000000,0.000000,0.000000,0.000,0.622,0,0,0,0,,,,0,,0,0
2026-03-27T12:11:00.776,15.289621,REDETECT,0.000000,0.000000,0.000000,0.000,0.628,0,0,0,0,,,,0,,0,0
2026-03-27T12:11:00.840,15.353898,REDETECT,0.000000,0.000000,0.000000,0.000,0.634,0,0,0,0,,,,0,,0,0
2026-03-27T12:11:00.884,15.397833,REDETECT,0.000000,0.000000,0.000000,0.000,0.642,0,0,0,0,,,,0,,0,0
2026-03-27T12:11:00.940,15.453895,REDETECT,0.000000,0.000000,0.000000,0.000,0.643,0,0,0,0,,,,0,,0,0
2026-03-27T12:11:00.976,15.489726,REDETECT,0.000000,0.000000,0.000000,0.000,0.641,0,0,0,0,,,,0,,0,0
2026-03-27T12:11:01.041,15.554647,REDETECT,0.000000,0.000000,0.000000,0.000,0.649,0,0,0,0,,,,0,,0,0
2026-03-27T12:11:01.076,15.589694,REDETECT,0.000000,0.000000,0.000000,0.000,0.651,0,0,0,0,,,,0,,0,0
2026-03-27T12:11:01.141,15.654468,REDETECT,0.000000,0.000000,0.000000,0.000,0.651,0,0,0,0,,,,0,,0,0
2026-03-27T12:11:01.177,15.690044,REDETECT,0.000000,0.000000,0.000000,0.000,0.653,0,0,0,0,,,,0,,0,0
2026-03-27T12:11:01.240,15.753435,REDETECT,0.000000,0.000000,0.000000,0.000,0.652,0,0,0,0,,,,0,,0,0
2026-03-27T12:11:01.277,15.790290,REDETECT,0.000000,0.000000,0.000000,0.000,0.656,0,0,0,0,,,,0,,0,0
2026-03-27T12:11:01.341,15.854502,REDETECT,0.000000,0.000000,0.000000,0.000,0.658,0,0,0,0,,,,0,,0,0
2026-03-27T12:11:01.376,15.889513,REDETECT,0.000000,0.000000,0.000000,0.000,0.658,0,0,0,0,,,,0,,0,0
2026-03-27T12:11:01.441,15.953959,REDETECT,0.000000,0.000000,0.000000,0.000,0.660,0,0,0,0,,,,0,,0,0
2026-03-27T12:11:01.476,15.989003,REDETECT,0.000000,0.000000,0.000000,0.000,0.664,0,0,0,0,,,,0,,0,0
2026-03-27T12:11:01.540,16.053278,REDETECT,0.000000,0.000000,0.000000,0.000,0.668,0,0,0,0,,,,0,,0,0
2026-03-27T12:11:01.575,16.088897,REDETECT,0.000000,0.000000,0.000000,0.000,0.670,0,0,0,0,,,,0,,0,0
2026-03-27T12:11:01.640,16.153811,REDETECT,0.000000,0.000000,0.000000,0.000,0.672,0,0,0,0,,,,0,,0,0
2026-03-27T12:11:01.681,16.194247,REDETECT,0.000000,0.000000,0.000000,0.000,0.670,0,0,0,0,,,,0,,0,0
2026-03-27T12:11:01.715,16.228420,REDETECT,0.000000,0.000000,0.000000,0.000,0.674,0,0,0,0,,,,0,,0,0
2026-03-27T12:11:01.752,16.265070,REDETECT,0.000000,0.000000,0.000000,0.000,0.678,0,0,0,0,,,,0,,0,0
2026-03-27T12:11:01.809,16.322802,REDETECT,0.000000,0.000000,0.000000,0.000,0.681,0,0,0,0,,,,0,,0,0
2026-03-27T12:11:01.844,16.357507,REDETECT,0.000000,0.000000,0.000000,0.000,0.681,0,0,0,0,,,,0,,0,0
2026-03-27T12:11:01.878,16.390990,REDETECT,0.000000,0.000000,0.000000,0.000,0.683,0,0,0,0,,,,0,,0,0
2026-03-27T12:11:01.943,16.456038,REDETECT,0.000000,0.000000,0.000000,0.000,0.691,0,0,0,0,,,,0,,0,0
2026-03-27T12:11:01.978,16.491843,REDETECT,0.000000,0.000000,0.000000,0.000,0.696,0,0,0,0,,,,0,,0,0
2026-03-27T12:11:02.020,16.533093,REDETECT,0.000000,0.000000,0.000000,0.000,0.696,0,0,0,0,,,,0,,0,0
2026-03-27T12:11:02.078,16.591130,REDETECT,0.000000,0.000000,0.000000,0.000,0.699,0,0,0,0,,,,0,,0,0
2026-03-27T12:11:02.141,16.653973,REDETECT,0.000000,0.000000,0.000000,0.000,0.703,0,0,0,0,,,,0,,0,0
2026-03-27T12:11:02.177,16.690841,REDETECT,0.000000,0.000000,0.000000,0.000,0.705,0,0,0,0,,,,0,,0,0
2026-03-27T12:11:02.241,16.754146,REDETECT,0.000000,0.000000,0.000000,0.000,0.711,0,0,0,0,,,,0,,0,0
2026-03-27T12:11:02.276,16.789728,REDETECT,0.000000,0.000000,0.000000,0.000,0.713,0,0,0,0,,,,0,,0,0
2026-03-27T12:11:02.311,16.823956,REDETECT,0.000000,0.000000,0.000000,0.000,0.720,0,0,0,0,,,,0,,0,0
2026-03-27T12:11:02.378,16.891471,REDETECT,0.000000,0.000000,0.000000,0.000,0.724,0,0,0,0,,,,0,,0,0
2026-03-27T12:11:02.440,16.953139,REDETECT,0.000000,0.000000,0.000000,0.000,0.726,0,0,0,0,,,,0,,0,0
2026-03-27T12:11:02.476,16.989772,REDETECT,0.000000,0.000000,0.000000,0.000,0.728,0,0,0,0,,,,0,,0,0
2026-03-27T12:11:02.539,17.052818,REDETECT,0.000000,0.000000,0.000000,0.000,0.737,0,0,0,0,,,,0,,0,0
2026-03-27T12:11:02.575,17.088614,REDETECT,0.000000,0.000000,0.000000,0.000,0.737,0,0,0,0,,,,0,,0,0
2026-03-27T12:11:02.609,17.122587,REDETECT,0.000000,0.000000,0.000000,0.000,0.737,0,0,0,0,,,,0,,0,0
2026-03-27T12:11:02.676,17.189433,REDETECT,0.000000,0.000000,0.000000,0.000,0.740,0,0,0,0,,,,0,,0,0
2026-03-27T12:11:02.740,17.253417,REDETECT,0.000000,0.000000,0.000000,0.000,0.747,0,0,0,0,,,,0,,0,0
2026-03-27T12:11:02.777,17.290099,REDETECT,0.000000,0.000000,0.000000,0.000,0.752,0,0,0,0,,,,0,,0,0
2026-03-27T12:11:02.840,17.353453,REDETECT,0.000000,0.000000,0.000000,0.000,0.754,0,0,0,0,,,,0,,0,0
2026-03-27T12:11:02.877,17.390316,REDETECT,0.000000,0.000000,0.000000,0.000,0.754,0,0,0,0,,,,0,,0,0
2026-03-27T12:11:02.941,17.454479,REDETECT,0.000000,0.000000,0.000000,0.000,0.756,0,0,0,0,,,,0,,0,0
2026-03-27T12:11:02.978,17.491867,REDETECT,0.000000,0.000000,0.000000,0.000,0.758,0,0,0,0,,,,0,,0,0
2026-03-27T12:11:03.045,17.557966,REDETECT,0.000000,0.000000,0.000000,0.000,0.766,0,0,0,0,,,,0,,0,0
2026-03-27T12:11:03.107,17.620129,REDETECT,0.000000,0.000000,0.000000,0.000,0.770,0,0,0,0,,,,0,,0,0
2026-03-27T12:11:03.140,17.653826,REDETECT,0.000000,0.000000,0.000000,0.000,0.774,0,0,0,0,,,,0,,0,0
2026-03-27T12:11:03.177,17.690079,REDETECT,0.000000,0.000000,0.000000,0.000,0.774,0,0,0,0,,,,0,,0,0
2026-03-27T12:11:03.241,17.754643,REDETECT,0.000000,0.000000,0.000000,0.000,0.776,0,0,0,0,,,,0,,0,0
2026-03-27T12:11:03.278,17.791116,REDETECT,0.000000,0.000000,0.000000,0.000,0.776,0,0,0,0,,,,0,,0,0
2026-03-27T12:11:03.316,17.829156,REDETECT,0.000000,0.000000,0.000000,0.000,0.778,0,0,0,0,,,,0,,0,0
2026-03-27T12:11:03.351,17.864175,REDETECT,0.000000,0.000000,0.000000,0.000,0.780,0,0,0,0,,,,0,,0,0
2026-03-27T12:11:03.409,17.922017,REDETECT,0.000000,0.000000,0.000000,0.000,0.783,0,0,0,0,,,,0,,0,0
2026-03-27T12:11:03.478,17.991253,REDETECT,0.000000,0.000000,0.000000,0.000,0.788,0,0,0,0,,,,0,,0,0
2026-03-27T12:11:03.541,18.054562,REDETECT,0.000000,0.000000,0.000000,0.000,0.794,0,0,0,0,,,,0,,0,0
2026-03-27T12:11:03.575,18.088602,REDETECT,0.000000,0.000000,0.000000,0.000,0.796,0,0,0,0,,,,0,,0,0
2026-03-27T12:11:03.639,18.152564,REDETECT,0.000000,0.000000,0.000000,0.000,0.800,0,0,0,0,,,,0,,0,0
2026-03-27T12:11:03.675,18.187995,REDETECT,0.000000,0.000000,0.000000,0.000,0.800,0,0,0,0,,,,0,,0,0
2026-03-27T12:11:03.715,18.228741,REDETECT,0.000000,0.000000,0.000000,0.000,0.802,0,0,0,0,,,,0,,0,0
2026-03-27T12:11:03.751,18.264035,REDETECT,0.000000,0.000000,0.000000,0.000,0.802,0,0,0,0,,,,0,,0,0
2026-03-27T12:11:03.787,18.300880,REDETECT,0.000000,0.000000,0.000000,0.000,0.802,0,0,0,0,,,,0,,0,0
2026-03-27T12:11:03.840,18.353447,REDETECT,0.000000,0.000000,0.000000,0.000,0.809,0,0,0,0,,,,0,,0,0
2026-03-27T12:11:03.886,18.398922,REDETECT,0.000000,0.000000,0.000000,0.000,0.809,0,0,0,0,,,,0,,0,0
2026-03-27T12:11:03.941,18.454491,REDETECT,0.000000,0.000000,0.000000,0.000,0.811,0,0,0,0,,,,0,,0,0
2026-03-27T12:11:03.975,18.488456,REDETECT,0.000000,0.000000,0.000000,0.000,0.817,0,0,0,0,,,,0,,0,0
2026-03-27T12:11:04.042,18.555382,REDETECT,0.000000,0.000000,0.000000,0.000,0.821,0,0,0,0,,,,0,,0,0
2026-03-27T12:11:04.077,18.590412,REDETECT,0.000000,0.000000,0.000000,0.000,0.823,0,0,0,0,,,,0,,0,0
2026-03-27T12:11:04.143,18.656307,REDETECT,0.000000,0.000000,0.000000,0.000,0.825,0,0,0,0,,,,0,,0,0
2026-03-27T12:11:04.187,18.700763,REDETECT,0.000000,0.000000,0.000000,0.000,0.828,0,0,0,0,,,,0,,0,0
2026-03-27T12:11:04.242,18.755673,REDETECT,0.000000,0.000000,0.000000,0.000,0.830,0,0,0,0,,,,0,,0,0
2026-03-27T12:11:04.276,18.789771,REDETECT,0.000000,0.000000,0.000000,0.000,0.832,0,0,0,0,,,,0,,0,0
2026-03-27T12:11:04.341,18.853997,REDETECT,0.000000,0.000000,0.000000,0.000,0.838,0,0,0,0,,,,0,,0,0
2026-03-27T12:11:04.375,18.888211,REDETECT,0.000000,0.000000,0.000000,0.000,0.842,0,0,0,0,,,,0,,0,0
2026-03-27T12:11:04.451,18.964699,REDETECT,0.000000,0.000000,0.000000,0.000,0.849,0,0,0,0,,,,0,,0,0
2026-03-27T12:11:04.508,19.021127,REDETECT,0.000000,0.000000,0.000000,0.000,0.849,0,0,0,0,,,,0,,0,0
2026-03-27T12:11:04.542,19.054970,REDETECT,0.000000,0.000000,0.000000,0.000,0.852,0,0,0,0,,,,0,,0,0
2026-03-27T12:11:04.576,19.089281,REDETECT,0.000000,0.000000,0.000000,0.000,0.856,0,0,0,0,,,,0,,0,0
2026-03-27T12:11:04.640,19.153121,REDETECT,0.000000,0.000000,0.000000,0.000,0.860,0,0,0,0,,,,0,,0,0
2026-03-27T12:11:04.676,19.189146,REDETECT,0.000000,0.000000,0.000000,0.000,0.857,0,0,0,0,,,,0,,0,0
2026-03-27T12:11:04.740,19.253398,REDETECT,0.000000,0.000000,0.000000,0.000,0.857,0,0,0,0,,,,0,,0,0
2026-03-27T12:11:04.777,19.290412,REDETECT,0.000000,0.000000,0.000000,0.000,0.860,0,0,0,0,,,,0,,0,0
2026-03-27T12:11:04.840,19.353408,REDETECT,0.000000,0.000000,0.000000,0.000,0.862,0,0,0,0,,,,0,,0,0
2026-03-27T12:11:04.877,19.390269,REDETECT,0.000000,0.000000,0.000000,0.000,0.864,0,0,0,0,,,,0,,0,0
2026-03-27T12:11:04.940,19.453595,REDETECT,0.000000,0.000000,0.000000,0.000,0.868,0,0,0,0,,,,0,,0,0
2026-03-27T12:11:04.975,19.488637,REDETECT,0.000000,0.000000,0.000000,0.000,0.870,0,0,0,0,,,,0,,0,0
2026-03-27T12:11:05.010,19.523175,REDETECT,0.000000,0.000000,0.000000,0.000,0.872,0,0,0,0,,,,0,,0,0
2026-03-27T12:11:05.085,19.598044,REDETECT,0.000000,0.000000,0.000000,0.000,0.880,0,0,0,0,,,,0,,0,0
2026-03-27T12:11:05.139,19.652539,REDETECT,0.000000,0.000000,0.000000,0.000,0.882,0,0,0,0,,,,0,,0,0
2026-03-27T12:11:05.173,19.686806,REDETECT,0.000000,0.000000,0.000000,0.000,0.882,0,0,0,0,,,,0,,0,0
2026-03-27T12:11:05.242,19.755369,REDETECT,0.000000,0.000000,0.000000,0.000,0.885,0,0,0,0,,,,0,,0,0
2026-03-27T12:11:05.306,19.819276,REDETECT,0.000000,0.000000,0.000000,0.000,0.886,0,0,0,0,,,,0,,0,0
2026-03-27T12:11:05.339,19.852676,REDETECT,0.000000,0.000000,0.000000,0.000,0.891,0,0,0,0,,,,0,,0,0
2026-03-27T12:11:05.374,19.887322,REDETECT,0.000000,0.000000,0.000000,0.000,0.895,0,0,0,0,,,,0,,0,0
2026-03-27T12:11:05.441,19.953972,REDETECT,0.000000,0.000000,0.000000,0.000,0.901,0,0,0,0,,,,0,,0,0
2026-03-27T12:11:05.507,20.019932,REDETECT,0.000000,0.000000,0.000000,0.000,0.911,0,0,0,0,,,,0,,0,0
2026-03-27T12:11:05.546,20.059238,REDETECT,0.000000,0.000000,0.000000,0.000,0.916,0,0,0,0,,,,0,,0,0
2026-03-27T12:11:05.605,20.118407,REDETECT,0.000000,0.000000,0.000000,0.000,0.919,0,0,0,0,,,,0,,0,0
2026-03-27T12:11:05.671,20.184828,REDETECT,0.000000,0.000000,0.000000,0.000,0.915,0,0,0,0,,,,0,,0,0
2026-03-27T12:11:05.705,20.218432,REDETECT,0.000000,0.000000,0.000000,0.000,0.919,0,0,0,0,,,,0,,0,0
2026-03-27T12:11:05.739,20.252334,REDETECT,0.000000,0.000000,0.000000,0.000,0.921,0,0,0,0,,,,0,,0,0
2026-03-27T12:11:05.777,20.289961,REDETECT,0.000000,0.000000,0.000000,0.000,0.928,0,0,0,0,,,,0,,0,0
2026-03-27T12:11:05.818,20.331054,REDETECT,0.000000,0.000000,0.000000,0.000,0.936,0,0,0,0,,,,0,,0,0
2026-03-27T12:11:05.877,20.390315,REDETECT,0.000000,0.000000,0.000000,0.000,0.937,0,0,0,0,,,,0,,0,0
2026-03-27T12:11:05.944,20.456978,REDETECT,0.000000,0.000000,0.000000,0.000,0.937,0,0,0,0,,,,0,,0,0
2026-03-27T12:11:06.008,20.521441,REDETECT,0.000000,0.000000,0.000000,0.000,0.939,0,0,0,0,,,,0,,0,0
2026-03-27T12:11:06.077,20.590228,REDETECT,0.000000,0.000000,0.000000,0.000,0.943,0,0,0,0,,,,0,,0,0
2026-03-27T12:11:06.142,20.655786,REDETECT,0.000000,0.000000,0.000000,0.000,0.941,0,0,0,0,,,,0,,0,0
2026-03-27T12:11:06.176,20.689897,REDETECT,0.000000,0.000000,0.000000,0.000,0.945,0,0,0,0,,,,0,,0,0
2026-03-27T12:11:06.243,20.756505,REDETECT,0.000000,0.000000,0.000000,0.000,0.949,0,0,0,0,,,,0,,0,0
2026-03-27T12:11:06.308,20.821539,REDETECT,0.000000,0.000000,0.000000,0.000,0.955,0,0,0,0,,,,0,,0,0
2026-03-27T12:11:06.376,20.889174,REDETECT,0.000000,0.000000,0.000000,0.000,0.962,0,0,0,0,,,,0,,0,0
2026-03-27T12:11:06.410,20.923773,REDETECT,0.000000,0.000000,0.000000,0.000,0.966,0,0,0,0,,,,0,,0,0
2026-03-27T12:11:06.475,20.988014,REDETECT,0.000000,0.000000,0.000000,0.000,0.970,0,0,0,0,,,,0,,0,0
2026-03-27T12:11:06.508,21.021883,REDETECT,0.000000,0.000000,0.000000,0.000,0.972,0,0,0,0,,,,0,,0,0
2026-03-27T12:11:06.577,21.090773,REDETECT,0.000000,0.000000,0.000000,0.000,0.978,0,0,0,0,,,,0,,0,0
2026-03-27T12:11:06.640,21.153408,REDETECT,0.000000,0.000000,0.000000,0.000,0.986,0,0,0,0,,,,0,,0,0
2026-03-27T12:11:06.674,21.187414,REDETECT,0.000000,0.000000,0.000000,0.000,0.988,0,0,0,0,,,,0,,0,0
2026-03-27T12:11:06.708,21.221123,REDETECT,0.000000,0.000000,0.000000,0.000,0.988,0,0,0,0,,,,0,,0,0
2026-03-27T12:11:06.742,21.255821,REDETECT,0.000000,0.000000,0.000000,0.000,0.990,0,0,0,0,,,,0,,0,0
2026-03-27T12:11:06.776,21.289737,REDETECT,0.000000,0.000000,0.000000,0.000,0.992,0,0,0,0,,,,0,,0,0
2026-03-27T12:11:06.840,21.353433,REDETECT,0.000000,0.000000,0.000000,0.000,0.994,0,0,0,0,,,,0,,0,0
2026-03-27T12:11:06.877,21.390456,REDETECT,0.000000,0.000000,0.000000,0.000,0.996,0,0,0,0,,,,0,,0,0
2026-03-27T12:11:06.940,21.453343,REDETECT,0.000000,0.000000,0.000000,0.000,0.998,0,0,0,0,,,,0,,0,0
2026-03-27T12:11:06.976,21.489140,REDETECT,0.000000,0.000000,0.000000,0.000,1.000,0,0,0,0,,,,0,,0,0
2026-03-27T12:11:07.011,21.524235,REDETECT,0.000000,0.000000,0.000000,0.000,1.003,0,0,0,0,,,,0,,0,0
2026-03-27T12:11:07.076,21.589859,REDETECT,0.000000,0.000000,0.000000,0.000,1.007,0,0,0,0,,,,0,,0,0
2026-03-27T12:11:07.142,21.655542,REDETECT,0.000000,0.000000,0.000000,0.000,1.011,0,0,0,0,,,,0,,0,0
2026-03-27T12:11:07.179,21.691954,REDETECT,0.000000,0.000000,0.000000,0.000,1.015,0,0,0,0,,,,0,,0,0
2026-03-27T12:11:07.241,21.754252,REDETECT,0.000000,0.000000,0.000000,0.000,1.013,0,0,0,0,,,,0,,0,0
2026-03-27T12:11:07.278,21.791490,REDETECT,0.000000,0.000000,0.000000,0.000,1.016,0,0,0,0,,,,0,,0,0
2026-03-27T12:11:07.341,21.854511,REDETECT,0.000000,0.000000,0.000000,0.000,1.016,0,0,0,0,,,,0,,0,0
2026-03-27T12:11:07.379,21.892162,REDETECT,0.000000,0.000000,0.000000,0.000,1.020,0,0,0,0,,,,0,,0,0
2026-03-27T12:11:07.441,21.954111,REDETECT,0.000000,0.000000,0.000000,0.000,1.022,0,0,0,0,,,,0,,0,0
2026-03-27T12:11:07.477,21.990510,REDETECT,0.000000,0.000000,0.000000,0.000,1.024,0,0,0,0,,,,0,,0,0
2026-03-27T12:11:07.541,22.054222,REDETECT,0.000000,0.000000,0.000000,0.000,1.028,0,0,0,0,,,,0,,0,0
2026-03-27T12:11:07.576,22.089219,REDETECT,0.000000,0.000000,0.000000,0.000,1.030,0,0,0,0,,,,0,,0,0
2026-03-27T12:11:07.642,22.155430,REDETECT,0.000000,0.000000,0.000000,0.000,1.032,0,0,0,0,,,,0,,0,0
2026-03-27T12:11:07.676,22.189475,REDETECT,0.000000,0.000000,0.000000,0.000,1.036,0,0,0,0,,,,0,,0,0
2026-03-27T12:11:07.741,22.254357,REDETECT,0.000000,0.000000,0.000000,0.000,1.040,0,0,0,0,,,,0,,0,0
2026-03-27T12:11:07.777,22.290827,REDETECT,0.000000,0.000000,0.000000,0.000,1.040,0,0,0,0,,,,0,,0,0
2026-03-27T12:11:07.842,22.355497,REDETECT,0.000000,0.000000,0.000000,0.000,1.042,0,0,0,0,,,,0,,0,0
2026-03-27T12:11:07.878,22.391672,REDETECT,0.000000,0.000000,0.000000,0.000,1.047,0,0,0,0,,,,0,,0,0
2026-03-27T12:11:07.943,22.456774,REDETECT,0.000000,0.000000,0.000000,0.000,1.049,0,0,0,0,,,,0,,0,0
2026-03-27T12:11:07.979,22.492553,REDETECT,0.000000,0.000000,0.000000,0.000,1.049,0,0,0,0,,,,0,,0,0
2026-03-27T12:11:08.055,22.568223,REDETECT,0.000000,0.000000,0.000000,0.000,1.053,0,0,0,0,,,,0,,0,0
2026-03-27T12:11:08.106,22.619872,REDETECT,0.000000,0.000000,0.000000,0.000,1.056,0,0,0,0,,,,0,,0,0
2026-03-27T12:11:08.140,22.653552,REDETECT,0.000000,0.000000,0.000000,0.000,1.056,0,0,0,0,,,,0,,0,0
2026-03-27T12:11:08.176,22.688905,REDETECT,0.000000,0.000000,0.000000,0.000,1.056,0,0,0,0,,,,0,,0,0
2026-03-27T12:11:08.241,22.754323,REDETECT,0.000000,0.000000,0.000000,0.000,1.056,0,0,0,0,,,,0,,0,0
2026-03-27T12:11:08.284,22.797604,REDETECT,0.000000,0.000000,0.000000,0.000,1.059,0,0,0,0,,,,0,,0,0
2026-03-27T12:11:08.341,22.854386,REDETECT,0.000000,0.000000,0.000000,0.000,1.059,0,0,0,0,,,,0,,0,0
2026-03-27T12:11:08.375,22.888188,REDETECT,0.000000,0.000000,0.000000,0.000,1.059,0,0,0,0,,,,0,,0,0
2026-03-27T12:11:08.408,22.921819,REDETECT,0.000000,0.000000,0.000000,0.000,1.065,0,0,0,0,,,,0,,0,0
2026-03-27T12:11:08.477,22.990592,REDETECT,0.000000,0.000000,0.000000,0.000,1.067,0,0,0,0,,,,0,,0,0
2026-03-27T12:11:08.512,23.025699,REDETECT,0.000000,0.000000,0.000000,0.000,1.072,0,0,0,0,,,,0,,0,0
2026-03-27T12:11:08.547,23.060413,REDETECT,0.000000,0.000000,0.000000,0.000,1.074,0,0,0,0,,,,0,,0,0
2026-03-27T12:11:08.583,23.096703,REDETECT,0.000000,0.000000,0.000000,0.000,1.076,0,0,0,0,,,,0,,0,0
2026-03-27T12:11:08.640,23.153111,REDETECT,0.000000,0.000000,0.000000,0.000,1.081,0,0,0,0,,,,0,,0,0
2026-03-27T12:11:08.675,23.188672,REDETECT,0.000000,0.000000,0.000000,0.000,1.083,0,0,0,0,,,,0,,0,0
2026-03-27T12:11:08.740,23.253439,REDETECT,0.000000,0.000000,0.000000,0.000,1.085,0,0,0,0,,,,0,,0,0
2026-03-27T12:11:08.783,23.295947,REDETECT,0.000000,0.000000,0.000000,0.000,1.093,0,0,0,0,,,,0,,0,0
2026-03-27T12:11:08.841,23.353972,REDETECT,0.000000,0.000000,0.000000,0.000,1.098,0,0,0,0,,,,0,,0,0
2026-03-27T12:11:08.876,23.389487,REDETECT,0.000000,0.000000,0.000000,0.000,1.096,0,0,0,0,,,,0,,0,0
2026-03-27T12:11:08.942,23.455259,REDETECT,0.000000,0.000000,0.000000,0.000,1.100,0,0,0,0,,,,0,,0,0
2026-03-27T12:11:09.008,23.521322,REDETECT,0.000000,0.000000,0.000000,0.000,1.100,0,0,0,0,,,,0,,0,0
2026-03-27T12:11:09.075,23.588116,REDETECT,0.000000,0.000000,0.000000,0.000,1.108,0,0,0,0,,,,0,,0,0
2026-03-27T12:11:09.140,23.653050,REDETECT,0.000000,0.000000,0.000000,0.000,1.114,0,0,0,0,,,,0,,0,0
2026-03-27T12:11:09.176,23.689575,REDETECT,0.000000,0.000000,0.000000,0.000,1.116,0,0,0,0,,,,0,,0,0
2026-03-27T12:11:09.239,23.752682,REDETECT,0.000000,0.000000,0.000000,0.000,1.116,0,0,0,0,,,,0,,0,0
2026-03-27T12:11:09.276,23.789365,REDETECT,0.000000,0.000000,0.000000,0.000,1.116,0,0,0,0,,,,0,,0,0
2026-03-27T12:11:09.341,23.854382,REDETECT,0.000000,0.000000,0.000000,0.000,1.122,0,0,0,0,,,,0,,0,0
2026-03-27T12:11:09.378,23.891736,REDETECT,0.000000,0.000000,0.000000,0.000,1.122,0,0,0,0,,,,0,,0,0
2026-03-27T12:11:09.440,23.953670,REDETECT,0.000000,0.000000,0.000000,0.000,1.129,0,0,0,0,,,,0,,0,0
2026-03-27T12:11:09.477,23.989918,REDETECT,0.000000,0.000000,0.000000,0.000,1.129,0,0,0,0,,,,0,,0,0
2026-03-27T12:11:09.542,24.055165,REDETECT,0.000000,0.000000,0.000000,0.000,1.131,0,0,0,0,,,,0,,0,0
2026-03-27T12:11:09.577,24.090129,REDETECT,0.000000,0.000000,0.000000,0.000,1.127,0,0,0,0,,,,0,,0,0
2026-03-27T12:11:09.640,24.153711,REDETECT,0.000000,0.000000,0.000000,0.000,1.135,0,0,0,0,,,,0,,0,0
2026-03-27T12:11:09.677,24.190004,REDETECT,0.000000,0.000000,0.000000,0.000,1.135,0,0,0,0,,,,0,,0,0
2026-03-27T12:11:09.740,24.253263,REDETECT,0.000000,0.000000,0.000000,0.000,1.141,0,0,0,0,,,,0,,0,0
2026-03-27T12:11:09.784,24.297572,REDETECT,0.000000,0.000000,0.000000,0.000,1.146,0,0,0,0,,,,0,,0,0
2026-03-27T12:11:09.818,24.331024,REDETECT,0.000000,0.000000,0.000000,0.000,1.146,0,0,0,0,,,,0,,0,0
2026-03-27T12:11:09.880,24.393045,REDETECT,0.000000,0.000000,0.000000,0.000,1.149,0,0,0,0,,,,0,,0,0
2026-03-27T12:11:09.941,24.454134,REDETECT,0.000000,0.000000,0.000000,0.000,1.151,0,0,0,0,,,,0,,0,0
2026-03-27T12:11:09.976,24.489288,REDETECT,0.000000,0.000000,0.000000,0.000,1.153,0,0,0,0,,,,0,,0,0
2026-03-27T12:11:10.010,24.523145,REDETECT,0.000000,0.000000,0.000000,0.000,1.157,0,0,0,0,,,,0,,0,0
2026-03-27T12:11:10.043,24.556612,REDETECT,0.000000,0.000000,0.000000,0.000,1.157,0,0,0,0,,,,0,,0,0
2026-03-27T12:11:10.078,24.591080,REDETECT,0.000000,0.000000,0.000000,0.000,1.157,0,0,0,0,,,,0,,0,0
2026-03-27T12:11:10.143,24.656346,REDETECT,0.000000,0.000000,0.000000,0.000,1.163,0,0,0,0,,,,0,,0,0
2026-03-27T12:11:10.177,24.689923,REDETECT,0.000000,0.000000,0.000000,0.000,1.163,0,0,0,0,,,,0,,0,0
2026-03-27T12:11:10.242,24.755441,REDETECT,0.000000,0.000000,0.000000,0.000,1.167,0,0,0,0,,,,0,,0,0
2026-03-27T12:11:10.277,24.790035,REDETECT,0.000000,0.000000,0.000000,0.000,1.167,0,0,0,0,,,,0,,0,0
2026-03-27T12:11:10.347,24.860091,REDETECT,0.000000,0.000000,0.000000,0.000,1.175,0,0,0,0,,,,0,,0,0
2026-03-27T12:11:10.382,24.895145,REDETECT,0.000000,0.000000,0.000000,0.000,1.175,0,0,0,0,,,,0,,0,0
2026-03-27T12:11:10.445,24.958448,REDETECT,0.000000,0.000000,0.000000,0.000,1.185,0,0,0,0,,,,0,,0,0
2026-03-27T12:11:10.508,25.021480,REDETECT,0.000000,0.000000,0.000000,0.000,1.198,0,0,0,0,,,,0,,0,0
2026-03-27T12:11:10.542,25.054909,REDETECT,0.000000,0.000000,0.000000,0.000,1.200,0,0,0,0,,,,0,,0,0
2026-03-27T12:11:10.577,25.090791,REDETECT,0.000000,0.000000,0.000000,0.000,1.200,0,0,0,0,,,,0,,0,0
2026-03-27T12:11:10.641,25.154413,REDETECT,0.000000,0.000000,0.000000,0.000,1.202,0,0,0,0,,,,0,,0,0
2026-03-27T12:11:10.711,25.223931,REDETECT,0.000000,0.000000,0.000000,0.000,1.206,0,0,0,0,,,,0,,0,0
2026-03-27T12:11:10.778,25.291204,REDETECT,0.000000,0.000000,0.000000,0.000,1.213,0,0,0,0,,,,0,,0,0
2026-03-27T12:11:10.840,25.353654,REDETECT,0.000000,0.000000,0.000000,0.000,1.218,0,0,0,0,,,,0,,0,0
2026-03-27T12:11:10.882,25.395671,REDETECT,0.000000,0.000000,0.000000,0.000,1.221,0,0,0,0,,,,0,,0,0
2026-03-27T12:11:10.916,25.429207,REDETECT,0.000000,0.000000,0.000000,0.000,1.225,0,0,0,0,,,,0,,0,0
2026-03-27T12:11:10.977,25.490718,REDETECT,0.000000,0.000000,0.000000,0.000,1.225,0,0,0,0,,,,0,,0,0
2026-03-27T12:11:11.040,25.553387,REDETECT,0.000000,0.000000,0.000000,0.000,1.227,0,0,0,0,,,,0,,0,0
2026-03-27T12:11:11.085,25.598209,REDETECT,0.000000,0.000000,0.000000,0.000,1.232,0,0,0,0,,,,0,,0,0
2026-03-27T12:11:11.141,25.654087,REDETECT,0.000000,0.000000,0.000000,0.000,1.237,0,0,0,0,,,,0,,0,0
2026-03-27T12:11:11.177,25.690559,REDETECT,0.000000,0.000000,0.000000,0.000,1.239,0,0,0,0,,,,0,,0,0
2026-03-27T12:11:11.240,25.753186,REDETECT,0.000000,0.000000,0.000000,0.000,1.239,0,0,0,0,,,,0,,0,0
2026-03-27T12:11:11.282,25.795450,REDETECT,0.000000,0.000000,0.000000,0.000,1.242,0,0,0,0,,,,0,,0,0
2026-03-27T12:11:11.316,25.829022,REDETECT,0.000000,0.000000,0.000000,0.000,1.242,0,0,0,0,,,,0,,0,0
2026-03-27T12:11:11.375,25.888311,REDETECT,0.000000,0.000000,0.000000,0.000,1.249,0,0,0,0,,,,0,,0,0
2026-03-27T12:11:11.410,25.923088,REDETECT,0.000000,0.000000,0.000000,0.000,1.247,0,0,0,0,,,,0,,0,0
2026-03-27T12:11:11.477,25.990837,REDETECT,0.000000,0.000000,0.000000,0.000,1.255,0,0,0,0,,,,0,,0,0
2026-03-27T12:11:11.540,26.053321,REDETECT,0.000000,0.000000,0.000000,0.000,1.259,0,0,0,0,,,,0,,0,0
2026-03-27T12:11:11.577,26.090711,REDETECT,0.000000,0.000000,0.000000,0.000,1.261,0,0,0,0,,,,0,,0,0
2026-03-27T12:11:11.639,26.152538,REDETECT,0.000000,0.000000,0.000000,0.000,1.264,0,0,0,0,,,,0,,0,0
2026-03-27T12:11:11.674,26.187706,REDETECT,0.000000,0.000000,0.000000,0.000,1.264,0,0,0,0,,,,0,,0,0
2026-03-27T12:11:11.740,26.253372,REDETECT,0.000000,0.000000,0.000000,0.000,1.264,0,0,0,0,,,,0,,0,0
2026-03-27T12:11:11.777,26.290016,REDETECT,0.000000,0.000000,0.000000,0.000,1.266,0,0,0,0,,,,0,,0,0
2026-03-27T12:11:11.840,26.353103,REDETECT,0.000000,0.000000,0.000000,0.000,1.272,0,0,0,0,,,,0,,0,0
2026-03-27T12:11:11.884,26.397264,REDETECT,0.000000,0.000000,0.000000,0.000,1.275,0,0,0,0,,,,0,,0,0
2026-03-27T12:11:11.941,26.454518,REDETECT,0.000000,0.000000,0.000000,0.000,1.276,0,0,0,0,,,,0,,0,0
2026-03-27T12:11:11.976,26.488918,REDETECT,0.000000,0.000000,0.000000,0.000,1.278,0,0,0,0,,,,0,,0,0
2026-03-27T12:11:12.009,26.522272,REDETECT,0.000000,0.000000,0.000000,0.000,1.280,0,0,0,0,,,,0,,0,0
2026-03-27T12:11:12.075,26.588113,REDETECT,0.000000,0.000000,0.000000,0.000,1.288,0,0,0,0,,,,0,,0,0
2026-03-27T12:11:12.109,26.622427,REDETECT,0.000000,0.000000,0.000000,0.000,1.290,0,0,0,0,,,,0,,0,0
2026-03-27T12:11:12.178,26.691564,REDETECT,0.000000,0.000000,0.000000,0.000,1.297,0,0,0,0,,,,0,,0,0
2026-03-27T12:11:12.239,26.752646,REDETECT,0.000000,0.000000,0.000000,0.000,1.300,0,0,0,0,,,,0,,0,0
2026-03-27T12:11:12.277,26.790123,REDETECT,0.000000,0.000000,0.000000,0.000,1.307,0,0,0,0,,,,0,,0,0
2026-03-27T12:11:12.339,26.852224,REDETECT,0.000000,0.000000,0.000000,0.000,1.307,0,0,0,0,,,,0,,0,0
2026-03-27T12:11:12.384,26.897486,REDETECT,0.000000,0.000000,0.000000,0.000,1.307,0,0,0,0,,,,0,,0,0
2026-03-27T12:11:12.441,26.953947,REDETECT,0.000000,0.000000,0.000000,0.000,1.311,0,0,0,0,,,,0,,0,0
2026-03-27T12:11:12.477,26.989984,REDETECT,0.000000,0.000000,0.000000,0.000,1.316,0,0,0,0,,,,0,,0,0
2026-03-27T12:11:12.543,27.055980,REDETECT,0.000000,0.000000,0.000000,0.000,1.316,0,0,0,0,,,,0,,0,0
2026-03-27T12:11:12.576,27.089569,REDETECT,0.000000,0.000000,0.000000,0.000,1.320,0,0,0,0,,,,0,,0,0
2026-03-27T12:11:12.640,27.153083,REDETECT,0.000000,0.000000,0.000000,0.000,1.322,0,0,0,0,,,,0,,0,0
2026-03-27T12:11:12.674,27.187455,REDETECT,0.000000,0.000000,0.000000,0.000,1.324,0,0,0,0,,,,0,,0,0
2026-03-27T12:11:12.710,27.223535,REDETECT,0.000000,0.000000,0.000000,0.000,1.328,0,0,0,0,,,,0,,0,0
2026-03-27T12:11:12.783,27.296471,REDETECT,0.000000,0.000000,0.000000,0.000,1.331,0,0,0,0,,,,0,,0,0
2026-03-27T12:11:12.825,27.338335,REDETECT,0.000000,0.000000,0.000000,0.000,1.328,0,0,0,0,,,,0,,0,0
2026-03-27T12:11:12.877,27.390138,REDETECT,0.000000,0.000000,0.000000,0.000,1.330,0,0,0,0,,,,0,,0,0
2026-03-27T12:11:12.939,27.452163,REDETECT,0.000000,0.000000,0.000000,0.000,1.330,0,0,0,0,,,,0,,0,0
2026-03-27T12:11:12.982,27.494931,REDETECT,0.000000,0.000000,0.000000,0.000,1.330,0,0,0,0,,,,0,,0,0
2026-03-27T12:11:13.058,27.571694,REDETECT,0.000000,0.000000,0.000000,0.000,1.332,0,0,0,0,,,,0,,0,0
2026-03-27T12:11:13.116,27.629896,REDETECT,0.000000,0.000000,0.000000,0.000,1.336,0,0,0,0,,,,0,,0,0
2026-03-27T12:11:13.178,27.691614,REDETECT,0.000000,0.000000,0.000000,0.000,1.340,0,0,0,0,,,,0,,0,0
2026-03-27T12:11:13.241,27.754283,REDETECT,0.000000,0.000000,0.000000,0.000,1.342,0,0,0,0,,,,0,,0,0
2026-03-27T12:11:13.278,27.791310,REDETECT,0.000000,0.000000,0.000000,0.000,1.342,0,0,0,0,,,,0,,0,0
2026-03-27T12:11:13.341,27.854507,REDETECT,0.000000,0.000000,0.000000,0.000,1.346,0,0,0,0,,,,0,,0,0
2026-03-27T12:11:13.377,27.890048,REDETECT,0.000000,0.000000,0.000000,0.000,1.344,0,0,0,0,,,,0,,0,0
2026-03-27T12:11:13.441,27.954664,REDETECT,0.000000,0.000000,0.000000,0.000,1.346,0,0,0,0,,,,0,,0,0
2026-03-27T12:11:13.477,27.990304,REDETECT,0.000000,0.000000,0.000000,0.000,1.348,0,0,0,0,,,,0,,0,0
2026-03-27T12:11:13.511,28.024281,REDETECT,0.000000,0.000000,0.000000,0.000,1.350,0,0,0,0,,,,0,,0,0
2026-03-27T12:11:13.577,28.090749,REDETECT,0.000000,0.000000,0.000000,0.000,1.358,0,0,0,0,,,,0,,0,0
2026-03-27T12:11:13.640,28.153868,REDETECT,0.000000,0.000000,0.000000,0.000,1.368,0,0,0,0,,,,0,,0,0
2026-03-27T12:11:13.678,28.191725,REDETECT,0.000000,0.000000,0.000000,0.000,1.372,0,0,0,0,,,,0,,0,0
2026-03-27T12:11:13.745,28.258362,REDETECT,0.000000,0.000000,0.000000,0.000,1.370,0,0,0,0,,,,0,,0,0
2026-03-27T12:11:13.807,28.320788,REDETECT,0.000000,0.000000,0.000000,0.000,1.376,0,0,0,0,,,,0,,0,0
2026-03-27T12:11:13.844,28.357794,REDETECT,0.000000,0.000000,0.000000,0.000,1.381,0,0,0,0,,,,0,,0,0
2026-03-27T12:11:13.910,28.423471,REDETECT,0.000000,0.000000,0.000000,0.000,1.383,0,0,0,0,,,,0,,0,0
2026-03-27T12:11:13.978,28.491211,REDETECT,0.000000,0.000000,0.000000,0.000,1.384,0,0,0,0,,,,0,,0,0
2026-03-27T12:11:14.041,28.554169,REDETECT,0.000000,0.000000,0.000000,0.000,1.387,0,0,0,0,,,,0,,0,0
2026-03-27T12:11:14.077,28.590901,REDETECT,0.000000,0.000000,0.000000,0.000,1.389,0,0,0,0,,,,0,,0,0
2026-03-27T12:11:14.142,28.655251,REDETECT,0.000000,0.000000,0.000000,0.000,1.391,0,0,0,0,,,,0,,0,0
2026-03-27T12:11:14.179,28.691908,REDETECT,0.000000,0.000000,0.000000,0.000,1.391,0,0,0,0,,,,0,,0,0
2026-03-27T12:11:14.241,28.754427,REDETECT,0.000000,0.000000,0.000000,0.000,1.398,0,0,0,0,,,,0,,0,0
2026-03-27T12:11:14.277,28.790253,REDETECT,0.000000,0.000000,0.000000,0.000,1.398,0,0,0,0,,,,0,,0,0
2026-03-27T12:11:14.341,28.854464,REDETECT,0.000000,0.000000,0.000000,0.000,1.404,0,0,0,0,,,,0,,0,0
2026-03-27T12:11:14.379,28.892421,REDETECT,0.000000,0.000000,0.000000,0.000,1.407,0,0,0,0,,,,0,,0,0
2026-03-27T12:11:14.441,28.954268,REDETECT,0.000000,0.000000,0.000000,0.000,1.410,0,0,0,0,,,,0,,0,0
2026-03-27T12:11:14.477,28.990562,REDETECT,0.000000,0.000000,0.000000,0.000,1.415,0,0,0,0,,,,0,,0,0
2026-03-27T12:11:14.541,29.054634,REDETECT,0.000000,0.000000,0.000000,0.000,1.419,0,0,0,0,,,,0,,0,0
2026-03-27T12:11:14.578,29.090913,REDETECT,0.000000,0.000000,0.000000,0.000,1.421,0,0,0,0,,,,0,,0,0
2026-03-27T12:11:14.642,29.155375,REDETECT,0.000000,0.000000,0.000000,0.000,1.423,0,0,0,0,,,,0,,0,0
2026-03-27T12:11:14.709,29.222376,REDETECT,0.000000,0.000000,0.000000,0.000,1.435,0,0,0,0,,,,0,,0,0
2026-03-27T12:11:14.743,29.256387,REDETECT,0.000000,0.000000,0.000000,0.000,1.439,0,0,0,0,,,,0,,0,0
2026-03-27T12:11:14.809,29.322042,REDETECT,0.000000,0.000000,0.000000,0.000,1.445,0,0,0,0,,,,0,,0,0
2026-03-27T12:11:14.877,29.390137,REDETECT,0.000000,0.000000,0.000000,0.000,1.451,0,0,0,0,,,,0,,0,0
2026-03-27T12:11:14.941,29.454622,REDETECT,0.000000,0.000000,0.000000,0.000,1.452,0,0,0,0,,,,0,,0,0
2026-03-27T12:11:14.976,29.488908,REDETECT,0.000000,0.000000,0.000000,0.000,1.456,0,0,0,0,,,,0,,0,0
2026-03-27T12:11:15.041,29.554714,REDETECT,0.000000,0.000000,0.000000,0.000,1.458,0,0,0,0,,,,0,,0,0
2026-03-27T12:11:15.075,29.588580,REDETECT,0.000000,0.000000,0.000000,0.000,1.458,0,0,0,0,,,,0,,0,0
2026-03-27T12:11:15.111,29.624010,REDETECT,0.000000,0.000000,0.000000,0.000,1.464,0,0,0,0,,,,0,,0,0
2026-03-27T12:11:15.175,29.688736,REDETECT,0.000000,0.000000,0.000000,0.000,1.466,0,0,0,0,,,,0,,0,0
2026-03-27T12:11:15.210,29.723415,REDETECT,0.000000,0.000000,0.000000,0.000,1.468,0,0,0,0,,,,0,,0,0
2026-03-27T12:11:15.277,29.790289,REDETECT,0.000000,0.000000,0.000000,0.000,1.464,0,0,0,0,,,,0,,0,0
2026-03-27T12:11:15.340,29.853217,REDETECT,0.000000,0.000000,0.000000,0.000,1.462,0,0,0,0,,,,0,,0,0
2026-03-27T12:11:15.375,29.888789,REDETECT,0.000000,0.000000,0.000000,0.000,1.465,0,0,0,0,,,,0,,0,0
2026-03-27T12:11:15.410,29.923740,REDETECT,0.000000,0.000000,0.000000,0.000,1.462,0,0,0,0,,,,0,,0,0
2026-03-27T12:11:15.478,29.991116,REDETECT,0.000000,0.000000,0.000000,0.000,1.462,0,0,0,0,,,,0,,0,0
2026-03-27T12:11:15.544,30.057069,REDETECT,0.000000,0.000000,0.000000,0.000,1.458,0,0,0,0,,,,0,,0,0
2026-03-27T12:11:15.577,30.090819,REDETECT,0.000000,0.000000,0.000000,0.000,1.456,0,0,0,0,,,,0,,0,0
2026-03-27T12:11:15.640,30.153292,REDETECT,0.000000,0.000000,0.000000,0.000,1.456,0,0,0,0,,,,0,,0,0
2026-03-27T12:11:15.677,30.190618,REDETECT,0.000000,0.000000,0.000000,0.000,1.456,0,0,0,0,,,,0,,0,0
2026-03-27T12:11:15.743,30.256747,REDETECT,0.000000,0.000000,0.000000,0.000,1.454,0,0,0,0,,,,0,,0,0
2026-03-27T12:11:15.778,30.291090,REDETECT,0.000000,0.000000,0.000000,0.000,1.450,0,0,0,0,,,,0,,0,0
2026-03-27T12:11:15.813,30.326070,REDETECT,0.000000,0.000000,0.000000,0.000,1.448,0,0,0,0,,,,0,,0,0
2026-03-27T12:11:15.878,30.391153,REDETECT,0.000000,0.000000,0.000000,0.000,1.447,0,0,0,0,,,,0,,0,0
2026-03-27T12:11:15.943,30.456112,REDETECT,0.000000,0.000000,0.000000,0.000,1.453,0,0,0,0,,,,0,,0,0
2026-03-27T12:11:15.978,30.491110,REDETECT,0.000000,0.000000,0.000000,0.000,1.453,0,0,0,0,,,,0,,0,0
2026-03-27T12:11:16.011,30.524450,REDETECT,0.000000,0.000000,0.000000,0.000,1.455,0,0,0,0,,,,0,,0,0
2026-03-27T12:11:16.076,30.589613,REDETECT,0.000000,0.000000,0.000000,0.000,1.455,0,0,0,0,,,,0,,0,0
2026-03-27T12:11:16.142,30.655507,REDETECT,0.000000,0.000000,0.000000,0.000,1.455,0,0,0,0,,,,0,,0,0
2026-03-27T12:11:16.182,30.695695,REDETECT,0.000000,0.000000,0.000000,0.000,1.452,0,0,0,0,,,,0,,0,0
2026-03-27T12:11:16.241,30.754857,REDETECT,0.000000,0.000000,0.000000,0.000,1.452,0,0,0,0,,,,0,,0,0
2026-03-27T12:11:16.279,30.791917,REDETECT,0.000000,0.000000,0.000000,0.000,1.452,0,0,0,0,,,,0,,0,0
2026-03-27T12:11:16.342,30.855620,REDETECT,0.000000,0.000000,0.000000,0.000,1.451,0,0,0,0,,,,0,,0,0
2026-03-27T12:11:16.377,30.890305,REDETECT,0.000000,0.000000,0.000000,0.000,1.446,0,0,0,0,,,,0,,0,0
2026-03-27T12:11:16.415,30.927979,REDETECT,0.000000,0.000000,0.000000,0.000,1.446,0,0,0,0,,,,0,,0,0
2026-03-27T12:11:16.474,30.987823,REDETECT,0.000000,0.000000,0.000000,0.000,1.444,0,0,0,0,,,,0,,0,0
2026-03-27T12:11:16.509,31.022309,REDETECT,0.000000,0.000000,0.000000,0.000,1.440,0,0,0,0,,,,0,,0,0
2026-03-27T12:11:16.577,31.090863,REDETECT,0.000000,0.000000,0.000000,0.000,1.440,0,0,0,0,,,,0,,0,0
2026-03-27T12:11:16.642,31.155400,REDETECT,0.000000,0.000000,0.000000,0.000,1.438,0,0,0,0,,,,0,,0,0
2026-03-27T12:11:16.677,31.190391,REDETECT,0.000000,0.000000,0.000000,0.000,1.436,0,0,0,0,,,,0,,0,0
2026-03-27T12:11:16.742,31.255262,REDETECT,0.000000,0.000000,0.000000,0.000,1.434,0,0,0,0,,,,0,,0,0
2026-03-27T12:11:16.777,31.290356,REDETECT,0.000000,0.000000,0.000000,0.000,1.429,0,0,0,0,,,,0,,0,0
2026-03-27T12:11:16.842,31.354961,REDETECT,0.000000,0.000000,0.000000,0.000,1.423,0,0,0,0,,,,0,,0,0
2026-03-27T12:11:16.878,31.391401,REDETECT,0.000000,0.000000,0.000000,0.000,1.423,0,0,0,0,,,,0,,0,0
2026-03-27T12:11:16.942,31.455132,REDETECT,0.000000,0.000000,0.000000,0.000,1.425,0,0,0,0,,,,0,,0,0
2026-03-27T12:11:16.977,31.490435,REDETECT,0.000000,0.000000,0.000000,0.000,1.425,0,0,0,0,,,,0,,0,0
2026-03-27T12:11:17.014,31.527822,REDETECT,0.000000,0.000000,0.000000,0.000,1.428,0,0,0,0,,,,0,,0,0
2026-03-27T12:11:17.076,31.589118,REDETECT,0.000000,0.000000,0.000000,0.000,1.422,0,0,0,0,,,,0,,0,0
2026-03-27T12:11:17.141,31.654104,REDETECT,0.000000,0.000000,0.000000,0.000,1.422,0,0,0,0,,,,0,,0,0
2026-03-27T12:11:17.177,31.690554,REDETECT,0.000000,0.000000,0.000000,0.000,1.426,0,0,0,0,,,,0,,0,0
2026-03-27T12:11:17.241,31.754097,REDETECT,0.000000,0.000000,0.000000,0.000,1.424,0,0,0,0,,,,0,,0,0
2026-03-27T12:11:17.277,31.790515,REDETECT,0.000000,0.000000,0.000000,0.000,1.426,0,0,0,0,,,,0,,0,0
2026-03-27T12:11:17.311,31.824477,REDETECT,0.000000,0.000000,0.000000,0.000,1.428,0,0,0,0,,,,0,,0,0
2026-03-27T12:11:17.378,31.891449,REDETECT,0.000000,0.000000,0.000000,0.000,1.428,0,0,0,0,,,,0,,0,0
2026-03-27T12:11:17.440,31.953708,REDETECT,0.000000,0.000000,0.000000,0.000,1.432,0,0,0,0,,,,0,,0,0
2026-03-27T12:11:17.477,31.990578,REDETECT,0.000000,0.000000,0.000000,0.000,1.435,0,0,0,0,,,,0,,0,0
2026-03-27T12:11:17.511,32.024793,REDETECT,0.000000,0.000000,0.000000,0.000,1.435,0,0,0,0,,,,0,,0,0
2026-03-27T12:11:17.577,32.090802,REDETECT,0.000000,0.000000,0.000000,0.000,1.432,0,0,0,0,,,,0,,0,0
2026-03-27T12:11:17.640,32.153556,REDETECT,0.000000,0.000000,0.000000,0.000,1.430,0,0,0,0,,,,0,,0,0
2026-03-27T12:11:17.677,32.190334,REDETECT,0.000000,0.000000,0.000000,0.000,1.426,0,0,0,0,,,,0,,0,0
2026-03-27T12:11:17.746,32.259710,REDETECT,0.000000,0.000000,0.000000,0.000,1.424,0,0,0,0,,,,0,,0,0
2026-03-27T12:11:17.810,32.323638,REDETECT,0.000000,0.000000,0.000000,0.000,1.420,0,0,0,0,,,,0,,0,0
2026-03-27T12:11:17.877,32.390626,REDETECT,0.000000,0.000000,0.000000,0.000,1.418,0,0,0,0,,,,0,,0,0
2026-03-27T12:11:17.941,32.453996,REDETECT,0.000000,0.000000,0.000000,0.000,1.418,0,0,0,0,,,,0,,0,0
2026-03-27T12:11:17.978,32.490972,REDETECT,0.000000,0.000000,0.000000,0.000,1.418,0,0,0,0,,,,0,,0,0
2026-03-27T12:11:18.040,32.553556,REDETECT,0.000000,0.000000,0.000000,0.000,1.414,0,0,0,0,,,,0,,0,0
2026-03-27T12:11:18.075,32.588581,REDETECT,0.000000,0.000000,0.000000,0.000,1.412,0,0,0,0,,,,0,,0,0
2026-03-27T12:11:18.110,32.623307,REDETECT,0.000000,0.000000,0.000000,0.000,1.412,0,0,0,0,,,,0,,0,0
2026-03-27T12:11:18.177,32.690863,REDETECT,0.000000,0.000000,0.000000,0.000,1.410,0,0,0,0,,,,0,,0,0
2026-03-27T12:11:18.241,32.754039,REDETECT,0.000000,0.000000,0.000000,0.000,1.410,0,0,0,0,,,,0,,0,0
2026-03-27T12:11:18.276,32.788928,REDETECT,0.000000,0.000000,0.000000,0.000,1.408,0,0,0,0,,,,0,,0,0
2026-03-27T12:11:18.342,32.855752,REDETECT,0.000000,0.000000,0.000000,0.000,1.409,0,0,0,0,,,,0,,0,0
2026-03-27T12:11:18.377,32.890667,REDETECT,0.000000,0.000000,0.000000,0.000,1.414,0,0,0,0,,,,0,,0,0
2026-03-27T12:11:18.411,32.924534,REDETECT,0.000000,0.000000,0.000000,0.000,1.416,0,0,0,0,,,,0,,0,0
2026-03-27T12:11:18.475,32.988580,REDETECT,0.000000,0.000000,0.000000,0.000,1.414,0,0,0,0,,,,0,,0,0
2026-03-27T12:11:18.511,33.024750,REDETECT,0.000000,0.000000,0.000000,0.000,1.414,0,0,0,0,,,,0,,0,0
2026-03-27T12:11:18.578,33.091295,REDETECT,0.000000,0.000000,0.000000,0.000,1.414,0,0,0,0,,,,0,,0,0
2026-03-27T12:11:18.641,33.153987,REDETECT,0.000000,0.000000,0.000000,0.000,1.416,0,0,0,0,,,,0,,0,0
2026-03-27T12:11:18.677,33.190540,REDETECT,0.000000,0.000000,0.000000,0.000,1.416,0,0,0,0,,,,0,,0,0
2026-03-27T12:11:18.745,33.258766,REDETECT,0.000000,0.000000,0.000000,0.000,1.415,0,0,0,0,,,,0,,0,0
2026-03-27T12:11:18.807,33.320709,REDETECT,0.000000,0.000000,0.000000,0.000,1.417,0,0,0,0,,,,0,,0,0
2026-03-27T12:11:18.842,33.355643,REDETECT,0.000000,0.000000,0.000000,0.000,1.417,0,0,0,0,,,,0,,0,0
2026-03-27T12:11:18.877,33.390406,REDETECT,0.000000,0.000000,0.000000,0.000,1.422,0,0,0,0,,,,0,,0,0
2026-03-27T12:11:18.941,33.453993,REDETECT,0.000000,0.000000,0.000000,0.000,1.418,0,0,0,0,,,,0,,0,0
2026-03-27T12:11:18.979,33.492171,REDETECT,0.000000,0.000000,0.000000,0.000,1.418,0,0,0,0,,,,0,,0,0
2026-03-27T12:11:19.040,33.553705,REDETECT,0.000000,0.000000,0.000000,0.000,1.418,0,0,0,0,,,,0,,0,0
2026-03-27T12:11:19.077,33.590137,REDETECT,0.000000,0.000000,0.000000,0.000,1.418,0,0,0,0,,,,0,,0,0
2026-03-27T12:11:19.142,33.655204,REDETECT,0.000000,0.000000,0.000000,0.000,1.412,0,0,0,0,,,,0,,0,0
2026-03-27T12:11:19.178,33.691431,REDETECT,0.000000,0.000000,0.000000,0.000,1.412,0,0,0,0,,,,0,,0,0
2026-03-27T12:11:19.241,33.754134,REDETECT,0.000000,0.000000,0.000000,0.000,1.412,0,0,0,0,,,,0,,0,0
2026-03-27T12:11:19.277,33.790268,REDETECT,0.000000,0.000000,0.000000,0.000,1.408,0,0,0,0,,,,0,,0,0
2026-03-27T12:11:19.342,33.855424,REDETECT,0.000000,0.000000,0.000000,0.000,1.412,0,0,0,0,,,,0,,0,0
2026-03-27T12:11:19.377,33.890539,REDETECT,0.000000,0.000000,0.000000,0.000,1.412,0,0,0,0,,,,0,,0,0
2026-03-27T12:11:19.411,33.924155,REDETECT,0.000000,0.000000,0.000000,0.000,1.412,0,0,0,0,,,,0,,0,0
2026-03-27T12:11:19.477,33.990212,REDETECT,0.000000,0.000000,0.000000,0.000,1.402,0,0,0,0,,,,0,,0,0
2026-03-27T12:11:19.544,34.057465,REDETECT,0.000000,0.000000,0.000000,0.000,1.400,0,0,0,0,,,,0,,0,0
2026-03-27T12:11:19.607,34.120522,REDETECT,0.000000,0.000000,0.000000,0.000,1.403,0,0,0,0,,,,0,,0,0
2026-03-27T12:11:19.644,34.157178,REDETECT,0.000000,0.000000,0.000000,0.000,1.406,0,0,0,0,,,,0,,0,0
2026-03-27T12:11:19.710,34.223621,REDETECT,0.000000,0.000000,0.000000,0.000,1.410,0,0,0,0,,,,0,,0,0
2026-03-27T12:11:19.776,34.289057,REDETECT,0.000000,0.000000,0.000000,0.000,1.405,0,0,0,0,,,,0,,0,0
2026-03-27T12:11:19.811,34.324002,REDETECT,0.000000,0.000000,0.000000,0.000,1.405,0,0,0,0,,,,0,,0,0
2026-03-27T12:11:19.877,34.390678,REDETECT,0.000000,0.000000,0.000000,0.000,1.409,0,0,0,0,,,,0,,0,0
2026-03-27T12:11:19.941,34.454036,REDETECT,0.000000,0.000000,0.000000,0.000,1.405,0,0,0,0,,,,0,,0,0
2026-03-27T12:11:19.978,34.491414,REDETECT,0.000000,0.000000,0.000000,0.000,1.405,0,0,0,0,,,,0,,0,0
2026-03-27T12:11:20.040,34.553888,REDETECT,0.000000,0.000000,0.000000,0.000,1.411,0,0,0,0,,,,0,,0,0
2026-03-27T12:11:20.077,34.590040,REDETECT,0.000000,0.000000,0.000000,0.000,1.407,0,0,0,0,,,,0,,0,0
2026-03-27T12:11:20.141,34.654221,REDETECT,0.000000,0.000000,0.000000,0.000,1.405,0,0,0,0,,,,0,,0,0
2026-03-27T12:11:20.177,34.690649,REDETECT,0.000000,0.000000,0.000000,0.000,1.405,0,0,0,0,,,,0,,0,0
2026-03-27T12:11:20.241,34.754398,REDETECT,0.000000,0.000000,0.000000,0.000,1.409,0,0,0,0,,,,0,,0,0
2026-03-27T12:11:20.277,34.790054,REDETECT,0.000000,0.000000,0.000000,0.000,1.411,0,0,0,0,,,,0,,0,0
2026-03-27T12:11:20.342,34.855202,REDETECT,0.000000,0.000000,0.000000,0.000,1.411,0,0,0,0,,,,0,,0,0
2026-03-27T12:11:20.378,34.891807,REDETECT,0.000000,0.000000,0.000000,0.000,1.413,0,0,0,0,,,,0,,0,0
2026-03-27T12:11:20.441,34.954884,REDETECT,0.000000,0.000000,0.000000,0.000,1.409,0,0,0,0,,,,0,,0,0
2026-03-27T12:11:20.475,34.988691,REDETECT,0.000000,0.000000,0.000000,0.000,1.409,0,0,0,0,,,,0,,0,0
2026-03-27T12:11:20.543,35.056403,REDETECT,0.000000,0.000000,0.000000,0.000,1.411,0,0,0,0,,,,0,,0,0
2026-03-27T12:11:20.577,35.090266,REDETECT,0.000000,0.000000,0.000000,0.000,1.415,0,0,0,0,,,,0,,0,0
2026-03-27T12:11:20.641,35.154765,REDETECT,0.000000,0.000000,0.000000,0.000,1.417,0,0,0,0,,,,0,,0,0
2026-03-27T12:11:20.677,35.190072,REDETECT,0.000000,0.000000,0.000000,0.000,1.419,0,0,0,0,,,,0,,0,0
2026-03-27T12:11:20.741,35.254007,REDETECT,0.000000,0.000000,0.000000,0.000,1.417,0,0,0,0,,,,0,,0,0
2026-03-27T12:11:20.776,35.289149,REDETECT,0.000000,0.000000,0.000000,0.000,1.417,0,0,0,0,,,,0,,0,0
2026-03-27T12:11:20.810,35.323344,REDETECT,0.000000,0.000000,0.000000,0.000,1.413,0,0,0,0,,,,0,,0,0
2026-03-27T12:11:20.877,35.390608,REDETECT,0.000000,0.000000,0.000000,0.000,1.423,0,0,0,0,,,,0,,0,0
2026-03-27T12:11:20.911,35.424196,REDETECT,0.000000,0.000000,0.000000,0.000,1.425,0,0,0,0,,,,0,,0,0
2026-03-27T12:11:20.977,35.490268,REDETECT,0.000000,0.000000,0.000000,0.000,1.424,0,0,0,0,,,,0,,0,0
2026-03-27T12:11:21.041,35.554485,REDETECT,0.000000,0.000000,0.000000,0.000,1.422,0,0,0,0,,,,0,,0,0
2026-03-27T12:11:21.075,35.588211,REDETECT,0.000000,0.000000,0.000000,0.000,1.424,0,0,0,0,,,,0,,0,0
2026-03-27T12:11:21.109,35.622515,REDETECT,0.000000,0.000000,0.000000,0.000,1.432,0,0,0,0,,,,0,,0,0
2026-03-27T12:11:21.178,35.690958,REDETECT,0.000000,0.000000,0.000000,0.000,1.430,0,0,0,0,,,,0,,0,0
2026-03-27T12:11:21.240,35.753589,REDETECT,0.000000,0.000000,0.000000,0.000,1.429,0,0,0,0,,,,0,,0,0
2026-03-27T12:11:21.277,35.790223,REDETECT,0.000000,0.000000,0.000000,0.000,1.429,0,0,0,0,,,,0,,0,0
2026-03-27T12:11:21.341,35.854038,REDETECT,0.000000,0.000000,0.000000,0.000,1.431,0,0,0,0,,,,0,,0,0
2026-03-27T12:11:21.377,35.890617,REDETECT,0.000000,0.000000,0.000000,0.000,1.431,0,0,0,0,,,,0,,0,0
2026-03-27T12:11:21.440,35.953453,REDETECT,0.000000,0.000000,0.000000,0.000,1.434,0,0,0,0,,,,0,,0,0
2026-03-27T12:11:21.475,35.988487,REDETECT,0.000000,0.000000,0.000000,0.000,1.441,0,0,0,0,,,,0,,0,0
2026-03-27T12:11:21.509,36.022339,REDETECT,0.000000,0.000000,0.000000,0.000,1.447,0,0,0,0,,,,0,,0,0
2026-03-27T12:11:21.544,36.057590,REDETECT,0.000000,0.000000,0.000000,0.000,1.442,0,0,0,0,,,,0,,0,0
2026-03-27T12:11:21.610,36.123557,REDETECT,0.000000,0.000000,0.000000,0.000,1.438,0,0,0,0,,,,0,,0,0
2026-03-27T12:11:21.680,36.193322,REDETECT,0.000000,0.000000,0.000000,0.000,1.440,0,0,0,0,,,,0,,0,0
2026-03-27T12:11:21.740,36.253430,REDETECT,0.000000,0.000000,0.000000,0.000,1.439,0,0,0,0,,,,0,,0,0
2026-03-27T12:11:21.775,36.288751,REDETECT,0.000000,0.000000,0.000000,0.000,1.434,0,0,0,0,,,,0,,0,0
2026-03-27T12:11:21.809,36.322643,REDETECT,0.000000,0.000000,0.000000,0.000,1.436,0,0,0,0,,,,0,,0,0
2026-03-27T12:11:21.877,36.390127,REDETECT,0.000000,0.000000,0.000000,0.000,1.443,0,0,0,0,,,,0,,0,0
2026-03-27T12:11:21.944,36.457282,REDETECT,0.000000,0.000000,0.000000,0.000,1.438,0,0,0,0,,,,0,,0,0
2026-03-27T12:11:21.977,36.490663,REDETECT,0.000000,0.000000,0.000000,0.000,1.434,0,0,0,0,,,,0,,0,0
2026-03-27T12:11:22.040,36.553240,REDETECT,0.000000,0.000000,0.000000,0.000,1.442,0,0,0,0,,,,0,,0,0
2026-03-27T12:11:22.075,36.588310,REDETECT,0.000000,0.000000,0.000000,0.000,1.444,0,0,0,0,,,,0,,0,0
2026-03-27T12:11:22.109,36.622300,REDETECT,0.000000,0.000000,0.000000,0.000,1.442,0,0,0,0,,,,0,,0,0
2026-03-27T12:11:22.176,36.689430,REDETECT,0.000000,0.000000,0.000000,0.000,1.436,0,0,0,0,,,,0,,0,0
2026-03-27T12:11:22.209,36.722877,REDETECT,0.000000,0.000000,0.000000,0.000,1.440,0,0,0,0,,,,0,,0,0
2026-03-27T12:11:22.286,36.799518,REDETECT,0.000000,0.000000,0.000000,0.000,1.449,0,0,0,0,,,,0,,0,0
2026-03-27T12:11:22.344,36.857571,REDETECT,0.000000,0.000000,0.000000,0.000,1.469,0,0,0,0,,,,0,,0,0
2026-03-27T12:11:22.378,36.891736,REDETECT,0.000000,0.000000,0.000000,0.000,1.490,0,0,0,0,,,,0,,0,0
2026-03-27T12:11:22.443,36.956808,REDETECT,0.000000,0.000000,0.000000,0.000,1.466,0,0,0,0,,,,0,,0,0
2026-03-27T12:11:22.478,36.991843,REDETECT,0.000000,0.000000,0.000000,0.000,1.470,0,0,0,0,,,,0,,0,0
2026-03-27T12:11:22.544,37.057578,REDETECT,0.000000,0.000000,0.000000,0.000,1.474,0,0,0,0,,,,0,,0,0
2026-03-27T12:11:22.578,37.091773,REDETECT,0.000000,0.000000,0.000000,0.000,1.472,0,0,0,0,,,,0,,0,0
2026-03-27T12:11:22.642,37.155400,REDETECT,0.000000,0.000000,0.000000,0.000,1.458,0,0,0,0,,,,0,,0,0
2026-03-27T12:11:22.707,37.220213,REDETECT,0.000000,0.000000,0.000000,0.000,1.460,0,0,0,0,,,,0,,0,0
2026-03-27T12:11:22.773,37.286583,REDETECT,0.000000,0.000000,0.000000,0.000,1.468,0,0,0,0,,,,0,,0,0
2026-03-27T12:11:22.839,37.352078,REDETECT,0.000000,0.000000,0.000000,0.000,1.462,0,0,0,0,,,,0,,0,0
2026-03-27T12:11:22.874,37.387609,REDETECT,0.000000,0.000000,0.000000,0.000,1.467,0,0,0,0,,,,0,,0,0
2026-03-27T12:11:22.909,37.421926,REDETECT,0.000000,0.000000,0.000000,0.000,1.473,0,0,0,0,,,,0,,0,0
2026-03-27T12:11:22.975,37.488746,REDETECT,0.000000,0.000000,0.000000,0.000,1.476,0,0,0,0,,,,0,,0,0
2026-03-27T12:11:23.038,37.551569,REDETECT,0.000000,0.000000,0.000000,0.000,1.473,0,0,0,0,,,,0,,0,0
2026-03-27T12:11:23.074,37.587706,REDETECT,0.000000,0.000000,0.000000,0.000,1.473,0,0,0,0,,,,0,,0,0
2026-03-27T12:11:23.139,37.652147,REDETECT,0.000000,0.000000,0.000000,0.000,1.482,0,0,0,0,,,,0,,0,0
2026-03-27T12:11:23.174,37.686988,REDETECT,0.000000,0.000000,0.000000,0.000,1.482,0,0,0,0,,,,0,,0,0
2026-03-27T12:11:23.239,37.752014,REDETECT,0.000000,0.000000,0.000000,0.000,1.478,0,0,0,0,,,,0,,0,0
2026-03-27T12:11:23.273,37.786584,REDETECT,0.000000,0.000000,0.000000,0.000,1.478,0,0,0,0,,,,0,,0,0
2026-03-27T12:11:23.320,37.833678,REDETECT,0.000000,0.000000,0.000000,0.000,1.490,0,0,0,0,,,,0,,0,0
2026-03-27T12:11:23.375,37.888078,REDETECT,0.000000,0.000000,0.000000,0.000,1.483,0,0,0,0,,,,0,,0,0
2026-03-27T12:11:23.438,37.951673,REDETECT,0.000000,0.000000,0.000000,0.000,1.481,0,0,0,0,,,,0,,0,0
2026-03-27T12:11:23.472,37.985358,REDETECT,0.000000,0.000000,0.000000,0.000,1.483,0,0,0,0,,,,0,,0,0
2026-03-27T12:11:23.505,38.018744,REDETECT,0.000000,0.000000,0.000000,0.000,1.487,0,0,0,0,,,,0,,0,0
2026-03-27T12:11:23.539,38.052541,REDETECT,0.000000,0.000000,0.000000,0.000,1.487,0,0,0,0,,,,0,,0,0
2026-03-27T12:11:23.573,38.086119,REDETECT,0.000000,0.000000,0.000000,0.000,1.485,0,0,0,0,,,,0,,0,0
2026-03-27T12:11:23.606,38.119616,REDETECT,0.000000,0.000000,0.000000,0.000,1.481,0,0,0,0,,,,0,,0,0
2026-03-27T12:11:23.640,38.153159,REDETECT,0.000000,0.000000,0.000000,0.000,1.483,0,0,0,0,,,,0,,0,0
2026-03-27T12:11:23.676,38.189648,REDETECT,0.000000,0.000000,0.000000,0.000,1.488,0,0,0,0,,,,0,,0,0
2026-03-27T12:11:23.740,38.253478,REDETECT,0.000000,0.000000,0.000000,0.000,1.488,0,0,0,0,,,,0,,0,0
2026-03-27T12:11:23.785,38.298327,REDETECT,0.000000,0.000000,0.000000,0.000,1.488,0,0,0,0,,,,0,,0,0
2026-03-27T12:11:23.842,38.355738,REDETECT,0.000000,0.000000,0.000000,0.000,1.492,0,0,0,0,,,,0,,0,0
2026-03-27T12:11:23.878,38.390978,REDETECT,0.000000,0.000000,0.000000,0.000,1.494,0,0,0,0,,,,0,,0,0
2026-03-27T12:11:23.943,38.456824,REDETECT,0.000000,0.000000,0.000000,0.000,1.490,0,0,0,0,,,,0,,0,0
2026-03-27T12:11:23.978,38.491320,REDETECT,0.000000,0.000000,0.000000,0.000,1.486,0,0,0,0,,,,0,,0,0
2026-03-27T12:11:24.041,38.554429,REDETECT,0.000000,0.000000,0.000000,0.000,1.491,0,0,0,0,,,,0,,0,0
2026-03-27T12:11:24.075,38.588339,REDETECT,0.000000,0.000000,0.000000,0.000,1.494,0,0,0,0,,,,0,,0,0
2026-03-27T12:11:24.108,38.621825,REDETECT,0.000000,0.000000,0.000000,0.000,1.496,0,0,0,0,,,,0,,0,0
2026-03-27T12:11:24.142,38.655786,REDETECT,0.000000,0.000000,0.000000,0.000,1.494,0,0,0,0,,,,0,,0,0
2026-03-27T12:11:24.177,38.690700,REDETECT,0.000000,0.000000,0.000000,0.000,1.494,0,0,0,0,,,,0,,0,0
2026-03-27T12:11:24.243,38.756288,REDETECT,0.000000,0.000000,0.000000,0.000,1.500,0,0,0,0,,,,0,,0,0
2026-03-27T12:11:24.276,38.789762,REDETECT,0.000000,0.000000,0.000000,0.000,1.496,0,0,0,0,,,,0,,0,0
2026-03-27T12:11:24.342,38.855169,REDETECT,0.000000,0.000000,0.000000,0.000,1.493,0,0,0,0,,,,0,,0,0
2026-03-27T12:11:24.377,38.890085,REDETECT,0.000000,0.000000,0.000000,0.000,1.491,0,0,0,0,,,,0,,0,0
2026-03-27T12:11:24.442,38.955251,REDETECT,0.000000,0.000000,0.000000,0.000,1.495,0,0,0,0,,,,0,,0,0
2026-03-27T12:11:24.478,38.991349,REDETECT,0.000000,0.000000,0.000000,0.000,1.493,0,0,0,0,,,,0,,0,0
2026-03-27T12:11:24.544,39.056907,REDETECT,0.000000,0.000000,0.000000,0.000,1.489,0,0,0,0,,,,0,,0,0
2026-03-27T12:11:24.577,39.090244,REDETECT,0.000000,0.000000,0.000000,0.000,1.487,0,0,0,0,,,,0,,0,0
2026-03-27T12:11:24.642,39.155675,REDETECT,0.000000,0.000000,0.000000,0.000,1.491,0,0,0,0,,,,0,,0,0
2026-03-27T12:11:24.678,39.191149,REDETECT,0.000000,0.000000,0.000000,0.000,1.491,0,0,0,0,,,,0,,0,0
2026-03-27T12:11:24.742,39.255301,REDETECT,0.000000,0.000000,0.000000,0.000,1.489,0,0,0,0,,,,0,,0,0
2026-03-27T12:11:24.808,39.321461,REDETECT,0.000000,0.000000,0.000000,0.000,1.487,0,0,0,0,,,,0,,0,0
2026-03-27T12:11:24.886,39.399883,REDETECT,0.000000,0.000000,0.000000,0.000,1.486,0,0,0,0,,,,0,,0,0
2026-03-27T12:11:24.941,39.453983,REDETECT,0.000000,0.000000,0.000000,0.000,1.487,0,0,0,0,,,,0,,0,0
2026-03-27T12:11:24.976,39.489258,REDETECT,0.000000,0.000000,0.000000,0.000,1.485,0,0,0,0,,,,0,,0,0
2026-03-27T12:11:25.040,39.553382,REDETECT,0.000000,0.000000,0.000000,0.000,1.481,0,0,0,0,,,,0,,0,0
2026-03-27T12:11:25.077,39.590632,REDETECT,0.000000,0.000000,0.000000,0.000,1.476,0,0,0,0,,,,0,,0,0
2026-03-27T12:11:25.111,39.624268,REDETECT,0.000000,0.000000,0.000000,0.000,1.478,0,0,0,0,,,,0,,0,0
2026-03-27T12:11:25.179,39.692150,REDETECT,0.000000,0.000000,0.000000,0.000,1.480,0,0,0,0,,,,0,,0,0
2026-03-27T12:11:25.241,39.754744,REDETECT,0.000000,0.000000,0.000000,0.000,1.480,0,0,0,0,,,,0,,0,0
2026-03-27T12:11:25.277,39.790506,REDETECT,0.000000,0.000000,0.000000,0.000,1.480,0,0,0,0,,,,0,,0,0
2026-03-27T12:11:25.341,39.853990,REDETECT,0.000000,0.000000,0.000000,0.000,1.482,0,0,0,0,,,,0,,0,0
2026-03-27T12:11:25.377,39.890432,REDETECT,0.000000,0.000000,0.000000,0.000,1.482,0,0,0,0,,,,0,,0,0
2026-03-27T12:11:25.440,39.953738,REDETECT,0.000000,0.000000,0.000000,0.000,1.482,0,0,0,0,,,,0,,0,0
2026-03-27T12:11:25.475,39.988768,REDETECT,0.000000,0.000000,0.000000,0.000,1.482,0,0,0,0,,,,0,,0,0
2026-03-27T12:11:25.511,40.024411,REDETECT,0.000000,0.000000,0.000000,0.000,1.480,0,0,0,0,,,,0,,0,0
2026-03-27T12:11:25.577,40.090652,REDETECT,0.000000,0.000000,0.000000,0.000,1.488,0,0,0,0,,,,0,,0,0
2026-03-27T12:11:25.640,40.153263,REDETECT,0.000000,0.000000,0.000000,0.000,1.486,0,0,0,0,,,,0,,0,0
2026-03-27T12:11:25.677,40.190866,REDETECT,0.000000,0.000000,0.000000,0.000,1.490,0,0,0,0,,,,0,,0,0
2026-03-27T12:11:25.741,40.254733,REDETECT,0.000000,0.000000,0.000000,0.000,1.490,0,0,0,0,,,,0,,0,0
2026-03-27T12:11:25.776,40.288978,REDETECT,0.000000,0.000000,0.000000,0.000,1.488,0,0,0,0,,,,0,,0,0
2026-03-27T12:11:25.810,40.323487,REDETECT,0.000000,0.000000,0.000000,0.000,1.486,0,0,0,0,,,,0,,0,0
2026-03-27T12:11:25.876,40.389853,REDETECT,0.000000,0.000000,0.000000,0.000,1.485,0,0,0,0,,,,0,,0,0
2026-03-27T12:11:25.940,40.453471,REDETECT,0.000000,0.000000,0.000000,0.000,1.483,0,0,0,0,,,,0,,0,0
2026-03-27T12:11:25.977,40.490234,REDETECT,0.000000,0.000000,0.000000,0.000,1.483,0,0,0,0,,,,0,,0,0
2026-03-27T12:11:26.041,40.553992,REDETECT,0.000000,0.000000,0.000000,0.000,1.485,0,0,0,0,,,,0,,0,0
2026-03-27T12:11:26.075,40.588398,REDETECT,0.000000,0.000000,0.000000,0.000,1.483,0,0,0,0,,,,0,,0,0
2026-03-27T12:11:26.141,40.654410,REDETECT,0.000000,0.000000,0.000000,0.000,1.487,0,0,0,0,,,,0,,0,0
2026-03-27T12:11:26.175,40.688138,REDETECT,0.000000,0.000000,0.000000,0.000,1.489,0,0,0,0,,,,0,,0,0
2026-03-27T12:11:26.240,40.753889,REDETECT,0.000000,0.000000,0.000000,0.000,1.483,0,0,0,0,,,,0,,0,0
2026-03-27T12:11:26.306,40.819887,REDETECT,0.000000,0.000000,0.000000,0.000,1.487,0,0,0,0,,,,0,,0,0
2026-03-27T12:11:26.343,40.856396,REDETECT,0.000000,0.000000,0.000000,0.000,1.487,0,0,0,0,,,,0,,0,0
2026-03-27T12:11:26.408,40.921383,REDETECT,0.000000,0.000000,0.000000,0.000,1.485,0,0,0,0,,,,0,,0,0
2026-03-27T12:11:26.475,40.988289,REDETECT,0.000000,0.000000,0.000000,0.000,1.489,0,0,0,0,,,,0,,0,0
2026-03-27T12:11:26.509,41.022769,REDETECT,0.000000,0.000000,0.000000,0.000,1.491,0,0,0,0,,,,0,,0,0
2026-03-27T12:11:26.577,41.090698,REDETECT,0.000000,0.000000,0.000000,0.000,1.483,0,0,0,0,,,,0,,0,0
2026-03-27T12:11:26.613,41.126502,REDETECT,0.000000,0.000000,0.000000,0.000,1.483,0,0,0,0,,,,0,,0,0
2026-03-27T12:11:26.678,41.191751,REDETECT,0.000000,0.000000,0.000000,0.000,1.483,0,0,0,0,,,,0,,0,0
2026-03-27T12:11:26.741,41.254752,REDETECT,0.000000,0.000000,0.000000,0.000,1.483,0,0,0,0,,,,0,,0,0
2026-03-27T12:11:26.776,41.289572,REDETECT,0.000000,0.000000,0.000000,0.000,1.487,0,0,0,0,,,,0,,0,0
2026-03-27T12:11:26.810,41.323182,REDETECT,0.000000,0.000000,0.000000,0.000,1.491,0,0,0,0,,,,0,,0,0
2026-03-27T12:11:26.878,41.391011,REDETECT,0.000000,0.000000,0.000000,0.000,1.495,0,0,0,0,,,,0,,0,0
2026-03-27T12:11:26.941,41.454046,REDETECT,0.000000,0.000000,0.000000,0.000,1.495,0,0,0,0,,,,0,,0,0
2026-03-27T12:11:26.977,41.490690,REDETECT,0.000000,0.000000,0.000000,0.000,1.491,0,0,0,0,,,,0,,0,0
2026-03-27T12:11:27.040,41.553130,REDETECT,0.000000,0.000000,0.000000,0.000,1.495,0,0,0,0,,,,0,,0,0
2026-03-27T12:11:27.076,41.589489,REDETECT,0.000000,0.000000,0.000000,0.000,1.495,0,0,0,0,,,,0,,0,0
2026-03-27T12:11:27.110,41.622940,REDETECT,0.000000,0.000000,0.000000,0.000,1.495,0,0,0,0,,,,0,,0,0
2026-03-27T12:11:27.176,41.689487,REDETECT,0.000000,0.000000,0.000000,0.000,1.494,0,0,0,0,,,,0,,0,0
2026-03-27T12:11:27.240,41.753695,REDETECT,0.000000,0.000000,0.000000,0.000,1.492,0,0,0,0,,,,0,,0,0
2026-03-27T12:11:27.277,41.790652,REDETECT,0.000000,0.000000,0.000000,0.000,1.497,0,0,0,0,,,,0,,0,0
2026-03-27T12:11:27.342,41.855596,REDETECT,0.000000,0.000000,0.000000,0.000,1.496,0,0,0,0,,,,0,,0,0
2026-03-27T12:11:27.377,41.890004,REDETECT,0.000000,0.000000,0.000000,0.000,1.496,0,0,0,0,,,,0,,0,0
2026-03-27T12:11:27.441,41.954039,REDETECT,0.000000,0.000000,0.000000,0.000,1.504,0,0,0,0,,,,0,,0,0
2026-03-27T12:11:27.475,41.988227,REDETECT,0.000000,0.000000,0.000000,0.000,1.502,0,0,0,0,,,,0,,0,0
2026-03-27T12:11:27.510,42.023743,REDETECT,0.000000,0.000000,0.000000,0.000,1.498,0,0,0,0,,,,0,,0,0
2026-03-27T12:11:27.577,42.090621,REDETECT,0.000000,0.000000,0.000000,0.000,1.500,0,0,0,0,,,,0,,0,0
2026-03-27T12:11:27.640,42.153544,REDETECT,0.000000,0.000000,0.000000,0.000,1.500,0,0,0,0,,,,0,,0,0
2026-03-27T12:11:27.677,42.190764,REDETECT,0.000000,0.000000,0.000000,0.000,1.498,0,0,0,0,,,,0,,0,0
2026-03-27T12:11:27.742,42.255218,REDETECT,0.000000,0.000000,0.000000,0.000,1.502,0,0,0,0,,,,0,,0,0
2026-03-27T12:11:27.778,42.291247,REDETECT,0.000000,0.000000,0.000000,0.000,1.506,0,0,0,0,,,,0,,0,0
2026-03-27T12:11:27.844,42.357111,REDETECT,0.000000,0.000000,0.000000,0.000,1.502,0,0,0,0,,,,0,,0,0
2026-03-27T12:11:27.877,42.390637,REDETECT,0.000000,0.000000,0.000000,0.000,1.500,0,0,0,0,,,,0,,0,0
2026-03-27T12:11:27.943,42.456172,REDETECT,0.000000,0.000000,0.000000,0.000,1.502,0,0,0,0,,,,0,,0,0
2026-03-27T12:11:27.977,42.490010,REDETECT,0.000000,0.000000,0.000000,0.000,1.506,0,0,0,0,,,,0,,0,0
2026-03-27T12:11:28.059,42.572673,DEPTH_FILTER(6),0.000000,0.000000,0.000000,0.000,1.502,26,6,0,0,,,,0,,0,0
2026-03-27T12:11:28.105,42.618382,DEPTH_FILTER(6),0.000000,0.000000,0.000000,0.000,1.503,26,6,0,0,,,,0,,0,0
2026-03-27T12:11:28.174,42.687105,LOW_TRACK(24),0.000000,0.000000,0.000000,0.000,1.509,24,0,0,0,,,,0,,0,0
2026-03-27T12:11:28.209,42.722717,DEPTH_FILTER(6),0.000000,0.000000,0.000000,0.000,1.507,26,6,0,0,,,,0,,0,0
2026-03-27T12:11:28.281,42.794503,DEPTH_FILTER(3),0.000000,0.000000,0.000000,0.000,1.502,26,3,0,0,,,,0,,0,0
2026-03-27T12:11:28.337,42.850392,DEPTH_FILTER(6),0.000000,0.000000,0.000000,0.000,1.504,25,6,0,0,,,,0,,0,0
2026-03-27T12:11:28.373,42.886627,DEPTH_FILTER(7),0.000000,0.000000,0.000000,0.000,1.504,25,7,0,0,,,,0,,0,0
2026-03-27T12:11:28.438,42.951619,DEPTH_FILTER(7),0.000000,0.000000,0.000000,0.000,1.508,25,7,0,0,,,,0,,0,0
2026-03-27T12:11:28.502,43.015833,DEPTH_FILTER(2),0.000000,0.000000,0.000000,0.000,1.508,25,2,0,0,,,,0,,0,0
2026-03-27T12:11:28.536,43.049491,DEPTH_FILTER(3),0.000000,0.000000,0.000000,0.000,1.512,25,3,0,0,,,,0,,0,0
2026-03-27T12:11:28.570,43.083188,DEPTH_FILTER(4),0.000000,0.000000,0.000000,0.000,1.510,25,4,0,0,,,,0,,0,0
2026-03-27T12:11:28.603,43.116545,DEPTH_FILTER(10),0.000000,0.000000,0.000000,0.000,1.510,25,10,0,0,,,,0,,0,0
2026-03-27T12:11:28.678,43.191232,REDETECT,0.000000,0.000000,0.000000,0.000,1.510,0,0,0,0,,,,0,,0,0
2026-03-27T12:11:28.739,43.252487,REDETECT,0.000000,0.000000,0.000000,0.000,1.513,0,0,0,0,,,,0,,0,0
2026-03-27T12:11:28.773,43.286166,REDETECT,0.000000,0.000000,0.000000,0.000,1.511,0,0,0,0,,,,0,,0,0
2026-03-27T12:11:28.838,43.351012,REDETECT,0.000000,0.000000,0.000000,0.000,1.503,0,0,0,0,,,,0,,0,0
2026-03-27T12:11:28.874,43.387673,REDETECT,0.000000,0.000000,0.000000,0.000,1.506,0,0,0,0,,,,0,,0,0
2026-03-27T12:11:28.939,43.452655,REDETECT,0.000000,0.000000,0.000000,0.000,1.504,0,0,0,0,,,,0,,0,0
2026-03-27T12:11:29.008,43.521598,REDETECT,0.000000,0.000000,0.000000,0.000,1.504,0,0,0,0,,,,0,,0,0
2026-03-27T12:11:29.071,43.584861,REDETECT,0.000000,0.000000,0.000000,0.000,1.506,0,0,0,0,,,,0,,0,0
2026-03-27T12:11:29.105,43.618200,REDETECT,0.000000,0.000000,0.000000,0.000,1.506,0,0,0,0,,,,0,,0,0
2026-03-27T12:11:29.139,43.652500,REDETECT,0.000000,0.000000,0.000000,0.000,1.503,0,0,0,0,,,,0,,0,0
2026-03-27T12:11:29.205,43.718136,REDETECT,0.000000,0.000000,0.000000,0.000,1.501,0,0,0,0,,,,0,,0,0
2026-03-27T12:11:29.240,43.753580,REDETECT,0.000000,0.000000,0.000000,0.000,1.504,0,0,0,0,,,,0,,0,0
2026-03-27T12:11:29.283,43.796093,REDETECT,0.000000,0.000000,0.000000,0.000,1.506,0,0,0,0,,,,0,,0,0
2026-03-27T12:11:29.341,43.854453,REDETECT,0.000000,0.000000,0.000000,0.000,1.504,0,0,0,0,,,,0,,0,0
2026-03-27T12:11:29.378,43.890915,REDETECT,0.000000,0.000000,0.000000,0.000,1.500,0,0,0,0,,,,0,,0,0
2026-03-27T12:11:29.440,43.953302,REDETECT,0.000000,0.000000,0.000000,0.000,1.500,0,0,0,0,,,,0,,0,0
2026-03-27T12:11:29.475,43.988028,REDETECT,0.000000,0.000000,0.000000,0.000,1.502,0,0,0,0,,,,0,,0,0
2026-03-27T12:11:29.510,44.023028,REDETECT,0.000000,0.000000,0.000000,0.000,1.502,0,0,0,0,,,,0,,0,0
2026-03-27T12:11:29.543,44.056729,REDETECT,0.000000,0.000000,0.000000,0.000,1.500,0,0,0,0,,,,0,,0,0
2026-03-27T12:11:29.577,44.090237,REDETECT,0.000000,0.000000,0.000000,0.000,1.500,0,0,0,0,,,,0,,0,0
2026-03-27T12:11:29.613,44.125905,REDETECT,0.000000,0.000000,0.000000,0.000,1.498,0,0,0,0,,,,0,,0,0
2026-03-27T12:11:29.677,44.190185,REDETECT,0.000000,0.000000,0.000000,0.000,1.499,0,0,0,0,,,,0,,0,0
2026-03-27T12:11:29.742,44.255612,REDETECT,0.000000,0.000000,0.000000,0.000,1.502,0,0,0,0,,,,0,,0,0
2026-03-27T12:11:29.777,44.290275,REDETECT,0.000000,0.000000,0.000000,0.000,1.504,0,0,0,0,,,,0,,0,0
2026-03-27T12:11:29.839,44.352103,REDETECT,0.000000,0.000000,0.000000,0.000,1.502,0,0,0,0,,,,0,,0,0
2026-03-27T12:11:29.874,44.387259,REDETECT,0.000000,0.000000,0.000000,0.000,1.502,0,0,0,0,,,,0,,0,0
2026-03-27T12:11:29.939,44.451987,REDETECT,0.000000,0.000000,0.000000,0.000,1.500,0,0,0,0,,,,0,,0,0
2026-03-27T12:11:29.972,44.485565,REDETECT,0.000000,0.000000,0.000000,0.000,1.502,0,0,0,0,,,,0,,0,0
2026-03-27T12:11:30.038,44.551248,REDETECT,0.000000,0.000000,0.000000,0.000,1.502,0,0,0,0,,,,0,,0,0
2026-03-27T12:11:30.073,44.586528,REDETECT,0.000000,0.000000,0.000000,0.000,1.500,0,0,0,0,,,,0,,0,0
2026-03-27T12:11:30.107,44.620196,REDETECT,0.000000,0.000000,0.000000,0.000,1.500,0,0,0,0,,,,0,,0,0
2026-03-27T12:11:30.172,44.685104,REDETECT,0.000000,0.000000,0.000000,0.000,1.496,0,0,0,0,,,,0,,0,0
2026-03-27T12:11:30.210,44.723442,REDETECT,0.000000,0.000000,0.000000,0.000,1.498,0,0,0,0,,,,0,,0,0
2026-03-27T12:11:30.275,44.788721,REDETECT,0.000000,0.000000,0.000000,0.000,1.502,0,0,0,0,,,,0,,0,0
2026-03-27T12:11:30.340,44.853126,REDETECT,0.000000,0.000000,0.000000,0.000,1.500,0,0,0,0,,,,0,,0,0
2026-03-27T12:11:30.376,44.889759,REDETECT,0.000000,0.000000,0.000000,0.000,1.505,0,0,0,0,,,,0,,0,0
2026-03-27T12:11:30.441,44.954013,REDETECT,0.000000,0.000000,0.000000,0.000,1.503,0,0,0,0,,,,0,,0,0
2026-03-27T12:11:30.476,44.989419,REDETECT,0.000000,0.000000,0.000000,0.000,1.503,0,0,0,0,,,,0,,0,0
2026-03-27T12:11:30.541,45.054338,REDETECT,0.000000,0.000000,0.000000,0.000,1.507,0,0,0,0,,,,0,,0,0
2026-03-27T12:11:30.577,45.090421,REDETECT,0.000000,0.000000,0.000000,0.000,1.507,0,0,0,0,,,,0,,0,0
2026-03-27T12:11:30.641,45.154793,REDETECT,0.000000,0.000000,0.000000,0.000,1.505,0,0,0,0,,,,0,,0,0
2026-03-27T12:11:30.676,45.189451,REDETECT,0.000000,0.000000,0.000000,0.000,1.502,0,0,0,0,,,,0,,0,0
2026-03-27T12:11:30.741,45.254269,REDETECT,0.000000,0.000000,0.000000,0.000,1.502,0,0,0,0,,,,0,,0,0
2026-03-27T12:11:30.777,45.290352,REDETECT,0.000000,0.000000,0.000000,0.000,1.502,0,0,0,0,,,,0,,0,0
2026-03-27T12:11:30.810,45.323843,REDETECT,0.000000,0.000000,0.000000,0.000,1.502,0,0,0,0,,,,0,,0,0
2026-03-27T12:11:30.876,45.389343,REDETECT,0.000000,0.000000,0.000000,0.000,1.497,0,0,0,0,,,,0,,0,0
2026-03-27T12:11:30.941,45.454533,REDETECT,0.000000,0.000000,0.000000,0.000,1.499,0,0,0,0,,,,0,,0,0
2026-03-27T12:11:30.977,45.490099,REDETECT,0.000000,0.000000,0.000000,0.000,1.501,0,0,0,0,,,,0,,0,0
2026-03-27T12:11:31.040,45.553819,REDETECT,0.000000,0.000000,0.000000,0.000,1.497,0,0,0,0,,,,0,,0,0
2026-03-27T12:11:31.076,45.589583,REDETECT,0.000000,0.000000,0.000000,0.000,1.495,0,0,0,0,,,,0,,0,0
2026-03-27T12:11:31.142,45.655714,REDETECT,0.000000,0.000000,0.000000,0.000,1.503,0,0,0,0,,,,0,,0,0
2026-03-27T12:11:31.176,45.689834,REDETECT,0.000000,0.000000,0.000000,0.000,1.501,0,0,0,0,,,,0,,0,0
2026-03-27T12:11:31.241,45.754349,REDETECT,0.000000,0.000000,0.000000,0.000,1.493,0,0,0,0,,,,0,,0,0
2026-03-27T12:11:31.277,45.789924,REDETECT,0.000000,0.000000,0.000000,0.000,1.493,0,0,0,0,,,,0,,0,0
2026-03-27T12:11:31.341,45.853970,REDETECT,0.000000,0.000000,0.000000,0.000,1.497,0,0,0,0,,,,0,,0,0
2026-03-27T12:11:31.377,45.890337,REDETECT,0.000000,0.000000,0.000000,0.000,1.495,0,0,0,0,,,,0,,0,0
2026-03-27T12:11:31.440,45.953174,REDETECT,0.000000,0.000000,0.000000,0.000,1.483,0,0,0,0,,,,0,,0,0
2026-03-27T12:11:31.474,45.987872,REDETECT,0.000000,0.000000,0.000000,0.000,1.483,0,0,0,0,,,,0,,0,0
2026-03-27T12:11:31.509,46.022865,REDETECT,0.000000,0.000000,0.000000,0.000,1.481,0,0,0,0,,,,0,,0,0
2026-03-27T12:11:31.575,46.088003,REDETECT,0.000000,0.000000,0.000000,0.000,1.494,0,0,0,0,,,,0,,0,0
2026-03-27T12:11:31.642,46.155166,REDETECT,0.000000,0.000000,0.000000,0.000,1.509,0,0,0,0,,,,0,,0,0
2026-03-27T12:11:31.676,46.189779,REDETECT,0.000000,0.000000,0.000000,0.000,1.494,0,0,0,0,,,,0,,0,0
2026-03-27T12:11:31.742,46.255082,REDETECT,0.000000,0.000000,0.000000,0.000,1.462,0,0,0,0,,,,0,,0,0
2026-03-27T12:11:31.779,46.292287,REDETECT,0.000000,0.000000,0.000000,0.000,1.467,0,0,0,0,,,,0,,0,0
2026-03-27T12:11:31.841,46.354468,REDETECT,0.000000,0.000000,0.000000,0.000,1.500,0,0,0,0,,,,0,,0,0
2026-03-27T12:11:31.876,46.389134,REDETECT,0.000000,0.000000,0.000000,0.000,1.534,0,0,0,0,,,,0,,0,0
2026-03-27T12:11:31.943,46.456487,REDETECT,0.000000,0.000000,0.000000,0.000,1.687,0,0,0,0,,,,0,,0,0
2026-03-27T12:11:31.977,46.490775,REDETECT,0.000000,0.000000,0.000000,0.000,1.804,0,0,0,0,,,,0,,0,0
2026-03-27T12:11:32.040,46.553766,REDETECT,0.000000,0.000000,0.000000,0.000,2.101,0,0,0,0,,,,0,,0,0
2026-03-27T12:11:32.077,46.590293,REDETECT,0.000000,0.000000,0.000000,0.000,2.354,0,0,0,0,,,,0,,0,0
2026-03-27T12:11:32.140,46.653057,REDETECT,0.000000,0.000000,0.000000,0.000,2.983,0,0,0,0,,,,0,,0,0
2026-03-27T12:11:32.174,46.687747,REDETECT,0.000000,0.000000,0.000000,0.000,3.386,0,0,0,0,,,,0,,0,0
2026-03-27T12:11:32.208,46.721540,REDETECT,0.000000,0.000000,0.000000,0.000,3.788,0,0,0,0,,,,0,,0,0
2026-03-27T12:11:32.244,46.756950,REDETECT,0.000000,0.000000,0.000000,0.000,4.139,0,0,0,0,,,,0,,0,0
2026-03-27T12:11:32.308,46.821297,REDETECT,0.000000,0.000000,0.000000,0.000,4.722,0,0,0,0,,,,0,,0,0
2026-03-27T12:11:32.343,46.856119,REDETECT,0.000000,0.000000,0.000000,0.000,5.000,0,0,0,0,,,,0,,0,0
2026-03-27T12:11:32.376,46.889513,REDETECT,0.000000,0.000000,0.000000,0.000,5.316,0,0,0,0,,,,0,,0,0
2026-03-27T12:11:32.441,46.954549,REDETECT,0.000000,0.000000,0.000000,0.000,5.824,0,0,0,0,,,,0,,0,0
2026-03-27T12:11:32.485,46.998446,REDETECT,0.000000,0.000000,0.000000,0.000,6.081,0,0,0,0,,,,0,,0,0
2026-03-27T12:11:32.544,47.057417,REDETECT,0.000000,0.000000,0.000000,0.000,6.486,0,0,0,0,,,,0,,0,0
2026-03-27T12:11:32.609,47.122022,REDETECT,0.000000,0.000000,0.000000,0.000,7.098,0,0,0,0,,,,0,,0,0
2026-03-27T12:11:32.678,47.191869,REDETECT,0.000000,0.000000,0.000000,0.000,7.706,0,0,0,0,,,,0,,0,0
2026-03-27T12:11:32.740,47.253491,REDETECT,0.000000,0.000000,0.000000,0.000,8.068,0,0,0,0,,,,0,,0,0
2026-03-27T12:11:32.777,47.290022,REDETECT,0.000000,0.000000,0.000000,0.000,8.222,0,0,0,0,,,,0,,0,0
2026-03-27T12:11:32.810,47.323457,REDETECT,0.000000,0.000000,0.000000,0.000,8.373,0,0,0,0,,,,0,,0,0
2026-03-27T12:11:32.876,47.389489,REDETECT,0.000000,0.000000,0.000000,0.000,8.556,0,0,0,0,,,,0,,0,0
2026-03-27T12:11:32.942,47.454932,REDETECT,0.000000,0.000000,0.000000,0.000,8.767,0,0,0,0,,,,0,,0,0
2026-03-27T12:11:32.977,47.490141,REDETECT,0.000000,0.000000,0.000000,0.000,8.875,0,0,0,0,,,,0,,0,0
2026-03-27T12:11:33.040,47.553349,REDETECT,0.000000,0.000000,0.000000,0.000,8.941,0,0,0,0,,,,0,,0,0
2026-03-27T12:11:33.076,47.589555,REDETECT,0.000000,0.000000,0.000000,0.000,8.970,0,0,0,0,,,,0,,0,0
2026-03-27T12:11:33.140,47.652973,REDETECT,0.000000,0.000000,0.000000,0.000,8.909,0,0,0,0,,,,0,,0,0
2026-03-27T12:11:33.175,47.688156,REDETECT,0.000000,0.000000,0.000000,0.000,8.821,0,0,0,0,,,,0,,0,0
2026-03-27T12:11:33.239,47.752773,REDETECT,0.000000,0.000000,0.000000,0.000,8.737,0,0,0,0,,,,0,,0,0
2026-03-27T12:11:33.276,47.789273,REDETECT,0.000000,0.000000,0.000000,0.000,8.755,0,0,0,0,,,,0,,0,0
2026-03-27T12:11:33.343,47.856061,REDETECT,0.000000,0.000000,0.000000,0.000,8.981,0,0,0,0,,,,0,,0,0
2026-03-27T12:11:33.377,47.890021,REDETECT,0.000000,0.000000,0.000000,0.000,9.064,0,0,0,0,,,,0,,0,0
2026-03-27T12:11:33.440,47.953382,REDETECT,0.000000,0.000000,0.000000,0.000,8.971,0,0,0,0,,,,0,,0,0
2026-03-27T12:11:33.476,47.989374,REDETECT,0.000000,0.000000,0.000000,0.000,8.804,0,0,0,0,,,,0,,0,0
2026-03-27T12:11:33.544,48.056930,REDETECT,0.000000,0.000000,0.000000,0.000,8.495,0,0,0,0,,,,0,,0,0
2026-03-27T12:11:33.578,48.091135,REDETECT,0.000000,0.000000,0.000000,0.000,8.453,0,0,0,0,,,,0,,0,0
2026-03-27T12:11:33.611,48.124602,REDETECT,0.000000,0.000000,0.000000,0.000,8.513,0,0,0,0,,,,0,,0,0
2026-03-27T12:11:33.676,48.189678,REDETECT,0.000000,0.000000,0.000000,0.000,8.756,0,0,0,0,,,,0,,0,0
2026-03-27T12:11:33.744,48.257390,REDETECT,0.000000,0.000000,0.000000,0.000,8.969,0,0,0,0,,,,0,,0,0
2026-03-27T12:11:33.807,48.319996,REDETECT,0.000000,0.000000,0.000000,0.000,8.993,0,0,0,0,,,,0,,0,0
2026-03-27T12:11:33.841,48.354553,REDETECT,0.000000,0.000000,0.000000,0.000,8.947,0,0,0,0,,,,0,,0,0
2026-03-27T12:11:33.875,48.388843,REDETECT,0.000000,0.000000,0.000000,0.000,8.934,0,0,0,0,,,,0,,0,0
2026-03-27T12:11:33.910,48.423094,REDETECT,0.000000,0.000000,0.000000,0.000,8.907,0,0,0,0,,,,0,,0,0
2026-03-27T12:11:33.976,48.489876,REDETECT,0.000000,0.000000,0.000000,0.000,8.875,0,0,0,0,,,,0,,0,0
2026-03-27T12:11:34.040,48.553648,REDETECT,0.000000,0.000000,0.000000,0.000,8.753,0,0,0,0,,,,0,,0,0
2026-03-27T12:11:34.076,48.589580,REDETECT,0.000000,0.000000,0.000000,0.000,8.619,0,0,0,0,,,,0,,0,0
2026-03-27T12:11:34.140,48.653134,REDETECT,0.000000,0.000000,0.000000,0.000,8.301,0,0,0,0,,,,0,,0,0
2026-03-27T12:11:34.177,48.690448,DEPTH_FILTER(1),0.000000,0.000000,0.000000,0.000,8.114,28,1,0,0,,,,0,,0,0
2026-03-27T12:11:34.247,48.760073,DEPTH_FILTER(3),0.000000,0.000000,0.000000,0.000,7.919,25,3,0,0,,,,0,,0,0
2026-03-27T12:11:34.287,48.800250,DEPTH_FILTER(2),0.000000,0.000000,0.000000,0.000,7.823,25,2,0,0,,,,0,,0,0
2026-03-27T12:11:34.357,48.870023,DEPTH_FILTER(5),0.000000,0.000000,0.000000,0.000,7.749,25,5,0,0,,,,0,,0,0
2026-03-27T12:11:34.402,48.915295,DEPTH_FILTER(9),0.000000,0.000000,0.000000,0.000,7.789,25,9,0,0,,,,0,,0,0
2026-03-27T12:11:34.435,48.948666,DEPTH_FILTER(3),0.000000,0.000000,0.000000,0.000,7.824,25,3,0,0,,,,0,,0,0
2026-03-27T12:11:34.470,48.983488,DEPTH_FILTER(3),0.000000,0.000000,0.000000,0.000,7.866,25,3,0,0,,,,0,,0,0
2026-03-27T12:11:34.505,49.018725,DEPTH_FILTER(6),0.000000,0.000000,0.000000,0.000,7.948,25,6,0,0,,,,0,,0,0
2026-03-27T12:11:34.539,49.052155,DEPTH_FILTER(7),0.000000,0.000000,0.000000,0.000,8.034,25,7,0,0,,,,0,,0,0
2026-03-27T12:11:34.602,49.115296,DEPTH_FILTER(9),0.000000,0.000000,0.000000,0.000,8.211,25,9,0,0,,,,0,,0,0
2026-03-27T12:11:34.643,49.156385,DEPTH_FILTER(10),0.000000,0.000000,0.000000,0.000,8.299,25,10,0,0,,,,0,,0,0
2026-03-27T12:11:34.706,49.219322,DEPTH_FILTER(5),0.000000,0.000000,0.000000,0.000,8.480,25,5,0,0,,,,0,,0,0
2026-03-27T12:11:34.771,49.284830,DEPTH_FILTER(10),0.000000,0.000000,0.000000,0.000,8.775,25,10,0,0,,,,0,,0,0
2026-03-27T12:11:34.837,49.350445,DEPTH_FILTER(15),0.000000,0.000000,0.000000,0.000,9.145,25,15,0,0,,,,0,,0,0
2026-03-27T12:11:34.877,49.390451,DEPTH_FILTER(15),0.000000,0.000000,0.000000,0.000,9.395,25,15,0,0,,,,0,,0,0
2026-03-27T12:11:34.940,49.453710,DEPTH_FILTER(19),0.000000,0.000000,0.000000,0.000,9.880,25,19,0,0,,,,0,,0,0
2026-03-27T12:11:35.006,49.519724,DEPTH_FILTER(17),0.000000,0.000000,0.000000,0.000,10.310,25,17,0,0,,,,0,,0,0
2026-03-27T12:11:35.079,49.592126,DEPTH_FILTER(17),0.000000,0.000000,0.000000,0.000,10.313,25,17,0,0,,,,0,,0,0
2026-03-27T12:11:35.135,49.648512,DEPTH_FILTER(16),0.000000,0.000000,0.000000,0.000,9.803,25,16,0,0,,,,0,,0,0
2026-03-27T12:11:35.201,49.714538,DEPTH_FILTER(16),0.000000,0.000000,0.000000,0.000,8.920,25,16,0,0,,,,0,,0,0
2026-03-27T12:11:35.268,49.781462,DEPTH_FILTER(15),0.000000,0.000000,0.000000,0.000,8.176,25,15,0,0,,,,0,,0,0
2026-03-27T12:11:35.302,49.815298,DEPTH_FILTER(14),0.000000,0.000000,0.000000,0.000,7.897,25,14,0,0,,,,0,,0,0
2026-03-27T12:11:35.368,49.881080,DEPTH_FILTER(13),0.000000,0.000000,0.000000,0.000,7.612,25,13,0,0,,,,0,,0,0
2026-03-27T12:11:35.402,49.915424,DEPTH_FILTER(14),0.000000,0.000000,0.000000,0.000,7.373,25,14,0,0,,,,0,,0,0
2026-03-27T12:11:35.472,49.985382,TRACKING,-0.001554,0.005374,-0.005382,-0.318,6.609,298,217,151,0,,,,0,,1,0
2026-03-27T12:11:35.596,50.109843,TRACKING,-0.003582,0.010634,-0.009356,-0.506,5.500,298,216,152,0,,,,0,,1,0
2026-03-27T12:11:35.646,50.159506,TRACKING,-0.005372,0.023747,-0.013632,-0.100,6.077,297,222,175,0,,,,0,,1,0
2026-03-27T12:11:35.682,50.195823,TRACKING,-0.006490,0.028882,-0.015734,0.324,6.537,300,228,206,0,,,,0,,1,0
2026-03-27T12:11:35.744,50.257433,TRACKING,-0.008527,0.039778,-0.020037,1.186,7.461,299,234,202,0,,,,0,,1,0
2026-03-27T12:11:35.778,50.291650,TRACKING,-0.011096,0.052425,-0.025318,2.273,8.004,299,242,206,0,,,,0,,1,0
2026-03-27T12:11:35.842,50.355799,TRACKING,-0.009988,0.062929,-0.032482,3.552,9.289,299,240,208,0,,,,0,,1,0
2026-03-27T12:11:35.892,50.405437,TRACKING,-0.008785,0.067417,-0.036221,4.264,10.349,298,240,221,0,,,,0,,1,0
2026-03-27T12:11:35.952,50.465790,TRACKING,-0.005383,0.077168,-0.043068,5.682,11.659,293,243,219,0,,,,0,,1,0
2026-03-27T12:11:36.009,50.522584,TRACKING,-0.002446,0.089973,-0.051056,7.133,12.957,298,255,235,0,,,,0,,1,0
2026-03-27T12:11:36.090,50.603726,TRACKING,-0.000736,0.105054,-0.058823,8.529,14.720,297,250,220,0,,,,0,,1,0
2026-03-27T12:11:36.151,50.664623,TRACKING,0.001559,0.119311,-0.065384,9.858,15.971,297,253,229,0,,,,0,,1,0
2026-03-27T12:11:36.210,50.723165,TRACKING,0.007151,0.133046,-0.070771,11.187,17.177,296,250,236,0,,,,0,,1,0
2026-03-27T12:11:36.292,50.805020,TRACKING,0.012528,0.147122,-0.076667,12.475,18.809,290,248,224,0,,,,0,,1,0
2026-03-27T12:11:36.335,50.848147,TRACKING,0.014293,0.150399,-0.080164,13.088,19.564,300,258,232,0,,,,0,,1,0
2026-03-27T12:11:36.380,50.893487,TRACKING,0.016843,0.156060,-0.083243,13.687,20.320,297,252,233,0,,,,0,,1,0
2026-03-27T12:11:36.445,50.958487,TRACKING,0.027697,0.178415,-0.092652,15.157,21.251,297,246,229,0,,,,0,,1,0
2026-03-27T12:11:36.489,51.002076,TRACKING,0.031696,0.184184,-0.095902,15.492,21.759,297,248,233,0,,,,0,,1,0
2026-03-27T12:11:36.523,51.035909,TRACKING,0.037150,0.186241,-0.098946,15.706,22.007,297,251,227,0,,,,0,,1,0
2026-03-27T12:11:36.574,51.087821,TRACKING,0.046508,0.198833,-0.105868,15.898,22.222,296,248,232,0,,,,0,,1,0
2026-03-27T12:11:36.651,51.164560,TRACKING,0.055837,0.209983,-0.113263,15.750,22.121,300,261,241,0,,,,0,,1,0
2026-03-27T12:11:36.685,51.198148,TRACKING,0.061014,0.218969,-0.116380,15.594,21.951,300,255,242,0,,,,0,,1,0
2026-03-27T12:11:36.719,51.232021,TRACKING,0.066260,0.229436,-0.119058,15.435,21.746,296,256,230,0,,,,0,,1,0
2026-03-27T12:11:36.776,51.289789,TRACKING,0.072989,0.245889,-0.124867,15.097,21.440,292,251,216,0,,,,0,,1,0
2026-03-27T12:11:36.811,51.323911,TRACKING,0.076329,0.247794,-0.127533,14.989,21.319,292,250,217,0,,,,0,,1,0
2026-03-27T12:11:36.893,51.406027,TRACKING,0.087913,0.262600,-0.129499,14.886,21.151,291,242,210,0,,,,0,,1,0
2026-03-27T12:11:36.936,51.449094,TRACKING,0.089678,0.260858,-0.131379,14.884,21.056,291,245,216,0,,,,0,,1,0
2026-03-27T12:11:36.984,51.497737,TRACKING,0.095445,0.271650,-0.133010,14.606,20.774,299,240,189,0,,,,0,,1,0
2026-03-27T12:11:37.045,51.558086,TRACKING,0.102618,0.277756,-0.134133,14.322,20.464,298,230,182,0,,,,0,,1,0
2026-03-27T12:11:37.096,51.609766,TRACKING,0.107953,0.278980,-0.135768,14.324,20.439,296,236,184,0,,,,0,,1,0
2026-03-27T12:11:37.133,51.646065,TRACKING,0.109859,0.279411,-0.138541,14.467,20.603,296,244,195,0,,,,0,,1,0
2026-03-27T12:11:37.177,51.689990,TRACKING,0.114211,0.275049,-0.145222,15.205,21.157,296,238,210,0,,,,0,,1,0
2026-03-27T12:11:37.210,51.723693,TRACKING,0.116909,0.275973,-0.147956,15.746,21.707,296,235,221,0,,,,0,,1,0
2026-03-27T12:11:37.291,51.804080,TRACKING,0.119037,0.275353,-0.150097,16.986,23.316,295,245,236,0,,,,0,,1,0
2026-03-27T12:11:37.333,51.846222,TRACKING,0.122287,0.276050,-0.149432,17.566,24.019,300,249,243,0,,,,0,,1,0
2026-03-27T12:11:37.379,51.892688,TRACKING,0.129131,0.280172,-0.147040,18.300,24.514,297,247,243,0,,,,0,,1,0
2026-03-27T12:11:37.442,51.955288,TRACKING,0.140979,0.291722,-0.144905,18.646,24.899,292,247,228,0,,,,0,,1,0
2026-03-27T12:11:37.494,52.006971,TRACKING,0.152122,0.300418,-0.143933,18.733,25.073,291,244,224,0,,,,0,,1,0
2026-03-27T12:11:37.534,52.047311,TRACKING,0.159417,0.307259,-0.143281,18.747,25.078,291,240,223,0,,,,0,,1,0
2026-03-27T12:11:37.576,52.089891,TRACKING,0.174223,0.317986,-0.144399,18.568,24.936,291,241,214,0,,,,0,,1,0
2026-03-27T12:11:37.645,52.158829,TRACKING,0.185365,0.326121,-0.147434,18.108,24.462,299,242,216,0,,,,0,,1,0
2026-03-27T12:11:37.687,52.200061,TRACKING,0.195073,0.329953,-0.148563,17.778,24.052,299,242,223,0,,,,0,,1,0
2026-03-27T12:11:37.754,52.267389,TRACKING,0.205608,0.336047,-0.152688,16.908,23.145,292,234,218,0,,,,0,,1,0
2026-03-27T12:11:37.806,52.319381,TRACKING,0.216579,0.343998,-0.157811,15.859,22.277,285,230,212,0,,,,0,,1,0
2026-03-27T12:11:37.873,52.386477,TRACKING,0.223804,0.348862,-0.163552,14.756,21.077,282,223,204,0,,,,0,,1,0
2026-03-27T12:11:37.939,52.452434,TRACKING,0.235400,0.356118,-0.167792,13.733,19.940,281,215,181,0,,,,0,,1,0
2026-03-27T12:11:37.998,52.511830,TRACKING,0.242223,0.361566,-0.169359,13.189,19.005,300,233,188,0,,,,0,,1,0
2026-03-27T12:11:38.061,52.574134,TRACKING,0.252852,0.368345,-0.172171,12.038,17.888,300,226,190,0,,,,0,,1,0
2026-03-27T12:11:38.108,52.621451,TRACKING,0.261497,0.375483,-0.175735,10.957,17.124,300,219,186,0,,,,0,,1,0
2026-03-27T12:11:38.180,52.693590,TRACKING,0.269614,0.383018,-0.177267,10.146,16.174,297,215,169,0,,,,0,,1,0
2026-03-27T12:11:38.225,52.738039,TRACKING,0.270018,0.383957,-0.178404,9.877,15.793,297,220,173,0,,,,0,,1,0
2026-03-27T12:11:38.285,52.798264,TRACKING,0.272627,0.387771,-0.179421,9.534,15.483,297,215,151,0,,,,0,,1,0
2026-03-27T12:11:38.346,52.859847,TRACKING,0.271329,0.388342,-0.181667,9.368,15.301,300,233,198,0,,,,0,,1,0
2026-03-27T12:11:38.424,52.937538,TRACKING,0.273442,0.386735,-0.185391,9.145,15.027,299,238,196,0,,,,0,,1,0
2026-03-27T12:11:38.458,52.971659,TRACKING,0.272652,0.386364,-0.188090,9.018,14.889,299,243,208,0,,,,0,,1,0
2026-03-27T12:11:38.510,53.023314,TRACKING,0.272414,0.381890,-0.193294,8.833,14.656,299,249,217,0,,,,0,,1,0
2026-03-27T12:11:38.546,53.059310,TRACKING,0.273365,0.381571,-0.195099,8.743,14.534,299,253,231,0,,,,0,,1,0
2026-03-27T12:11:38.623,53.136595,TRACKING,0.276855,0.383996,-0.196410,8.754,14.552,297,244,226,0,,,,0,,1,0
2026-03-27T12:11:38.661,53.174501,TRACKING,0.279651,0.383737,-0.196450,8.914,14.772,300,244,226,0,,,,0,,1,0
2026-03-27T12:11:38.707,53.220791,TRACKING,0.282189,0.381447,-0.196715,9.602,15.283,300,230,216,0,,,,0,,1,0
2026-03-27T12:11:38.787,53.300733,TRACKING,0.280344,0.375108,-0.196693,10.434,16.282,300,231,209,0,,,,0,,1,0
2026-03-27T12:11:38.823,53.336123,TRACKING,0.279911,0.369539,-0.196372,10.778,16.612,300,238,207,0,,,,0,,1,0
2026-03-27T12:11:38.856,53.369643,TRACKING,0.281848,0.368445,-0.196854,11.085,16.901,299,234,211,0,,,,0,,1,0
2026-03-27T12:11:38.914,53.427392,TRACKING,0.283036,0.365414,-0.197232,11.508,17.254,296,234,210,0,,,,0,,1,0
2026-03-27T12:11:38.998,53.511673,TRACKING,0.283587,0.363548,-0.197029,11.622,17.390,299,241,219,0,,,,0,,1,0
2026-03-27T12:11:39.060,53.572964,TRACKING,0.287454,0.360561,-0.197771,11.328,17.005,299,238,227,0,,,,0,,1,0
2026-03-27T12:11:39.110,53.623206,TRACKING,0.289559,0.361473,-0.199232,10.635,16.453,297,237,218,0,,,,0,,1,0
2026-03-27T12:11:39.186,53.699372,TRACKING,0.293904,0.359867,-0.198620,9.831,15.519,296,238,209,0,,,,0,,1,0
2026-03-27T12:11:39.226,53.738916,TRACKING,0.294134,0.359450,-0.199008,9.491,15.113,296,235,204,0,,,,0,,1,0
2026-03-27T12:11:39.262,53.775335,TRACKING,0.295810,0.358330,-0.198365,9.209,14.831,295,237,209,0,,,,0,,1,0
2026-03-27T12:11:39.317,53.830506,TRACKING,0.298054,0.356930,-0.197724,8.915,14.596,300,250,220,0,,,,0,,1,0
2026-03-27T12:11:39.378,53.891185,TRACKING,0.300003,0.355066,-0.194694,8.804,14.468,299,245,219,0,,,,0,,1,0
2026-03-27T12:11:39.413,53.926858,TRACKING,0.300574,0.356012,-0.194847,8.755,14.414,299,244,223,0,,,,0,,1,0
2026-03-27T12:11:39.447,53.960193,TRACKING,0.302701,0.356709,-0.193722,8.673,14.334,298,239,216,0,,,,0,,1,0
2026-03-27T12:11:39.480,53.993741,TRACKING,0.304220,0.358009,-0.192818,8.596,14.236,298,245,224,0,,,,0,,1,0
2026-03-27T12:11:39.547,54.060682,TRACKING,0.306110,0.359593,-0.192481,8.498,14.073,298,247,237,0,,,,0,,1,0
2026-03-27T12:11:39.612,54.125758,TRACKING,0.308679,0.361495,-0.192497,8.642,14.149,298,240,233,0,,,,0,,1,0
2026-03-27T12:11:39.657,54.170507,TRACKING,0.312924,0.362564,-0.192702,8.854,14.398,299,234,226,0,,,,0,,1,0
2026-03-27T12:11:39.692,54.204927,TRACKING,0.317351,0.363695,-0.193051,9.172,14.732,299,232,224,0,,,,0,,1,0
2026-03-27T12:11:39.726,54.239522,TRACKING,0.322226,0.364536,-0.193419,9.549,15.127,299,235,224,0,,,,0,,1,0
2026-03-27T12:11:39.781,54.293972,TRACKING,0.330563,0.367883,-0.195578,10.411,15.822,298,232,222,0,,,,0,,1,0
2026-03-27T12:11:39.841,54.354255,TRACKING,0.340184,0.371600,-0.197102,11.238,16.596,297,226,224,0,,,,0,,1,0
2026-03-27T12:11:39.878,54.391860,TRACKING,0.345611,0.373997,-0.198730,11.640,17.034,296,228,218,0,,,,0,,1,0
2026-03-27T12:11:39.944,54.457347,TRACKING,0.355278,0.376336,-0.199669,12.456,17.807,296,221,219,0,,,,0,,1,0
2026-03-27T12:11:39.995,54.508023,TRACKING,0.359950,0.377522,-0.200524,12.885,18.473,299,237,235,0,,,,0,,1,0
2026-03-27T12:11:40.044,54.556922,TRACKING,0.370640,0.379791,-0.202102,13.813,19.184,297,229,226,0,,,,0,,1,0
2026-03-27T12:11:40.077,54.590683,TRACKING,0.375953,0.380930,-0.202672,14.318,19.699,296,225,220,0,,,,0,,1,0
2026-03-27T12:11:40.147,54.660466,TRACKING,0.384495,0.383403,-0.205774,15.538,20.925,295,223,212,0,,,,0,,1,0
2026-03-27T12:11:40.188,54.701012,TRACKING,0.386846,0.384359,-0.207834,16.240,21.720,295,220,208,0,,,,0,,1,0
2026-03-27T12:11:40.249,54.762027,TRACKING,0.393433,0.385531,-0.211226,17.705,22.990,291,222,213,0,,,,0,,1,0
2026-03-27T12:11:40.313,54.826746,TRACKING,0.400161,0.383261,-0.215248,19.174,24.375,299,244,231,0,,,,0,,1,0
2026-03-27T12:11:40.355,54.868058,TRACKING,0.402689,0.384013,-0.217479,19.923,25.293,299,247,225,0,,,,0,,1,0
2026-03-27T12:11:40.426,54.939230,TRACKING,0.404778,0.385225,-0.222713,21.542,26.978,298,239,212,0,,,,0,,1,0
2026-03-27T12:11:40.475,54.988618,TRACKING,0.408729,0.385232,-0.229494,23.360,28.291,297,236,209,0,,,,0,,1,0
2026-03-27T12:11:40.544,55.057886,TRACKING,0.415452,0.382746,-0.235102,25.287,30.223,296,221,184,0,,,,0,,1,0
2026-03-27T12:11:40.586,55.099573,TRACKING,0.417809,0.381557,-0.238227,26.265,31.427,296,231,197,0,,,,0,,1,0
2026-03-27T12:11:40.622,55.135201,TRACKING,0.420265,0.380998,-0.241431,27.254,32.507,296,227,189,0,,,,0,,1,0
2026-03-27T12:11:40.660,55.173373,TRACKING,0.422671,0.379072,-0.244554,28.263,33.676,300,225,195,0,,,,0,,1,0
2026-03-27T12:11:40.708,55.221620,TRACKING,0.428188,0.374594,-0.250357,30.143,35.086,300,224,198,0,,,,0,,1,0
2026-03-27T12:11:40.744,55.257375,TRACKING,0.428507,0.374555,-0.252896,30.989,36.066,299,232,219,0,,,,0,,1,0
2026-03-27T12:11:40.781,55.294041,TRACKING,0.430687,0.371934,-0.254171,31.829,37.036,299,240,233,0,,,,0,,1,0
2026-03-27T12:11:40.820,55.333551,TRACKING,0.433016,0.369506,-0.255797,32.698,38.105,299,240,232,0,,,,0,,1,0
2026-03-27T12:11:40.880,55.393515,TRACKING,0.435927,0.364798,-0.258554,34.712,39.940,299,240,225,0,,,,0,,1,0
2026-03-27T12:11:40.941,55.454416,TRACKING,0.437561,0.358809,-0.261413,37.212,42.240,299,250,227,0,,,,0,,1,0
2026-03-27T12:11:40.986,55.499624,TRACKING,0.437756,0.357646,-0.264049,38.583,44.188,300,223,202,0,,,,0,,1,0
2026-03-27T12:11:41.022,55.534906,TRACKING,0.437635,0.354772,-0.266769,40.016,45.784,299,236,217,0,,,,0,,1,0
2026-03-27T12:11:41.086,55.598968,TRACKING,0.438189,0.346960,-0.271157,42.978,48.668,299,238,209,0,,,,0,,1,0
2026-03-27T12:11:41.142,55.654970,TRACKING,0.439899,0.338889,-0.274975,45.788,51.062,296,237,200,0,,,,0,,1,0
2026-03-27T12:11:41.178,55.690921,TRACKING,0.440865,0.334106,-0.276159,47.094,52.461,295,242,204,0,,,,0,,1,0
2026-03-27T12:11:41.220,55.733466,TRACKING,0.442080,0.329373,-0.277359,48.281,54.001,295,239,199,0,,,,0,,1,0
2026-03-27T12:11:41.255,55.768719,TRACKING,0.442920,0.325077,-0.279048,49.336,55.118,295,242,206,0,,,,0,,1,0
2026-03-27T12:11:41.318,55.831319,TRACKING,0.444052,0.318334,-0.286611,50.980,56.749,299,220,193,0,,,,0,,1,0
2026-03-27T12:11:41.376,55.889209,TRACKING,0.444197,0.310841,-0.297658,52.058,57.856,296,223,200,0,,,,0,,1,0
2026-03-27T12:11:41.427,55.939996,TRACKING,0.444782,0.305703,-0.302779,52.480,58.707,294,227,196,0,,,,0,,1,0
2026-03-27T12:11:41.490,56.003071,TRACKING,0.448285,0.294206,-0.313141,52.916,59.539,291,228,187,0,,,,0,,1,0
2026-03-27T12:11:41.544,56.057812,TRACKING,0.452253,0.282006,-0.323135,53.103,60.065,290,227,171,0,,,,0,,1,0
2026-03-27T12:11:41.623,56.136637,TRACKING,0.452718,0.272421,-0.334229,53.417,60.660,290,222,174,0,,,,0,,1,0
2026-03-27T12:11:41.667,56.180227,TRACKING,0.454014,0.267218,-0.337765,53.539,60.839,300,223,208,0,,,,0,,1,0
2026-03-27T12:11:41.711,56.224540,TRACKING,0.457095,0.259085,-0.343872,53.492,60.801,299,237,221,0,,,,0,,1,0
2026-03-27T12:11:41.779,56.292336,TRACKING,0.459110,0.253336,-0.348543,52.873,60.287,299,236,223,0,,,,0,,1,0
2026-03-27T12:11:41.821,56.334067,TRACKING,0.459589,0.250740,-0.350204,52.407,59.695,299,233,221,0,,,,0,,1,0
2026-03-27T12:11:41.893,56.406844,TRACKING,0.461665,0.243700,-0.352598,51.139,58.252,298,239,224,0,,,,0,,1,0
2026-03-27T12:11:41.943,56.456068,TRACKING,0.463630,0.236776,-0.355122,49.515,57.018,297,235,210,0,,,,0,,1,0
2026-03-27T12:11:41.981,56.494099,TRACKING,0.464902,0.232815,-0.356144,48.671,56.033,299,234,213,0,,,,0,,1,0
2026-03-27T12:11:42.023,56.536347,TRACKING,0.466415,0.228836,-0.356732,47.848,54.918,299,236,213,0,,,,0,,1,0
2026-03-27T12:11:42.065,56.578474,TRACKING,0.468145,0.224454,-0.357805,47.056,53.821,299,235,213,0,,,,0,,1,0
2026-03-27T12:11:42.112,56.625068,TRACKING,0.471981,0.214864,-0.360271,45.402,52.551,299,245,211,0,,,,0,,1,0
2026-03-27T12:11:42.174,56.687366,TRACKING,0.476776,0.205115,-0.362621,43.550,50.690,298,237,209,0,,,,0,,1,0
2026-03-27T12:11:42.219,56.731964,TRACKING,0.479482,0.199998,-0.363932,42.486,49.087,296,238,201,0,,,,0,,1,0
2026-03-27T12:11:42.254,56.767663,TRACKING,0.482779,0.194483,-0.364739,41.279,47.632,289,229,194,0,,,,0,,1,0
2026-03-27T12:11:42.288,56.801890,TRACKING,0.485475,0.188989,-0.364828,39.943,46.093,288,231,198,0,,,,0,,1,0
2026-03-27T12:11:42.345,56.858493,TRACKING,0.492660,0.175700,-0.365626,36.972,43.325,283,202,187,0,,,,0,,1,0
2026-03-27T12:11:42.407,56.920140,TRACKING,0.500898,0.163900,-0.366762,33.904,40.142,281,190,169,0,,,,0,,1,0
2026-03-27T12:11:42.477,56.990686,TRACKING,0.504290,0.154650,-0.366764,30.925,36.531,278,187,162,0,,,,0,,1,0
2026-03-27T12:11:42.543,57.056835,TRACKING,0.508293,0.142769,-0.369035,27.701,33.190,277,203,188,0,,,,0,,1,0
2026-03-27T12:11:42.610,57.122995,TRACKING,0.509883,0.134178,-0.370241,24.349,29.791,272,199,184,0,,,,0,,1,0
2026-03-27T12:11:42.650,57.163365,TRACKING,0.510972,0.129495,-0.370673,22.611,27.717,299,211,200,0,,,,0,,1,0
2026-03-27T12:11:42.718,57.231204,TRACKING,0.511837,0.122488,-0.370264,19.302,24.490,296,216,199,0,,,,0,,1,0
2026-03-27T12:11:42.784,57.296935,TRACKING,0.511122,0.114850,-0.368973,16.264,21.635,296,219,203,0,,,,0,,1,0
2026-03-27T12:11:42.839,57.352880,TRACKING,0.509614,0.109170,-0.367497,13.437,19.419,294,209,202,0,,,,0,,1,0
2026-03-27T12:11:42.873,57.386441,TRACKING,0.507316,0.106854,-0.366432,12.190,18.153,294,214,206,0,,,,0,,1,0
2026-03-27T12:11:42.938,57.451732,TRACKING,0.499037,0.098459,-0.364081,9.941,15.848,292,224,212,0,,,,0,,1,0
2026-03-27T12:11:42.978,57.491751,TRACKING,0.496456,0.096017,-0.363335,8.689,14.460,300,225,219,0,,,,0,,1,0
2026-03-27T12:11:43.040,57.553419,TRACKING,0.490389,0.092202,-0.362469,6.124,12.294,299,229,222,0,,,,0,,1,0
2026-03-27T12:11:43.075,57.587905,TRACKING,0.486051,0.089145,-0.361878,4.922,11.074,299,234,222,0,,,,0,,1,0
2026-03-27T12:11:43.122,57.635880,TRACKING,0.482134,0.087390,-0.361660,3.713,9.448,298,234,221,0,,,,0,,1,0
2026-03-27T12:11:43.159,57.672175,TRACKING,0.476587,0.084440,-0.361207,2.598,8.244,298,239,227,0,,,,0,,1,0
2026-03-27T12:11:43.210,57.723681,TRACKING,0.462913,0.079322,-0.359499,0.584,6.645,298,234,217,0,,,,0,,1,0
2026-03-27T12:11:43.276,57.789449,TRACKING,0.451154,0.078047,-0.358180,-1.351,4.773,298,243,211,0,,,,0,,1,0
2026-03-27T12:11:43.327,57.840230,TRACKING,0.446091,0.078274,-0.358092,-2.295,3.480,299,206,190,0,,,,0,,1,0
2026-03-27T12:11:43.374,57.887030,TRACKING,0.439600,0.078507,-0.357341,-3.147,2.376,299,218,196,0,,,,0,,1,0
2026-03-27T12:11:43.413,57.926647,TRACKING,0.425638,0.079725,-0.354988,-4.597,1.597,299,242,210,0,,,,0,,1,0
2026-03-27T12:11:43.477,57.990858,TRACKING,0.410861,0.082285,-0.351967,-5.759,0.570,299,241,197,0,,,,0,,1,0
2026-03-27T12:11:43.533,58.046508,TRACKING,0.403083,0.084153,-0.350080,-6.224,-0.155,299,240,194,0,,,,0,,1,0
2026-03-27T12:11:43.592,58.105677,TRACKING,0.386734,0.088814,-0.345052,-6.787,-0.584,299,228,190,0,,,,0,,1,0
2026-03-27T12:11:43.651,58.164030,TRACKING,0.368508,0.093754,-0.338300,-6.963,-0.701,299,216,191,0,,,,0,,1,0
2026-03-27T12:11:43.709,58.222300,TRACKING,0.348746,0.099140,-0.330088,-6.716,-0.486,298,214,189,0,,,,0,,1,0
2026-03-27T12:11:43.774,58.287580,TRACKING,0.327162,0.103982,-0.320765,-6.036,0.105,295,200,173,0,,,,0,,1,0
2026-03-27T12:11:43.853,58.366878,TRACKING,0.303621,0.109331,-0.310633,-4.880,1.377,280,179,164,0,,,,0,,1,0
2026-03-27T12:11:43.915,58.428891,TRACKING,0.277909,0.114171,-0.299399,-3.161,2.920,275,180,154,0,,,,0,,1,0
2026-03-27T12:11:43.979,58.492788,TRACKING,0.251937,0.121224,-0.287664,-1.259,4.855,287,181,131,0,,,,0,,1,0
2026-03-27T12:11:44.060,58.573379,TRACKING,0.224349,0.127487,-0.276551,0.996,7.518,278,190,124,0,,,,0,,1,0
2026-03-27T12:11:44.101,58.614087,TRACKING,0.211582,0.132058,-0.271338,2.130,8.932,257,180,123,0,,,,0,,1,0
2026-03-27T12:11:44.144,58.657697,TRACKING,0.187708,0.142589,-0.261663,4.524,10.526,235,178,118,0,,,,0,,1,0
2026-03-27T12:11:44.178,58.691882,TRACKING,0.176234,0.148122,-0.257525,5.811,11.806,228,164,119,0,,,,0,,1,0
2026-03-27T12:11:44.258,58.770969,TRACKING,0.158262,0.162351,-0.249460,8.144,14.750,223,169,121,0,,,,0,,1,0
2026-03-27T12:11:44.333,58.846114,TRACKING,0.145686,0.174233,-0.242096,10.514,17.365,298,238,175,0,,,,0,,1,0
2026-03-27T12:11:44.378,58.891385,TRACKING,0.135664,0.185927,-0.236558,12.817,18.843,294,233,199,0,,,,0,,1,0
2026-03-27T12:11:44.459,58.972067,TRACKING,0.127635,0.198324,-0.230937,15.274,21.587,287,229,184,0,,,,0,,1,0
2026-03-27T12:11:44.525,59.038398,TRACKING,0.124329,0.211686,-0.223552,18.165,24.456,285,224,172,0,,,,0,,1,0
2026-03-27T12:11:44.578,59.091026,TRACKING,0.117099,0.224095,-0.217784,21.771,27.227,271,198,161,0,,,,0,,1,0
2026-03-27T12:11:44.663,59.176098,TRACKING,0.111222,0.239595,-0.212424,25.608,32.049,288,236,172,0,,,,0,,1,0
2026-03-27T12:11:44.713,59.226713,TRACKING,0.101660,0.260491,-0.208465,29.187,34.840,266,209,161,0,,,,0,,1,0
2026-03-27T12:11:44.773,59.286841,TRACKING,0.093447,0.281147,-0.203890,32.475,37.975,251,201,161,0,,,,0,,1,0
2026-03-27T12:11:44.860,59.373537,TRACKING,0.092066,0.303089,-0.198233,35.718,42.771,245,190,159,0,,,,0,,1,0
2026-03-27T12:11:44.895,59.408756,TRACKING,0.089425,0.316824,-0.196693,37.386,44.882,242,198,159,0,,,,0,,1,0
2026-03-27T12:11:44.940,59.453140,TRACKING,0.078654,0.340995,-0.193111,40.853,47.550,239,193,149,0,,,,0,,1,0
2026-03-27T12:11:44.983,59.496433,TRACKING,0.071869,0.351994,-0.191790,42.558,50.010,299,250,189,0,,,,0,,1,0
2026-03-27T12:11:45.045,59.558732,TRACKING,0.065631,0.371688,-0.189109,45.944,53.433,299,242,178,0,,,,0,,1,0
2026-03-27T12:11:45.082,59.595733,TRACKING,0.064617,0.382837,-0.187200,47.760,55.557,299,242,181,0,,,,0,,1,0
2026-03-27T12:11:45.152,59.665101,TRACKING,0.067356,0.401286,-0.183094,51.558,59.725,297,234,150,0,,,,0,,1,0
2026-03-27T12:11:45.200,59.712996,TRACKING,0.069122,0.409598,-0.179989,53.608,62.821,297,232,147,0,,,,0,,1,0
2026-03-27T12:11:45.237,59.750433,TRACKING,0.064152,0.417233,-0.176249,55.708,65.338,297,228,150,0,,,,0,,1,0
2026-03-27T12:11:45.284,59.797513,TRACKING,0.062727,0.421852,-0.171652,60.040,68.597,297,220,142,0,,,,0,,1,0
2026-03-27T12:11:45.355,59.868050,TRACKING,0.053177,0.431056,-0.165600,64.331,73.433,296,258,202,0,,,,0,,1,0
2026-03-27T12:11:45.395,59.908476,TRACKING,0.051461,0.432598,-0.164217,66.437,76.136,295,254,205,0,,,,0,,1,0
2026-03-27T12:11:45.450,59.963014,TRACKING,0.044817,0.435570,-0.161248,70.362,79.542,294,259,208,0,,,,0,,1,0
2026-03-27T12:11:45.510,60.023191,TRACKING,0.035609,0.440157,-0.158926,73.850,82.986,293,257,203,0,,,,0,,1,0
2026-03-27T12:11:45.574,60.087566,TRACKING,0.028181,0.444353,-0.155564,77.123,86.468,293,256,192,0,,,,0,,1,0
2026-03-27T12:11:45.646,60.159101,TRACKING,0.023282,0.445298,-0.149466,80.198,90.023,299,256,235,0,,,,0,,1,0
2026-03-27T12:11:45.697,60.210101,TRACKING,0.018371,0.446894,-0.144767,81.635,92.324,296,252,223,0,,,,0,,1,0
2026-03-27T12:11:45.755,60.268079,TRACKING,0.012816,0.442416,-0.137534,84.479,94.785,295,252,200,0,,,,0,,1,0
2026-03-27T12:11:45.806,60.319452,TRACKING,-0.000100,0.435450,-0.127222,87.119,96.877,293,241,201,0,,,,0,,1,0
2026-03-27T12:11:45.840,60.353796,TRACKING,-0.001722,0.429286,-0.123433,88.482,98.274,293,233,192,0,,,,0,,1,0
2026-03-27T12:11:45.889,60.402173,TRACKING,-0.003593,0.426816,-0.120177,89.714,100.151,293,234,186,0,,,,0,,1,0
2026-03-27T12:11:45.925,60.438450,TRACKING,-0.009738,0.428825,-0.116882,90.897,101.558,293,228,181,0,,,,0,,1,0
2026-03-27T12:11:45.983,60.496079,TRACKING,-0.016951,0.429156,-0.110513,93.198,103.578,299,244,203,0,,,,0,,1,0
2026-03-27T12:11:46.042,60.555015,TRACKING,-0.029551,0.432599,-0.104258,95.273,105.370,297,241,208,0,,,,0,,1,0
2026-03-27T12:11:46.091,60.604560,TRACKING,-0.032061,0.434985,-0.101793,96.164,106.679,297,238,197,0,,,,0,,1,0
2026-03-27T12:11:46.125,60.638353,TRACKING,-0.033648,0.436403,-0.099632,96.957,107.433,297,232,195,0,,,,0,,1,0
2026-03-27T12:11:46.164,60.677775,TRACKING,-0.034296,0.440642,-0.096854,97.604,108.200,296,225,204,0,,,,0,,1,0
2026-03-27T12:11:46.211,60.724297,TRACKING,-0.034166,0.443827,-0.094119,98.641,108.849,295,228,216,0,,,,0,,1,0
2026-03-27T12:11:46.290,60.803400,TRACKING,-0.044095,0.446148,-0.091012,99.317,109.614,294,223,207,0,,,,0,,1,0
2026-03-27T12:11:46.334,60.847027,TRACKING,-0.050297,0.445463,-0.089118,99.578,109.942,300,244,230,0,,,,0,,1,0
2026-03-27T12:11:46.368,60.881788,TRACKING,-0.055959,0.444255,-0.087128,99.830,110.187,299,243,228,0,,,,0,,1,0
2026-03-27T12:11:46.407,60.920645,TRACKING,-0.062038,0.440744,-0.083414,100.446,110.565,299,239,213,0,,,,0,,1,0
2026-03-27T12:11:46.444,60.957139,TRACKING,-0.060772,0.439665,-0.082002,100.854,110.987,297,237,213,0,,,,0,,1,0
2026-03-27T12:11:46.486,60.999260,TRACKING,-0.065386,0.437224,-0.079632,101.324,111.562,297,238,206,0,,,,0,,1,0
2026-03-27T12:11:46.528,61.041685,TRACKING,-0.051939,0.393897,-0.077921,101.817,112.184,297,226,191,1,1380,70,0.297,1,0.045,1,0
2026-03-27T12:11:46.576,61.089461,TRACKING,-0.056504,0.391897,-0.074875,102.241,112.751,295,219,175,0,,,,0,,1,0
2026-03-27T12:11:46.643,61.156494,TRACKING,-0.055089,0.392181,-0.066768,103.095,113.219,300,246,227,0,,,,0,,1,0
2026-03-27T12:11:46.678,61.191276,TRACKING,-0.057780,0.390751,-0.063933,103.215,113.368,300,238,221,0,,,,0,,1,0
2026-03-27T12:11:46.718,61.231625,TRACKING,-0.059478,0.389281,-0.061360,103.291,113.498,299,240,230,0,,,,0,,1,0
2026-03-27T12:11:46.772,61.285710,TRACKING,-0.062494,0.385784,-0.057768,103.483,113.671,298,243,232,0,,,,0,,1,0
2026-03-27T12:11:46.806,61.319131,TRACKING,-0.066011,0.383294,-0.056553,103.623,113.832,298,241,228,0,,,,0,,1,0
2026-03-27T12:11:46.852,61.365113,TRACKING,-0.066688,0.382187,-0.055586,103.775,114.082,298,240,225,0,,,,0,,1,0
2026-03-27T12:11:46.890,61.403894,TRACKING,-0.072929,0.380062,-0.054113,103.918,114.281,296,237,220,0,,,,0,,1,0
2026-03-27T12:11:46.929,61.441918,TRACKING,-0.076006,0.377205,-0.052787,104.008,114.374,294,236,219,0,,,,0,,1,0
2026-03-27T12:11:46.980,61.493432,TRACKING,-0.084170,0.371485,-0.048144,103.979,114.357,300,239,233,0,,,,0,,1,0
2026-03-27T12:11:47.052,61.565885,TRACKING,-0.089916,0.367882,-0.044865,104.211,114.637,299,236,226,1,1380,76,0.244,0,,1,0
2026-03-27T12:11:47.103,61.616181,TRACKING,-0.095684,0.365765,-0.044507,104.497,115.089,297,225,220,0,,,,0,,1,0
2026-03-27T12:11:47.144,61.657681,TRACKING,-0.094946,0.363573,-0.044235,104.925,115.364,297,214,204,0,,,,0,,1,0
2026-03-27T12:11:47.209,61.722546,TRACKING,-0.094073,0.361590,-0.044629,105.139,115.606,297,221,219,0,,,,0,,1,0
2026-03-27T12:11:47.278,61.791211,TRACKING,-0.088044,0.359681,-0.047088,105.146,115.633,297,218,211,0,,,,0,,1,0
2026-03-27T12:11:47.315,61.828356,TRACKING,-0.086354,0.356789,-0.048885,105.130,115.619,300,240,229,0,,,,0,,1,0
2026-03-27T12:11:47.360,61.873716,TRACKING,-0.084161,0.353209,-0.051651,105.126,115.608,300,249,237,0,,,,0,,1,0
2026-03-27T12:11:47.423,61.936302,TRACKING,-0.061859,0.337997,-0.057656,105.152,115.525,300,247,232,0,,,,0,,1,0
2026-03-27T12:11:47.481,61.994686,TRACKING,-0.052500,0.330747,-0.063973,105.048,115.357,300,251,240,0,,,,0,,1,0
2026-03-27T12:11:47.556,62.068978,TRACKING,-0.049546,0.328435,-0.069530,105.004,115.263,295,246,235,1,1380,86,0.189,0,,1,0
2026-03-27T12:11:47.607,62.120342,TRACKING,-0.047428,0.329147,-0.071923,105.073,115.311,295,245,236,0,,,,0,,1,0
2026-03-27T12:11:47.655,62.168425,TRACKING,-0.041310,0.330872,-0.076097,105.341,115.440,300,250,232,0,,,,0,,1,0
2026-03-27T12:11:47.708,62.221464,TRACKING,-0.033799,0.332419,-0.080189,105.613,115.575,300,246,223,0,,,,0,,1,0
2026-03-27T12:11:47.742,62.255061,TRACKING,-0.030671,0.333063,-0.082897,105.725,115.657,300,253,217,0,,,,0,,1,0
2026-03-27T12:11:47.787,62.300246,TRACKING,-0.025581,0.335410,-0.085220,105.798,115.710,300,251,213,0,,,,0,,1,0
2026-03-27T12:11:47.832,62.344907,TRACKING,-0.019407,0.335701,-0.089268,105.914,115.767,300,248,218,0,,,,0,,1,0
2026-03-27T12:11:47.877,62.390441,TRACKING,-0.016373,0.338628,-0.093012,106.014,115.811,300,251,216,0,,,,0,,1,0
2026-03-27T12:11:47.939,62.452547,TRACKING,-0.009467,0.343056,-0.096764,106.095,115.838,299,247,210,0,,,,0,,1,0
2026-03-27T12:11:48.000,62.513894,TRACKING,-0.007294,0.344488,-0.096690,106.052,115.777,300,241,204,0,,,,0,,1,0
2026-03-27T12:11:48.051,62.564554,TRACKING,-0.006863,0.345733,-0.094697,105.908,115.675,297,241,213,0,,,,0,,1,0
2026-03-27T12:11:48.111,62.624272,TRACKING,-0.008898,0.349795,-0.093790,105.743,115.549,296,245,222,0,,,,0,,1,0
2026-03-27T12:11:48.188,62.701585,TRACKING,-0.007326,0.350678,-0.093788,105.596,115.358,294,244,219,0,,,,0,,1,0
2026-03-27T12:11:48.252,62.765201,TRACKING,-0.005282,0.355971,-0.097444,105.336,115.046,288,238,206,0,,,,0,,1,0
2026-03-27T12:11:48.310,62.823796,TRACKING,0.003849,0.360016,-0.102015,105.008,114.641,299,251,224,0,,,,0,,1,0
2026-03-27T12:11:48.385,62.898864,TRACKING,0.022128,0.371725,-0.108028,104.556,113.977,299,257,217,0,,,,0,,1,0
2026-03-27T12:11:48.432,62.945381,TRACKING,0.025947,0.374333,-0.109819,104.263,113.427,298,253,219,0,,,,0,,1,0
2026-03-27T12:11:48.475,62.988336,TRACKING,0.032240,0.376079,-0.112254,103.595,112.841,296,251,209,0,,,,0,,1,0
2026-03-27T12:11:48.541,63.054213,TRACKING,0.040422,0.377489,-0.113974,102.919,112.012,294,240,214,0,,,,0,,1,0
2026-03-27T12:11:48.619,63.131949,TRACKING,0.079250,0.378215,-0.125638,102.337,111.271,294,242,213,0,,,,0,,1,0
2026-03-27T12:11:48.687,63.200569,TRACKING,0.084801,0.379196,-0.127025,101.667,110.560,299,254,234,0,,,,0,,1,0
2026-03-27T12:11:48.721,63.234495,TRACKING,0.094070,0.380538,-0.128618,101.322,110.204,298,253,232,0,,,,0,,1,0
2026-03-27T12:11:48.775,63.288164,TRACKING,0.106106,0.384812,-0.128905,100.625,109.657,298,261,228,0,,,,0,,1,0
2026-03-27T12:11:48.814,63.327408,TRACKING,0.118266,0.388874,-0.130235,100.308,109.291,298,261,227,0,,,,0,,1,0
2026-03-27T12:11:48.888,63.401606,TRACKING,0.126072,0.393895,-0.129512,99.836,108.770,298,261,229,0,,,,0,,1,0
2026-03-27T12:11:48.923,63.436657,TRACKING,0.142702,0.398079,-0.132889,99.720,108.557,297,258,224,0,,,,0,,1,0
2026-03-27T12:11:48.980,63.493737,TRACKING,0.159668,0.405260,-0.139086,99.383,108.270,299,254,221,0,,,,0,,1,0
2026-03-27T12:11:49.018,63.531115,TRACKING,0.167891,0.408272,-0.142532,99.155,107.971,297,252,222,0,,,,0,,1,0
2026-03-27T12:11:49.073,63.586814,TRACKING,0.182819,0.410958,-0.150940,98.567,107.409,297,245,207,0,,,,0,,1,0
2026-03-27T12:11:49.110,63.623309,TRACKING,0.182411,0.411806,-0.152956,98.187,106.962,297,245,204,1,1440,82,0.097,0,,1,0
2026-03-27T12:11:49.148,63.661680,TRACKING,0.179117,0.410581,-0.154362,97.780,106.400,297,239,207,0,,,,0,,1,0
2026-03-27T12:11:49.209,63.722862,TRACKING,0.175243,0.409451,-0.157871,96.972,105.473,297,229,195,0,,,,0,,1,0
2026-03-27T12:11:49.290,63.803035,TRACKING,0.178251,0.407007,-0.161773,96.179,104.266,297,236,207,0,,,,0,,1,0
2026-03-27T12:11:49.334,63.847440,TRACKING,0.175055,0.404310,-0.162053,95.705,103.494,300,250,226,0,,,,0,,1,0
2026-03-27T12:11:49.375,63.888137,TRACKING,0.177819,0.402278,-0.166691,94.457,102.633,300,245,221,0,,,,0,,1,0
2026-03-27T12:11:49.440,63.953014,TRACKING,0.177378,0.398090,-0.170205,92.834,100.994,299,245,218,0,,,,0,,1,0
2026-03-27T12:11:49.484,63.997673,TRACKING,0.183990,0.396730,-0.174855,91.865,99.698,299,243,215,0,,,,0,,1,0
2026-03-27T12:11:49.518,64.031223,TRACKING,0.185198,0.395293,-0.176772,90.789,98.617,299,253,224,0,,,,0,,1,0
2026-03-27T12:11:49.552,64.065031,TRACKING,0.186946,0.394942,-0.178991,89.587,97.455,299,254,208,0,,,,0,,1,0
2026-03-27T12:11:49.610,64.123850,TRACKING,0.194847,0.393352,-0.184823,87.024,95.350,298,257,209,1,1440,69,0.078,0,,1,0
2026-03-27T12:11:49.657,64.170058,TRACKING,0.202254,0.391492,-0.188222,85.652,93.524,300,211,183,0,,,,0,,1,0
2026-03-27T12:11:49.698,64.211194,TRACKING,0.209031,0.390852,-0.191208,84.192,91.692,300,213,182,0,,,,0,,1,0
2026-03-27T12:11:49.754,64.267358,TRACKING,0.219347,0.391312,-0.194734,81.091,88.837,297,213,187,0,,,,0,,1,0
2026-03-27T12:11:49.829,64.342826,TRACKING,0.226037,0.391570,-0.196327,77.817,84.533,295,211,178,0,,,,0,,1,0
2026-03-27T12:11:49.869,64.382251,TRACKING,0.229053,0.392153,-0.197498,76.090,82.150,291,208,176,0,,,,0,,1,0
2026-03-27T12:11:49.906,64.419704,TRACKING,0.232000,0.393591,-0.199236,74.275,79.787,291,206,175,0,,,,0,,1,0
2026-03-27T12:11:49.959,64.472659,TRACKING,0.235356,0.392162,-0.201781,72.455,76.401,289,216,177,0,,,,0,,1,0
2026-03-27T12:11:50.032,64.544932,TRACKING,0.237819,0.391300,-0.206800,68.534,71.622,299,208,177,0,,,,0,,1,0
2026-03-27T12:11:50.079,64.591930,TRACKING,0.235731,0.389566,-0.211507,64.321,68.372,292,216,180,0,,,,0,,1,0
2026-03-27T12:11:50.142,64.654908,TRACKING,0.229387,0.381474,-0.214541,57.517,63.950,276,220,191,1,1410,76,0.164,0,,1,0
2026-03-27T12:11:50.204,64.717235,TRACKING,0.225261,0.377078,-0.214271,55.282,59.675,270,212,184,0,,,,0,,1,0
2026-03-27T12:11:50.247,64.760894,TRACKING,0.216443,0.367410,-0.213697,50.838,56.768,259,206,166,0,,,,0,,1,0
2026-03-27T12:11:50.281,64.794781,TRACKING,0.210961,0.361308,-0.212782,48.590,54.506,256,211,171,0,,,,0,,1,0
2026-03-27T12:11:50.318,64.831154,TRACKING,0.202635,0.354734,-0.210668,46.381,52.116,296,232,189,0,,,,0,,1,0
2026-03-27T12:11:50.376,64.889309,TRACKING,0.186425,0.343785,-0.206751,42.046,48.372,295,230,194,0,,,,0,,1,0
2026-03-27T12:11:50.410,64.923438,TRACKING,0.177346,0.337443,-0.203954,39.967,46.226,294,241,192,0,,,,0,,1,0
2026-03-27T12:11:50.447,64.960684,TRACKING,0.169144,0.331520,-0.202118,37.960,43.985,294,238,192,0,,,,0,,1,0
2026-03-27T12:11:50.494,65.007046,TRACKING,0.161693,0.326297,-0.199876,35.937,41.224,293,244,191,0,,,,0,,1,0
2026-03-27T12:11:50.534,65.047182,TRACKING,0.153690,0.321666,-0.199124,33.940,38.946,292,244,198,0,,,,0,,1,0
2026-03-27T12:11:50.581,65.094733,TRACKING,0.130348,0.305171,-0.193441,30.023,36.354,283,237,200,0,,,,0,,1,0
2026-03-27T12:11:50.650,65.163876,TRACKING,0.116285,0.290205,-0.189688,26.487,33.041,292,256,214,0,,,,0,,1,0
2026-03-27T12:11:50.688,65.201679,TRACKING,0.133436,0.291552,-0.186945,25.075,31.689,290,249,207,1,1470,81,0.209,1,0.031,1,0
2026-03-27T12:11:50.741,65.254539,TRACKING,0.114308,0.282879,-0.182910,23.853,29.914,282,234,188,0,,,,0,,1,0
2026-03-27T12:11:50.806,65.319614,TRACKING,0.103686,0.269040,-0.174665,20.033,27.747,272,229,178,0,,,,0,,1,0
2026-03-27T12:11:50.875,65.388258,TRACKING,0.084615,0.256468,-0.168043,17.554,25.354,270,225,174,0,,,,0,,1,0
2026-03-27T12:11:50.940,65.453381,TRACKING,0.068192,0.269421,-0.165234,14.962,22.991,268,227,160,0,,,,0,,1,0
2026-03-27T12:11:50.978,65.491860,TRACKING,0.057807,0.261345,-0.161339,13.682,21.562,296,251,203,0,,,,0,,1,0
2026-03-27T12:11:51.047,65.560414,TRACKING,0.040874,0.245225,-0.155056,11.077,19.011,287,233,186,0,,,,0,,1,0
2026-03-27T12:11:51.110,65.623152,TRACKING,0.023430,0.228815,-0.149405,8.600,16.707,286,245,193,0,,,,0,,1,0
2026-03-27T12:11:51.190,65.703636,TRACKING,0.015030,0.217629,-0.148686,6.286,14.023,281,232,185,1,1380,96,0.096,0,,1,0
2026-03-27T12:11:51.253,65.766311,TRACKING,0.011793,0.212145,-0.152249,5.253,12.223,280,236,194,0,,,,0,,1,0
2026-03-27T12:11:51.319,65.831998,TRACKING,0.001690,0.190704,-0.147881,2.496,10.563,299,233,200,0,,,,0,,1,0
2026-03-27T12:11:51.392,65.904951,TRACKING,-0.006501,0.170773,-0.144755,0.688,8.643,297,239,217,0,,,,0,,1,0
2026-03-27T12:11:51.430,65.943144,TRACKING,-0.009473,0.159872,-0.142260,-0.309,7.569,296,231,216,0,,,,0,,1,0
2026-03-27T12:11:51.476,65.989839,TRACKING,-0.015104,0.139454,-0.136831,-2.241,6.314,291,227,204,0,,,,0,,1,0
2026-03-27T12:11:51.540,66.053465,TRACKING,-0.019058,0.115804,-0.131225,-3.997,4.713,291,206,184,0,,,,0,,1,0
2026-03-27T12:11:51.589,66.102582,TRACKING,-0.021177,0.103249,-0.128167,-4.606,3.773,287,194,170,0,,,,0,,1,0
2026-03-27T12:11:51.626,66.139513,TRACKING,-0.021731,0.088837,-0.125191,-4.995,3.345,287,187,157,0,,,,0,,1,0
2026-03-27T12:11:51.668,66.181110,TRACKING,-0.022455,0.074945,-0.120606,-5.092,3.257,294,200,175,0,,,,0,,1,0
2026-03-27T12:11:51.714,66.227608,TRACKING,-0.003225,0.083306,-0.117588,-4.585,3.732,291,183,157,1,1410,57,0.273,1,0.041,1,0
2026-03-27T12:11:51.777,66.290127,TRACKING,-0.004418,0.057527,-0.106433,-4.007,4.279,291,180,136,0,,,,0,,1,0
2026-03-27T12:11:51.840,66.353790,TRACKING,0.000343,0.033136,-0.096697,-3.556,4.526,279,161,131,0,,,,0,,1,0
2026-03-27T12:11:51.886,66.399416,TRACKING,0.002458,0.019608,-0.088866,-3.085,4.956,277,149,115,0,,,,0,,1,0
2026-03-27T12:11:51.920,66.433063,TRACKING,0.004862,0.005699,-0.080022,-2.513,5.457,260,143,99,0,,,,0,,1,0
2026-03-27T12:11:51.958,66.471741,TRACKING,0.005382,-0.007348,-0.071878,-1.997,6.007,254,112,87,0,,,,0,,1,0
2026-03-27T12:11:52.010,66.523102,TRACKING,0.006891,-0.033532,-0.052004,-1.033,6.727,238,119,67,0,,,,0,,1,0
2026-03-27T12:11:52.047,66.560821,TRACKING,0.010381,-0.045625,-0.045951,-0.583,7.193,224,102,58,0,,,,0,,1,0
2026-03-27T12:11:52.091,66.604808,TRACKING,0.014249,-0.056203,-0.031489,-0.272,7.575,208,92,43,0,,,,0,,1,0
2026-03-27T12:11:52.141,66.654082,TRACKING,0.015113,-0.064648,-0.015242,-0.140,7.776,176,74,28,0,,,,0,,1,0
2026-03-27T12:11:52.179,66.692209,TRACKING,0.025187,-0.070437,-0.002062,-0.007,7.764,170,56,22,0,,,,0,,1,0
2026-03-27T12:11:52.218,66.731271,PNP_FAIL,0.036027,-0.076958,0.007898,0.534,7.607,133,30,0,0,,,,0,,0,0
2026-03-27T12:11:52.257,66.770807,DEPTH_FILTER(12),0.036027,-0.076958,0.007898,0.534,7.436,88,12,0,0,,,,0,,0,0
2026-03-27T12:11:52.315,66.828431,DEPTH_FILTER(7),0.036027,-0.076958,0.007898,0.534,7.230,72,7,0,0,,,,0,,0,0
2026-03-27T12:11:52.380,66.893179,DEPTH_FILTER(5),0.036027,-0.076958,0.007898,0.534,7.321,71,5,0,0,,,,0,,0,0
2026-03-27T12:11:52.438,66.951391,DEPTH_FILTER(4),0.036027,-0.076958,0.007898,0.534,7.680,69,4,0,0,,,,0,,0,0
2026-03-27T12:11:52.509,67.022550,DEPTH_FILTER(3),0.036027,-0.076958,0.007898,0.534,8.122,45,3,0,0,,,,0,,0,0
2026-03-27T12:11:52.572,67.085069,DEPTH_FILTER(2),0.036027,-0.076958,0.007898,0.534,8.329,42,2,0,0,,,,0,,0,0
2026-03-27T12:11:52.633,67.146054,DEPTH_FILTER(0),0.036027,-0.076958,0.007898,0.534,8.306,42,0,0,0,,,,0,,0,0
2026-03-27T12:11:52.672,67.185106,DEPTH_FILTER(3),0.036027,-0.076958,0.007898,0.534,8.306,42,3,0,0,,,,0,,0,0
2026-03-27T12:11:52.733,67.246673,DEPTH_FILTER(1),0.036027,-0.076958,0.007898,0.534,8.322,42,1,0,0,,,,0,,0,0
2026-03-27T12:11:52.772,67.285023,DEPTH_FILTER(1),0.036027,-0.076958,0.007898,0.534,8.318,42,1,0,0,,,,0,,0,0
2026-03-27T12:11:52.810,67.323050,DEPTH_FILTER(1),0.036027,-0.076958,0.007898,0.534,8.343,42,1,0,0,,,,0,,0,0
2026-03-27T12:11:52.880,67.393743,DEPTH_FILTER(2),0.036027,-0.076958,0.007898,0.534,8.209,41,2,0,0,,,,0,,0,0
2026-03-27T12:11:52.938,67.451379,DEPTH_FILTER(0),0.036027,-0.076958,0.007898,0.534,8.016,41,0,0,0,,,,0,,0,0
2026-03-27T12:11:53.016,67.528955,DEPTH_FILTER(0),0.036027,-0.076958,0.007898,0.534,7.472,38,0,0,0,,,,0,,0,0
2026-03-27T12:11:53.073,67.586136,DEPTH_FILTER(2),0.036027,-0.076958,0.007898,0.534,7.046,26,2,0,0,,,,0,,0,0
2026-03-27T12:11:53.136,67.649481,DEPTH_FILTER(1),0.036027,-0.076958,0.007898,0.534,7.163,26,1,0,0,,,,0,,0,0
2026-03-27T12:11:53.170,67.683145,DEPTH_FILTER(1),0.036027,-0.076958,0.007898,0.534,7.414,26,1,0,0,,,,0,,0,0
2026-03-27T12:11:53.233,67.746890,DEPTH_FILTER(1),0.036027,-0.076958,0.007898,0.534,7.844,26,1,0,0,,,,0,,0,0
2026-03-27T12:11:53.268,67.781465,DEPTH_FILTER(1),0.036027,-0.076958,0.007898,0.534,7.893,26,1,0,0,,,,0,,0,0
2026-03-27T12:11:53.333,67.845963,DEPTH_FILTER(1),0.036027,-0.076958,0.007898,0.534,7.793,26,1,0,0,,,,0,,0,0
2026-03-27T12:11:53.366,67.879595,DEPTH_FILTER(0),0.036027,-0.076958,0.007898,0.534,7.694,26,0,0,0,,,,0,,0,0
2026-03-27T12:11:53.408,67.921177,DEPTH_FILTER(0),0.036027,-0.076958,0.007898,0.534,7.610,26,0,0,0,,,,0,,0,0
2026-03-27T12:11:53.471,67.984223,DEPTH_FILTER(4),0.036027,-0.076958,0.007898,0.534,7.521,26,4,0,0,,,,0,,0,0
2026-03-27T12:11:53.533,68.046820,DEPTH_FILTER(1),0.036027,-0.076958,0.007898,0.534,7.482,26,1,0,0,,,,0,,0,0
2026-03-27T12:11:53.601,68.114213,DEPTH_FILTER(0),0.036027,-0.076958,0.007898,0.534,7.388,26,0,0,0,,,,0,,0,0
2026-03-27T12:11:53.639,68.152184,DEPTH_FILTER(1),0.036027,-0.076958,0.007898,0.534,7.385,26,1,0,0,,,,0,,0,0
2026-03-27T12:11:53.704,68.217242,DEPTH_FILTER(2),0.036027,-0.076958,0.007898,0.534,7.490,26,2,0,0,,,,0,,0,0
2026-03-27T12:11:53.770,68.282970,DEPTH_FILTER(3),0.036027,-0.076958,0.007898,0.534,7.563,26,3,0,0,,,,0,,0,0
2026-03-27T12:11:53.803,68.316487,LOW_TRACK(11),0.036027,-0.076958,0.007898,0.534,7.512,11,0,0,0,,,,0,,0,0
2026-03-27T12:11:53.837,68.350742,REDETECT,0.036027,-0.076958,0.007898,0.534,7.460,0,0,0,0,,,,0,,0,0
2026-03-27T12:11:53.902,68.415665,REDETECT,0.036027,-0.076958,0.007898,0.534,7.468,0,0,0,0,,,,0,,0,0
2026-03-27T12:11:53.969,68.482804,REDETECT,0.036027,-0.076958,0.007898,0.534,7.475,0,0,0,0,,,,0,,0,0
2026-03-27T12:11:54.035,68.548666,REDETECT,0.036027,-0.076958,0.007898,0.534,7.405,0,0,0,0,,,,0,,0,0
2026-03-27T12:11:54.069,68.582745,REDETECT,0.036027,-0.076958,0.007898,0.534,7.368,0,0,0,0,,,,0,,0,0
2026-03-27T12:11:54.136,68.648987,REDETECT,0.036027,-0.076958,0.007898,0.534,7.449,0,0,0,0,,,,0,,0,0
2026-03-27T12:11:54.170,68.682955,REDETECT,0.036027,-0.076958,0.007898,0.534,7.498,0,0,0,0,,,,0,,0,0
2026-03-27T12:11:54.236,68.749616,REDETECT,0.036027,-0.076958,0.007898,0.534,7.498,0,0,0,0,,,,0,,0,0
2026-03-27T12:11:54.302,68.815832,REDETECT,0.036027,-0.076958,0.007898,0.534,7.435,0,0,0,0,,,,0,,0,0
2026-03-27T12:11:54.336,68.849389,REDETECT,0.036027,-0.076958,0.007898,0.534,7.433,0,0,0,0,,,,0,,0,0
2026-03-27T12:11:54.370,68.882965,REDETECT,0.036027,-0.076958,0.007898,0.534,7.441,0,0,0,0,,,,0,,0,0
2026-03-27T12:11:54.436,68.949224,REDETECT,0.036027,-0.076958,0.007898,0.534,7.447,0,0,0,0,,,,0,,0,0
2026-03-27T12:11:54.470,68.983197,REDETECT,0.036027,-0.076958,0.007898,0.534,7.449,0,0,0,0,,,,0,,0,0
2026-03-27T12:11:54.536,69.049437,REDETECT,0.036027,-0.076958,0.007898,0.534,7.443,0,0,0,0,,,,0,,0,0
2026-03-27T12:11:54.570,69.083677,REDETECT,0.036027,-0.076958,0.007898,0.534,7.445,0,0,0,0,,,,0,,0,0
2026-03-27T12:11:54.635,69.148626,REDETECT,0.036027,-0.076958,0.007898,0.534,7.447,0,0,0,0,,,,0,,0,0
2026-03-27T12:11:54.670,69.183633,REDETECT,0.036027,-0.076958,0.007898,0.534,7.460,0,0,0,0,,,,0,,0,0
2026-03-27T12:11:54.704,69.216989,REDETECT,0.036027,-0.076958,0.007898,0.534,7.470,0,0,0,0,,,,0,,0,0
2026-03-27T12:11:54.770,69.283103,REDETECT,0.036027,-0.076958,0.007898,0.534,7.464,0,0,0,0,,,,0,,0,0
2026-03-27T12:11:54.804,69.317449,REDETECT,0.036027,-0.076958,0.007898,0.534,7.445,0,0,0,0,,,,0,,0,0
2026-03-27T12:11:54.874,69.387419,REDETECT,0.036027,-0.076958,0.007898,0.534,7.437,0,0,0,0,,,,0,,0,0
2026-03-27T12:11:54.938,69.451419,REDETECT,0.036027,-0.076958,0.007898,0.534,7.461,0,0,0,0,,,,0,,0,0
2026-03-27T12:11:55.004,69.517133,REDETECT,0.036027,-0.076958,0.007898,0.534,7.455,0,0,0,0,,,,0,,0,0
2026-03-27T12:11:55.073,69.586143,REDETECT,0.036027,-0.076958,0.007898,0.534,7.441,0,0,0,0,,,,0,,0,0
2026-03-27T12:11:55.136,69.648922,REDETECT,0.036027,-0.076958,0.007898,0.534,7.473,0,0,0,0,,,,0,,0,0
2026-03-27T12:11:55.171,69.684268,REDETECT,0.036027,-0.076958,0.007898,0.534,7.482,0,0,0,0,,,,0,,0,0
2026-03-27T12:11:55.235,69.748748,REDETECT,0.036027,-0.076958,0.007898,0.534,7.458,0,0,0,0,,,,0,,0,0
2026-03-27T12:11:55.270,69.783274,REDETECT,0.036027,-0.076958,0.007898,0.534,7.448,0,0,0,0,,,,0,,0,0
2026-03-27T12:11:55.303,69.816636,REDETECT,0.036027,-0.076958,0.007898,0.534,7.448,0,0,0,0,,,,0,,0,0
2026-03-27T12:11:55.371,69.883956,REDETECT,0.036027,-0.076958,0.007898,0.534,7.473,0,0,0,0,,,,0,,0,0
2026-03-27T12:11:55.437,69.950626,REDETECT,0.036027,-0.076958,0.007898,0.534,7.462,0,0,0,0,,,,0,,0,0
2026-03-27T12:11:55.471,69.984463,REDETECT,0.036027,-0.076958,0.007898,0.534,7.456,0,0,0,0,,,,0,,0,0
2026-03-27T12:11:55.505,70.017921,REDETECT,0.036027,-0.076958,0.007898,0.534,7.456,0,0,0,0,,,,0,,0,0
2026-03-27T12:11:55.570,70.083856,REDETECT,0.036027,-0.076958,0.007898,0.534,7.470,0,0,0,0,,,,0,,0,0
2026-03-27T12:11:55.605,70.118218,REDETECT,0.036027,-0.076958,0.007898,0.534,7.474,0,0,0,0,,,,0,,0,0
2026-03-27T12:11:55.675,70.188416,REDETECT,0.036027,-0.076958,0.007898,0.534,7.457,0,0,0,0,,,,0,,0,0
2026-03-27T12:11:55.709,70.222303,REDETECT,0.036027,-0.076958,0.007898,0.534,7.455,0,0,0,0,,,,0,,0,0
2026-03-27T12:11:55.776,70.289163,REDETECT,0.036027,-0.076958,0.007898,0.534,7.476,0,0,0,0,,,,0,,0,0
2026-03-27T12:11:55.840,70.353280,REDETECT,0.036027,-0.076958,0.007898,0.534,7.476,0,0,0,0,,,,0,,0,0
2026-03-27T12:11:55.877,70.390871,REDETECT,0.036027,-0.076958,0.007898,0.534,7.469,0,0,0,0,,,,0,,0,0
2026-03-27T12:11:55.939,70.452638,REDETECT,0.036027,-0.076958,0.007898,0.534,7.476,0,0,0,0,,,,0,,0,0
2026-03-27T12:11:55.975,70.488372,REDETECT,0.036027,-0.076958,0.007898,0.534,7.485,0,0,0,0,,,,0,,0,0
2026-03-27T12:11:56.041,70.554455,REDETECT,0.036027,-0.076958,0.007898,0.534,7.472,0,0,0,0,,,,0,,0,0
2026-03-27T12:11:56.075,70.588606,REDETECT,0.036027,-0.076958,0.007898,0.534,7.464,0,0,0,0,,,,0,,0,0
2026-03-27T12:11:56.109,70.622065,REDETECT,0.036027,-0.076958,0.007898,0.534,7.464,0,0,0,0,,,,0,,0,0
2026-03-27T12:11:56.142,70.655468,REDETECT,0.036027,-0.076958,0.007898,0.534,7.470,0,0,0,0,,,,0,,0,0
2026-03-27T12:11:56.205,70.718515,REDETECT,0.036027,-0.076958,0.007898,0.534,7.476,0,0,0,0,,,,0,,0,0
2026-03-27T12:11:56.242,70.754997,REDETECT,0.036027,-0.076958,0.007898,0.534,7.474,0,0,0,0,,,,0,,0,0
2026-03-27T12:11:56.275,70.788702,REDETECT,0.036027,-0.076958,0.007898,0.534,7.470,0,0,0,0,,,,0,,0,0
2026-03-27T12:11:56.309,70.822175,REDETECT,0.036027,-0.076958,0.007898,0.534,7.472,0,0,0,0,,,,0,,0,0
2026-03-27T12:11:56.376,70.889390,REDETECT,0.036027,-0.076958,0.007898,0.534,7.480,0,0,0,0,,,,0,,0,0
2026-03-27T12:11:56.439,70.952087,REDETECT,0.036027,-0.076958,0.007898,0.534,7.472,0,0,0,0,,,,0,,0,0
2026-03-27T12:11:56.477,70.990239,REDETECT,0.036027,-0.076958,0.007898,0.534,7.470,0,0,0,0,,,,0,,0,0
2026-03-27T12:11:56.510,71.023758,REDETECT,0.036027,-0.076958,0.007898,0.534,7.470,0,0,0,0,,,,0,,0,0
2026-03-27T12:11:56.575,71.088209,REDETECT,0.036027,-0.076958,0.007898,0.534,7.476,0,0,0,0,,,,0,,0,0
2026-03-27T12:11:56.640,71.152989,REDETECT,0.036027,-0.076958,0.007898,0.534,7.472,0,0,0,0,,,,0,,0,0
2026-03-27T12:11:56.675,71.188001,REDETECT,0.036027,-0.076958,0.007898,0.534,7.468,0,0,0,0,,,,0,,0,0
2026-03-27T12:11:56.740,71.253804,REDETECT,0.036027,-0.076958,0.007898,0.534,7.470,0,0,0,0,,,,0,,0,0
2026-03-27T12:11:56.776,71.289135,REDETECT,0.036027,-0.076958,0.007898,0.534,7.472,0,0,0,0,,,,0,,0,0
2026-03-27T12:11:56.812,71.325607,REDETECT,0.036027,-0.076958,0.007898,0.534,7.470,0,0,0,0,,,,0,,0,0
2026-03-27T12:11:56.876,71.389269,REDETECT,0.036027,-0.076958,0.007898,0.534,7.465,0,0,0,0,,,,0,,0,0
2026-03-27T12:11:56.940,71.453130,REDETECT,0.036027,-0.076958,0.007898,0.534,7.470,0,0,0,0,,,,0,,0,0
2026-03-27T12:11:56.977,71.490885,REDETECT,0.036027,-0.076958,0.007898,0.534,7.473,0,0,0,0,,,,0,,0,0
2026-03-27T12:11:57.039,71.552420,REDETECT,0.036027,-0.076958,0.007898,0.534,7.463,0,0,0,0,,,,0,,0,0
2026-03-27T12:11:57.078,71.591240,REDETECT,0.036027,-0.076958,0.007898,0.534,7.459,0,0,0,0,,,,0,,0,0
2026-03-27T12:11:57.139,71.652398,REDETECT,0.036027,-0.076958,0.007898,0.534,7.462,0,0,0,0,,,,0,,0,0
2026-03-27T12:11:57.174,71.687194,REDETECT,0.036027,-0.076958,0.007898,0.534,7.462,0,0,0,0,,,,0,,0,0
2026-03-27T12:11:57.239,71.752370,REDETECT,0.036027,-0.076958,0.007898,0.534,7.458,0,0,0,0,,,,0,,0,0
2026-03-27T12:11:57.275,71.788481,REDETECT,0.036027,-0.076958,0.007898,0.534,7.463,0,0,0,0,,,,0,,0,0
2026-03-27T12:11:57.339,71.852179,REDETECT,0.036027,-0.076958,0.007898,0.534,7.473,0,0,0,0,,,,0,,0,0
2026-03-27T12:11:57.376,71.889201,REDETECT,0.036027,-0.076958,0.007898,0.534,7.473,0,0,0,0,,,,0,,0,0
2026-03-27T12:11:57.442,71.955608,REDETECT,0.036027,-0.076958,0.007898,0.534,7.468,0,0,0,0,,,,0,,0,0
2026-03-27T12:11:57.507,72.020463,REDETECT,0.036027,-0.076958,0.007898,0.534,7.472,0,0,0,0,,,,0,,0,0
2026-03-27T12:11:57.572,72.085103,REDETECT,0.036027,-0.076958,0.007898,0.534,7.476,0,0,0,0,,,,0,,0,0
2026-03-27T12:11:57.609,72.122000,REDETECT,0.036027,-0.076958,0.007898,0.534,7.474,0,0,0,0,,,,0,,0,0
2026-03-27T12:11:57.675,72.188574,REDETECT,0.036027,-0.076958,0.007898,0.534,7.472,0,0,0,0,,,,0,,0,0
2026-03-27T12:11:57.738,72.251542,REDETECT,0.036027,-0.076958,0.007898,0.534,7.476,0,0,0,0,,,,0,,0,0
2026-03-27T12:11:57.779,72.292089,REDETECT,0.036027,-0.076958,0.007898,0.534,7.476,0,0,0,0,,,,0,,0,0
2026-03-27T12:11:57.839,72.352668,REDETECT,0.036027,-0.076958,0.007898,0.534,7.476,0,0,0,0,,,,0,,0,0
2026-03-27T12:11:57.881,72.394110,REDETECT,0.036027,-0.076958,0.007898,0.534,7.478,0,0,0,0,,,,0,,0,0
2026-03-27T12:11:57.940,72.453056,REDETECT,0.036027,-0.076958,0.007898,0.534,7.480,0,0,0,0,,,,0,,0,0
2026-03-27T12:11:57.976,72.488933,REDETECT,0.036027,-0.076958,0.007898,0.534,7.480,0,0,0,0,,,,0,,0,0
2026-03-27T12:11:58.010,72.523484,REDETECT,0.036027,-0.076958,0.007898,0.534,7.478,0,0,0,0,,,,0,,0,0
2026-03-27T12:11:58.085,72.597953,REDETECT,0.036027,-0.076958,0.007898,0.534,7.477,0,0,0,0,,,,0,,0,0
2026-03-27T12:11:58.139,72.652539,REDETECT,0.036027,-0.076958,0.007898,0.534,7.478,0,0,0,0,,,,0,,0,0
2026-03-27T12:11:58.175,72.688772,REDETECT,0.036027,-0.076958,0.007898,0.534,7.476,0,0,0,0,,,,0,,0,0
2026-03-27T12:11:58.240,72.753649,REDETECT,0.036027,-0.076958,0.007898,0.534,7.476,0,0,0,0,,,,0,,0,0
2026-03-27T12:11:58.277,72.790486,REDETECT,0.036027,-0.076958,0.007898,0.534,7.474,0,0,0,0,,,,0,,0,0
2026-03-27T12:11:58.341,72.854369,REDETECT,0.036027,-0.076958,0.007898,0.534,7.475,0,0,0,0,,,,0,,0,0
2026-03-27T12:11:58.375,72.888813,REDETECT,0.036027,-0.076958,0.007898,0.534,7.478,0,0,0,0,,,,0,,0,0
2026-03-27T12:11:58.445,72.958591,REDETECT,0.036027,-0.076958,0.007898,0.534,7.478,0,0,0,0,,,,0,,0,0
2026-03-27T12:11:58.507,73.020621,REDETECT,0.036027,-0.076958,0.007898,0.534,7.481,0,0,0,0,,,,0,,0,0
2026-03-27T12:11:58.542,73.054930,REDETECT,0.036027,-0.076958,0.007898,0.534,7.483,0,0,0,0,,,,0,,0,0
2026-03-27T12:11:58.575,73.088665,REDETECT,0.036027,-0.076958,0.007898,0.534,7.485,0,0,0,0,,,,0,,0,0
2026-03-27T12:11:58.639,73.152810,REDETECT,0.036027,-0.076958,0.007898,0.534,7.487,0,0,0,0,,,,0,,0,0
2026-03-27T12:11:58.675,73.188613,REDETECT,0.036027,-0.076958,0.007898,0.534,7.487,0,0,0,0,,,,0,,0,0
2026-03-27T12:11:58.738,73.251733,REDETECT,0.036027,-0.076958,0.007898,0.534,7.484,0,0,0,0,,,,0,,0,0
2026-03-27T12:11:58.775,73.288587,REDETECT,0.036027,-0.076958,0.007898,0.534,7.484,0,0,0,0,,,,0,,0,0
2026-03-27T12:11:58.838,73.351866,REDETECT,0.036027,-0.076958,0.007898,0.534,7.484,0,0,0,0,,,,0,,0,0
2026-03-27T12:11:58.876,73.388949,REDETECT,0.036027,-0.076958,0.007898,0.534,7.486,0,0,0,0,,,,0,,0,0
2026-03-27T12:11:58.941,73.454787,REDETECT,0.036027,-0.076958,0.007898,0.534,7.490,0,0,0,0,,,,0,,0,0
2026-03-27T12:11:58.977,73.489968,REDETECT,0.036027,-0.076958,0.007898,0.534,7.483,0,0,0,0,,,,0,,0,0
2026-03-27T12:11:59.039,73.552326,REDETECT,0.036027,-0.076958,0.007898,0.534,7.489,0,0,0,0,,,,0,,0,0
2026-03-27T12:11:59.076,73.588915,REDETECT,0.036027,-0.076958,0.007898,0.534,7.489,0,0,0,0,,,,0,,0,0
2026-03-27T12:11:59.110,73.622920,REDETECT,0.036027,-0.076958,0.007898,0.534,7.493,0,0,0,0,,,,0,,0,0
2026-03-27T12:11:59.176,73.689401,REDETECT,0.036027,-0.076958,0.007898,0.534,7.493,0,0,0,0,,,,0,,0,0
2026-03-27T12:11:59.239,73.752583,REDETECT,0.036027,-0.076958,0.007898,0.534,7.493,0,0,0,0,,,,0,,0,0
2026-03-27T12:11:59.279,73.792023,REDETECT,0.036027,-0.076958,0.007898,0.534,7.493,0,0,0,0,,,,0,,0,0
2026-03-27T12:11:59.341,73.854601,REDETECT,0.036027,-0.076958,0.007898,0.534,7.489,0,0,0,0,,,,0,,0,0
2026-03-27T12:11:59.377,73.890208,REDETECT,0.036027,-0.076958,0.007898,0.534,7.496,0,0,0,0,,,,0,,0,0
2026-03-27T12:11:59.410,73.923759,REDETECT,0.036027,-0.076958,0.007898,0.534,7.494,0,0,0,0,,,,0,,0,0
2026-03-27T12:11:59.481,73.994232,REDETECT,0.036027,-0.076958,0.007898,0.534,7.495,0,0,0,0,,,,0,,0,0
2026-03-27T12:11:59.539,74.052865,REDETECT,0.036027,-0.076958,0.007898,0.534,7.495,0,0,0,0,,,,0,,0,0
2026-03-27T12:11:59.576,74.089512,REDETECT,0.036027,-0.076958,0.007898,0.534,7.497,0,0,0,0,,,,0,,0,0
2026-03-27T12:11:59.641,74.154322,REDETECT,0.036027,-0.076958,0.007898,0.534,7.499,0,0,0,0,,,,0,,0,0
2026-03-27T12:11:59.675,74.188468,REDETECT,0.036027,-0.076958,0.007898,0.534,7.499,0,0,0,0,,,,0,,0,0
2026-03-27T12:11:59.718,74.231186,REDETECT,0.036027,-0.076958,0.007898,0.534,7.496,0,0,0,0,,,,0,,0,0
2026-03-27T12:11:59.775,74.288895,REDETECT,0.036027,-0.076958,0.007898,0.534,7.496,0,0,0,0,,,,0,,0,0
2026-03-27T12:11:59.811,74.324086,REDETECT,0.036027,-0.076958,0.007898,0.534,7.496,0,0,0,0,,,,0,,0,0
2026-03-27T12:11:59.877,74.390419,REDETECT,0.036027,-0.076958,0.007898,0.534,7.488,0,0,0,0,,,,0,,0,0
2026-03-27T12:11:59.939,74.452817,REDETECT,0.036027,-0.076958,0.007898,0.534,7.490,0,0,0,0,,,,0,,0,0
2026-03-27T12:11:59.976,74.489287,REDETECT,0.036027,-0.076958,0.007898,0.534,7.495,0,0,0,0,,,,0,,0,0
2026-03-27T12:12:00.009,74.522697,REDETECT,0.036027,-0.076958,0.007898,0.534,7.495,0,0,0,0,,,,0,,0,0
2026-03-27T12:12:00.075,74.588521,REDETECT,0.036027,-0.076958,0.007898,0.534,7.494,0,0,0,0,,,,0,,0,0
2026-03-27T12:12:00.139,74.651981,REDETECT,0.036027,-0.076958,0.007898,0.534,7.494,0,0,0,0,,,,0,,0,0
2026-03-27T12:12:00.187,74.700877,REDETECT,0.036027,-0.076958,0.007898,0.534,7.497,0,0,0,0,,,,0,,0,0
2026-03-27T12:12:00.239,74.752765,REDETECT,0.036027,-0.076958,0.007898,0.534,7.501,0,0,0,0,,,,0,,0,0
2026-03-27T12:12:00.275,74.788897,REDETECT,0.036027,-0.076958,0.007898,0.534,7.508,0,0,0,0,,,,0,,0,0
2026-03-27T12:12:00.339,74.851992,REDETECT,0.036027,-0.076958,0.007898,0.534,7.506,0,0,0,0,,,,0,,0,0
2026-03-27T12:12:00.375,74.888035,REDETECT,0.036027,-0.076958,0.007898,0.534,7.510,0,0,0,0,,,,0,,0,0
2026-03-27T12:12:00.439,74.952900,REDETECT,0.036027,-0.076958,0.007898,0.534,7.511,0,0,0,0,,,,0,,0,0
2026-03-27T12:12:00.475,74.988684,REDETECT,0.036027,-0.076958,0.007898,0.534,7.509,0,0,0,0,,,,0,,0,0
2026-03-27T12:12:00.551,75.064372,REDETECT,0.036027,-0.076958,0.007898,0.534,7.513,0,0,0,0,,,,0,,0,0
2026-03-27T12:12:00.605,75.118856,REDETECT,0.036027,-0.076958,0.007898,0.534,7.511,0,0,0,0,,,,0,,0,0
2026-03-27T12:12:00.642,75.155589,REDETECT,0.036027,-0.076958,0.007898,0.534,7.509,0,0,0,0,,,,0,,0,0
2026-03-27T12:12:00.706,75.219310,REDETECT,0.036027,-0.076958,0.007898,0.534,7.508,0,0,0,0,,,,0,,0,0
2026-03-27T12:12:00.740,75.253022,REDETECT,0.036027,-0.076958,0.007898,0.534,7.508,0,0,0,0,,,,0,,0,0
2026-03-27T12:12:00.775,75.288080,REDETECT,0.036027,-0.076958,0.007898,0.534,7.508,0,0,0,0,,,,0,,0,0
2026-03-27T12:12:00.840,75.352955,REDETECT,0.036027,-0.076958,0.007898,0.534,7.512,0,0,0,0,,,,0,,0,0
2026-03-27T12:12:00.875,75.388524,REDETECT,0.036027,-0.076958,0.007898,0.534,7.512,0,0,0,0,,,,0,,0,0
2026-03-27T12:12:00.939,75.452438,REDETECT,0.036027,-0.076958,0.007898,0.534,7.516,0,0,0,0,,,,0,,0,0
2026-03-27T12:12:00.975,75.488360,REDETECT,0.036027,-0.076958,0.007898,0.534,7.514,0,0,0,0,,,,0,,0,0
2026-03-27T12:12:01.038,75.551416,REDETECT,0.036027,-0.076958,0.007898,0.534,7.516,0,0,0,0,,,,0,,0,0
2026-03-27T12:12:01.075,75.588122,REDETECT,0.036027,-0.076958,0.007898,0.534,7.516,0,0,0,0,,,,0,,0,0
2026-03-27T12:12:01.140,75.653157,REDETECT,0.036027,-0.076958,0.007898,0.534,7.514,0,0,0,0,,,,0,,0,0
2026-03-27T12:12:01.174,75.687582,REDETECT,0.036027,-0.076958,0.007898,0.534,7.516,0,0,0,0,,,,0,,0,0
2026-03-27T12:12:01.238,75.751835,REDETECT,0.036027,-0.076958,0.007898,0.534,7.520,0,0,0,0,,,,0,,0,0
2026-03-27T12:12:01.275,75.788329,REDETECT,0.036027,-0.076958,0.007898,0.534,7.525,0,0,0,0,,,,0,,0,0
2026-03-27T12:12:01.339,75.852666,REDETECT,0.036027,-0.076958,0.007898,0.534,7.523,0,0,0,0,,,,0,,0,0
2026-03-27T12:12:01.375,75.888648,REDETECT,0.036027,-0.076958,0.007898,0.534,7.527,0,0,0,0,,,,0,,0,0
2026-03-27T12:12:01.438,75.951813,REDETECT,0.036027,-0.076958,0.007898,0.534,7.527,0,0,0,0,,,,0,,0,0
2026-03-27T12:12:01.475,75.988754,REDETECT,0.036027,-0.076958,0.007898,0.534,7.527,0,0,0,0,,,,0,,0,0
2026-03-27T12:12:01.539,76.052238,REDETECT,0.036027,-0.076958,0.007898,0.534,7.529,0,0,0,0,,,,0,,0,0
2026-03-27T12:12:01.576,76.089388,REDETECT,0.036027,-0.076958,0.007898,0.534,7.527,0,0,0,0,,,,0,,0,0
2026-03-27T12:12:01.641,76.154396,REDETECT,0.036027,-0.076958,0.007898,0.534,7.531,0,0,0,0,,,,0,,0,0
2026-03-27T12:12:01.676,76.189445,REDETECT,0.036027,-0.076958,0.007898,0.534,7.533,0,0,0,0,,,,0,,0,0
2026-03-27T12:12:01.739,76.252671,REDETECT,0.036027,-0.076958,0.007898,0.534,7.533,0,0,0,0,,,,0,,0,0
2026-03-27T12:12:01.779,76.292128,REDETECT,0.036027,-0.076958,0.007898,0.534,7.533,0,0,0,0,,,,0,,0,0
2026-03-27T12:12:01.839,76.352685,REDETECT,0.036027,-0.076958,0.007898,0.534,7.538,0,0,0,0,,,,0,,0,0
2026-03-27T12:12:01.873,76.386792,REDETECT,0.036027,-0.076958,0.007898,0.534,7.536,0,0,0,0,,,,0,,0,0
2026-03-27T12:12:01.939,76.451995,REDETECT,0.036027,-0.076958,0.007898,0.534,7.532,0,0,0,0,,,,0,,0,0
2026-03-27T12:12:01.987,76.500265,REDETECT,0.036027,-0.076958,0.007898,0.534,7.532,0,0,0,0,,,,0,,0,0
2026-03-27T12:12:02.039,76.552893,REDETECT,0.036027,-0.076958,0.007898,0.534,7.535,0,0,0,0,,,,0,,0,0
2026-03-27T12:12:02.075,76.588770,REDETECT,0.036027,-0.076958,0.007898,0.534,7.537,0,0,0,0,,,,0,,0,0
2026-03-27T12:12:02.137,76.650681,REDETECT,0.036027,-0.076958,0.007898,0.534,7.535,0,0,0,0,,,,0,,0,0
2026-03-27T12:12:02.171,76.684783,REDETECT,0.036027,-0.076958,0.007898,0.534,7.533,0,0,0,0,,,,0,,0,0
2026-03-27T12:12:02.238,76.751665,REDETECT,0.036027,-0.076958,0.007898,0.534,7.533,0,0,0,0,,,,0,,0,0
2026-03-27T12:12:02.274,76.787823,REDETECT,0.036027,-0.076958,0.007898,0.534,7.533,0,0,0,0,,,,0,,0,0
2026-03-27T12:12:02.339,76.852311,REDETECT,0.036027,-0.076958,0.007898,0.534,7.535,0,0,0,0,,,,0,,0,0
2026-03-27T12:12:02.374,76.887482,REDETECT,0.036027,-0.076958,0.007898,0.534,7.533,0,0,0,0,,,,0,,0,0
2026-03-27T12:12:02.439,76.951946,REDETECT,0.036027,-0.076958,0.007898,0.534,7.533,0,0,0,0,,,,0,,0,0
2026-03-27T12:12:02.473,76.986332,REDETECT,0.036027,-0.076958,0.007898,0.534,7.533,0,0,0,0,,,,0,,0,0
2026-03-27T12:12:02.507,77.020010,REDETECT,0.036027,-0.076958,0.007898,0.534,7.533,0,0,0,0,,,,0,,0,0
2026-03-27T12:12:02.540,77.053596,REDETECT,0.036027,-0.076958,0.007898,0.534,7.528,0,0,0,0,,,,0,,0,0
2026-03-27T12:12:02.574,77.087069,REDETECT,0.036027,-0.076958,0.007898,0.534,7.528,0,0,0,0,,,,0,,0,0
2026-03-27T12:12:02.638,77.151806,REDETECT,0.036027,-0.076958,0.007898,0.534,7.526,0,0,0,0,,,,0,,0,0
2026-03-27T12:12:02.674,77.187291,REDETECT,0.036027,-0.076958,0.007898,0.534,7.529,0,0,0,0,,,,0,,0,0
2026-03-27T12:12:02.738,77.251176,REDETECT,0.036027,-0.076958,0.007898,0.534,7.531,0,0,0,0,,,,0,,0,0
2026-03-27T12:12:02.774,77.287326,REDETECT,0.036027,-0.076958,0.007898,0.534,7.533,0,0,0,0,,,,0,,0,0
2026-03-27T12:12:02.809,77.322018,REDETECT,0.036027,-0.076958,0.007898,0.534,7.535,0,0,0,0,,,,0,,0,0
2026-03-27T12:12:02.874,77.387497,REDETECT,0.036027,-0.076958,0.007898,0.534,7.537,0,0,0,0,,,,0,,0,0
2026-03-27T12:12:02.939,77.452091,REDETECT,0.036027,-0.076958,0.007898,0.534,7.537,0,0,0,0,,,,0,,0,0
2026-03-27T12:12:02.973,77.486550,REDETECT,0.036027,-0.076958,0.007898,0.534,7.539,0,0,0,0,,,,0,,0,0
2026-03-27T12:12:03.037,77.550858,REDETECT,0.036027,-0.076958,0.007898,0.534,7.539,0,0,0,0,,,,0,,0,0
2026-03-27T12:12:03.072,77.585220,REDETECT,0.036027,-0.076958,0.007898,0.534,7.542,0,0,0,0,,,,0,,0,0
2026-03-27T12:12:03.140,77.653450,REDETECT,0.036027,-0.076958,0.007898,0.534,7.542,0,0,0,0,,,,0,,0,0
2026-03-27T12:12:03.174,77.687648,REDETECT,0.036027,-0.076958,0.007898,0.534,7.542,0,0,0,0,,,,0,,0,0
2026-03-27T12:12:03.237,77.750359,REDETECT,0.036027,-0.076958,0.007898,0.534,7.538,0,0,0,0,,,,0,,0,0
2026-03-27T12:12:03.273,77.785969,REDETECT,0.036027,-0.076958,0.007898,0.534,7.538,0,0,0,0,,,,0,,0,0
2026-03-27T12:12:03.337,77.850278,REDETECT,0.036027,-0.076958,0.007898,0.534,7.534,0,0,0,0,,,,0,,0,0
2026-03-27T12:12:03.375,77.888042,REDETECT,0.036027,-0.076958,0.007898,0.534,7.534,0,0,0,0,,,,0,,0,0
2026-03-27T12:12:03.437,77.950636,REDETECT,0.036027,-0.076958,0.007898,0.534,7.537,0,0,0,0,,,,0,,0,0
2026-03-27T12:12:03.474,77.987589,REDETECT,0.036027,-0.076958,0.007898,0.534,7.537,0,0,0,0,,,,0,,0,0
2026-03-27T12:12:03.538,78.051847,REDETECT,0.036027,-0.076958,0.007898,0.534,7.537,0,0,0,0,,,,0,,0,0
2026-03-27T12:12:03.575,78.088163,REDETECT,0.036027,-0.076958,0.007898,0.534,7.540,0,0,0,0,,,,0,,0,0
2026-03-27T12:12:03.638,78.151231,REDETECT,0.036027,-0.076958,0.007898,0.534,7.546,0,0,0,0,,,,0,,0,0
2026-03-27T12:12:03.674,78.186986,REDETECT,0.036027,-0.076958,0.007898,0.534,7.548,0,0,0,0,,,,0,,0,0
2026-03-27T12:12:03.738,78.251181,REDETECT,0.036027,-0.076958,0.007898,0.534,7.552,0,0,0,0,,,,0,,0,0
2026-03-27T12:12:03.774,78.287748,REDETECT,0.036027,-0.076958,0.007898,0.534,7.552,0,0,0,0,,,,0,,0,0
2026-03-27T12:12:03.838,78.351666,REDETECT,0.036027,-0.076958,0.007898,0.534,7.550,0,0,0,0,,,,0,,0,0
2026-03-27T12:12:03.874,78.387019,REDETECT,0.036027,-0.076958,0.007898,0.534,7.548,0,0,0,0,,,,0,,0,0
2026-03-27T12:12:03.937,78.450211,REDETECT,0.036027,-0.076958,0.007898,0.534,7.550,0,0,0,0,,,,0,,0,0
2026-03-27T12:12:03.971,78.484126,REDETECT,0.036027,-0.076958,0.007898,0.534,7.550,0,0,0,0,,,,0,,0,0
2026-03-27T12:12:04.037,78.550771,REDETECT,0.036027,-0.076958,0.007898,0.534,7.554,0,0,0,0,,,,0,,0,0
2026-03-27T12:12:04.081,78.593992,REDETECT,0.036027,-0.076958,0.007898,0.534,7.551,0,0,0,0,,,,0,,0,0
2026-03-27T12:12:04.145,78.658382,REDETECT,0.036027,-0.076958,0.007898,0.534,7.555,0,0,0,0,,,,0,,0,0
2026-03-27T12:12:04.206,78.719228,REDETECT,0.036027,-0.076958,0.007898,0.534,7.555,0,0,0,0,,,,0,,0,0
2026-03-27T12:12:04.275,78.788652,REDETECT,0.036027,-0.076958,0.007898,0.534,7.558,0,0,0,0,,,,0,,0,0
2026-03-27T12:12:04.337,78.850462,REDETECT,0.036027,-0.076958,0.007898,0.534,7.560,0,0,0,0,,,,0,,0,0
2026-03-27T12:12:04.381,78.894041,REDETECT,0.036027,-0.076958,0.007898,0.534,7.560,0,0,0,0,,,,0,,0,0
2026-03-27T12:12:04.444,78.957114,REDETECT,0.036027,-0.076958,0.007898,0.534,7.562,0,0,0,0,,,,0,,0,0
2026-03-27T12:12:04.506,79.019511,REDETECT,0.036027,-0.076958,0.007898,0.534,7.564,0,0,0,0,,,,0,,0,0
2026-03-27T12:12:04.574,79.087004,REDETECT,0.036027,-0.076958,0.007898,0.534,7.564,0,0,0,0,,,,0,,0,0
2026-03-27T12:12:04.637,79.150599,REDETECT,0.036027,-0.076958,0.007898,0.534,7.562,0,0,0,0,,,,0,,0,0
2026-03-27T12:12:04.675,79.188049,REDETECT,0.036027,-0.076958,0.007898,0.534,7.564,0,0,0,0,,,,0,,0,0
2026-03-27T12:12:04.737,79.250716,REDETECT,0.036027,-0.076958,0.007898,0.534,7.562,0,0,0,0,,,,0,,0,0
2026-03-27T12:12:04.775,79.288084,REDETECT,0.036027,-0.076958,0.007898,0.534,7.562,0,0,0,0,,,,0,,0,0
2026-03-27T12:12:04.837,79.350321,REDETECT,0.036027,-0.076958,0.007898,0.534,7.564,0,0,0,0,,,,0,,0,0
2026-03-27T12:12:04.878,79.391287,REDETECT,0.036027,-0.076958,0.007898,0.534,7.566,0,0,0,0,,,,0,,0,0
2026-03-27T12:12:04.938,79.451698,REDETECT,0.036027,-0.076958,0.007898,0.534,7.570,0,0,0,0,,,,0,,0,0
2026-03-27T12:12:05.004,79.517026,REDETECT,0.036027,-0.076958,0.007898,0.534,7.568,0,0,0,0,,,,0,,0,0
2026-03-27T12:12:05.079,79.592758,REDETECT,0.036027,-0.076958,0.007898,0.534,7.568,0,0,0,0,,,,0,,0,0
2026-03-27T12:12:05.144,79.657775,REDETECT,0.036027,-0.076958,0.007898,0.534,7.568,0,0,0,0,,,,0,,0,0
2026-03-27T12:12:05.204,79.717436,REDETECT,0.036027,-0.076958,0.007898,0.534,7.568,0,0,0,0,,,,0,,0,0
2026-03-27T12:12:05.273,79.786442,REDETECT,0.036027,-0.076958,0.007898,0.534,7.568,0,0,0,0,,,,0,,0,0
2026-03-27T12:12:05.340,79.853376,REDETECT,0.036027,-0.076958,0.007898,0.534,7.566,0,0,0,0,,,,0,,0,0
2026-03-27T12:12:05.406,79.919122,REDETECT,0.036027,-0.076958,0.007898,0.534,7.568,0,0,0,0,,,,0,,0,0
2026-03-27T12:12:05.475,79.988120,REDETECT,0.036027,-0.076958,0.007898,0.534,7.570,0,0,0,0,,,,0,,0,0
2026-03-27T12:12:05.537,80.050460,REDETECT,0.036027,-0.076958,0.007898,0.534,7.576,0,0,0,0,,,,0,,0,0
2026-03-27T12:12:05.574,80.087812,REDETECT,0.036027,-0.076958,0.007898,0.534,7.576,0,0,0,0,,,,0,,0,0
2026-03-27T12:12:05.637,80.150217,REDETECT,0.036027,-0.076958,0.007898,0.534,7.576,0,0,0,0,,,,0,,0,0
2026-03-27T12:12:05.674,80.187794,REDETECT,0.036027,-0.076958,0.007898,0.534,7.576,0,0,0,0,,,,0,,0,0
2026-03-27T12:12:05.739,80.252025,REDETECT,0.036027,-0.076958,0.007898,0.534,7.582,0,0,0,0,,,,0,,0,0
2026-03-27T12:12:05.774,80.287193,REDETECT,0.036027,-0.076958,0.007898,0.534,7.585,0,0,0,0,,,,0,,0,0
2026-03-27T12:12:05.838,80.351129,REDETECT,0.036027,-0.076958,0.007898,0.534,7.588,0,0,0,0,,,,0,,0,0
2026-03-27T12:12:05.876,80.388942,REDETECT,0.036027,-0.076958,0.007898,0.534,7.593,0,0,0,0,,,,0,,0,0
2026-03-27T12:12:05.938,80.451026,REDETECT,0.036027,-0.076958,0.007898,0.534,7.593,0,0,0,0,,,,0,,0,0
2026-03-27T12:12:05.974,80.486905,REDETECT,0.036027,-0.076958,0.007898,0.534,7.595,0,0,0,0,,,,0,,0,0
2026-03-27T12:12:06.010,80.522959,REDETECT,0.036027,-0.076958,0.007898,0.534,7.593,0,0,0,0,,,,0,,0,0
2026-03-27T12:12:06.073,80.586444,REDETECT,0.036027,-0.076958,0.007898,0.534,7.595,0,0,0,0,,,,0,,0,0
2026-03-27T12:12:06.138,80.651503,REDETECT,0.036027,-0.076958,0.007898,0.534,7.597,0,0,0,0,,,,0,,0,0
2026-03-27T12:12:06.172,80.685141,REDETECT,0.036027,-0.076958,0.007898,0.534,7.599,0,0,0,0,,,,0,,0,0
2026-03-27T12:12:06.239,80.751963,REDETECT,0.036027,-0.076958,0.007898,0.534,7.601,0,0,0,0,,,,0,,0,0
2026-03-27T12:12:06.276,80.789063,REDETECT,0.036027,-0.076958,0.007898,0.534,7.597,0,0,0,0,,,,0,,0,0
2026-03-27T12:12:06.338,80.850942,REDETECT,0.036027,-0.076958,0.007898,0.534,7.596,0,0,0,0,,,,0,,0,0
2026-03-27T12:12:06.373,80.886603,REDETECT,0.036027,-0.076958,0.007898,0.534,7.598,0,0,0,0,,,,0,,0,0
2026-03-27T12:12:06.437,80.950709,REDETECT,0.036027,-0.076958,0.007898,0.534,7.599,0,0,0,0,,,,0,,0,0
2026-03-27T12:12:06.475,80.988206,REDETECT,0.036027,-0.076958,0.007898,0.534,7.601,0,0,0,0,,,,0,,0,0
2026-03-27T12:12:06.537,81.050523,REDETECT,0.036027,-0.076958,0.007898,0.534,7.603,0,0,0,0,,,,0,,0,0
2026-03-27T12:12:06.573,81.086703,REDETECT,0.036027,-0.076958,0.007898,0.534,7.603,0,0,0,0,,,,0,,0,0
2026-03-27T12:12:06.640,81.153542,REDETECT,0.036027,-0.076958,0.007898,0.534,7.600,0,0,0,0,,,,0,,0,0
2026-03-27T12:12:06.703,81.216401,REDETECT,0.036027,-0.076958,0.007898,0.534,7.606,0,0,0,0,,,,0,,0,0
2026-03-27T12:12:06.737,81.249992,REDETECT,0.036027,-0.076958,0.007898,0.534,7.606,0,0,0,0,,,,0,,0,0
2026-03-27T12:12:06.772,81.285054,REDETECT,0.036027,-0.076958,0.007898,0.534,7.600,0,0,0,0,,,,0,,0,0
2026-03-27T12:12:06.836,81.349663,REDETECT,0.036027,-0.076958,0.007898,0.534,7.602,0,0,0,0,,,,0,,0,0
2026-03-27T12:12:06.871,81.384001,REDETECT,0.036027,-0.076958,0.007898,0.534,7.606,0,0,0,0,,,,0,,0,0
2026-03-27T12:12:06.936,81.449459,REDETECT,0.036027,-0.076958,0.007898,0.534,7.602,0,0,0,0,,,,0,,0,0
2026-03-27T12:12:06.973,81.486617,REDETECT,0.036027,-0.076958,0.007898,0.534,7.602,0,0,0,0,,,,0,,0,0
2026-03-27T12:12:07.036,81.549743,REDETECT,0.036027,-0.076958,0.007898,0.534,7.604,0,0,0,0,,,,0,,0,0
2026-03-27T12:12:07.075,81.588273,REDETECT,0.036027,-0.076958,0.007898,0.534,7.604,0,0,0,0,,,,0,,0,0
2026-03-27T12:12:07.138,81.651724,REDETECT,0.036027,-0.076958,0.007898,0.534,7.608,0,0,0,0,,,,0,,0,0
2026-03-27T12:12:07.174,81.687792,REDETECT,0.036027,-0.076958,0.007898,0.534,7.610,0,0,0,0,,,,0,,0,0
2026-03-27T12:12:07.238,81.750919,REDETECT,0.036027,-0.076958,0.007898,0.534,7.614,0,0,0,0,,,,0,,0,0
2026-03-27T12:12:07.275,81.788192,REDETECT,0.036027,-0.076958,0.007898,0.534,7.616,0,0,0,0,,,,0,,0,0
2026-03-27T12:12:07.338,81.851840,REDETECT,0.036027,-0.076958,0.007898,0.534,7.616,0,0,0,0,,,,0,,0,0
2026-03-27T12:12:07.374,81.887691,REDETECT,0.036027,-0.076958,0.007898,0.534,7.618,0,0,0,0,,,,0,,0,0
2026-03-27T12:12:07.438,81.951313,REDETECT,0.036027,-0.076958,0.007898,0.534,7.620,0,0,0,0,,,,0,,0,0
2026-03-27T12:12:07.475,81.988333,REDETECT,0.036027,-0.076958,0.007898,0.534,7.618,0,0,0,0,,,,0,,0,0
2026-03-27T12:12:07.538,82.051905,REDETECT,0.036027,-0.076958,0.007898,0.534,7.620,0,0,0,0,,,,0,,0,0
2026-03-27T12:12:07.583,82.096730,REDETECT,0.036027,-0.076958,0.007898,0.534,7.615,0,0,0,0,,,,0,,0,0
2026-03-27T12:12:07.639,82.152411,REDETECT,0.036027,-0.076958,0.007898,0.534,7.618,0,0,0,0,,,,0,,0,0
2026-03-27T12:12:07.676,82.189540,REDETECT,0.036027,-0.076958,0.007898,0.534,7.616,0,0,0,0,,,,0,,0,0
2026-03-27T12:12:07.739,82.252602,REDETECT,0.036027,-0.076958,0.007898,0.534,7.619,0,0,0,0,,,,0,,0,0
2026-03-27T12:12:07.773,82.286841,REDETECT,0.036027,-0.076958,0.007898,0.534,7.619,0,0,0,0,,,,0,,0,0
2026-03-27T12:12:07.839,82.352091,REDETECT,0.036027,-0.076958,0.007898,0.534,7.621,0,0,0,0,,,,0,,0,0
2026-03-27T12:12:07.875,82.388607,REDETECT,0.036027,-0.076958,0.007898,0.534,7.621,0,0,0,0,,,,0,,0,0
2026-03-27T12:12:07.938,82.451728,REDETECT,0.036027,-0.076958,0.007898,0.534,7.621,0,0,0,0,,,,0,,0,0
2026-03-27T12:12:07.975,82.487953,REDETECT,0.036027,-0.076958,0.007898,0.534,7.624,0,0,0,0,,,,0,,0,0
2026-03-27T12:12:08.039,82.552365,REDETECT,0.036027,-0.076958,0.007898,0.534,7.628,0,0,0,0,,,,0,,0,0
2026-03-27T12:12:08.075,82.588117,REDETECT,0.036027,-0.076958,0.007898,0.534,7.625,0,0,0,0,,,,0,,0,0
2026-03-27T12:12:08.138,82.651686,REDETECT,0.036027,-0.076958,0.007898,0.534,7.623,0,0,0,0,,,,0,,0,0
2026-03-27T12:12:08.175,82.688497,REDETECT,0.036027,-0.076958,0.007898,0.534,7.621,0,0,0,0,,,,0,,0,0
2026-03-27T12:12:08.239,82.751920,REDETECT,0.036027,-0.076958,0.007898,0.534,7.623,0,0,0,0,,,,0,,0,0
2026-03-27T12:12:08.275,82.788551,REDETECT,0.036027,-0.076958,0.007898,0.534,7.621,0,0,0,0,,,,0,,0,0
2026-03-27T12:12:08.338,82.851662,REDETECT,0.036027,-0.076958,0.007898,0.534,7.621,0,0,0,0,,,,0,,0,0
2026-03-27T12:12:08.374,82.887746,REDETECT,0.036027,-0.076958,0.007898,0.534,7.621,0,0,0,0,,,,0,,0,0
2026-03-27T12:12:08.438,82.951650,REDETECT,0.036027,-0.076958,0.007898,0.534,7.623,0,0,0,0,,,,0,,0,0
2026-03-27T12:12:08.478,82.991422,REDETECT,0.036027,-0.076958,0.007898,0.534,7.625,0,0,0,0,,,,0,,0,0
2026-03-27T12:12:08.540,83.053566,REDETECT,0.036027,-0.076958,0.007898,0.534,7.627,0,0,0,0,,,,0,,0,0
2026-03-27T12:12:08.575,83.088861,REDETECT,0.036027,-0.076958,0.007898,0.534,7.627,0,0,0,0,,,,0,,0,0
2026-03-27T12:12:08.641,83.154077,REDETECT,0.036027,-0.076958,0.007898,0.534,7.629,0,0,0,0,,,,0,,0,0
2026-03-27T12:12:08.676,83.189521,REDETECT,0.036027,-0.076958,0.007898,0.534,7.629,0,0,0,0,,,,0,,0,0
2026-03-27T12:12:08.739,83.252247,REDETECT,0.036027,-0.076958,0.007898,0.534,7.625,0,0,0,0,,,,0,,0,0
2026-03-27T12:12:08.774,83.287884,REDETECT,0.036027,-0.076958,0.007898,0.534,7.627,0,0,0,0,,,,0,,0,0
2026-03-27T12:12:08.838,83.351429,REDETECT,0.036027,-0.076958,0.007898,0.534,7.629,0,0,0,0,,,,0,,0,0
2026-03-27T12:12:08.875,83.388023,REDETECT,0.036027,-0.076958,0.007898,0.534,7.632,0,0,0,0,,,,0,,0,0
2026-03-27T12:12:08.938,83.451445,REDETECT,0.036027,-0.076958,0.007898,0.534,7.628,0,0,0,0,,,,0,,0,0
2026-03-27T12:12:08.975,83.487949,REDETECT,0.036027,-0.076958,0.007898,0.534,7.628,0,0,0,0,,,,0,,0,0
2026-03-27T12:12:09.038,83.551652,REDETECT,0.036027,-0.076958,0.007898,0.534,7.628,0,0,0,0,,,,0,,0,0
2026-03-27T12:12:09.075,83.588274,REDETECT,0.036027,-0.076958,0.007898,0.534,7.628,0,0,0,0,,,,0,,0,0
2026-03-27T12:12:09.138,83.651446,REDETECT,0.036027,-0.076958,0.007898,0.534,7.626,0,0,0,0,,,,0,,0,0
2026-03-27T12:12:09.175,83.688260,REDETECT,0.036027,-0.076958,0.007898,0.534,7.624,0,0,0,0,,,,0,,0,0
2026-03-27T12:12:09.209,83.722193,REDETECT,0.036027,-0.076958,0.007898,0.534,7.622,0,0,0,0,,,,0,,0,0
2026-03-27T12:12:09.273,83.786257,REDETECT,0.036027,-0.076958,0.007898,0.534,7.623,0,0,0,0,,,,0,,0,0
2026-03-27T12:12:09.307,83.820685,REDETECT,0.036027,-0.076958,0.007898,0.534,7.621,0,0,0,0,,,,0,,0,0
2026-03-27T12:12:09.375,83.888733,REDETECT,0.036027,-0.076958,0.007898,0.534,7.621,0,0,0,0,,,,0,,0,0
2026-03-27T12:12:09.439,83.952540,REDETECT,0.036027,-0.076958,0.007898,0.534,7.627,0,0,0,0,,,,0,,0,0
2026-03-27T12:12:09.475,83.987979,REDETECT,0.036027,-0.076958,0.007898,0.534,7.627,0,0,0,0,,,,0,,0,0
2026-03-27T12:12:09.540,84.053624,REDETECT,0.036027,-0.076958,0.007898,0.534,7.625,0,0,0,0,,,,0,,0,0
2026-03-27T12:12:09.576,84.089097,REDETECT,0.036027,-0.076958,0.007898,0.534,7.625,0,0,0,0,,,,0,,0,0
2026-03-27T12:12:09.638,84.151465,REDETECT,0.036027,-0.076958,0.007898,0.534,7.631,0,0,0,0,,,,0,,0,0
2026-03-27T12:12:09.676,84.188994,REDETECT,0.036027,-0.076958,0.007898,0.534,7.633,0,0,0,0,,,,0,,0,0
2026-03-27T12:12:09.744,84.256906,REDETECT,0.036027,-0.076958,0.007898,0.534,7.632,0,0,0,0,,,,0,,0,0
2026-03-27T12:12:09.807,84.320563,REDETECT,0.036027,-0.076958,0.007898,0.534,7.630,0,0,0,0,,,,0,,0,0
2026-03-27T12:12:09.873,84.386422,REDETECT,0.036027,-0.076958,0.007898,0.534,7.636,0,0,0,0,,,,0,,0,0
2026-03-27T12:12:09.909,84.422117,REDETECT,0.036027,-0.076958,0.007898,0.534,7.636,0,0,0,0,,,,0,,0,0
2026-03-27T12:12:09.976,84.489094,REDETECT,0.036027,-0.076958,0.007898,0.534,7.641,0,0,0,0,,,,0,,0,0
2026-03-27T12:12:10.039,84.552382,REDETECT,0.036027,-0.076958,0.007898,0.534,7.643,0,0,0,0,,,,0,,0,0
2026-03-27T12:12:10.074,84.587853,REDETECT,0.036027,-0.076958,0.007898,0.534,7.639,0,0,0,0,,,,0,,0,0
2026-03-27T12:12:10.140,84.653142,REDETECT,0.036027,-0.076958,0.007898,0.534,7.627,0,0,0,0,,,,0,,0,0
2026-03-27T12:12:10.178,84.691163,REDETECT,0.036027,-0.076958,0.007898,0.534,7.615,0,0,0,0,,,,0,,0,0
2026-03-27T12:12:10.242,84.755384,REDETECT,0.036027,-0.076958,0.007898,0.534,7.622,0,0,0,0,,,,0,,0,0
2026-03-27T12:12:10.277,84.790425,REDETECT,0.036027,-0.076958,0.007898,0.534,7.622,0,0,0,0,,,,0,,0,0
2026-03-27T12:12:10.341,84.854706,REDETECT,0.036027,-0.076958,0.007898,0.534,7.613,0,0,0,0,,,,0,,0,0
2026-03-27T12:12:10.375,84.888041,REDETECT,0.036027,-0.076958,0.007898,0.534,7.613,0,0,0,0,,,,0,,0,0
2026-03-27T12:12:10.439,84.952714,REDETECT,0.036027,-0.076958,0.007898,0.534,7.620,0,0,0,0,,,,0,,0,0
2026-03-27T12:12:10.475,84.988756,REDETECT,0.036027,-0.076958,0.007898,0.534,7.618,0,0,0,0,,,,0,,0,0
2026-03-27T12:12:10.539,85.052722,REDETECT,0.036027,-0.076958,0.007898,0.534,7.614,0,0,0,0,,,,0,,0,0
2026-03-27T12:12:10.576,85.088955,REDETECT,0.036027,-0.076958,0.007898,0.534,7.620,0,0,0,0,,,,0,,0,0
2026-03-27T12:12:10.638,85.151860,REDETECT,0.036027,-0.076958,0.007898,0.534,7.630,0,0,0,0,,,,0,,0,0
2026-03-27T12:12:10.675,85.188431,REDETECT,0.036027,-0.076958,0.007898,0.534,7.630,0,0,0,0,,,,0,,0,0
2026-03-27T12:12:10.738,85.251537,REDETECT,0.036027,-0.076958,0.007898,0.534,7.624,0,0,0,0,,,,0,,0,0
2026-03-27T12:12:10.775,85.287951,REDETECT,0.036027,-0.076958,0.007898,0.534,7.628,0,0,0,0,,,,0,,0,0
2026-03-27T12:12:10.839,85.352458,REDETECT,0.036027,-0.076958,0.007898,0.534,7.630,0,0,0,0,,,,0,,0,0
2026-03-27T12:12:10.877,85.390462,REDETECT,0.036027,-0.076958,0.007898,0.534,7.635,0,0,0,0,,,,0,,0,0
2026-03-27T12:12:10.939,85.452016,REDETECT,0.036027,-0.076958,0.007898,0.534,7.638,0,0,0,0,,,,0,,0,0
2026-03-27T12:12:10.974,85.487576,REDETECT,0.036027,-0.076958,0.007898,0.534,7.645,0,0,0,0,,,,0,,0,0
2026-03-27T12:12:11.038,85.551718,REDETECT,0.036027,-0.076958,0.007898,0.534,7.645,0,0,0,0,,,,0,,0,0
2026-03-27T12:12:11.075,85.588094,REDETECT,0.036027,-0.076958,0.007898,0.534,7.647,0,0,0,0,,,,0,,0,0
2026-03-27T12:12:11.141,85.654524,REDETECT,0.036027,-0.076958,0.007898,0.534,7.644,0,0,0,0,,,,0,,0,0
2026-03-27T12:12:11.211,85.724195,REDETECT,0.036027,-0.076958,0.007898,0.534,7.643,0,0,0,0,,,,0,,0,0
2026-03-27T12:12:11.274,85.787259,REDETECT,0.036027,-0.076958,0.007898,0.534,7.645,0,0,0,0,,,,0,,0,0
2026-03-27T12:12:11.338,85.851405,REDETECT,0.036027,-0.076958,0.007898,0.534,7.653,0,0,0,0,,,,0,,0,0
2026-03-27T12:12:11.374,85.887773,REDETECT,0.036027,-0.076958,0.007898,0.534,7.653,0,0,0,0,,,,0,,0,0
2026-03-27T12:12:11.439,85.952229,REDETECT,0.036027,-0.076958,0.007898,0.534,7.655,0,0,0,0,,,,0,,0,0
2026-03-27T12:12:11.475,85.988328,REDETECT,0.036027,-0.076958,0.007898,0.534,7.659,0,0,0,0,,,,0,,0,0
2026-03-27T12:12:11.538,86.051389,REDETECT,0.036027,-0.076958,0.007898,0.534,7.661,0,0,0,0,,,,0,,0,0
2026-03-27T12:12:11.576,86.089681,REDETECT,0.036027,-0.076958,0.007898,0.534,7.664,0,0,0,0,,,,0,,0,0
2026-03-27T12:12:11.638,86.151691,REDETECT,0.036027,-0.076958,0.007898,0.534,7.664,0,0,0,0,,,,0,,0,0
2026-03-27T12:12:11.675,86.188745,REDETECT,0.036027,-0.076958,0.007898,0.534,7.664,0,0,0,0,,,,0,,0,0
2026-03-27T12:12:11.740,86.253051,REDETECT,0.036027,-0.076958,0.007898,0.534,7.664,0,0,0,0,,,,0,,0,0
2026-03-27T12:12:11.775,86.287910,REDETECT,0.036027,-0.076958,0.007898,0.534,7.662,0,0,0,0,,,,0,,0,0
2026-03-27T12:12:11.838,86.351624,REDETECT,0.036027,-0.076958,0.007898,0.534,7.666,0,0,0,0,,,,0,,0,0
2026-03-27T12:12:11.876,86.389377,REDETECT,0.036027,-0.076958,0.007898,0.534,7.668,0,0,0,0,,,,0,,0,0
2026-03-27T12:12:11.939,86.452514,REDETECT,0.036027,-0.076958,0.007898,0.534,7.662,0,0,0,0,,,,0,,0,0
2026-03-27T12:12:11.976,86.489129,REDETECT,0.036027,-0.076958,0.007898,0.534,7.660,0,0,0,0,,,,0,,0,0
2026-03-27T12:12:12.038,86.551714,REDETECT,0.036027,-0.076958,0.007898,0.534,7.660,0,0,0,0,,,,0,,0,0
2026-03-27T12:12:12.073,86.586030,REDETECT,0.036027,-0.076958,0.007898,0.534,7.660,0,0,0,0,,,,0,,0,0
2026-03-27T12:12:12.140,86.652940,REDETECT,0.036027,-0.076958,0.007898,0.534,7.662,0,0,0,0,,,,0,,0,0
2026-03-27T12:12:12.175,86.688012,REDETECT,0.036027,-0.076958,0.007898,0.534,7.665,0,0,0,0,,,,0,,0,0
2026-03-27T12:12:12.239,86.752522,REDETECT,0.036027,-0.076958,0.007898,0.534,7.667,0,0,0,0,,,,0,,0,0
2026-03-27T12:12:12.275,86.788003,REDETECT,0.036027,-0.076958,0.007898,0.534,7.667,0,0,0,0,,,,0,,0,0
2026-03-27T12:12:12.338,86.851213,REDETECT,0.036027,-0.076958,0.007898,0.534,7.669,0,0,0,0,,,,0,,0,0
2026-03-27T12:12:12.374,86.887820,REDETECT,0.036027,-0.076958,0.007898,0.534,7.669,0,0,0,0,,,,0,,0,0
2026-03-27T12:12:12.438,86.951840,REDETECT,0.036027,-0.076958,0.007898,0.534,7.673,0,0,0,0,,,,0,,0,0
2026-03-27T12:12:12.475,86.988188,REDETECT,0.036027,-0.076958,0.007898,0.534,7.675,0,0,0,0,,,,0,,0,0
2026-03-27T12:12:12.553,87.066533,REDETECT,0.036027,-0.076958,0.007898,0.534,7.671,0,0,0,0,,,,0,,0,0
2026-03-27T12:12:12.592,87.105099,REDETECT,0.036027,-0.076958,0.007898,0.534,7.668,0,0,0,0,,,,0,,0,0
2026-03-27T12:12:12.627,87.140106,REDETECT,0.036027,-0.076958,0.007898,0.534,7.671,0,0,0,0,,,,0,,0,0
2026-03-27T12:12:12.683,87.196084,REDETECT,0.036027,-0.076958,0.007898,0.534,7.673,0,0,0,0,,,,0,,0,0
2026-03-27T12:12:12.737,87.250771,REDETECT,0.036027,-0.076958,0.007898,0.534,7.673,0,0,0,0,,,,0,,0,0
2026-03-27T12:12:12.774,87.287403,REDETECT,0.036027,-0.076958,0.007898,0.534,7.673,0,0,0,0,,,,0,,0,0
2026-03-27T12:12:12.838,87.351444,REDETECT,0.036027,-0.076958,0.007898,0.534,7.675,0,0,0,0,,,,0,,0,0
2026-03-27T12:12:12.873,87.386573,REDETECT,0.036027,-0.076958,0.007898,0.534,7.675,0,0,0,0,,,,0,,0,0
2026-03-27T12:12:12.937,87.450242,REDETECT,0.036027,-0.076958,0.007898,0.534,7.675,0,0,0,0,,,,0,,0,0
2026-03-27T12:12:12.972,87.485521,REDETECT,0.036027,-0.076958,0.007898,0.534,7.673,0,0,0,0,,,,0,,0,0
2026-03-27T12:12:13.036,87.549143,REDETECT,0.036027,-0.076958,0.007898,0.534,7.675,0,0,0,0,,,,0,,0,0
2026-03-27T12:12:13.071,87.584651,REDETECT,0.036027,-0.076958,0.007898,0.534,7.670,0,0,0,0,,,,0,,0,0
2026-03-27T12:12:13.137,87.650442,REDETECT,0.036027,-0.076958,0.007898,0.534,7.666,0,0,0,0,,,,0,,0,0
2026-03-27T12:12:13.172,87.685658,REDETECT,0.036027,-0.076958,0.007898,0.534,7.666,0,0,0,0,,,,0,,0,0
2026-03-27T12:12:13.240,87.753484,REDETECT,0.036027,-0.076958,0.007898,0.534,7.670,0,0,0,0,,,,0,,0,0
2026-03-27T12:12:13.306,87.819211,REDETECT,0.036027,-0.076958,0.007898,0.534,7.666,0,0,0,0,,,,0,,0,0
2026-03-27T12:12:13.339,87.852891,REDETECT,0.036027,-0.076958,0.007898,0.534,7.662,0,0,0,0,,,,0,,0,0
2026-03-27T12:12:13.381,87.894753,REDETECT,0.036027,-0.076958,0.007898,0.534,7.657,0,0,0,0,,,,0,,0,0
2026-03-27T12:12:13.437,87.950282,REDETECT,0.036027,-0.076958,0.007898,0.534,7.656,0,0,0,0,,,,0,,0,0
2026-03-27T12:12:13.474,87.986921,REDETECT,0.036027,-0.076958,0.007898,0.534,7.660,0,0,0,0,,,,0,,0,0
2026-03-27T12:12:13.538,88.050985,REDETECT,0.036027,-0.076958,0.007898,0.534,7.664,0,0,0,0,,,,0,,0,0
2026-03-27T12:12:13.573,88.086825,REDETECT,0.036027,-0.076958,0.007898,0.534,7.666,0,0,0,0,,,,0,,0,0
2026-03-27T12:12:13.636,88.149480,REDETECT,0.036027,-0.076958,0.007898,0.534,7.666,0,0,0,0,,,,0,,0,0
2026-03-27T12:12:13.671,88.184707,REDETECT,0.036027,-0.076958,0.007898,0.534,7.662,0,0,0,0,,,,0,,0,0
2026-03-27T12:12:13.707,88.220577,REDETECT,0.036027,-0.076958,0.007898,0.534,7.657,0,0,0,0,,,,0,,0,0
2026-03-27T12:12:13.773,88.286874,REDETECT,0.036027,-0.076958,0.007898,0.534,7.659,0,0,0,0,,,,0,,0,0
2026-03-27T12:12:13.838,88.351105,REDETECT,0.036027,-0.076958,0.007898,0.534,7.661,0,0,0,0,,,,0,,0,0
2026-03-27T12:12:13.873,88.386252,REDETECT,0.036027,-0.076958,0.007898,0.534,7.664,0,0,0,0,,,,0,,0,0
2026-03-27T12:12:13.938,88.451252,REDETECT,0.036027,-0.076958,0.007898,0.534,7.664,0,0,0,0,,,,0,,0,0
2026-03-27T12:12:13.971,88.484699,REDETECT,0.036027,-0.076958,0.007898,0.534,7.662,0,0,0,0,,,,0,,0,0
2026-03-27T12:12:14.038,88.551594,REDETECT,0.036027,-0.076958,0.007898,0.534,7.657,0,0,0,0,,,,0,,0,0
2026-03-27T12:12:14.074,88.587274,REDETECT,0.036027,-0.076958,0.007898,0.534,7.662,0,0,0,0,,,,0,,0,0
2026-03-27T12:12:14.138,88.651401,REDETECT,0.036027,-0.076958,0.007898,0.534,7.668,0,0,0,0,,,,0,,0,0
2026-03-27T12:12:14.174,88.687199,REDETECT,0.036027,-0.076958,0.007898,0.534,7.670,0,0,0,0,,,,0,,0,0
2026-03-27T12:12:14.237,88.750129,REDETECT,0.036027,-0.076958,0.007898,0.534,7.670,0,0,0,0,,,,0,,0,0
2026-03-27T12:12:14.273,88.786015,REDETECT,0.036027,-0.076958,0.007898,0.534,7.668,0,0,0,0,,,,0,,0,0
2026-03-27T12:12:14.338,88.851815,REDETECT,0.036027,-0.076958,0.007898,0.534,7.662,0,0,0,0,,,,0,,0,0
2026-03-27T12:12:14.373,88.886393,REDETECT,0.036027,-0.076958,0.007898,0.534,7.662,0,0,0,0,,,,0,,0,0
2026-03-27T12:12:14.440,88.953586,REDETECT,0.036027,-0.076958,0.007898,0.534,7.674,0,0,0,0,,,,0,,0,0
2026-03-27T12:12:14.482,88.995873,REDETECT,0.036027,-0.076958,0.007898,0.534,7.679,0,0,0,0,,,,0,,0,0
2026-03-27T12:12:14.539,89.051953,REDETECT,0.036027,-0.076958,0.007898,0.534,7.681,0,0,0,0,,,,0,,0,0
2026-03-27T12:12:14.582,89.095253,REDETECT,0.036027,-0.076958,0.007898,0.534,7.678,0,0,0,0,,,,0,,0,0
2026-03-27T12:12:14.652,89.165157,REDETECT,0.036027,-0.076958,0.007898,0.534,7.681,0,0,0,0,,,,0,,0,0
2026-03-27T12:12:14.707,89.220724,REDETECT,0.036027,-0.076958,0.007898,0.534,7.679,0,0,0,0,,,,0,,0,0
2026-03-27T12:12:14.743,89.256505,REDETECT,0.036027,-0.076958,0.007898,0.534,7.677,0,0,0,0,,,,0,,0,0
2026-03-27T12:12:14.805,89.318649,REDETECT,0.036027,-0.076958,0.007898,0.534,7.675,0,0,0,0,,,,0,,0,0
2026-03-27T12:12:14.840,89.352990,REDETECT,0.036027,-0.076958,0.007898,0.534,7.679,0,0,0,0,,,,0,,0,0
2026-03-27T12:12:14.875,89.388898,REDETECT,0.036027,-0.076958,0.007898,0.534,7.677,0,0,0,0,,,,0,,0,0
2026-03-27T12:12:14.938,89.451587,REDETECT,0.036027,-0.076958,0.007898,0.534,7.677,0,0,0,0,,,,0,,0,0
2026-03-27T12:12:14.981,89.494204,REDETECT,0.036027,-0.076958,0.007898,0.534,7.677,0,0,0,0,,,,0,,0,0
2026-03-27T12:12:15.024,89.537526,REDETECT,0.036027,-0.076958,0.007898,0.534,7.680,0,0,0,0,,,,0,,0,0
2026-03-27T12:12:15.076,89.589464,REDETECT,0.036027,-0.076958,0.007898,0.534,7.683,0,0,0,0,,,,0,,0,0
2026-03-27T12:12:15.138,89.651826,REDETECT,0.036027,-0.076958,0.007898,0.534,7.685,0,0,0,0,,,,0,,0,0
2026-03-27T12:12:15.176,89.689681,REDETECT,0.036027,-0.076958,0.007898,0.534,7.682,0,0,0,0,,,,0,,0,0
2026-03-27T12:12:15.239,89.752426,REDETECT,0.036027,-0.076958,0.007898,0.534,7.682,0,0,0,0,,,,0,,0,0
2026-03-27T12:12:15.274,89.787538,REDETECT,0.036027,-0.076958,0.007898,0.534,7.682,0,0,0,0,,,,0,,0,0
2026-03-27T12:12:15.308,89.821884,REDETECT,0.036027,-0.076958,0.007898,0.534,7.684,0,0,0,0,,,,0,,0,0
2026-03-27T12:12:15.376,89.889763,REDETECT,0.036027,-0.076958,0.007898,0.534,7.689,0,0,0,0,,,,0,,0,0
2026-03-27T12:12:15.439,89.952603,REDETECT,0.036027,-0.076958,0.007898,0.534,7.694,0,0,0,0,,,,0,,0,0
2026-03-27T12:12:15.476,89.989263,REDETECT,0.036027,-0.076958,0.007898,0.534,7.692,0,0,0,0,,,,0,,0,0
2026-03-27T12:12:15.551,90.063932,REDETECT,0.036027,-0.076958,0.007898,0.534,7.689,0,0,0,0,,,,0,,0,0
2026-03-27T12:12:15.587,90.100473,REDETECT,0.036027,-0.076958,0.007898,0.534,7.690,0,0,0,0,,,,0,,0,0
2026-03-27T12:12:15.642,90.155706,REDETECT,0.036027,-0.076958,0.007898,0.534,7.692,0,0,0,0,,,,0,,0,0
2026-03-27T12:12:15.676,90.189710,REDETECT,0.036027,-0.076958,0.007898,0.534,7.692,0,0,0,0,,,,0,,0,0
2026-03-27T12:12:15.740,90.252950,REDETECT,0.036027,-0.076958,0.007898,0.534,7.692,0,0,0,0,,,,0,,0,0
2026-03-27T12:12:15.779,90.292433,REDETECT,0.036027,-0.076958,0.007898,0.534,7.692,0,0,0,0,,,,0,,0,0
2026-03-27T12:12:15.827,90.340726,REDETECT,0.036027,-0.076958,0.007898,0.534,7.689,0,0,0,0,,,,0,,0,0
2026-03-27T12:12:15.893,90.406467,REDETECT,0.036027,-0.076958,0.007898,0.534,7.691,0,0,0,0,,,,0,,0,0
2026-03-27T12:12:15.946,90.459481,REDETECT,0.036027,-0.076958,0.007898,0.534,7.688,0,0,0,0,,,,0,,0,0
2026-03-27T12:12:16.009,90.522388,REDETECT,0.036027,-0.076958,0.007898,0.534,7.690,0,0,0,0,,,,0,,0,0
2026-03-27T12:12:16.077,90.589911,REDETECT,0.036027,-0.076958,0.007898,0.534,7.692,0,0,0,0,,,,0,,0,0
2026-03-27T12:12:16.140,90.653209,REDETECT,0.036027,-0.076958,0.007898,0.534,7.690,0,0,0,0,,,,0,,0,0
2026-03-27T12:12:16.185,90.698302,REDETECT,0.036027,-0.076958,0.007898,0.534,7.693,0,0,0,0,,,,0,,0,0
2026-03-27T12:12:16.247,90.759911,REDETECT,0.036027,-0.076958,0.007898,0.534,7.696,0,0,0,0,,,,0,,0,0
2026-03-27T12:12:16.312,90.825187,REDETECT,0.036027,-0.076958,0.007898,0.534,7.698,0,0,0,0,,,,0,,0,0
2026-03-27T12:12:16.376,90.889746,REDETECT,0.036027,-0.076958,0.007898,0.534,7.694,0,0,0,0,,,,0,,0,0
2026-03-27T12:12:16.414,90.927599,REDETECT,0.036027,-0.076958,0.007898,0.534,7.696,0,0,0,0,,,,0,,0,0
2026-03-27T12:12:16.475,90.988650,REDETECT,0.036027,-0.076958,0.007898,0.534,7.699,0,0,0,0,,,,0,,0,0
2026-03-27T12:12:16.539,91.051929,REDETECT,0.036027,-0.076958,0.007898,0.534,7.697,0,0,0,0,,,,0,,0,0
2026-03-27T12:12:16.577,91.089903,REDETECT,0.036027,-0.076958,0.007898,0.534,7.697,0,0,0,0,,,,0,,0,0
2026-03-27T12:12:16.637,91.150897,REDETECT,0.036027,-0.076958,0.007898,0.534,7.706,0,0,0,0,,,,0,,0,0
2026-03-27T12:12:16.675,91.188410,REDETECT,0.036027,-0.076958,0.007898,0.534,7.708,0,0,0,0,,,,0,,0,0
2026-03-27T12:12:16.737,91.250019,REDETECT,0.036027,-0.076958,0.007898,0.534,7.712,0,0,0,0,,,,0,,0,0
2026-03-27T12:12:16.777,91.290815,REDETECT,0.036027,-0.076958,0.007898,0.534,7.707,0,0,0,0,,,,0,,0,0
2026-03-27T12:12:16.838,91.351834,REDETECT,0.036027,-0.076958,0.007898,0.534,7.704,0,0,0,0,,,,0,,0,0
2026-03-27T12:12:16.877,91.390730,REDETECT,0.036027,-0.076958,0.007898,0.534,7.708,0,0,0,0,,,,0,,0,0
2026-03-27T12:12:16.943,91.456128,REDETECT,0.036027,-0.076958,0.007898,0.534,7.711,0,0,0,0,,,,0,,0,0
2026-03-27T12:12:17.006,91.519088,REDETECT,0.036027,-0.076958,0.007898,0.534,7.713,0,0,0,0,,,,0,,0,0
2026-03-27T12:12:17.073,91.586087,REDETECT,0.036027,-0.076958,0.007898,0.534,7.721,0,0,0,0,,,,0,,0,0
2026-03-27T12:12:17.136,91.649584,REDETECT,0.036027,-0.076958,0.007898,0.534,7.723,0,0,0,0,,,,0,,0,0
2026-03-27T12:12:17.173,91.685954,REDETECT,0.036027,-0.076958,0.007898,0.534,7.721,0,0,0,0,,,,0,,0,0
2026-03-27T12:12:17.236,91.748954,REDETECT,0.036027,-0.076958,0.007898,0.534,7.726,0,0,0,0,,,,0,,0,0
2026-03-27T12:12:17.273,91.785928,REDETECT,0.036027,-0.076958,0.007898,0.534,7.729,0,0,0,0,,,,0,,0,0
2026-03-27T12:12:17.336,91.849708,REDETECT,0.036027,-0.076958,0.007898,0.534,7.725,0,0,0,0,,,,0,,0,0
2026-03-27T12:12:17.372,91.885470,REDETECT,0.036027,-0.076958,0.007898,0.534,7.725,0,0,0,0,,,,0,,0,0
2026-03-27T12:12:17.437,91.950339,REDETECT,0.036027,-0.076958,0.007898,0.534,7.725,0,0,0,0,,,,0,,0,0
2026-03-27T12:12:17.473,91.986461,REDETECT,0.036027,-0.076958,0.007898,0.534,7.725,0,0,0,0,,,,0,,0,0
2026-03-27T12:12:17.536,92.049669,REDETECT,0.036027,-0.076958,0.007898,0.534,7.723,0,0,0,0,,,,0,,0,0
2026-03-27T12:12:17.575,92.088181,REDETECT,0.036027,-0.076958,0.007898,0.534,7.721,0,0,0,0,,,,0,,0,0
2026-03-27T12:12:17.637,92.150050,REDETECT,0.036027,-0.076958,0.007898,0.534,7.721,0,0,0,0,,,,0,,0,0
2026-03-27T12:12:17.674,92.187826,REDETECT,0.036027,-0.076958,0.007898,0.534,7.718,0,0,0,0,,,,0,,0,0
2026-03-27T12:12:17.737,92.250653,REDETECT,0.036027,-0.076958,0.007898,0.534,7.720,0,0,0,0,,,,0,,0,0
2026-03-27T12:12:17.774,92.287770,REDETECT,0.036027,-0.076958,0.007898,0.534,7.718,0,0,0,0,,,,0,,0,0
2026-03-27T12:12:17.838,92.351655,REDETECT,0.036027,-0.076958,0.007898,0.534,7.720,0,0,0,0,,,,0,,0,0
2026-03-27T12:12:17.874,92.387844,REDETECT,0.036027,-0.076958,0.007898,0.534,7.724,0,0,0,0,,,,0,,0,0
2026-03-27T12:12:17.920,92.432918,REDETECT,0.036027,-0.076958,0.007898,0.534,7.727,0,0,0,0,,,,0,,0,0
2026-03-27T12:12:17.977,92.490480,REDETECT,0.036027,-0.076958,0.007898,0.534,7.727,0,0,0,0,,,,0,,0,0
2026-03-27T12:12:18.040,92.553241,REDETECT,0.036027,-0.076958,0.007898,0.534,7.727,0,0,0,0,,,,0,,0,0
2026-03-27T12:12:18.077,92.590087,REDETECT,0.036027,-0.076958,0.007898,0.534,7.734,0,0,0,0,,,,0,,0,0
2026-03-27T12:12:18.141,92.654539,REDETECT,0.036027,-0.076958,0.007898,0.534,7.734,0,0,0,0,,,,0,,0,0
2026-03-27T12:12:18.184,92.696903,REDETECT,0.036027,-0.076958,0.007898,0.534,7.734,0,0,0,0,,,,0,,0,0
2026-03-27T12:12:18.239,92.752233,REDETECT,0.036027,-0.076958,0.007898,0.534,7.735,0,0,0,0,,,,0,,0,0
2026-03-27T12:12:18.279,92.791909,REDETECT,0.036027,-0.076958,0.007898,0.534,7.735,0,0,0,0,,,,0,,0,0
2026-03-27T12:12:18.338,92.851698,REDETECT,0.036027,-0.076958,0.007898,0.534,7.742,0,0,0,0,,,,0,,0,0
2026-03-27T12:12:18.375,92.888321,REDETECT,0.036027,-0.076958,0.007898,0.534,7.738,0,0,0,0,,,,0,,0,0
2026-03-27T12:12:18.443,92.955910,REDETECT,0.036027,-0.076958,0.007898,0.534,7.742,0,0,0,0,,,,0,,0,0
2026-03-27T12:12:18.477,92.990786,REDETECT,0.036027,-0.076958,0.007898,0.534,7.744,0,0,0,0,,,,0,,0,0
2026-03-27T12:12:18.552,93.065438,REDETECT,0.036027,-0.076958,0.007898,0.534,7.742,0,0,0,0,,,,0,,0,0
2026-03-27T12:12:18.617,93.130401,REDETECT,0.036027,-0.076958,0.007898,0.534,7.745,0,0,0,0,,,,0,,0,0
2026-03-27T12:12:18.681,93.194422,REDETECT,0.036027,-0.076958,0.007898,0.534,7.743,0,0,0,0,,,,0,,0,0
2026-03-27T12:12:18.741,93.254617,REDETECT,0.036027,-0.076958,0.007898,0.534,7.744,0,0,0,0,,,,0,,0,0
2026-03-27T12:12:18.807,93.320166,REDETECT,0.036027,-0.076958,0.007898,0.534,7.744,0,0,0,0,,,,0,,0,0
2026-03-27T12:12:18.874,93.387614,REDETECT,0.036027,-0.076958,0.007898,0.534,7.744,0,0,0,0,,,,0,,0,0
2026-03-27T12:12:18.938,93.451844,REDETECT,0.036027,-0.076958,0.007898,0.534,7.742,0,0,0,0,,,,0,,0,0
2026-03-27T12:12:19.006,93.519830,REDETECT,0.036027,-0.076958,0.007898,0.534,7.742,0,0,0,0,,,,0,,0,0
2026-03-27T12:12:19.072,93.584924,REDETECT,0.036027,-0.076958,0.007898,0.534,7.741,0,0,0,0,,,,0,,0,0
2026-03-27T12:12:19.105,93.618591,REDETECT,0.036027,-0.076958,0.007898,0.534,7.739,0,0,0,0,,,,0,,0,0
2026-03-27T12:12:19.174,93.687657,REDETECT,0.036027,-0.076958,0.007898,0.534,7.742,0,0,0,0,,,,0,,0,0
2026-03-27T12:12:19.236,93.749346,REDETECT,0.036027,-0.076958,0.007898,0.534,7.741,0,0,0,0,,,,0,,0,0
2026-03-27T12:12:19.273,93.786237,REDETECT,0.036027,-0.076958,0.007898,0.534,7.743,0,0,0,0,,,,0,,0,0
2026-03-27T12:12:19.306,93.819854,REDETECT,0.036027,-0.076958,0.007898,0.534,7.743,0,0,0,0,,,,0,,0,0
2026-03-27T12:12:19.372,93.884938,REDETECT,0.036027,-0.076958,0.007898,0.534,7.743,0,0,0,0,,,,0,,0,0
2026-03-27T12:12:19.438,93.951160,REDETECT,0.036027,-0.076958,0.007898,0.534,7.741,0,0,0,0,,,,0,,0,0
2026-03-27T12:12:19.477,93.990549,REDETECT,0.036027,-0.076958,0.007898,0.534,7.738,0,0,0,0,,,,0,,0,0
2026-03-27T12:12:19.547,94.060482,REDETECT,0.036027,-0.076958,0.007898,0.534,7.739,0,0,0,0,,,,0,,0,0
2026-03-27T12:12:19.608,94.120954,REDETECT,0.036027,-0.076958,0.007898,0.534,7.741,0,0,0,0,,,,0,,0,0
2026-03-27T12:12:19.671,94.184524,REDETECT,0.036027,-0.076958,0.007898,0.534,7.745,0,0,0,0,,,,0,,0,0
2026-03-27T12:12:19.725,94.238370,REDETECT,0.036027,-0.076958,0.007898,0.534,7.745,0,0,0,0,,,,0,,0,0
2026-03-27T12:12:19.780,94.292943,REDETECT,0.036027,-0.076958,0.007898,0.534,7.750,0,0,0,0,,,,0,,0,0
2026-03-27T12:12:19.840,94.353852,REDETECT,0.036027,-0.076958,0.007898,0.534,7.757,0,0,0,0,,,,0,,0,0
2026-03-27T12:12:19.896,94.409217,REDETECT,0.036027,-0.076958,0.007898,0.534,7.757,0,0,0,0,,,,0,,0,0
2026-03-27T12:12:19.951,94.464051,REDETECT,0.036027,-0.076958,0.007898,0.534,7.758,0,0,0,0,,,,0,,0,0
2026-03-27T12:12:20.008,94.521502,REDETECT,0.036027,-0.076958,0.007898,0.534,7.763,0,0,0,0,,,,0,,0,0
2026-03-27T12:12:20.075,94.588071,REDETECT,0.036027,-0.076958,0.007898,0.534,7.759,0,0,0,0,,,,0,,0,0
2026-03-27T12:12:20.108,94.621481,REDETECT,0.036027,-0.076958,0.007898,0.534,7.761,0,0,0,0,,,,0,,0,0
2026-03-27T12:12:20.142,94.655489,REDETECT,0.036027,-0.076958,0.007898,0.534,7.761,0,0,0,0,,,,0,,0,0
2026-03-27T12:12:20.179,94.692683,REDETECT,0.036027,-0.076958,0.007898,0.534,7.759,0,0,0,0,,,,0,,0,0
2026-03-27T12:12:20.239,94.752821,REDETECT,0.036027,-0.076958,0.007898,0.534,7.757,0,0,0,0,,,,0,,0,0
2026-03-27T12:12:20.276,94.789729,REDETECT,0.036027,-0.076958,0.007898,0.534,7.757,0,0,0,0,,,,0,,0,0
2026-03-27T12:12:20.316,94.829088,REDETECT,0.036027,-0.076958,0.007898,0.534,7.760,0,0,0,0,,,,0,,0,0
2026-03-27T12:12:20.385,94.898644,REDETECT,0.036027,-0.076958,0.007898,0.534,7.757,0,0,0,0,,,,0,,0,0
2026-03-27T12:12:20.425,94.938593,REDETECT,0.036027,-0.076958,0.007898,0.534,7.757,0,0,0,0,,,,0,,0,0
2026-03-27T12:12:20.479,94.992409,REDETECT,0.036027,-0.076958,0.007898,0.534,7.756,0,0,0,0,,,,0,,0,0
2026-03-27T12:12:20.540,95.052946,REDETECT,0.036027,-0.076958,0.007898,0.534,7.756,0,0,0,0,,,,0,,0,0
2026-03-27T12:12:20.578,95.091004,REDETECT,0.036027,-0.076958,0.007898,0.534,7.758,0,0,0,0,,,,0,,0,0
2026-03-27T12:12:20.615,95.128188,REDETECT,0.036027,-0.076958,0.007898,0.534,7.756,0,0,0,0,,,,0,,0,0
2026-03-27T12:12:20.660,95.173421,REDETECT,0.036027,-0.076958,0.007898,0.534,7.756,0,0,0,0,,,,0,,0,0
2026-03-27T12:12:20.706,95.219452,REDETECT,0.036027,-0.076958,0.007898,0.534,7.755,0,0,0,0,,,,0,,0,0
2026-03-27T12:12:20.740,95.253057,REDETECT,0.036027,-0.076958,0.007898,0.534,7.755,0,0,0,0,,,,0,,0,0
2026-03-27T12:12:20.777,95.290667,REDETECT,0.036027,-0.076958,0.007898,0.534,7.755,0,0,0,0,,,,0,,0,0
2026-03-27T12:12:20.842,95.355552,REDETECT,0.036027,-0.076958,0.007898,0.534,7.754,0,0,0,0,,,,0,,0,0
2026-03-27T12:12:20.884,95.397640,REDETECT,0.036027,-0.076958,0.007898,0.534,7.757,0,0,0,0,,,,0,,0,0
2026-03-27T12:12:20.953,95.466620,REDETECT,0.036027,-0.076958,0.007898,0.534,7.753,0,0,0,0,,,,0,,0,0
2026-03-27T12:12:20.992,95.505573,REDETECT,0.036027,-0.076958,0.007898,0.534,7.750,0,0,0,0,,,,0,,0,0
2026-03-27T12:12:21.044,95.557761,REDETECT,0.036027,-0.076958,0.007898,0.534,7.747,0,0,0,0,,,,0,,0,0
2026-03-27T12:12:21.096,95.609776,REDETECT,0.036027,-0.076958,0.007898,0.534,7.749,0,0,0,0,,,,0,,0,0
2026-03-27T12:12:21.140,95.653776,REDETECT,0.036027,-0.076958,0.007898,0.534,7.752,0,0,0,0,,,,0,,0,0
2026-03-27T12:12:21.178,95.691691,REDETECT,0.036027,-0.076958,0.007898,0.534,7.756,0,0,0,0,,,,0,,0,0
2026-03-27T12:12:21.237,95.750533,REDETECT,0.036027,-0.076958,0.007898,0.534,7.754,0,0,0,0,,,,0,,0,0
2026-03-27T12:12:21.275,95.788616,REDETECT,0.036027,-0.076958,0.007898,0.534,7.754,0,0,0,0,,,,0,,0,0
2026-03-27T12:12:21.339,95.852175,REDETECT,0.036027,-0.076958,0.007898,0.534,7.754,0,0,0,0,,,,0,,0,0
2026-03-27T12:12:21.373,95.886149,REDETECT,0.036027,-0.076958,0.007898,0.534,7.754,0,0,0,0,,,,0,,0,0
2026-03-27T12:12:21.437,95.950128,REDETECT,0.036027,-0.076958,0.007898,0.534,7.754,0,0,0,0,,,,0,,0,0
2026-03-27T12:12:21.473,95.986416,REDETECT,0.036027,-0.076958,0.007898,0.534,7.758,0,0,0,0,,,,0,,0,0
2026-03-27T12:12:21.536,96.049545,REDETECT,0.036027,-0.076958,0.007898,0.534,7.762,0,0,0,0,,,,0,,0,0
2026-03-27T12:12:21.577,96.090073,REDETECT,0.036027,-0.076958,0.007898,0.534,7.762,0,0,0,0,,,,0,,0,0
2026-03-27T12:12:21.636,96.149438,REDETECT,0.036027,-0.076958,0.007898,0.534,7.766,0,0,0,0,,,,0,,0,0
2026-03-27T12:12:21.674,96.187828,REDETECT,0.036027,-0.076958,0.007898,0.534,7.773,0,0,0,0,,,,0,,0,0
2026-03-27T12:12:21.738,96.251044,REDETECT,0.036027,-0.076958,0.007898,0.534,7.773,0,0,0,0,,,,0,,0,0
2026-03-27T12:12:21.773,96.286894,REDETECT,0.036027,-0.076958,0.007898,0.534,7.775,0,0,0,0,,,,0,,0,0
2026-03-27T12:12:21.829,96.342079,REDETECT,0.036027,-0.076958,0.007898,0.534,7.775,0,0,0,0,,,,0,,0,0
2026-03-27T12:12:21.867,96.380303,REDETECT,0.036027,-0.076958,0.007898,0.534,7.775,0,0,0,0,,,,0,,0,0
2026-03-27T12:12:21.906,96.419544,REDETECT,0.036027,-0.076958,0.007898,0.534,7.777,0,0,0,0,,,,0,,0,0
2026-03-27T12:12:21.955,96.468373,REDETECT,0.036027,-0.076958,0.007898,0.534,7.775,0,0,0,0,,,,0,,0,0
2026-03-27T12:12:22.011,96.524707,REDETECT,0.036027,-0.076958,0.007898,0.534,7.780,0,0,0,0,,,,0,,0,0
2026-03-27T12:12:22.077,96.590146,REDETECT,0.036027,-0.076958,0.007898,0.534,7.792,0,0,0,0,,,,0,,0,0
2026-03-27T12:12:22.137,96.650221,REDETECT,0.036027,-0.076958,0.007898,0.534,7.798,0,0,0,0,,,,0,,0,0
2026-03-27T12:12:22.174,96.687504,REDETECT,0.036027,-0.076958,0.007898,0.534,7.795,0,0,0,0,,,,0,,0,0
2026-03-27T12:12:22.236,96.749639,REDETECT,0.036027,-0.076958,0.007898,0.534,7.792,0,0,0,0,,,,0,,0,0
2026-03-27T12:12:22.273,96.786668,REDETECT,0.036027,-0.076958,0.007898,0.534,7.792,0,0,0,0,,,,0,,0,0
2026-03-27T12:12:22.336,96.849032,REDETECT,0.036027,-0.076958,0.007898,0.534,7.797,0,0,0,0,,,,0,,0,0
2026-03-27T12:12:22.373,96.886295,REDETECT,0.036027,-0.076958,0.007898,0.534,7.802,0,0,0,0,,,,0,,0,0
2026-03-27T12:12:22.413,96.926726,REDETECT,0.036027,-0.076958,0.007898,0.534,7.799,0,0,0,0,,,,0,,0,0
2026-03-27T12:12:22.475,96.988276,REDETECT,0.036027,-0.076958,0.007898,0.534,7.798,0,0,0,0,,,,0,,0,0
2026-03-27T12:12:22.541,97.054526,REDETECT,0.036027,-0.076958,0.007898,0.534,7.798,0,0,0,0,,,,0,,0,0
2026-03-27T12:12:22.579,97.092223,REDETECT,0.036027,-0.076958,0.007898,0.534,7.795,0,0,0,0,,,,0,,0,0
2026-03-27T12:12:22.640,97.153324,REDETECT,0.036027,-0.076958,0.007898,0.534,7.797,0,0,0,0,,,,0,,0,0
2026-03-27T12:12:22.676,97.189081,REDETECT,0.036027,-0.076958,0.007898,0.534,7.802,0,0,0,0,,,,0,,0,0
2026-03-27T12:12:22.743,97.255972,REDETECT,0.036027,-0.076958,0.007898,0.534,7.802,0,0,0,0,,,,0,,0,0
2026-03-27T12:12:22.820,97.332914,REDETECT,0.036027,-0.076958,0.007898,0.534,7.800,0,0,0,0,,,,0,,0,0
2026-03-27T12:12:22.876,97.389613,REDETECT,0.036027,-0.076958,0.007898,0.534,7.800,0,0,0,0,,,,0,,0,0
2026-03-27T12:12:22.941,97.454881,REDETECT,0.036027,-0.076958,0.007898,0.534,7.804,0,0,0,0,,,,0,,0,0
2026-03-27T12:12:22.976,97.489757,REDETECT,0.036027,-0.076958,0.007898,0.534,7.806,0,0,0,0,,,,0,,0,0
2026-03-27T12:12:23.016,97.528951,REDETECT,0.036027,-0.076958,0.007898,0.534,7.803,0,0,0,0,,,,0,,0,0
2026-03-27T12:12:23.080,97.592930,REDETECT,0.036027,-0.076958,0.007898,0.534,7.800,0,0,0,0,,,,0,,0,0
2026-03-27T12:12:23.123,97.635995,REDETECT,0.036027,-0.076958,0.007898,0.534,7.794,0,0,0,0,,,,0,,0,0
2026-03-27T12:12:23.212,97.724910,REDETECT,0.036027,-0.076958,0.007898,0.534,7.794,0,0,0,0,,,,0,,0,0
2026-03-27T12:12:23.285,97.798200,REDETECT,0.036027,-0.076958,0.007898,0.534,7.796,0,0,0,0,,,,0,,0,0
2026-03-27T12:12:23.354,97.866975,REDETECT,0.036027,-0.076958,0.007898,0.534,7.794,0,0,0,0,,,,0,,0,0
2026-03-27T12:12:23.391,97.904513,REDETECT,0.036027,-0.076958,0.007898,0.534,7.796,0,0,0,0,,,,0,,0,0
2026-03-27T12:12:23.448,97.960977,REDETECT,0.036027,-0.076958,0.007898,0.534,7.802,0,0,0,0,,,,0,,0,0
2026-03-27T12:12:23.490,98.003526,REDETECT,0.036027,-0.076958,0.007898,0.534,7.802,0,0,0,0,,,,0,,0,0
2026-03-27T12:12:23.540,98.053136,REDETECT,0.036027,-0.076958,0.007898,0.534,7.799,0,0,0,0,,,,0,,0,0
2026-03-27T12:12:23.576,98.089610,REDETECT,0.036027,-0.076958,0.007898,0.534,7.799,0,0,0,0,,,,0,,0,0
2026-03-27T12:12:23.638,98.150948,REDETECT,0.036027,-0.076958,0.007898,0.534,7.803,0,0,0,0,,,,0,,0,0
2026-03-27T12:12:23.674,98.187797,REDETECT,0.036027,-0.076958,0.007898,0.534,7.803,0,0,0,0,,,,0,,0,0
2026-03-27T12:12:23.709,98.222499,REDETECT,0.036027,-0.076958,0.007898,0.534,7.803,0,0,0,0,,,,0,,0,0
2026-03-27T12:12:23.776,98.289101,REDETECT,0.036027,-0.076958,0.007898,0.534,7.803,0,0,0,0,,,,0,,0,0
2026-03-27T12:12:23.845,98.358476,REDETECT,0.036027,-0.076958,0.007898,0.534,7.810,0,0,0,0,,,,0,,0,0
2026-03-27T12:12:23.918,98.431023,REDETECT,0.036027,-0.076958,0.007898,0.534,7.805,0,0,0,0,,,,0,,0,0
2026-03-27T12:12:23.978,98.491349,REDETECT,0.036027,-0.076958,0.007898,0.534,7.815,0,0,0,0,,,,0,,0,0
2026-03-27T12:12:24.045,98.558556,REDETECT,0.036027,-0.076958,0.007898,0.534,7.813,0,0,0,0,,,,0,,0,0
2026-03-27T12:12:24.107,98.620756,REDETECT,0.036027,-0.076958,0.007898,0.534,7.813,0,0,0,0,,,,0,,0,0
2026-03-27T12:12:24.177,98.690524,REDETECT,0.036027,-0.076958,0.007898,0.534,7.811,0,0,0,0,,,,0,,0,0
2026-03-27T12:12:24.212,98.724988,REDETECT,0.036027,-0.076958,0.007898,0.534,7.815,0,0,0,0,,,,0,,0,0
2026-03-27T12:12:24.274,98.787297,REDETECT,0.036027,-0.076958,0.007898,0.534,7.824,0,0,0,0,,,,0,,0,0
2026-03-27T12:12:24.337,98.850325,REDETECT,0.036027,-0.076958,0.007898,0.534,7.822,0,0,0,0,,,,0,,0,0
2026-03-27T12:12:24.372,98.885212,REDETECT,0.036027,-0.076958,0.007898,0.534,7.828,0,0,0,0,,,,0,,0,0
2026-03-27T12:12:24.437,98.949997,REDETECT,0.036027,-0.076958,0.007898,0.534,7.830,0,0,0,0,,,,0,,0,0
2026-03-27T12:12:24.471,98.984836,REDETECT,0.036027,-0.076958,0.007898,0.534,7.824,0,0,0,0,,,,0,,0,0
2026-03-27T12:12:24.536,99.049740,REDETECT,0.036027,-0.076958,0.007898,0.534,7.816,0,0,0,0,,,,0,,0,0
2026-03-27T12:12:24.573,99.086260,REDETECT,0.036027,-0.076958,0.007898,0.534,7.816,0,0,0,0,,,,0,,0,0
2026-03-27T12:12:24.637,99.150646,REDETECT,0.036027,-0.076958,0.007898,0.534,7.816,0,0,0,0,,,,0,,0,0
2026-03-27T12:12:24.675,99.188276,REDETECT,0.036027,-0.076958,0.007898,0.534,7.818,0,0,0,0,,,,0,,0,0
2026-03-27T12:12:24.742,99.255017,REDETECT,0.036027,-0.076958,0.007898,0.534,7.818,0,0,0,0,,,,0,,0,0
2026-03-27T12:12:24.803,99.316892,REDETECT,0.036027,-0.076958,0.007898,0.534,7.816,0,0,0,0,,,,0,,0,0
2026-03-27T12:12:24.837,99.350653,REDETECT,0.036027,-0.076958,0.007898,0.534,7.810,0,0,0,0,,,,0,,0,0
2026-03-27T12:12:24.874,99.386951,REDETECT,0.036027,-0.076958,0.007898,0.534,7.810,0,0,0,0,,,,0,,0,0
2026-03-27T12:12:24.938,99.451427,REDETECT,0.036027,-0.076958,0.007898,0.534,7.794,0,0,0,0,,,,0,,0,0
2026-03-27T12:12:24.975,99.488452,REDETECT,0.036027,-0.076958,0.007898,0.534,7.796,0,0,0,0,,,,0,,0,0
2026-03-27T12:12:25.036,99.549355,REDETECT,0.036027,-0.076958,0.007898,0.534,7.795,0,0,0,0,,,,0,,0,0
2026-03-27T12:12:25.071,99.584787,REDETECT,0.036027,-0.076958,0.007898,0.534,7.801,0,0,0,0,,,,0,,0,0
2026-03-27T12:12:25.107,99.620895,REDETECT,0.036027,-0.076958,0.007898,0.534,7.799,0,0,0,0,,,,0,,0,0
2026-03-27T12:12:25.174,99.687187,REDETECT,0.036027,-0.076958,0.007898,0.534,7.795,0,0,0,0,,,,0,,0,0
2026-03-27T12:12:25.236,99.749804,REDETECT,0.036027,-0.076958,0.007898,0.534,7.795,0,0,0,0,,,,0,,0,0
2026-03-27T12:12:25.273,99.786066,REDETECT,0.036027,-0.076958,0.007898,0.534,7.795,0,0,0,0,,,,0,,0,0
2026-03-27T12:12:25.338,99.851178,REDETECT,0.036027,-0.076958,0.007898,0.534,7.795,0,0,0,0,,,,0,,0,0
2026-03-27T12:12:25.374,99.887530,REDETECT,0.036027,-0.076958,0.007898,0.534,7.790,0,0,0,0,,,,0,,0,0
2026-03-27T12:12:25.436,99.949008,REDETECT,0.036027,-0.076958,0.007898,0.534,7.794,0,0,0,0,,,,0,,0,0
2026-03-27T12:12:25.470,99.983070,REDETECT,0.036027,-0.076958,0.007898,0.534,7.798,0,0,0,0,,,,0,,0,0
2026-03-27T12:12:25.504,100.017721,REDETECT,0.036027,-0.076958,0.007898,0.534,7.798,0,0,0,0,,,,0,,0,0
2026-03-27T12:12:25.573,100.086338,REDETECT,0.036027,-0.076958,0.007898,0.534,7.800,0,0,0,0,,,,0,,0,0
2026-03-27T12:12:25.636,100.149719,REDETECT,0.036027,-0.076958,0.007898,0.534,7.804,0,0,0,0,,,,0,,0,0
2026-03-27T12:12:25.676,100.189104,REDETECT,0.036027,-0.076958,0.007898,0.534,7.802,0,0,0,0,,,,0,,0,0
2026-03-27T12:12:25.712,100.225077,REDETECT,0.036027,-0.076958,0.007898,0.534,7.797,0,0,0,0,,,,0,,0,0
2026-03-27T12:12:25.770,100.283612,REDETECT,0.036027,-0.076958,0.007898,0.534,7.799,0,0,0,0,,,,0,,0,0
2026-03-27T12:12:25.836,100.349870,REDETECT,0.036027,-0.076958,0.007898,0.534,7.803,0,0,0,0,,,,0,,0,0
2026-03-27T12:12:25.873,100.386478,REDETECT,0.036027,-0.076958,0.007898,0.534,7.805,0,0,0,0,,,,0,,0,0
2026-03-27T12:12:25.936,100.449491,REDETECT,0.036027,-0.076958,0.007898,0.534,7.805,0,0,0,0,,,,0,,0,0
2026-03-27T12:12:25.973,100.486629,REDETECT,0.036027,-0.076958,0.007898,0.534,7.805,0,0,0,0,,,,0,,0,0
2026-03-27T12:12:26.038,100.551065,REDETECT,0.036027,-0.076958,0.007898,0.534,7.801,0,0,0,0,,,,0,,0,0
2026-03-27T12:12:26.075,100.588688,REDETECT,0.036027,-0.076958,0.007898,0.534,7.801,0,0,0,0,,,,0,,0,0
2026-03-27T12:12:26.136,100.649872,REDETECT,0.036027,-0.076958,0.007898,0.534,7.798,0,0,0,0,,,,0,,0,0
2026-03-27T12:12:26.172,100.685338,REDETECT,0.036027,-0.076958,0.007898,0.534,7.798,0,0,0,0,,,,0,,0,0
2026-03-27T12:12:26.238,100.751297,REDETECT,0.036027,-0.076958,0.007898,0.534,7.802,0,0,0,0,,,,0,,0,0
2026-03-27T12:12:26.273,100.786593,REDETECT,0.036027,-0.076958,0.007898,0.534,7.802,0,0,0,0,,,,0,,0,0
2026-03-27T12:12:26.339,100.852117,REDETECT,0.036027,-0.076958,0.007898,0.534,7.800,0,0,0,0,,,,0,,0,0
2026-03-27T12:12:26.378,100.891487,REDETECT,0.036027,-0.076958,0.007898,0.534,7.800,0,0,0,0,,,,0,,0,0
2026-03-27T12:12:26.437,100.950833,REDETECT,0.036027,-0.076958,0.007898,0.534,7.805,0,0,0,0,,,,0,,0,0
2026-03-27T12:12:26.505,101.018533,REDETECT,0.036027,-0.076958,0.007898,0.534,7.807,0,0,0,0,,,,0,,0,0
2026-03-27T12:12:26.573,101.085940,REDETECT,0.036027,-0.076958,0.007898,0.534,7.799,0,0,0,0,,,,0,,0,0
2026-03-27T12:12:26.638,101.151055,REDETECT,0.036027,-0.076958,0.007898,0.534,7.803,0,0,0,0,,,,0,,0,0
2026-03-27T12:12:26.676,101.189075,REDETECT,0.036027,-0.076958,0.007898,0.534,7.805,0,0,0,0,,,,0,,0,0
2026-03-27T12:12:26.736,101.249718,REDETECT,0.036027,-0.076958,0.007898,0.534,7.805,0,0,0,0,,,,0,,0,0
2026-03-27T12:12:26.773,101.286558,REDETECT,0.036027,-0.076958,0.007898,0.534,7.807,0,0,0,0,,,,0,,0,0
2026-03-27T12:12:26.836,101.349246,REDETECT,0.036027,-0.076958,0.007898,0.534,7.809,0,0,0,0,,,,0,,0,0
2026-03-27T12:12:26.873,101.386881,REDETECT,0.036027,-0.076958,0.007898,0.534,7.809,0,0,0,0,,,,0,,0,0
2026-03-27T12:12:26.935,101.447974,REDETECT,0.036027,-0.076958,0.007898,0.534,7.809,0,0,0,0,,,,0,,0,0
2026-03-27T12:12:26.969,101.482088,REDETECT,0.036027,-0.076958,0.007898,0.534,7.811,0,0,0,0,,,,0,,0,0
2026-03-27T12:12:27.034,101.547820,REDETECT,0.036027,-0.076958,0.007898,0.534,7.811,0,0,0,0,,,,0,,0,0
2026-03-27T12:12:27.068,101.581327,REDETECT,0.036027,-0.076958,0.007898,0.534,7.811,0,0,0,0,,,,0,,0,0
2026-03-27T12:12:27.101,101.614714,REDETECT,0.036027,-0.076958,0.007898,0.534,7.811,0,0,0,0,,,,0,,0,0
2026-03-27T12:12:27.135,101.648207,REDETECT,0.036027,-0.076958,0.007898,0.534,7.811,0,0,0,0,,,,0,,0,0
2026-03-27T12:12:27.171,101.684736,REDETECT,0.036027,-0.076958,0.007898,0.534,7.811,0,0,0,0,,,,0,,0,0
2026-03-27T12:12:27.205,101.718315,REDETECT,0.036027,-0.076958,0.007898,0.534,7.813,0,0,0,0,,,,0,,0,0
2026-03-27T12:12:27.240,101.753408,REDETECT,0.036027,-0.076958,0.007898,0.534,7.816,0,0,0,0,,,,0,,0,0
2026-03-27T12:12:27.276,101.789243,REDETECT,0.036027,-0.076958,0.007898,0.534,7.816,0,0,0,0,,,,0,,0,0
2026-03-27T12:12:27.337,101.850743,REDETECT,0.036027,-0.076958,0.007898,0.534,7.817,0,0,0,0,,,,0,,0,0
2026-03-27T12:12:27.402,101.915411,REDETECT,0.036027,-0.076958,0.007898,0.534,7.821,0,0,0,0,,,,0,,0,0
2026-03-27T12:12:27.469,101.982638,REDETECT,0.036027,-0.076958,0.007898,0.534,7.824,0,0,0,0,,,,0,,0,0
2026-03-27T12:12:27.535,102.048207,REDETECT,0.036027,-0.076958,0.007898,0.534,7.830,0,0,0,0,,,,0,,0,0
2026-03-27T12:12:27.569,102.082543,REDETECT,0.036027,-0.076958,0.007898,0.534,7.834,0,0,0,0,,,,0,,0,0
2026-03-27T12:12:27.634,102.147784,REDETECT,0.036027,-0.076958,0.007898,0.534,7.834,0,0,0,0,,,,0,,0,0
2026-03-27T12:12:27.669,102.182190,REDETECT,0.036027,-0.076958,0.007898,0.534,7.834,0,0,0,0,,,,0,,0,0
2026-03-27T12:12:27.735,102.248236,REDETECT,0.036027,-0.076958,0.007898,0.534,7.836,0,0,0,0,,,,0,,0,0
2026-03-27T12:12:27.769,102.282237,REDETECT,0.036027,-0.076958,0.007898,0.534,7.836,0,0,0,0,,,,0,,0,0
2026-03-27T12:12:27.835,102.348318,REDETECT,0.036027,-0.076958,0.007898,0.534,7.840,0,0,0,0,,,,0,,0,0
2026-03-27T12:12:27.869,102.382330,REDETECT,0.036027,-0.076958,0.007898,0.534,7.838,0,0,0,0,,,,0,,0,0
2026-03-27T12:12:27.935,102.448451,REDETECT,0.036027,-0.076958,0.007898,0.534,7.844,0,0,0,0,,,,0,,0,0
2026-03-27T12:12:27.968,102.481865,REDETECT,0.036027,-0.076958,0.007898,0.534,7.846,0,0,0,0,,,,0,,0,0
2026-03-27T12:12:28.034,102.547766,REDETECT,0.036027,-0.076958,0.007898,0.534,7.844,0,0,0,0,,,,0,,0,0
2026-03-27T12:12:28.069,102.581986,REDETECT,0.036027,-0.076958,0.007898,0.534,7.840,0,0,0,0,,,,0,,0,0
2026-03-27T12:12:28.103,102.615943,REDETECT,0.036027,-0.076958,0.007898,0.534,7.844,0,0,0,0,,,,0,,0,0
2026-03-27T12:12:28.136,102.649530,REDETECT,0.036027,-0.076958,0.007898,0.534,7.846,0,0,0,0,,,,0,,0,0
2026-03-27T12:12:28.170,102.683507,REDETECT,0.036027,-0.076958,0.007898,0.534,7.846,0,0,0,0,,,,0,,0,0
2026-03-27T12:12:28.204,102.716952,REDETECT,0.036027,-0.076958,0.007898,0.534,7.844,0,0,0,0,,,,0,,0,0
2026-03-27T12:12:28.237,102.750650,REDETECT,0.036027,-0.076958,0.007898,0.534,7.844,0,0,0,0,,,,0,,0,0
2026-03-27T12:12:28.275,102.787945,REDETECT,0.036027,-0.076958,0.007898,0.534,7.844,0,0,0,0,,,,0,,0,0
2026-03-27T12:12:28.338,102.851517,REDETECT,0.036027,-0.076958,0.007898,0.534,7.849,0,0,0,0,,,,0,,0,0
2026-03-27T12:12:28.375,102.888766,REDETECT,0.036027,-0.076958,0.007898,0.534,7.847,0,0,0,0,,,,0,,0,0
2026-03-27T12:12:28.440,102.953199,REDETECT,0.036027,-0.076958,0.007898,0.534,7.845,0,0,0,0,,,,0,,0,0
2026-03-27T12:12:28.475,102.988623,REDETECT,0.036027,-0.076958,0.007898,0.534,7.843,0,0,0,0,,,,0,,0,0
2026-03-27T12:12:28.539,103.052870,REDETECT,0.036027,-0.076958,0.007898,0.534,7.841,0,0,0,0,,,,0,,0,0
2026-03-27T12:12:28.576,103.088932,REDETECT,0.036027,-0.076958,0.007898,0.534,7.844,0,0,0,0,,,,0,,0,0
2026-03-27T12:12:28.639,103.151932,REDETECT,0.036027,-0.076958,0.007898,0.534,7.844,0,0,0,0,,,,0,,0,0
2026-03-27T12:12:28.677,103.190193,REDETECT,0.036027,-0.076958,0.007898,0.534,7.846,0,0,0,0,,,,0,,0,0
2026-03-27T12:12:28.711,103.224605,REDETECT,0.036027,-0.076958,0.007898,0.534,7.846,0,0,0,0,,,,0,,0,0
2026-03-27T12:12:28.773,103.286882,REDETECT,0.036027,-0.076958,0.007898,0.534,7.847,0,0,0,0,,,,0,,0,0
2026-03-27T12:12:28.841,103.354373,REDETECT,0.036027,-0.076958,0.007898,0.534,7.842,0,0,0,0,,,,0,,0,0
2026-03-27T12:12:28.878,103.390980,REDETECT,0.036027,-0.076958,0.007898,0.534,7.833,0,0,0,0,,,,0,,0,0
2026-03-27T12:12:28.944,103.456983,REDETECT,0.036027,-0.076958,0.007898,0.534,7.826,0,0,0,0,,,,0,,0,0
2026-03-27T12:12:28.982,103.495900,REDETECT,0.036027,-0.076958,0.007898,0.534,7.833,0,0,0,0,,,,0,,0,0
2026-03-27T12:12:29.039,103.552232,REDETECT,0.036027,-0.076958,0.007898,0.534,7.831,0,0,0,0,,,,0,,0,0
2026-03-27T12:12:29.073,103.586346,REDETECT,0.036027,-0.076958,0.007898,0.534,7.835,0,0,0,0,,,,0,,0,0
2026-03-27T12:12:29.136,103.648929,REDETECT,0.036027,-0.076958,0.007898,0.534,7.839,0,0,0,0,,,,0,,0,0
2026-03-27T12:12:29.171,103.684439,REDETECT,0.036027,-0.076958,0.007898,0.534,7.839,0,0,0,0,,,,0,,0,0
2026-03-27T12:12:29.236,103.749712,REDETECT,0.036027,-0.076958,0.007898,0.534,7.839,0,0,0,0,,,,0,,0,0
2026-03-27T12:12:29.270,103.783315,REDETECT,0.036027,-0.076958,0.007898,0.534,7.837,0,0,0,0,,,,0,,0,0
2026-03-27T12:12:29.303,103.816814,REDETECT,0.036027,-0.076958,0.007898,0.534,7.837,0,0,0,0,,,,0,,0,0
2026-03-27T12:12:29.373,103.886683,REDETECT,0.036027,-0.076958,0.007898,0.534,7.841,0,0,0,0,,,,0,,0,0
2026-03-27T12:12:29.436,103.948931,REDETECT,0.036027,-0.076958,0.007898,0.534,7.839,0,0,0,0,,,,0,,0,0
2026-03-27T12:12:29.472,103.984928,REDETECT,0.036027,-0.076958,0.007898,0.534,7.837,0,0,0,0,,,,0,,0,0
2026-03-27T12:12:29.505,104.018326,REDETECT,0.036027,-0.076958,0.007898,0.534,7.833,0,0,0,0,,,,0,,0,0
2026-03-27T12:12:29.573,104.086882,REDETECT,0.036027,-0.076958,0.007898,0.534,7.837,0,0,0,0,,,,0,,0,0
2026-03-27T12:12:29.638,104.151093,REDETECT,0.036027,-0.076958,0.007898,0.534,7.835,0,0,0,0,,,,0,,0,0
2026-03-27T12:12:29.674,104.186923,REDETECT,0.036027,-0.076958,0.007898,0.534,7.828,0,0,0,0,,,,0,,0,0
2026-03-27T12:12:29.737,104.250170,REDETECT,0.036027,-0.076958,0.007898,0.534,7.823,0,0,0,0,,,,0,,0,0
2026-03-27T12:12:29.773,104.285980,REDETECT,0.036027,-0.076958,0.007898,0.534,7.827,0,0,0,0,,,,0,,0,0
2026-03-27T12:12:29.836,104.349195,REDETECT,0.036027,-0.076958,0.007898,0.534,7.829,0,0,0,0,,,,0,,0,0
2026-03-27T12:12:29.871,104.384609,REDETECT,0.036027,-0.076958,0.007898,0.534,7.829,0,0,0,0,,,,0,,0,0
2026-03-27T12:12:29.937,104.450382,REDETECT,0.036027,-0.076958,0.007898,0.534,7.835,0,0,0,0,,,,0,,0,0
2026-03-27T12:12:29.973,104.486191,REDETECT,0.036027,-0.076958,0.007898,0.534,7.838,0,0,0,0,,,,0,,0,0
2026-03-27T12:12:30.036,104.549617,REDETECT,0.036027,-0.076958,0.007898,0.534,7.834,0,0,0,0,,,,0,,0,0
2026-03-27T12:12:30.071,104.584686,REDETECT,0.036027,-0.076958,0.007898,0.534,7.834,0,0,0,0,,,,0,,0,0
2026-03-27T12:12:30.106,104.619025,REDETECT,0.036027,-0.076958,0.007898,0.534,7.840,0,0,0,0,,,,0,,0,0
2026-03-27T12:12:30.171,104.684489,REDETECT,0.036027,-0.076958,0.007898,0.534,7.842,0,0,0,0,,,,0,,0,0
2026-03-27T12:12:30.236,104.749485,REDETECT,0.036027,-0.076958,0.007898,0.534,7.836,0,0,0,0,,,,0,,0,0
2026-03-27T12:12:30.273,104.786589,REDETECT,0.036027,-0.076958,0.007898,0.534,7.834,0,0,0,0,,,,0,,0,0
2026-03-27T12:12:30.336,104.849574,REDETECT,0.036027,-0.076958,0.007898,0.534,7.838,0,0,0,0,,,,0,,0,0
2026-03-27T12:12:30.373,104.885919,REDETECT,0.036027,-0.076958,0.007898,0.534,7.842,0,0,0,0,,,,0,,0,0
2026-03-27T12:12:30.436,104.949724,REDETECT,0.036027,-0.076958,0.007898,0.534,7.836,0,0,0,0,,,,0,,0,0
2026-03-27T12:12:30.471,104.984487,REDETECT,0.036027,-0.076958,0.007898,0.534,7.836,0,0,0,0,,,,0,,0,0
2026-03-27T12:12:30.536,105.049078,REDETECT,0.036027,-0.076958,0.007898,0.534,7.840,0,0,0,0,,,,0,,0,0
2026-03-27T12:12:30.571,105.084005,REDETECT,0.036027,-0.076958,0.007898,0.534,7.845,0,0,0,0,,,,0,,0,0
2026-03-27T12:12:30.636,105.149269,REDETECT,0.036027,-0.076958,0.007898,0.534,7.841,0,0,0,0,,,,0,,0,0
2026-03-27T12:12:30.671,105.184694,REDETECT,0.036027,-0.076958,0.007898,0.534,7.843,0,0,0,0,,,,0,,0,0
2026-03-27T12:12:30.705,105.218904,REDETECT,0.036027,-0.076958,0.007898,0.534,7.849,0,0,0,0,,,,0,,0,0
2026-03-27T12:12:30.772,105.285408,REDETECT,0.036027,-0.076958,0.007898,0.534,7.851,0,0,0,0,,,,0,,0,0
2026-03-27T12:12:30.836,105.349445,REDETECT,0.036027,-0.076958,0.007898,0.534,7.851,0,0,0,0,,,,0,,0,0
2026-03-27T12:12:30.873,105.386506,REDETECT,0.036027,-0.076958,0.007898,0.534,7.849,0,0,0,0,,,,0,,0,0
2026-03-27T12:12:30.908,105.421006,REDETECT,0.036027,-0.076958,0.007898,0.534,7.857,0,0,0,0,,,,0,,0,0
2026-03-27T12:12:30.974,105.487893,REDETECT,0.036027,-0.076958,0.007898,0.534,7.861,0,0,0,0,,,,0,,0,0
2026-03-27T12:12:31.040,105.553861,REDETECT,0.036027,-0.076958,0.007898,0.534,7.862,0,0,0,0,,,,0,,0,0
2026-03-27T12:12:31.093,105.605978,REDETECT,0.036027,-0.076958,0.007898,0.534,7.865,0,0,0,0,,,,0,,0,0
2026-03-27T12:12:31.175,105.688903,REDETECT,0.036027,-0.076958,0.007898,0.534,7.867,0,0,0,0,,,,0,,0,0
2026-03-27T12:12:31.222,105.735370,REDETECT,0.036027,-0.076958,0.007898,0.534,7.868,0,0,0,0,,,,0,,0,0
2026-03-27T12:12:31.279,105.792680,REDETECT,0.036027,-0.076958,0.007898,0.534,7.879,0,0,0,0,,,,0,,0,0
2026-03-27T12:12:31.336,105.848938,REDETECT,0.036027,-0.076958,0.007898,0.534,7.879,0,0,0,0,,,,0,,0,0
2026-03-27T12:12:31.401,105.914748,REDETECT,0.036027,-0.076958,0.007898,0.534,7.878,0,0,0,0,,,,0,,0,0
2026-03-27T12:12:31.457,105.970325,REDETECT,0.036027,-0.076958,0.007898,0.534,7.880,0,0,0,0,,,,0,,0,0
2026-03-27T12:12:31.502,106.015543,REDETECT,0.036027,-0.076958,0.007898,0.534,7.883,0,0,0,0,,,,0,,0,0
2026-03-27T12:12:31.538,106.051851,REDETECT,0.036027,-0.076958,0.007898,0.534,7.883,0,0,0,0,,,,0,,0,0
2026-03-27T12:12:31.575,106.087917,REDETECT,0.036027,-0.076958,0.007898,0.534,7.885,0,0,0,0,,,,0,,0,0
2026-03-27T12:12:31.636,106.149460,REDETECT,0.036027,-0.076958,0.007898,0.534,7.889,0,0,0,0,,,,0,,0,0
2026-03-27T12:12:31.674,106.187493,REDETECT,0.036027,-0.076958,0.007898,0.534,7.893,0,0,0,0,,,,0,,0,0
2026-03-27T12:12:31.738,106.251291,REDETECT,0.036027,-0.076958,0.007898,0.534,7.894,0,0,0,0,,,,0,,0,0
2026-03-27T12:12:31.772,106.284935,REDETECT,0.036027,-0.076958,0.007898,0.534,7.894,0,0,0,0,,,,0,,0,0
2026-03-27T12:12:31.837,106.350074,REDETECT,0.036027,-0.076958,0.007898,0.534,7.900,0,0,0,0,,,,0,,0,0
2026-03-27T12:12:31.873,106.386336,REDETECT,0.036027,-0.076958,0.007898,0.534,7.902,0,0,0,0,,,,0,,0,0
2026-03-27T12:12:31.908,106.420980,REDETECT,0.036027,-0.076958,0.007898,0.534,7.904,0,0,0,0,,,,0,,0,0
2026-03-27T12:12:31.973,106.486118,REDETECT,0.036027,-0.076958,0.007898,0.534,7.910,0,0,0,0,,,,0,,0,0
2026-03-27T12:12:32.036,106.549559,REDETECT,0.036027,-0.076958,0.007898,0.534,7.916,0,0,0,0,,,,0,,0,0
2026-03-27T12:12:32.071,106.584285,REDETECT,0.036027,-0.076958,0.007898,0.534,7.918,0,0,0,0,,,,0,,0,0
2026-03-27T12:12:32.137,106.650036,REDETECT,0.036027,-0.076958,0.007898,0.534,7.922,0,0,0,0,,,,0,,0,0
2026-03-27T12:12:32.173,106.686826,REDETECT,0.036027,-0.076958,0.007898,0.534,7.918,0,0,0,0,,,,0,,0,0
2026-03-27T12:12:32.209,106.722082,REDETECT,0.036027,-0.076958,0.007898,0.534,7.920,0,0,0,0,,,,0,,0,0
2026-03-27T12:12:32.273,106.786238,REDETECT,0.036027,-0.076958,0.007898,0.534,7.922,0,0,0,0,,,,0,,0,0
2026-03-27T12:12:32.340,106.853419,REDETECT,0.036027,-0.076958,0.007898,0.534,7.918,0,0,0,0,,,,0,,0,0
2026-03-27T12:12:32.402,106.915833,REDETECT,0.036027,-0.076958,0.007898,0.534,7.917,0,0,0,0,,,,0,,0,0
2026-03-27T12:12:32.436,106.949587,REDETECT,0.036027,-0.076958,0.007898,0.534,7.919,0,0,0,0,,,,0,,0,0
2026-03-27T12:12:32.473,106.986459,REDETECT,0.036027,-0.076958,0.007898,0.534,7.919,0,0,0,0,,,,0,,0,0
2026-03-27T12:12:32.536,107.049636,REDETECT,0.036027,-0.076958,0.007898,0.534,7.921,0,0,0,0,,,,0,,0,0
2026-03-27T12:12:32.571,107.084458,REDETECT,0.036027,-0.076958,0.007898,0.534,7.919,0,0,0,0,,,,0,,0,0
2026-03-27T12:12:32.636,107.149076,REDETECT,0.036027,-0.076958,0.007898,0.534,7.921,0,0,0,0,,,,0,,0,0
2026-03-27T12:12:32.672,107.185525,REDETECT,0.036027,-0.076958,0.007898,0.534,7.923,0,0,0,0,,,,0,,0,0
2026-03-27T12:12:32.735,107.248522,REDETECT,0.036027,-0.076958,0.007898,0.534,7.923,0,0,0,0,,,,0,,0,0
2026-03-27T12:12:32.771,107.284649,REDETECT,0.036027,-0.076958,0.007898,0.534,7.926,0,0,0,0,,,,0,,0,0
2026-03-27T12:12:32.838,107.350909,REDETECT,0.036027,-0.076958,0.007898,0.534,7.924,0,0,0,0,,,,0,,0,0
2026-03-27T12:12:32.874,107.387673,REDETECT,0.036027,-0.076958,0.007898,0.534,7.924,0,0,0,0,,,,0,,0,0
2026-03-27T12:12:32.941,107.454809,REDETECT,0.036027,-0.076958,0.007898,0.534,7.930,0,0,0,0,,,,0,,0,0
2026-03-27T12:12:33.012,107.525603,REDETECT,0.036027,-0.076958,0.007898,0.534,7.932,0,0,0,0,,,,0,,0,0
2026-03-27T12:12:33.074,107.587108,REDETECT,0.036027,-0.076958,0.007898,0.534,7.936,0,0,0,0,,,,0,,0,0
2026-03-27T12:12:33.135,107.648407,REDETECT,0.036027,-0.076958,0.007898,0.534,7.936,0,0,0,0,,,,0,,0,0
2026-03-27T12:12:33.170,107.683303,REDETECT,0.036027,-0.076958,0.007898,0.534,7.936,0,0,0,0,,,,0,,0,0
2026-03-27T12:12:33.236,107.749849,REDETECT,0.036027,-0.076958,0.007898,0.534,7.938,0,0,0,0,,,,0,,0,0
2026-03-27T12:12:33.270,107.783219,REDETECT,0.036027,-0.076958,0.007898,0.534,7.936,0,0,0,0,,,,0,,0,0
2026-03-27T12:12:33.336,107.849573,REDETECT,0.036027,-0.076958,0.007898,0.534,7.940,0,0,0,0,,,,0,,0,0
2026-03-27T12:12:33.373,107.886084,REDETECT,0.036027,-0.076958,0.007898,0.534,7.937,0,0,0,0,,,,0,,0,0
2026-03-27T12:12:33.435,107.948882,REDETECT,0.036027,-0.076958,0.007898,0.534,7.935,0,0,0,0,,,,0,,0,0
2026-03-27T12:12:33.473,107.986079,REDETECT,0.036027,-0.076958,0.007898,0.534,7.935,0,0,0,0,,,,0,,0,0
2026-03-27T12:12:33.536,108.049476,REDETECT,0.036027,-0.076958,0.007898,0.534,7.937,0,0,0,0,,,,0,,0,0
2026-03-27T12:12:33.570,108.083154,REDETECT,0.036027,-0.076958,0.007898,0.534,7.935,0,0,0,0,,,,0,,0,0
2026-03-27T12:12:33.604,108.117632,REDETECT,0.036027,-0.076958,0.007898,0.534,7.937,0,0,0,0,,,,0,,0,0
2026-03-27T12:12:33.638,108.151597,REDETECT,0.036027,-0.076958,0.007898,0.534,7.937,0,0,0,0,,,,0,,0,0
2026-03-27T12:12:33.673,108.186817,REDETECT,0.036027,-0.076958,0.007898,0.534,7.939,0,0,0,0,,,,0,,0,0
2026-03-27T12:12:33.738,108.251717,REDETECT,0.036027,-0.076958,0.007898,0.534,7.940,0,0,0,0,,,,0,,0,0
2026-03-27T12:12:33.773,108.286524,REDETECT,0.036027,-0.076958,0.007898,0.534,7.940,0,0,0,0,,,,0,,0,0
2026-03-27T12:12:33.836,108.349415,REDETECT,0.036027,-0.076958,0.007898,0.534,7.942,0,0,0,0,,,,0,,0,0
2026-03-27T12:12:33.873,108.386128,REDETECT,0.036027,-0.076958,0.007898,0.534,7.944,0,0,0,0,,,,0,,0,0
2026-03-27T12:12:33.936,108.449172,REDETECT,0.036027,-0.076958,0.007898,0.534,7.948,0,0,0,0,,,,0,,0,0
2026-03-27T12:12:33.973,108.486259,REDETECT,0.036027,-0.076958,0.007898,0.534,7.946,0,0,0,0,,,,0,,0,0
2026-03-27T12:12:34.042,108.554974,REDETECT,0.036027,-0.076958,0.007898,0.534,7.939,0,0,0,0,,,,0,,0,0
2026-03-27T12:12:34.078,108.591314,REDETECT,0.036027,-0.076958,0.007898,0.534,7.937,0,0,0,0,,,,0,,0,0
2026-03-27T12:12:34.139,108.652259,REDETECT,0.036027,-0.076958,0.007898,0.534,7.929,0,0,0,0,,,,0,,0,0
2026-03-27T12:12:34.205,108.718108,REDETECT,0.036027,-0.076958,0.007898,0.534,7.939,0,0,0,0,,,,0,,0,0
2026-03-27T12:12:34.239,108.752653,REDETECT,0.036027,-0.076958,0.007898,0.534,7.935,0,0,0,0,,,,0,,0,0
2026-03-27T12:12:34.278,108.791865,REDETECT,0.036027,-0.076958,0.007898,0.534,7.933,0,0,0,0,,,,0,,0,0
2026-03-27T12:12:34.314,108.827536,REDETECT,0.036027,-0.076958,0.007898,0.534,7.933,0,0,0,0,,,,0,,0,0
2026-03-27T12:12:34.349,108.862802,REDETECT,0.036027,-0.076958,0.007898,0.534,7.933,0,0,0,0,,,,0,,0,0
2026-03-27T12:12:34.407,108.920578,REDETECT,0.036027,-0.076958,0.007898,0.534,7.936,0,0,0,0,,,,0,,0,0
2026-03-27T12:12:34.445,108.958505,REDETECT,0.036027,-0.076958,0.007898,0.534,7.936,0,0,0,0,,,,0,,0,0
2026-03-27T12:12:34.509,109.022077,REDETECT,0.036027,-0.076958,0.007898,0.534,7.936,0,0,0,0,,,,0,,0,0
2026-03-27T12:12:34.591,109.104166,REDETECT,0.036027,-0.076958,0.007898,0.534,7.918,0,0,0,0,,,,0,,0,0
2026-03-27T12:12:34.639,109.152044,REDETECT,0.036027,-0.076958,0.007898,0.534,7.921,0,0,0,0,,,,0,,0,0
2026-03-27T12:12:34.674,109.187005,REDETECT,0.036027,-0.076958,0.007898,0.534,7.921,0,0,0,0,,,,0,,0,0
2026-03-27T12:12:34.737,109.250473,REDETECT,0.036027,-0.076958,0.007898,0.534,7.932,0,0,0,0,,,,0,,0,0
2026-03-27T12:12:34.773,109.286641,REDETECT,0.036027,-0.076958,0.007898,0.534,7.934,0,0,0,0,,,,0,,0,0
2026-03-27T12:12:34.836,109.348916,REDETECT,0.036027,-0.076958,0.007898,0.534,7.938,0,0,0,0,,,,0,,0,0
2026-03-27T12:12:34.873,109.386128,REDETECT,0.036027,-0.076958,0.007898,0.534,7.936,0,0,0,0,,,,0,,0,0
2026-03-27T12:12:34.936,109.449189,REDETECT,0.036027,-0.076958,0.007898,0.534,7.936,0,0,0,0,,,,0,,0,0
2026-03-27T12:12:34.971,109.484589,REDETECT,0.036027,-0.076958,0.007898,0.534,7.940,0,0,0,0,,,,0,,0,0
2026-03-27T12:12:35.035,109.548559,REDETECT,0.036027,-0.076958,0.007898,0.534,7.940,0,0,0,0,,,,0,,0,0
2026-03-27T12:12:35.074,109.587497,REDETECT,0.036027,-0.076958,0.007898,0.534,7.947,0,0,0,0,,,,0,,0,0
2026-03-27T12:12:35.136,109.649750,REDETECT,0.036027,-0.076958,0.007898,0.534,7.951,0,0,0,0,,,,0,,0,0
2026-03-27T12:12:35.171,109.684308,REDETECT,0.036027,-0.076958,0.007898,0.534,7.949,0,0,0,0,,,,0,,0,0
2026-03-27T12:12:35.207,109.720366,REDETECT,0.036027,-0.076958,0.007898,0.534,7.947,0,0,0,0,,,,0,,0,0
2026-03-27T12:12:35.270,109.783769,REDETECT,0.036027,-0.076958,0.007898,0.534,7.950,0,0,0,0,,,,0,,0,0
2026-03-27T12:12:35.337,109.850740,REDETECT,0.036027,-0.076958,0.007898,0.534,7.954,0,0,0,0,,,,0,,0,0
2026-03-27T12:12:35.371,109.884373,REDETECT,0.036027,-0.076958,0.007898,0.534,7.954,0,0,0,0,,,,0,,0,0
2026-03-27T12:12:35.436,109.948907,REDETECT,0.036027,-0.076958,0.007898,0.534,7.960,0,0,0,0,,,,0,,0,0
2026-03-27T12:12:35.473,109.985910,REDETECT,0.036027,-0.076958,0.007898,0.534,7.960,0,0,0,0,,,,0,,0,0
2026-03-27T12:12:35.538,110.050931,REDETECT,0.036027,-0.076958,0.007898,0.534,7.962,0,0,0,0,,,,0,,0,0
2026-03-27T12:12:35.571,110.084510,REDETECT,0.036027,-0.076958,0.007898,0.534,7.960,0,0,0,0,,,,0,,0,0
2026-03-27T12:12:35.606,110.118946,REDETECT,0.036027,-0.076958,0.007898,0.534,7.962,0,0,0,0,,,,0,,0,0
2026-03-27T12:12:35.671,110.184259,REDETECT,0.036027,-0.076958,0.007898,0.534,7.960,0,0,0,0,,,,0,,0,0
2026-03-27T12:12:35.737,110.250875,REDETECT,0.036027,-0.076958,0.007898,0.534,7.958,0,0,0,0,,,,0,,0,0
2026-03-27T12:12:35.772,110.285530,REDETECT,0.036027,-0.076958,0.007898,0.534,7.964,0,0,0,0,,,,0,,0,0
2026-03-27T12:12:35.835,110.348199,REDETECT,0.036027,-0.076958,0.007898,0.534,7.974,0,0,0,0,,,,0,,0,0
2026-03-27T12:12:35.872,110.385705,REDETECT,0.036027,-0.076958,0.007898,0.534,7.976,0,0,0,0,,,,0,,0,0
2026-03-27T12:12:35.936,110.449347,REDETECT,0.036027,-0.076958,0.007898,0.534,7.970,0,0,0,0,,,,0,,0,0
2026-03-27T12:12:35.973,110.486565,REDETECT,0.036027,-0.076958,0.007898,0.534,7.973,0,0,0,0,,,,0,,0,0
2026-03-27T12:12:36.036,110.549750,REDETECT,0.036027,-0.076958,0.007898,0.534,7.969,0,0,0,0,,,,0,,0,0
2026-03-27T12:12:36.073,110.586344,REDETECT,0.036027,-0.076958,0.007898,0.534,7.971,0,0,0,0,,,,0,,0,0
2026-03-27T12:12:36.136,110.649507,REDETECT,0.036027,-0.076958,0.007898,0.534,7.973,0,0,0,0,,,,0,,0,0
2026-03-27T12:12:36.180,110.693537,REDETECT,0.036027,-0.076958,0.007898,0.534,7.976,0,0,0,0,,,,0,,0,0
2026-03-27T12:12:36.236,110.749794,REDETECT,0.036027,-0.076958,0.007898,0.534,7.977,0,0,0,0,,,,0,,0,0
2026-03-27T12:12:36.273,110.785997,REDETECT,0.036027,-0.076958,0.007898,0.534,7.973,0,0,0,0,,,,0,,0,0
2026-03-27T12:12:36.339,110.852272,REDETECT,0.036027,-0.076958,0.007898,0.534,7.969,0,0,0,0,,,,0,,0,0
2026-03-27T12:12:36.373,110.886549,REDETECT,0.036027,-0.076958,0.007898,0.534,7.971,0,0,0,0,,,,0,,0,0
2026-03-27T12:12:36.436,110.949400,REDETECT,0.036027,-0.076958,0.007898,0.534,7.973,0,0,0,0,,,,0,,0,0
2026-03-27T12:12:36.480,110.993216,REDETECT,0.036027,-0.076958,0.007898,0.534,7.978,0,0,0,0,,,,0,,0,0
2026-03-27T12:12:36.537,111.050457,REDETECT,0.036027,-0.076958,0.007898,0.534,7.976,0,0,0,0,,,,0,,0,0
2026-03-27T12:12:36.601,111.114849,REDETECT,0.036027,-0.076958,0.007898,0.534,7.976,0,0,0,0,,,,0,,0,0
2026-03-27T12:12:36.668,111.181774,REDETECT,0.036027,-0.076958,0.007898,0.534,7.978,0,0,0,0,,,,0,,0,0
2026-03-27T12:12:36.735,111.248290,REDETECT,0.036027,-0.076958,0.007898,0.534,7.986,0,0,0,0,,,,0,,0,0
2026-03-27T12:12:36.770,111.283628,REDETECT,0.036027,-0.076958,0.007898,0.534,7.990,0,0,0,0,,,,0,,0,0
2026-03-27T12:12:36.835,111.348761,REDETECT,0.036027,-0.076958,0.007898,0.534,7.992,0,0,0,0,,,,0,,0,0
2026-03-27T12:12:36.869,111.382180,REDETECT,0.036027,-0.076958,0.007898,0.534,7.990,0,0,0,0,,,,0,,0,0
2026-03-27T12:12:36.903,111.416041,REDETECT,0.036027,-0.076958,0.007898,0.534,7.993,0,0,0,0,,,,0,,0,0
2026-03-27T12:12:36.968,111.481905,REDETECT,0.036027,-0.076958,0.007898,0.534,7.995,0,0,0,0,,,,0,,0,0
2026-03-27T12:12:37.034,111.547391,REDETECT,0.036027,-0.076958,0.007898,0.534,8.003,0,0,0,0,,,,0,,0,0
2026-03-27T12:12:37.068,111.581395,REDETECT,0.036027,-0.076958,0.007898,0.534,8.005,0,0,0,0,,,,0,,0,0
2026-03-27T12:12:37.133,111.646659,REDETECT,0.036027,-0.076958,0.007898,0.534,8.009,0,0,0,0,,,,0,,0,0
2026-03-27T12:12:37.168,111.681329,REDETECT,0.036027,-0.076958,0.007898,0.534,8.007,0,0,0,0,,,,0,,0,0
2026-03-27T12:12:37.236,111.749616,REDETECT,0.036027,-0.076958,0.007898,0.534,8.003,0,0,0,0,,,,0,,0,0
2026-03-27T12:12:37.303,111.816288,REDETECT,0.036027,-0.076958,0.007898,0.534,8.001,0,0,0,0,,,,0,,0,0
2026-03-27T12:12:37.372,111.885773,REDETECT,0.036027,-0.076958,0.007898,0.534,8.003,0,0,0,0,,,,0,,0,0
2026-03-27T12:12:37.435,111.948221,REDETECT,0.036027,-0.076958,0.007898,0.534,8.005,0,0,0,0,,,,0,,0,0
2026-03-27T12:12:37.472,111.985802,REDETECT,0.036027,-0.076958,0.007898,0.534,8.000,0,0,0,0,,,,0,,0,0
2026-03-27T12:12:37.536,112.049791,REDETECT,0.036027,-0.076958,0.007898,0.534,7.998,0,0,0,0,,,,0,,0,0
2026-03-27T12:12:37.571,112.084621,REDETECT,0.036027,-0.076958,0.007898,0.534,8.005,0,0,0,0,,,,0,,0,0
2026-03-27T12:12:37.605,112.118705,REDETECT,0.036027,-0.076958,0.007898,0.534,8.009,0,0,0,0,,,,0,,0,0
2026-03-27T12:12:37.673,112.186061,REDETECT,0.036027,-0.076958,0.007898,0.534,8.013,0,0,0,0,,,,0,,0,0
2026-03-27T12:12:37.736,112.248979,REDETECT,0.036027,-0.076958,0.007898,0.534,8.015,0,0,0,0,,,,0,,0,0
2026-03-27T12:12:37.773,112.286101,REDETECT,0.036027,-0.076958,0.007898,0.534,8.013,0,0,0,0,,,,0,,0,0
2026-03-27T12:12:37.835,112.348837,REDETECT,0.036027,-0.076958,0.007898,0.534,8.013,0,0,0,0,,,,0,,0,0
2026-03-27T12:12:37.871,112.384450,REDETECT,0.036027,-0.076958,0.007898,0.534,8.017,0,0,0,0,,,,0,,0,0
2026-03-27T12:12:37.935,112.448837,REDETECT,0.036027,-0.076958,0.007898,0.534,8.017,0,0,0,0,,,,0,,0,0
2026-03-27T12:12:37.969,112.482876,REDETECT,0.036027,-0.076958,0.007898,0.534,8.017,0,0,0,0,,,,0,,0,0
2026-03-27T12:12:38.038,112.551073,REDETECT,0.036027,-0.076958,0.007898,0.534,8.017,0,0,0,0,,,,0,,0,0
2026-03-27T12:12:38.073,112.585938,REDETECT,0.036027,-0.076958,0.007898,0.534,8.015,0,0,0,0,,,,0,,0,0
2026-03-27T12:12:38.136,112.649251,REDETECT,0.036027,-0.076958,0.007898,0.534,8.017,0,0,0,0,,,,0,,0,0
2026-03-27T12:12:38.172,112.685887,REDETECT,0.036027,-0.076958,0.007898,0.534,8.014,0,0,0,0,,,,0,,0,0
2026-03-27T12:12:38.237,112.750063,REDETECT,0.036027,-0.076958,0.007898,0.534,8.014,0,0,0,0,,,,0,,0,0
2026-03-27T12:12:38.271,112.784243,REDETECT,0.036027,-0.076958,0.007898,0.534,8.016,0,0,0,0,,,,0,,0,0
2026-03-27T12:12:38.337,112.850397,REDETECT,0.036027,-0.076958,0.007898,0.534,8.016,0,0,0,0,,,,0,,0,0
2026-03-27T12:12:38.373,112.886781,REDETECT,0.036027,-0.076958,0.007898,0.534,8.014,0,0,0,0,,,,0,,0,0
2026-03-27T12:12:38.435,112.948813,REDETECT,0.036027,-0.076958,0.007898,0.534,8.016,0,0,0,0,,,,0,,0,0
2026-03-27T12:12:38.473,112.985938,REDETECT,0.036027,-0.076958,0.007898,0.534,8.025,0,0,0,0,,,,0,,0,0
2026-03-27T12:12:38.535,113.048707,REDETECT,0.036027,-0.076958,0.007898,0.534,8.021,0,0,0,0,,,,0,,0,0
2026-03-27T12:12:38.571,113.084423,REDETECT,0.036027,-0.076958,0.007898,0.534,8.019,0,0,0,0,,,,0,,0,0
2026-03-27T12:12:38.605,113.118743,REDETECT,0.036027,-0.076958,0.007898,0.534,8.019,0,0,0,0,,,,0,,0,0
2026-03-27T12:12:38.672,113.185615,REDETECT,0.036027,-0.076958,0.007898,0.534,8.023,0,0,0,0,,,,0,,0,0
2026-03-27T12:12:38.736,113.249444,REDETECT,0.036027,-0.076958,0.007898,0.534,8.019,0,0,0,0,,,,0,,0,0
2026-03-27T12:12:38.772,113.285745,REDETECT,0.036027,-0.076958,0.007898,0.534,8.022,0,0,0,0,,,,0,,0,0
2026-03-27T12:12:38.835,113.348886,REDETECT,0.036027,-0.076958,0.007898,0.534,8.026,0,0,0,0,,,,0,,0,0
2026-03-27T12:12:38.872,113.385545,REDETECT,0.036027,-0.076958,0.007898,0.534,8.026,0,0,0,0,,,,0,,0,0
2026-03-27T12:12:38.935,113.448806,REDETECT,0.036027,-0.076958,0.007898,0.534,8.022,0,0,0,0,,,,0,,0,0
2026-03-27T12:12:38.973,113.486495,REDETECT,0.036027,-0.076958,0.007898,0.534,8.019,0,0,0,0,,,,0,,0,0
2026-03-27T12:12:39.035,113.548569,REDETECT,0.036027,-0.076958,0.007898,0.534,8.023,0,0,0,0,,,,0,,0,0
2026-03-27T12:12:39.072,113.585767,REDETECT,0.036027,-0.076958,0.007898,0.534,8.032,0,0,0,0,,,,0,,0,0
2026-03-27T12:12:39.138,113.651169,REDETECT,0.036027,-0.076958,0.007898,0.534,8.034,0,0,0,0,,,,0,,0,0
2026-03-27T12:12:39.174,113.687440,REDETECT,0.036027,-0.076958,0.007898,0.534,8.034,0,0,0,0,,,,0,,0,0
2026-03-27T12:12:39.237,113.750497,REDETECT,0.036027,-0.076958,0.007898,0.534,8.030,0,0,0,0,,,,0,,0,0
2026-03-27T12:12:39.272,113.785851,REDETECT,0.036027,-0.076958,0.007898,0.534,8.028,0,0,0,0,,,,0,,0,0
2026-03-27T12:12:39.337,113.850322,REDETECT,0.036027,-0.076958,0.007898,0.534,8.028,0,0,0,0,,,,0,,0,0
2026-03-27T12:12:39.372,113.885689,REDETECT,0.036027,-0.076958,0.007898,0.534,8.030,0,0,0,0,,,,0,,0,0
2026-03-27T12:12:39.437,113.950203,REDETECT,0.036027,-0.076958,0.007898,0.534,8.036,0,0,0,0,,,,0,,0,0
2026-03-27T12:12:39.474,113.987234,REDETECT,0.036027,-0.076958,0.007898,0.534,8.036,0,0,0,0,,,,0,,0,0
2026-03-27T12:12:39.538,114.050955,REDETECT,0.036027,-0.076958,0.007898,0.534,8.035,0,0,0,0,,,,0,,0,0
2026-03-27T12:12:39.574,114.087472,REDETECT,0.036027,-0.076958,0.007898,0.534,8.035,0,0,0,0,,,,0,,0,0
2026-03-27T12:12:39.637,114.150153,REDETECT,0.036027,-0.076958,0.007898,0.534,8.038,0,0,0,0,,,,0,,0,0
2026-03-27T12:12:39.672,114.185702,REDETECT,0.036027,-0.076958,0.007898,0.534,8.038,0,0,0,0,,,,0,,0,0
2026-03-27T12:12:39.737,114.250415,REDETECT,0.036027,-0.076958,0.007898,0.534,8.046,0,0,0,0,,,,0,,0,0
2026-03-27T12:12:39.774,114.287276,REDETECT,0.036027,-0.076958,0.007898,0.534,8.048,0,0,0,0,,,,0,,0,0
2026-03-27T12:12:39.837,114.350510,REDETECT,0.036027,-0.076958,0.007898,0.534,8.048,0,0,0,0,,,,0,,0,0
2026-03-27T12:12:39.874,114.387634,REDETECT,0.036027,-0.076958,0.007898,0.534,8.044,0,0,0,0,,,,0,,0,0
2026-03-27T12:12:39.937,114.450335,REDETECT,0.036027,-0.076958,0.007898,0.534,8.042,0,0,0,0,,,,0,,0,0
2026-03-27T12:12:39.972,114.485619,REDETECT,0.036027,-0.076958,0.007898,0.534,8.046,0,0,0,0,,,,0,,0,0
2026-03-27T12:12:40.037,114.550838,REDETECT,0.036027,-0.076958,0.007898,0.534,8.056,0,0,0,0,,,,0,,0,0
2026-03-27T12:12:40.072,114.584935,REDETECT,0.036027,-0.076958,0.007898,0.534,8.056,0,0,0,0,,,,0,,0,0
2026-03-27T12:12:40.105,114.618676,REDETECT,0.036027,-0.076958,0.007898,0.534,8.054,0,0,0,0,,,,0,,0,0
2026-03-27T12:12:40.173,114.686504,REDETECT,0.036027,-0.076958,0.007898,0.534,8.046,0,0,0,0,,,,0,,0,0
2026-03-27T12:12:40.236,114.749725,REDETECT,0.036027,-0.076958,0.007898,0.534,8.057,0,0,0,0,,,,0,,0,0
2026-03-27T12:12:40.273,114.786166,REDETECT,0.036027,-0.076958,0.007898,0.534,8.057,0,0,0,0,,,,0,,0,0
2026-03-27T12:12:40.337,114.850199,REDETECT,0.036027,-0.076958,0.007898,0.534,8.056,0,0,0,0,,,,0,,0,0
2026-03-27T12:12:40.374,114.887462,REDETECT,0.036027,-0.076958,0.007898,0.534,8.056,0,0,0,0,,,,0,,0,0
2026-03-27T12:12:40.441,114.954140,REDETECT,0.036027,-0.076958,0.007898,0.534,8.064,0,0,0,0,,,,0,,0,0
2026-03-27T12:12:40.474,114.987782,REDETECT,0.036027,-0.076958,0.007898,0.534,8.060,0,0,0,0,,,,0,,0,0
2026-03-27T12:12:40.538,115.050909,REDETECT,0.036027,-0.076958,0.007898,0.534,8.058,0,0,0,0,,,,0,,0,0
2026-03-27T12:12:40.571,115.084725,REDETECT,0.036027,-0.076958,0.007898,0.534,8.060,0,0,0,0,,,,0,,0,0
2026-03-27T12:12:40.607,115.120177,REDETECT,0.036027,-0.076958,0.007898,0.534,8.060,0,0,0,0,,,,0,,0,0
2026-03-27T12:12:40.640,115.153868,REDETECT,0.036027,-0.076958,0.007898,0.534,8.062,0,0,0,0,,,,0,,0,0
2026-03-27T12:12:40.703,115.216861,REDETECT,0.036027,-0.076958,0.007898,0.534,8.064,0,0,0,0,,,,0,,0,0
2026-03-27T12:12:40.740,115.253294,REDETECT,0.036027,-0.076958,0.007898,0.534,8.059,0,0,0,0,,,,0,,0,0
2026-03-27T12:12:40.774,115.287487,REDETECT,0.036027,-0.076958,0.007898,0.534,8.064,0,0,0,0,,,,0,,0,0
2026-03-27T12:12:40.838,115.350984,REDETECT,0.036027,-0.076958,0.007898,0.534,8.065,0,0,0,0,,,,0,,0,0
2026-03-27T12:12:40.874,115.387241,REDETECT,0.036027,-0.076958,0.007898,0.534,8.061,0,0,0,0,,,,0,,0,0
2026-03-27T12:12:40.937,115.450628,REDETECT,0.036027,-0.076958,0.007898,0.534,8.067,0,0,0,0,,,,0,,0,0
2026-03-27T12:12:40.971,115.484325,REDETECT,0.036027,-0.076958,0.007898,0.534,8.067,0,0,0,0,,,,0,,0,0
2026-03-27T12:12:41.005,115.518549,REDETECT,0.036027,-0.076958,0.007898,0.534,8.069,0,0,0,0,,,,0,,0,0
2026-03-27T12:12:41.071,115.584413,REDETECT,0.036027,-0.076958,0.007898,0.534,8.061,0,0,0,0,,,,0,,0,0
2026-03-27T12:12:41.137,115.650643,REDETECT,0.036027,-0.076958,0.007898,0.534,8.069,0,0,0,0,,,,0,,0,0
2026-03-27T12:12:41.177,115.689911,REDETECT,0.036027,-0.076958,0.007898,0.534,8.081,0,0,0,0,,,,0,,0,0
2026-03-27T12:12:41.217,115.730125,REDETECT,0.036027,-0.076958,0.007898,0.534,8.078,0,0,0,0,,,,0,,0,0
2026-03-27T12:12:41.273,115.786332,REDETECT,0.036027,-0.076958,0.007898,0.534,8.072,0,0,0,0,,,,0,,0,0
2026-03-27T12:12:41.314,115.827496,REDETECT,0.036027,-0.076958,0.007898,0.534,8.077,0,0,0,0,,,,0,,0,0
2026-03-27T12:12:41.372,115.885527,REDETECT,0.036027,-0.076958,0.007898,0.534,8.081,0,0,0,0,,,,0,,0,0
2026-03-27T12:12:41.437,115.950596,REDETECT,0.036027,-0.076958,0.007898,0.534,8.083,0,0,0,0,,,,0,,0,0
2026-03-27T12:12:41.476,115.989595,REDETECT,0.036027,-0.076958,0.007898,0.534,8.083,0,0,0,0,,,,0,,0,0
2026-03-27T12:12:41.511,116.024609,REDETECT,0.036027,-0.076958,0.007898,0.534,8.085,0,0,0,0,,,,0,,0,0
2026-03-27T12:12:41.575,116.088321,REDETECT,0.036027,-0.076958,0.007898,0.534,8.089,0,0,0,0,,,,0,,0,0
2026-03-27T12:12:41.611,116.124871,REDETECT,0.036027,-0.076958,0.007898,0.534,8.086,0,0,0,0,,,,0,,0,0
2026-03-27T12:12:41.672,116.184995,REDETECT,0.036027,-0.076958,0.007898,0.534,8.089,0,0,0,0,,,,0,,0,0
2026-03-27T12:12:41.735,116.248674,REDETECT,0.036027,-0.076958,0.007898,0.534,8.094,0,0,0,0,,,,0,,0,0
2026-03-27T12:12:41.772,116.285201,REDETECT,0.036027,-0.076958,0.007898,0.534,8.097,0,0,0,0,,,,0,,0,0
2026-03-27T12:12:41.806,116.319397,REDETECT,0.036027,-0.076958,0.007898,0.534,8.099,0,0,0,0,,,,0,,0,0
2026-03-27T12:12:41.872,116.385492,REDETECT,0.036027,-0.076958,0.007898,0.534,8.099,0,0,0,0,,,,0,,0,0
2026-03-27T12:12:41.936,116.449169,REDETECT,0.036027,-0.076958,0.007898,0.534,8.101,0,0,0,0,,,,0,,0,0
2026-03-27T12:12:41.973,116.486414,REDETECT,0.036027,-0.076958,0.007898,0.534,8.103,0,0,0,0,,,,0,,0,0
2026-03-27T12:12:42.036,116.549010,REDETECT,0.036027,-0.076958,0.007898,0.534,8.104,0,0,0,0,,,,0,,0,0
2026-03-27T12:12:42.071,116.584419,REDETECT,0.036027,-0.076958,0.007898,0.534,8.110,0,0,0,0,,,,0,,0,0
2026-03-27T12:12:42.139,116.652138,REDETECT,0.036027,-0.076958,0.007898,0.534,8.114,0,0,0,0,,,,0,,0,0
2026-03-27T12:12:42.172,116.685867,REDETECT,0.036027,-0.076958,0.007898,0.534,8.106,0,0,0,0,,,,0,,0,0
2026-03-27T12:12:42.235,116.748808,REDETECT,0.036027,-0.076958,0.007898,0.534,8.102,0,0,0,0,,,,0,,0,0
2026-03-27T12:12:42.271,116.784185,REDETECT,0.036027,-0.076958,0.007898,0.534,8.102,0,0,0,0,,,,0,,0,0
2026-03-27T12:12:42.336,116.849668,REDETECT,0.036027,-0.076958,0.007898,0.534,8.102,0,0,0,0,,,,0,,0,0
2026-03-27T12:12:42.370,116.883116,REDETECT,0.036027,-0.076958,0.007898,0.534,8.104,0,0,0,0,,,,0,,0,0
2026-03-27T12:12:42.436,116.949722,REDETECT,0.036027,-0.076958,0.007898,0.534,8.110,0,0,0,0,,,,0,,0,0
2026-03-27T12:12:42.472,116.985154,REDETECT,0.036027,-0.076958,0.007898,0.534,8.110,0,0,0,0,,,,0,,0,0
2026-03-27T12:12:42.536,117.049243,REDETECT,0.036027,-0.076958,0.007898,0.534,8.110,0,0,0,0,,,,0,,0,0
2026-03-27T12:12:42.570,117.083597,REDETECT,0.036027,-0.076958,0.007898,0.534,8.114,0,0,0,0,,,,0,,0,0
2026-03-27T12:12:42.606,117.119056,REDETECT,0.036027,-0.076958,0.007898,0.534,8.114,0,0,0,0,,,,0,,0,0
2026-03-27T12:12:42.673,117.186900,REDETECT,0.036027,-0.076958,0.007898,0.534,8.121,0,0,0,0,,,,0,,0,0
2026-03-27T12:12:42.736,117.249392,REDETECT,0.036027,-0.076958,0.007898,0.534,8.115,0,0,0,0,,,,0,,0,0
2026-03-27T12:12:42.772,117.285864,REDETECT,0.036027,-0.076958,0.007898,0.534,8.117,0,0,0,0,,,,0,,0,0
2026-03-27T12:12:42.836,117.349148,REDETECT,0.036027,-0.076958,0.007898,0.534,8.121,0,0,0,0,,,,0,,0,0
2026-03-27T12:12:42.871,117.384134,REDETECT,0.036027,-0.076958,0.007898,0.534,8.123,0,0,0,0,,,,0,,0,0
2026-03-27T12:12:42.935,117.448762,REDETECT,0.036027,-0.076958,0.007898,0.534,8.123,0,0,0,0,,,,0,,0,0
2026-03-27T12:12:42.971,117.484067,REDETECT,0.036027,-0.076958,0.007898,0.534,8.123,0,0,0,0,,,,0,,0,0
2026-03-27T12:12:43.036,117.549132,REDETECT,0.036027,-0.076958,0.007898,0.534,8.127,0,0,0,0,,,,0,,0,0
2026-03-27T12:12:43.070,117.583420,REDETECT,0.036027,-0.076958,0.007898,0.534,8.127,0,0,0,0,,,,0,,0,0
2026-03-27T12:12:43.137,117.650578,REDETECT,0.036027,-0.076958,0.007898,0.534,8.128,0,0,0,0,,,,0,,0,0
2026-03-27T12:12:43.172,117.685570,REDETECT,0.036027,-0.076958,0.007898,0.534,8.128,0,0,0,0,,,,0,,0,0
2026-03-27T12:12:43.235,117.748755,REDETECT,0.036027,-0.076958,0.007898,0.534,8.130,0,0,0,0,,,,0,,0,0
2026-03-27T12:12:43.272,117.785471,REDETECT,0.036027,-0.076958,0.007898,0.534,8.132,0,0,0,0,,,,0,,0,0
2026-03-27T12:12:43.335,117.848641,REDETECT,0.036027,-0.076958,0.007898,0.534,8.134,0,0,0,0,,,,0,,0,0
2026-03-27T12:12:43.369,117.882713,REDETECT,0.036027,-0.076958,0.007898,0.534,8.136,0,0,0,0,,,,0,,0,0
2026-03-27T12:12:43.404,117.917740,REDETECT,0.036027,-0.076958,0.007898,0.534,8.136,0,0,0,0,,,,0,,0,0
2026-03-27T12:12:43.473,117.986695,REDETECT,0.036027,-0.076958,0.007898,0.534,8.141,0,0,0,0,,,,0,,0,0
2026-03-27T12:12:43.536,118.049276,REDETECT,0.036027,-0.076958,0.007898,0.534,8.139,0,0,0,0,,,,0,,0,0
2026-03-27T12:12:43.571,118.084828,REDETECT,0.036027,-0.076958,0.007898,0.534,8.141,0,0,0,0,,,,0,,0,0
2026-03-27T12:12:43.605,118.118495,REDETECT,0.036027,-0.076958,0.007898,0.534,8.141,0,0,0,0,,,,0,,0,0
2026-03-27T12:12:43.672,118.184972,REDETECT,0.036027,-0.076958,0.007898,0.534,8.142,0,0,0,0,,,,0,,0,0
2026-03-27T12:12:43.736,118.249130,REDETECT,0.036027,-0.076958,0.007898,0.534,8.150,0,0,0,0,,,,0,,0,0
2026-03-27T12:12:43.772,118.285234,REDETECT,0.036027,-0.076958,0.007898,0.534,8.152,0,0,0,0,,,,0,,0,0
2026-03-27T12:12:43.835,118.348532,REDETECT,0.036027,-0.076958,0.007898,0.534,8.148,0,0,0,0,,,,0,,0,0
2026-03-27T12:12:43.872,118.385573,REDETECT,0.036027,-0.076958,0.007898,0.534,8.141,0,0,0,0,,,,0,,0,0
2026-03-27T12:12:43.936,118.449150,REDETECT,0.036027,-0.076958,0.007898,0.534,8.143,0,0,0,0,,,,0,,0,0
2026-03-27T12:12:43.971,118.483984,REDETECT,0.036027,-0.076958,0.007898,0.534,8.145,0,0,0,0,,,,0,,0,0
2026-03-27T12:12:44.035,118.548752,REDETECT,0.036027,-0.076958,0.007898,0.534,8.147,0,0,0,0,,,,0,,0,0
2026-03-27T12:12:44.069,118.582736,REDETECT,0.036027,-0.076958,0.007898,0.534,8.145,0,0,0,0,,,,0,,0,0
2026-03-27T12:12:44.136,118.649256,REDETECT,0.036027,-0.076958,0.007898,0.534,8.151,0,0,0,0,,,,0,,0,0
2026-03-27T12:12:44.172,118.685560,REDETECT,0.036027,-0.076958,0.007898,0.534,8.153,0,0,0,0,,,,0,,0,0
2026-03-27T12:12:44.235,118.748669,REDETECT,0.036027,-0.076958,0.007898,0.534,8.152,0,0,0,0,,,,0,,0,0
2026-03-27T12:12:44.271,118.784063,REDETECT,0.036027,-0.076958,0.007898,0.534,8.145,0,0,0,0,,,,0,,0,0
2026-03-27T12:12:44.336,118.848980,REDETECT,0.036027,-0.076958,0.007898,0.534,8.151,0,0,0,0,,,,0,,0,0
2026-03-27T12:12:44.371,118.883942,REDETECT,0.036027,-0.076958,0.007898,0.534,8.153,0,0,0,0,,,,0,,0,0
2026-03-27T12:12:44.435,118.948862,REDETECT,0.036027,-0.076958,0.007898,0.534,8.149,0,0,0,0,,,,0,,0,0
2026-03-27T12:12:44.469,118.982801,REDETECT,0.036027,-0.076958,0.007898,0.534,8.151,0,0,0,0,,,,0,,0,0
2026-03-27T12:12:44.536,119.049118,REDETECT,0.036027,-0.076958,0.007898,0.534,8.157,0,0,0,0,,,,0,,0,0
2026-03-27T12:12:44.571,119.084002,REDETECT,0.036027,-0.076958,0.007898,0.534,8.157,0,0,0,0,,,,0,,0,0
2026-03-27T12:12:44.605,119.118451,REDETECT,0.036027,-0.076958,0.007898,0.534,8.159,0,0,0,0,,,,0,,0,0
2026-03-27T12:12:44.672,119.185306,REDETECT,0.036027,-0.076958,0.007898,0.534,8.166,0,0,0,0,,,,0,,0,0
2026-03-27T12:12:44.735,119.248507,REDETECT,0.036027,-0.076958,0.007898,0.534,8.170,0,0,0,0,,,,0,,0,0
2026-03-27T12:12:44.772,119.285588,REDETECT,0.036027,-0.076958,0.007898,0.534,8.170,0,0,0,0,,,,0,,0,0
2026-03-27T12:12:44.835,119.348611,REDETECT,0.036027,-0.076958,0.007898,0.534,8.172,0,0,0,0,,,,0,,0,0
2026-03-27T12:12:44.870,119.383597,REDETECT,0.036027,-0.076958,0.007898,0.534,8.178,0,0,0,0,,,,0,,0,0
2026-03-27T12:12:44.935,119.448293,REDETECT,0.036027,-0.076958,0.007898,0.534,8.176,0,0,0,0,,,,0,,0,0
2026-03-27T12:12:44.971,119.483945,REDETECT,0.036027,-0.076958,0.007898,0.534,8.176,0,0,0,0,,,,0,,0,0
2026-03-27T12:12:45.035,119.548427,REDETECT,0.036027,-0.076958,0.007898,0.534,8.174,0,0,0,0,,,,0,,0,0
2026-03-27T12:12:45.070,119.583215,REDETECT,0.036027,-0.076958,0.007898,0.534,8.174,0,0,0,0,,,,0,,0,0
2026-03-27T12:12:45.136,119.649267,REDETECT,0.036027,-0.076958,0.007898,0.534,8.174,0,0,0,0,,,,0,,0,0
2026-03-27T12:12:45.172,119.685570,REDETECT,0.036027,-0.076958,0.007898,0.534,8.174,0,0,0,0,,,,0,,0,0
2026-03-27T12:12:45.235,119.748417,REDETECT,0.036027,-0.076958,0.007898,0.534,8.176,0,0,0,0,,,,0,,0,0
2026-03-27T12:12:45.272,119.785334,REDETECT,0.036027,-0.076958,0.007898,0.534,8.174,0,0,0,0,,,,0,,0,0
2026-03-27T12:12:45.335,119.848136,REDETECT,0.036027,-0.076958,0.007898,0.534,8.174,0,0,0,0,,,,0,,0,0
2026-03-27T12:12:45.370,119.883828,REDETECT,0.036027,-0.076958,0.007898,0.534,8.171,0,0,0,0,,,,0,,0,0
2026-03-27T12:12:45.436,119.949115,REDETECT,0.036027,-0.076958,0.007898,0.534,8.180,0,0,0,0,,,,0,,0,0
2026-03-27T12:12:45.469,119.982545,REDETECT,0.036027,-0.076958,0.007898,0.534,8.178,0,0,0,0,,,,0,,0,0
2026-03-27T12:12:45.535,120.048470,REDETECT,0.036027,-0.076958,0.007898,0.534,8.178,0,0,0,0,,,,0,,0,0
2026-03-27T12:12:45.571,120.084078,REDETECT,0.036027,-0.076958,0.007898,0.534,8.178,0,0,0,0,,,,0,,0,0
2026-03-27T12:12:45.606,120.118942,REDETECT,0.036027,-0.076958,0.007898,0.534,8.178,0,0,0,0,,,,0,,0,0
2026-03-27T12:12:45.673,120.186302,REDETECT,0.036027,-0.076958,0.007898,0.534,8.182,0,0,0,0,,,,0,,0,0
2026-03-27T12:12:45.736,120.249036,REDETECT,0.036027,-0.076958,0.007898,0.534,8.178,0,0,0,0,,,,0,,0,0
2026-03-27T12:12:45.772,120.285834,REDETECT,0.036027,-0.076958,0.007898,0.534,8.180,0,0,0,0,,,,0,,0,0
2026-03-27T12:12:45.835,120.348456,REDETECT,0.036027,-0.076958,0.007898,0.534,8.179,0,0,0,0,,,,0,,0,0
2026-03-27T12:12:45.872,120.385645,REDETECT,0.036027,-0.076958,0.007898,0.534,8.179,0,0,0,0,,,,0,,0,0
2026-03-27T12:12:45.936,120.449473,REDETECT,0.036027,-0.076958,0.007898,0.534,8.178,0,0,0,0,,,,0,,0,0
2026-03-27T12:12:45.972,120.485118,REDETECT,0.036027,-0.076958,0.007898,0.534,8.178,0,0,0,0,,,,0,,0,0
2026-03-27T12:12:46.035,120.548367,REDETECT,0.036027,-0.076958,0.007898,0.534,8.178,0,0,0,0,,,,0,,0,0
2026-03-27T12:12:46.070,120.583257,REDETECT,0.036027,-0.076958,0.007898,0.534,8.185,0,0,0,0,,,,0,,0,0
2026-03-27T12:12:46.136,120.649569,REDETECT,0.036027,-0.076958,0.007898,0.534,8.189,0,0,0,0,,,,0,,0,0
2026-03-27T12:12:46.172,120.685411,REDETECT,0.036027,-0.076958,0.007898,0.534,8.187,0,0,0,0,,,,0,,0,0
2026-03-27T12:12:46.207,120.719926,REDETECT,0.036027,-0.076958,0.007898,0.534,8.187,0,0,0,0,,,,0,,0,0
2026-03-27T12:12:46.271,120.784656,REDETECT,0.036027,-0.076958,0.007898,0.534,8.187,0,0,0,0,,,,0,,0,0
2026-03-27T12:12:46.305,120.818266,REDETECT,0.036027,-0.076958,0.007898,0.534,8.189,0,0,0,0,,,,0,,0,0
2026-03-27T12:12:46.371,120.884399,REDETECT,0.036027,-0.076958,0.007898,0.534,8.193,0,0,0,0,,,,0,,0,0
2026-03-27T12:12:46.436,120.949817,REDETECT,0.036027,-0.076958,0.007898,0.534,8.191,0,0,0,0,,,,0,,0,0
2026-03-27T12:12:46.472,120.985157,REDETECT,0.036027,-0.076958,0.007898,0.534,8.186,0,0,0,0,,,,0,,0,0
2026-03-27T12:12:46.542,121.055278,REDETECT,0.036027,-0.076958,0.007898,0.534,8.192,0,0,0,0,,,,0,,0,0
2026-03-27T12:12:46.608,121.121018,REDETECT,0.036027,-0.076958,0.007898,0.534,8.198,0,0,0,0,,,,0,,0,0
2026-03-27T12:12:46.671,121.184028,REDETECT,0.036027,-0.076958,0.007898,0.534,8.190,0,0,0,0,,,,0,,0,0
2026-03-27T12:12:46.705,121.218770,REDETECT,0.036027,-0.076958,0.007898,0.534,8.188,0,0,0,0,,,,0,,0,0
2026-03-27T12:12:46.774,121.287354,REDETECT,0.036027,-0.076958,0.007898,0.534,8.190,0,0,0,0,,,,0,,0,0
2026-03-27T12:12:46.842,121.355438,REDETECT,0.036027,-0.076958,0.007898,0.534,8.203,0,0,0,0,,,,0,,0,0
2026-03-27T12:12:46.905,121.418023,REDETECT,0.036027,-0.076958,0.007898,0.534,8.203,0,0,0,0,,,,0,,0,0
2026-03-27T12:12:46.972,121.485323,REDETECT,0.036027,-0.076958,0.007898,0.534,8.199,0,0,0,0,,,,0,,0,0
2026-03-27T12:12:47.036,121.549895,REDETECT,0.036027,-0.076958,0.007898,0.534,8.206,0,0,0,0,,,,0,,0,0
2026-03-27T12:12:47.071,121.584832,REDETECT,0.036027,-0.076958,0.007898,0.534,8.211,0,0,0,0,,,,0,,0,0
2026-03-27T12:12:47.105,121.618359,REDETECT,0.036027,-0.076958,0.007898,0.534,8.207,0,0,0,0,,,,0,,0,0
2026-03-27T12:12:47.174,121.687171,REDETECT,0.036027,-0.076958,0.007898,0.534,8.205,0,0,0,0,,,,0,,0,0
2026-03-27T12:12:47.238,121.751868,REDETECT,0.036027,-0.076958,0.007898,0.534,8.219,0,0,0,0,,,,0,,0,0
2026-03-27T12:12:47.273,121.786711,REDETECT,0.036027,-0.076958,0.007898,0.534,8.223,0,0,0,0,,,,0,,0,0
2026-03-27T12:12:47.336,121.849679,REDETECT,0.036027,-0.076958,0.007898,0.534,8.215,0,0,0,0,,,,0,,0,0
2026-03-27T12:12:47.372,121.885294,REDETECT,0.036027,-0.076958,0.007898,0.534,8.211,0,0,0,0,,,,0,,0,0
2026-03-27T12:12:47.436,121.949806,REDETECT,0.036027,-0.076958,0.007898,0.534,8.223,0,0,0,0,,,,0,,0,0
2026-03-27T12:12:47.473,121.986161,REDETECT,0.036027,-0.076958,0.007898,0.534,8.230,0,0,0,0,,,,0,,0,0
2026-03-27T12:12:47.537,122.050834,REDETECT,0.036027,-0.076958,0.007898,0.534,8.227,0,0,0,0,,,,0,,0,0
2026-03-27T12:12:47.574,122.087268,REDETECT,0.036027,-0.076958,0.007898,0.534,8.232,0,0,0,0,,,,0,,0,0
2026-03-27T12:12:47.637,122.150281,REDETECT,0.036027,-0.076958,0.007898,0.534,8.242,0,0,0,0,,,,0,,0,0
2026-03-27T12:12:47.674,122.187078,REDETECT,0.036027,-0.076958,0.007898,0.534,8.246,0,0,0,0,,,,0,,0,0
2026-03-27T12:12:47.736,122.249756,REDETECT,0.036027,-0.076958,0.007898,0.534,8.236,0,0,0,0,,,,0,,0,0
2026-03-27T12:12:47.772,122.285490,REDETECT,0.036027,-0.076958,0.007898,0.534,8.232,0,0,0,0,,,,0,,0,0
2026-03-27T12:12:47.837,122.350710,REDETECT,0.036027,-0.076958,0.007898,0.534,8.242,0,0,0,0,,,,0,,0,0
2026-03-27T12:12:47.872,122.385569,REDETECT,0.036027,-0.076958,0.007898,0.534,8.240,0,0,0,0,,,,0,,0,0
2026-03-27T12:12:47.937,122.450579,REDETECT,0.036027,-0.076958,0.007898,0.534,8.236,0,0,0,0,,,,0,,0,0
2026-03-27T12:12:47.973,122.486557,REDETECT,0.036027,-0.076958,0.007898,0.534,8.236,0,0,0,0,,,,0,,0,0
2026-03-27T12:12:48.038,122.551606,REDETECT,0.036027,-0.076958,0.007898,0.534,8.242,0,0,0,0,,,,0,,0,0
2026-03-27T12:12:48.072,122.585673,REDETECT,0.036027,-0.076958,0.007898,0.534,8.240,0,0,0,0,,,,0,,0,0
2026-03-27T12:12:48.137,122.650001,REDETECT,0.036027,-0.076958,0.007898,0.534,8.238,0,0,0,0,,,,0,,0,0
2026-03-27T12:12:48.173,122.686736,REDETECT,0.036027,-0.076958,0.007898,0.534,8.240,0,0,0,0,,,,0,,0,0
2026-03-27T12:12:48.238,122.751082,REDETECT,0.036027,-0.076958,0.007898,0.534,8.238,0,0,0,0,,,,0,,0,0
2026-03-27T12:12:48.272,122.785712,REDETECT,0.036027,-0.076958,0.007898,0.534,8.236,0,0,0,0,,,,0,,0,0
2026-03-27T12:12:48.337,122.850348,REDETECT,0.036027,-0.076958,0.007898,0.534,8.234,0,0,0,0,,,,0,,0,0
2026-03-27T12:12:48.371,122.884134,REDETECT,0.036027,-0.076958,0.007898,0.534,8.240,0,0,0,0,,,,0,,0,0
2026-03-27T12:12:48.405,122.918665,REDETECT,0.036027,-0.076958,0.007898,0.534,8.245,0,0,0,0,,,,0,,0,0
2026-03-27T12:12:48.439,122.952128,REDETECT,0.036027,-0.076958,0.007898,0.534,8.243,0,0,0,0,,,,0,,0,0
2026-03-27T12:12:48.504,123.017230,REDETECT,0.036027,-0.076958,0.007898,0.534,8.237,0,0,0,0,,,,0,,0,0
2026-03-27T12:12:48.574,123.086912,REDETECT,0.036027,-0.076958,0.007898,0.534,8.237,0,0,0,0,,,,0,,0,0
2026-03-27T12:12:48.607,123.120661,REDETECT,0.036027,-0.076958,0.007898,0.534,8.241,0,0,0,0,,,,0,,0,0
2026-03-27T12:12:48.674,123.187294,REDETECT,0.036027,-0.076958,0.007898,0.534,8.241,0,0,0,0,,,,0,,0,0
2026-03-27T12:12:48.736,123.249757,REDETECT,0.036027,-0.076958,0.007898,0.534,8.243,0,0,0,0,,,,0,,0,0
2026-03-27T12:12:48.772,123.285166,REDETECT,0.036027,-0.076958,0.007898,0.534,8.243,0,0,0,0,,,,0,,0,0
2026-03-27T12:12:48.806,123.318994,REDETECT,0.036027,-0.076958,0.007898,0.534,8.243,0,0,0,0,,,,0,,0,0
2026-03-27T12:12:48.873,123.386186,REDETECT,0.036027,-0.076958,0.007898,0.534,8.237,0,0,0,0,,,,0,,0,0
2026-03-27T12:12:48.937,123.450372,REDETECT,0.036027,-0.076958,0.007898,0.534,8.235,0,0,0,0,,,,0,,0,0
2026-03-27T12:12:48.973,123.486575,REDETECT,0.036027,-0.076958,0.007898,0.534,8.235,0,0,0,0,,,,0,,0,0
2026-03-27T12:12:49.036,123.549488,REDETECT,0.036027,-0.076958,0.007898,0.534,8.232,0,0,0,0,,,,0,,0,0
2026-03-27T12:12:49.072,123.585710,REDETECT,0.036027,-0.076958,0.007898,0.534,8.232,0,0,0,0,,,,0,,0,0
2026-03-27T12:12:49.137,123.650473,REDETECT,0.036027,-0.076958,0.007898,0.534,8.234,0,0,0,0,,,,0,,0,0
2026-03-27T12:12:49.174,123.687116,REDETECT,0.036027,-0.076958,0.007898,0.534,8.234,0,0,0,0,,,,0,,0,0
2026-03-27T12:12:49.237,123.750497,REDETECT,0.036027,-0.076958,0.007898,0.534,8.231,0,0,0,0,,,,0,,0,0
2026-03-27T12:12:49.274,123.787015,REDETECT,0.036027,-0.076958,0.007898,0.534,8.236,0,0,0,0,,,,0,,0,0
2026-03-27T12:12:49.337,123.850742,REDETECT,0.036027,-0.076958,0.007898,0.534,8.238,0,0,0,0,,,,0,,0,0
2026-03-27T12:12:49.372,123.885028,REDETECT,0.036027,-0.076958,0.007898,0.534,8.238,0,0,0,0,,,,0,,0,0
2026-03-27T12:12:49.407,123.920059,REDETECT,0.036027,-0.076958,0.007898,0.534,8.234,0,0,0,0,,,,0,,0,0
2026-03-27T12:12:49.472,123.985588,REDETECT,0.036027,-0.076958,0.007898,0.534,8.234,0,0,0,0,,,,0,,0,0
2026-03-27T12:12:49.539,124.051908,REDETECT,0.036027,-0.076958,0.007898,0.534,8.236,0,0,0,0,,,,0,,0,0
2026-03-27T12:12:49.573,124.086738,REDETECT,0.036027,-0.076958,0.007898,0.534,8.238,0,0,0,0,,,,0,,0,0
2026-03-27T12:12:49.637,124.150386,REDETECT,0.036027,-0.076958,0.007898,0.534,8.236,0,0,0,0,,,,0,,0,0
2026-03-27T12:12:49.672,124.185712,REDETECT,0.036027,-0.076958,0.007898,0.534,8.234,0,0,0,0,,,,0,,0,0
2026-03-27T12:12:49.737,124.250583,REDETECT,0.036027,-0.076958,0.007898,0.534,8.238,0,0,0,0,,,,0,,0,0
2026-03-27T12:12:49.772,124.285728,REDETECT,0.036027,-0.076958,0.007898,0.534,8.236,0,0,0,0,,,,0,,0,0
2026-03-27T12:12:49.837,124.350108,REDETECT,0.036027,-0.076958,0.007898,0.534,8.236,0,0,0,0,,,,0,,0,0
2026-03-27T12:12:49.874,124.387212,REDETECT,0.036027,-0.076958,0.007898,0.534,8.240,0,0,0,0,,,,0,,0,0
2026-03-27T12:12:49.938,124.451567,REDETECT,0.036027,-0.076958,0.007898,0.534,8.240,0,0,0,0,,,,0,,0,0
2026-03-27T12:12:49.972,124.485333,REDETECT,0.036027,-0.076958,0.007898,0.534,8.242,0,0,0,0,,,,0,,0,0
2026-03-27T12:12:50.037,124.550101,REDETECT,0.036027,-0.076958,0.007898,0.534,8.242,0,0,0,0,,,,0,,0,0
2026-03-27T12:12:50.071,124.584588,REDETECT,0.036027,-0.076958,0.007898,0.534,8.240,0,0,0,0,,,,0,,0,0
2026-03-27T12:12:50.137,124.650873,REDETECT,0.036027,-0.076958,0.007898,0.534,8.238,0,0,0,0,,,,0,,0,0
2026-03-27T12:12:50.174,124.687464,REDETECT,0.036027,-0.076958,0.007898,0.534,8.236,0,0,0,0,,,,0,,0,0
2026-03-27T12:12:50.237,124.750795,REDETECT,0.036027,-0.076958,0.007898,0.534,8.236,0,0,0,0,,,,0,,0,0
2026-03-27T12:12:50.274,124.786994,REDETECT,0.036027,-0.076958,0.007898,0.534,8.236,0,0,0,0,,,,0,,0,0
2026-03-27T12:12:50.338,124.851278,REDETECT,0.036027,-0.076958,0.007898,0.534,8.240,0,0,0,0,,,,0,,0,0
2026-03-27T12:12:50.374,124.886976,REDETECT,0.036027,-0.076958,0.007898,0.534,8.237,0,0,0,0,,,,0,,0,0
2026-03-27T12:12:50.408,124.921293,REDETECT,0.036027,-0.076958,0.007898,0.534,8.244,0,0,0,0,,,,0,,0,0
2026-03-27T12:12:50.473,124.986065,REDETECT,0.036027,-0.076958,0.007898,0.534,8.246,0,0,0,0,,,,0,,0,0
2026-03-27T12:12:50.537,125.050490,REDETECT,0.036027,-0.076958,0.007898,0.534,8.246,0,0,0,0,,,,0,,0,0
2026-03-27T12:12:50.574,125.086964,REDETECT,0.036027,-0.076958,0.007898,0.534,8.246,0,0,0,0,,,,0,,0,0
2026-03-27T12:12:50.637,125.150438,REDETECT,0.036027,-0.076958,0.007898,0.534,8.250,0,0,0,0,,,,0,,0,0
2026-03-27T12:12:50.683,125.196582,REDETECT,0.036027,-0.076958,0.007898,0.534,8.252,0,0,0,0,,,,0,,0,0
2026-03-27T12:12:50.737,125.250258,REDETECT,0.036027,-0.076958,0.007898,0.534,8.250,0,0,0,0,,,,0,,0,0
2026-03-27T12:12:50.770,125.283831,REDETECT,0.036027,-0.076958,0.007898,0.534,8.248,0,0,0,0,,,,0,,0,0
2026-03-27T12:12:50.805,125.317957,REDETECT,0.036027,-0.076958,0.007898,0.534,8.250,0,0,0,0,,,,0,,0,0
2026-03-27T12:12:50.874,125.386932,REDETECT,0.036027,-0.076958,0.007898,0.534,8.256,0,0,0,0,,,,0,,0,0
2026-03-27T12:12:50.937,125.450165,REDETECT,0.036027,-0.076958,0.007898,0.534,8.258,0,0,0,0,,,,0,,0,0
2026-03-27T12:12:50.974,125.487158,REDETECT,0.036027,-0.076958,0.007898,0.534,8.260,0,0,0,0,,,,0,,0,0
2026-03-27T12:12:51.036,125.549622,REDETECT,0.036027,-0.076958,0.007898,0.534,8.260,0,0,0,0,,,,0,,0,0
2026-03-27T12:12:51.072,125.584961,REDETECT,0.036027,-0.076958,0.007898,0.534,8.265,0,0,0,0,,,,0,,0,0
2026-03-27T12:12:51.138,125.651669,REDETECT,0.036027,-0.076958,0.007898,0.534,8.260,0,0,0,0,,,,0,,0,0
2026-03-27T12:12:51.174,125.687163,REDETECT,0.036027,-0.076958,0.007898,0.534,8.260,0,0,0,0,,,,0,,0,0
2026-03-27T12:12:51.240,125.753628,REDETECT,0.036027,-0.076958,0.007898,0.534,8.260,0,0,0,0,,,,0,,0,0
2026-03-27T12:12:51.287,125.800658,REDETECT,0.036027,-0.076958,0.007898,0.534,8.254,0,0,0,0,,,,0,,0,0
2026-03-27T12:12:51.341,125.854050,REDETECT,0.036027,-0.076958,0.007898,0.534,8.251,0,0,0,0,,,,0,,0,0
2026-03-27T12:12:51.395,125.908602,REDETECT,0.036027,-0.076958,0.007898,0.534,8.251,0,0,0,0,,,,0,,0,0
2026-03-27T12:12:51.435,125.948409,REDETECT,0.036027,-0.076958,0.007898,0.534,8.255,0,0,0,0,,,,0,,0,0
2026-03-27T12:12:51.470,125.983615,REDETECT,0.036027,-0.076958,0.007898,0.534,8.253,0,0,0,0,,,,0,,0,0
2026-03-27T12:12:51.540,126.053848,REDETECT,0.036027,-0.076958,0.007898,0.534,8.255,0,0,0,0,,,,0,,0,0
2026-03-27T12:12:51.580,126.093026,REDETECT,0.036027,-0.076958,0.007898,0.534,8.255,0,0,0,0,,,,0,,0,0
2026-03-27T12:12:51.637,126.150564,REDETECT,0.036027,-0.076958,0.007898,0.534,8.253,0,0,0,0,,,,0,,0,0
2026-03-27T12:12:51.671,126.184540,REDETECT,0.036027,-0.076958,0.007898,0.534,8.257,0,0,0,0,,,,0,,0,0
2026-03-27T12:12:51.735,126.248667,REDETECT,0.036027,-0.076958,0.007898,0.534,8.261,0,0,0,0,,,,0,,0,0
2026-03-27T12:12:51.770,126.283499,REDETECT,0.036027,-0.076958,0.007898,0.534,8.261,0,0,0,0,,,,0,,0,0
2026-03-27T12:12:51.836,126.349621,REDETECT,0.036027,-0.076958,0.007898,0.534,8.261,0,0,0,0,,,,0,,0,0
2026-03-27T12:12:51.872,126.385824,REDETECT,0.036027,-0.076958,0.007898,0.534,8.259,0,0,0,0,,,,0,,0,0
2026-03-27T12:12:51.936,126.449292,REDETECT,0.036027,-0.076958,0.007898,0.534,8.263,0,0,0,0,,,,0,,0,0
2026-03-27T12:12:51.972,126.485607,REDETECT,0.036027,-0.076958,0.007898,0.534,8.263,0,0,0,0,,,,0,,0,0
2026-03-27T12:12:52.035,126.548573,REDETECT,0.036027,-0.076958,0.007898,0.534,8.266,0,0,0,0,,,,0,,0,0
2026-03-27T12:12:52.071,126.584726,REDETECT,0.036027,-0.076958,0.007898,0.534,8.269,0,0,0,0,,,,0,,0,0
2026-03-27T12:12:52.135,126.648887,REDETECT,0.036027,-0.076958,0.007898,0.534,8.271,0,0,0,0,,,,0,,0,0
2026-03-27T12:12:52.170,126.683384,REDETECT,0.036027,-0.076958,0.007898,0.534,8.271,0,0,0,0,,,,0,,0,0
2026-03-27T12:12:52.236,126.749412,REDETECT,0.036027,-0.076958,0.007898,0.534,8.273,0,0,0,0,,,,0,,0,0
2026-03-27T12:12:52.272,126.785400,REDETECT,0.036027,-0.076958,0.007898,0.534,8.273,0,0,0,0,,,,0,,0,0
2026-03-27T12:12:52.335,126.848398,REDETECT,0.036027,-0.076958,0.007898,0.534,8.271,0,0,0,0,,,,0,,0,0
2026-03-27T12:12:52.372,126.885184,REDETECT,0.036027,-0.076958,0.007898,0.534,8.273,0,0,0,0,,,,0,,0,0
2026-03-27T12:12:52.435,126.948217,REDETECT,0.036027,-0.076958,0.007898,0.534,8.271,0,0,0,0,,,,0,,0,0
2026-03-27T12:12:52.472,126.985226,REDETECT,0.036027,-0.076958,0.007898,0.534,8.271,0,0,0,0,,,,0,,0,0
2026-03-27T12:12:52.536,127.049191,REDETECT,0.036027,-0.076958,0.007898,0.534,8.275,0,0,0,0,,,,0,,0,0
2026-03-27T12:12:52.572,127.085470,REDETECT,0.036027,-0.076958,0.007898,0.534,8.278,0,0,0,0,,,,0,,0,0
2026-03-27T12:12:52.636,127.149186,REDETECT,0.036027,-0.076958,0.007898,0.534,8.281,0,0,0,0,,,,0,,0,0
2026-03-27T12:12:52.672,127.185304,REDETECT,0.036027,-0.076958,0.007898,0.534,8.284,0,0,0,0,,,,0,,0,0
2026-03-27T12:12:52.735,127.247910,REDETECT,0.036027,-0.076958,0.007898,0.534,8.287,0,0,0,0,,,,0,,0,0
2026-03-27T12:12:52.770,127.283170,REDETECT,0.036027,-0.076958,0.007898,0.534,8.292,0,0,0,0,,,,0,,0,0
2026-03-27T12:12:52.835,127.348672,REDETECT,0.036027,-0.076958,0.007898,0.534,8.294,0,0,0,0,,,,0,,0,0
2026-03-27T12:12:52.870,127.383769,REDETECT,0.036027,-0.076958,0.007898,0.534,8.294,0,0,0,0,,,,0,,0,0
2026-03-27T12:12:52.935,127.448387,REDETECT,0.036027,-0.076958,0.007898,0.534,8.292,0,0,0,0,,,,0,,0,0
2026-03-27T12:12:52.970,127.483332,REDETECT,0.036027,-0.076958,0.007898,0.534,8.287,0,0,0,0,,,,0,,0,0
2026-03-27T12:12:53.035,127.548191,REDETECT,0.036027,-0.076958,0.007898,0.534,8.287,0,0,0,0,,,,0,,0,0
2026-03-27T12:12:53.069,127.582562,REDETECT,0.036027,-0.076958,0.007898,0.534,8.285,0,0,0,0,,,,0,,0,0
2026-03-27T12:12:53.103,127.616883,REDETECT,0.036027,-0.076958,0.007898,0.534,8.285,0,0,0,0,,,,0,,0,0
2026-03-27T12:12:53.170,127.683664,REDETECT,0.036027,-0.076958,0.007898,0.534,8.285,0,0,0,0,,,,0,,0,0
2026-03-27T12:12:53.236,127.748959,REDETECT,0.036027,-0.076958,0.007898,0.534,8.289,0,0,0,0,,,,0,,0,0
2026-03-27T12:12:53.271,127.784701,REDETECT,0.036027,-0.076958,0.007898,0.534,8.291,0,0,0,0,,,,0,,0,0
2026-03-27T12:12:53.335,127.848644,REDETECT,0.036027,-0.076958,0.007898,0.534,8.293,0,0,0,0,,,,0,,0,0
2026-03-27T12:12:53.372,127.885062,REDETECT,0.036027,-0.076958,0.007898,0.534,8.291,0,0,0,0,,,,0,,0,0
2026-03-27T12:12:53.434,127.947575,REDETECT,0.036027,-0.076958,0.007898,0.534,8.293,0,0,0,0,,,,0,,0,0
2026-03-27T12:12:53.469,127.982450,REDETECT,0.036027,-0.076958,0.007898,0.534,8.295,0,0,0,0,,,,0,,0,0
2026-03-27T12:12:53.536,128.049098,REDETECT,0.036027,-0.076958,0.007898,0.534,8.295,0,0,0,0,,,,0,,0,0
2026-03-27T12:12:53.571,128.083979,REDETECT,0.036027,-0.076958,0.007898,0.534,8.293,0,0,0,0,,,,0,,0,0
2026-03-27T12:12:53.635,128.148487,REDETECT,0.036027,-0.076958,0.007898,0.534,8.297,0,0,0,0,,,,0,,0,0
2026-03-27T12:12:53.671,128.184099,REDETECT,0.036027,-0.076958,0.007898,0.534,8.301,0,0,0,0,,,,0,,0,0
2026-03-27T12:12:53.735,128.248254,REDETECT,0.036027,-0.076958,0.007898,0.534,8.301,0,0,0,0,,,,0,,0,0
2026-03-27T12:12:53.770,128.283341,REDETECT,0.036027,-0.076958,0.007898,0.534,8.301,0,0,0,0,,,,0,,0,0
2026-03-27T12:12:53.804,128.317309,REDETECT,0.036027,-0.076958,0.007898,0.534,8.299,0,0,0,0,,,,0,,0,0
2026-03-27T12:12:53.872,128.385498,REDETECT,0.036027,-0.076958,0.007898,0.534,8.305,0,0,0,0,,,,0,,0,0
2026-03-27T12:12:53.936,128.448933,REDETECT,0.036027,-0.076958,0.007898,0.534,8.303,0,0,0,0,,,,0,,0,0
2026-03-27T12:12:53.972,128.485550,REDETECT,0.036027,-0.076958,0.007898,0.534,8.306,0,0,0,0,,,,0,,0,0
2026-03-27T12:12:54.034,128.547888,REDETECT,0.036027,-0.076958,0.007898,0.534,8.306,0,0,0,0,,,,0,,0,0
2026-03-27T12:12:54.071,128.583966,REDETECT,0.036027,-0.076958,0.007898,0.534,8.306,0,0,0,0,,,,0,,0,0
2026-03-27T12:12:54.135,128.648547,REDETECT,0.036027,-0.076958,0.007898,0.534,8.306,0,0,0,0,,,,0,,0,0
2026-03-27T12:12:54.170,128.683215,REDETECT,0.036027,-0.076958,0.007898,0.534,8.308,0,0,0,0,,,,0,,0,0
2026-03-27T12:12:54.236,128.749048,REDETECT,0.036027,-0.076958,0.007898,0.534,8.312,0,0,0,0,,,,0,,0,0
2026-03-27T12:12:54.272,128.785276,REDETECT,0.036027,-0.076958,0.007898,0.534,8.310,0,0,0,0,,,,0,,0,0
2026-03-27T12:12:54.335,128.848598,REDETECT,0.036027,-0.076958,0.007898,0.534,8.312,0,0,0,0,,,,0,,0,0
2026-03-27T12:12:54.372,128.885442,REDETECT,0.036027,-0.076958,0.007898,0.534,8.316,0,0,0,0,,,,0,,0,0
2026-03-27T12:12:54.435,128.948821,REDETECT,0.036027,-0.076958,0.007898,0.534,8.316,0,0,0,0,,,,0,,0,0
2026-03-27T12:12:54.470,128.983783,REDETECT,0.036027,-0.076958,0.007898,0.534,8.318,0,0,0,0,,,,0,,0,0
2026-03-27T12:12:54.535,129.048231,REDETECT,0.036027,-0.076958,0.007898,0.534,8.322,0,0,0,0,,,,0,,0,0
2026-03-27T12:12:54.570,129.083735,REDETECT,0.036027,-0.076958,0.007898,0.534,8.322,0,0,0,0,,,,0,,0,0
2026-03-27T12:12:54.635,129.148663,REDETECT,0.036027,-0.076958,0.007898,0.534,8.318,0,0,0,0,,,,0,,0,0
2026-03-27T12:12:54.672,129.185299,REDETECT,0.036027,-0.076958,0.007898,0.534,8.316,0,0,0,0,,,,0,,0,0
2026-03-27T12:12:54.735,129.248490,REDETECT,0.036027,-0.076958,0.007898,0.534,8.320,0,0,0,0,,,,0,,0,0
2026-03-27T12:12:54.769,129.282045,REDETECT,0.036027,-0.076958,0.007898,0.534,8.322,0,0,0,0,,,,0,,0,0
2026-03-27T12:12:54.804,129.317426,REDETECT,0.036027,-0.076958,0.007898,0.534,8.324,0,0,0,0,,,,0,,0,0
2026-03-27T12:12:54.869,129.382504,REDETECT,0.036027,-0.076958,0.007898,0.534,8.326,0,0,0,0,,,,0,,0,0
2026-03-27T12:12:54.936,129.449028,REDETECT,0.036027,-0.076958,0.007898,0.534,8.324,0,0,0,0,,,,0,,0,0
2026-03-27T12:12:54.971,129.484728,REDETECT,0.036027,-0.076958,0.007898,0.534,8.324,0,0,0,0,,,,0,,0,0
2026-03-27T12:12:55.035,129.548204,REDETECT,0.036027,-0.076958,0.007898,0.534,8.326,0,0,0,0,,,,0,,0,0
2026-03-27T12:12:55.070,129.583871,REDETECT,0.036027,-0.076958,0.007898,0.534,8.326,0,0,0,0,,,,0,,0,0
2026-03-27T12:12:55.135,129.648803,REDETECT,0.036027,-0.076958,0.007898,0.534,8.326,0,0,0,0,,,,0,,0,0
2026-03-27T12:12:55.170,129.683745,REDETECT,0.036027,-0.076958,0.007898,0.534,8.326,0,0,0,0,,,,0,,0,0
2026-03-27T12:12:55.235,129.748343,REDETECT,0.036027,-0.076958,0.007898,0.534,8.330,0,0,0,0,,,,0,,0,0
2026-03-27T12:12:55.272,129.785580,REDETECT,0.036027,-0.076958,0.007898,0.534,8.335,0,0,0,0,,,,0,,0,0
2026-03-27T12:12:55.336,129.849082,REDETECT,0.036027,-0.076958,0.007898,0.534,8.333,0,0,0,0,,,,0,,0,0
2026-03-27T12:12:55.373,129.886485,REDETECT,0.036027,-0.076958,0.007898,0.534,8.335,0,0,0,0,,,,0,,0,0
2026-03-27T12:12:55.436,129.948957,REDETECT,0.036027,-0.076958,0.007898,0.534,8.337,0,0,0,0,,,,0,,0,0
2026-03-27T12:12:55.471,129.984497,REDETECT,0.036027,-0.076958,0.007898,0.534,8.331,0,0,0,0,,,,0,,0,0
2026-03-27T12:12:55.506,130.019484,REDETECT,0.036027,-0.076958,0.007898,0.534,8.329,0,0,0,0,,,,0,,0,0
2026-03-27T12:12:55.573,130.086095,REDETECT,0.036027,-0.076958,0.007898,0.534,8.334,0,0,0,0,,,,0,,0,0
2026-03-27T12:12:55.635,130.148369,REDETECT,0.036027,-0.076958,0.007898,0.534,8.330,0,0,0,0,,,,0,,0,0
2026-03-27T12:12:55.672,130.185082,REDETECT,0.036027,-0.076958,0.007898,0.534,8.339,0,0,0,0,,,,0,,0,0
2026-03-27T12:12:55.735,130.248276,REDETECT,0.036027,-0.076958,0.007898,0.534,8.366,0,0,0,0,,,,0,,0,0
2026-03-27T12:12:55.770,130.283571,REDETECT,0.036027,-0.076958,0.007898,0.534,8.373,0,0,0,0,,,,0,,0,0
2026-03-27T12:12:55.804,130.316959,REDETECT,0.036027,-0.076958,0.007898,0.534,8.356,0,0,0,0,,,,0,,0,0
2026-03-27T12:12:55.869,130.382295,REDETECT,0.036027,-0.076958,0.007898,0.534,8.326,0,0,0,0,,,,0,,0,0
2026-03-27T12:12:55.935,130.448793,REDETECT,0.036027,-0.076958,0.007898,0.534,8.355,0,0,0,0,,,,0,,0,0
2026-03-27T12:12:55.972,130.485276,REDETECT,0.036027,-0.076958,0.007898,0.534,8.373,0,0,0,0,,,,0,,0,0
2026-03-27T12:12:56.035,130.548783,REDETECT,0.036027,-0.076958,0.007898,0.534,8.361,0,0,0,0,,,,0,,0,0
2026-03-27T12:12:56.070,130.583718,REDETECT,0.036027,-0.076958,0.007898,0.534,8.359,0,0,0,0,,,,0,,0,0
2026-03-27T12:12:56.135,130.648072,REDETECT,0.036027,-0.076958,0.007898,0.534,8.380,0,0,0,0,,,,0,,0,0
2026-03-27T12:12:56.170,130.683425,REDETECT,0.036027,-0.076958,0.007898,0.534,8.378,0,0,0,0,,,,0,,0,0
2026-03-27T12:12:56.236,130.749000,REDETECT,0.036027,-0.076958,0.007898,0.534,8.340,0,0,0,0,,,,0,,0,0
2026-03-27T12:12:56.275,130.788266,REDETECT,0.036027,-0.076958,0.007898,0.534,8.345,0,0,0,0,,,,0,,0,0
2026-03-27T12:12:56.337,130.850127,REDETECT,0.036027,-0.076958,0.007898,0.534,8.361,0,0,0,0,,,,0,,0,0
2026-03-27T12:12:56.374,130.887067,REDETECT,0.036027,-0.076958,0.007898,0.534,8.359,0,0,0,0,,,,0,,0,0
2026-03-27T12:12:56.437,130.950319,REDETECT,0.036027,-0.076958,0.007898,0.534,8.340,0,0,0,0,,,,0,,0,0
2026-03-27T12:12:56.472,130.985094,REDETECT,0.036027,-0.076958,0.007898,0.534,8.355,0,0,0,0,,,,0,,0,0
2026-03-27T12:12:56.537,131.050284,REDETECT,0.036027,-0.076958,0.007898,0.534,8.391,0,0,0,0,,,,0,,0,0
2026-03-27T12:12:56.571,131.084793,REDETECT,0.036027,-0.076958,0.007898,0.534,8.386,0,0,0,0,,,,0,,0,0
2026-03-27T12:12:56.612,131.125049,REDETECT,0.036027,-0.076958,0.007898,0.534,8.357,0,0,0,0,,,,0,,0,0
2026-03-27T12:12:56.675,131.188247,REDETECT,0.036027,-0.076958,0.007898,0.534,8.345,0,0,0,0,,,,0,,0,0
2026-03-27T12:12:56.737,131.249966,REDETECT,0.036027,-0.076958,0.007898,0.534,8.389,0,0,0,0,,,,0,,0,0
2026-03-27T12:12:56.772,131.285795,REDETECT,0.036027,-0.076958,0.007898,0.534,8.391,0,0,0,0,,,,0,,0,0
2026-03-27T12:12:56.834,131.347408,REDETECT,0.036027,-0.076958,0.007898,0.534,8.357,0,0,0,0,,,,0,,0,0
2026-03-27T12:12:56.873,131.386826,REDETECT,0.036027,-0.076958,0.007898,0.534,8.362,0,0,0,0,,,,0,,0,0
2026-03-27T12:12:56.937,131.450583,REDETECT,0.036027,-0.076958,0.007898,0.534,8.390,0,0,0,0,,,,0,,0,0
2026-03-27T12:12:56.973,131.486080,REDETECT,0.036027,-0.076958,0.007898,0.534,8.384,0,0,0,0,,,,0,,0,0
2026-03-27T12:12:57.035,131.548250,REDETECT,0.036027,-0.076958,0.007898,0.534,8.353,0,0,0,0,,,,0,,0,0
2026-03-27T12:12:57.070,131.583772,REDETECT,0.036027,-0.076958,0.007898,0.534,8.360,0,0,0,0,,,,0,,0,0
2026-03-27T12:12:57.135,131.648312,REDETECT,0.036027,-0.076958,0.007898,0.534,8.395,0,0,0,0,,,,0,,0,0
2026-03-27T12:12:57.170,131.683737,REDETECT,0.036027,-0.076958,0.007898,0.534,8.401,0,0,0,0,,,,0,,0,0
2026-03-27T12:12:57.235,131.748070,REDETECT,0.036027,-0.076958,0.007898,0.534,8.378,0,0,0,0,,,,0,,0,0
2026-03-27T12:12:57.269,131.782403,REDETECT,0.036027,-0.076958,0.007898,0.534,8.380,0,0,0,0,,,,0,,0,0
2026-03-27T12:12:57.335,131.848214,REDETECT,0.036027,-0.076958,0.007898,0.534,8.404,0,0,0,0,,,,0,,0,0
2026-03-27T12:12:57.370,131.883720,REDETECT,0.036027,-0.076958,0.007898,0.534,8.400,0,0,0,0,,,,0,,0,0
2026-03-27T12:12:57.435,131.947987,REDETECT,0.036027,-0.076958,0.007898,0.534,8.384,0,0,0,0,,,,0,,0,0
2026-03-27T12:12:57.470,131.983541,REDETECT,0.036027,-0.076958,0.007898,0.534,8.386,0,0,0,0,,,,0,,0,0
2026-03-27T12:12:57.534,132.047805,REDETECT,0.036027,-0.076958,0.007898,0.534,8.406,0,0,0,0,,,,0,,0,0
2026-03-27T12:12:57.569,132.082252,REDETECT,0.036027,-0.076958,0.007898,0.534,8.402,0,0,0,0,,,,0,,0,0
2026-03-27T12:12:57.635,132.148185,REDETECT,0.036027,-0.076958,0.007898,0.534,8.386,0,0,0,0,,,,0,,0,0
2026-03-27T12:12:57.672,132.185151,REDETECT,0.036027,-0.076958,0.007898,0.534,8.381,0,0,0,0,,,,0,,0,0
2026-03-27T12:12:57.739,132.251927,REDETECT,0.036027,-0.076958,0.007898,0.534,8.395,0,0,0,0,,,,0,,0,0
2026-03-27T12:12:57.774,132.287884,REDETECT,0.036027,-0.076958,0.007898,0.534,8.397,0,0,0,0,,,,0,,0,0
2026-03-27T12:12:57.810,132.323210,REDETECT,0.036027,-0.076958,0.007898,0.534,8.395,0,0,0,0,,,,0,,0,0
2026-03-27T12:12:57.875,132.388897,REDETECT,0.036027,-0.076958,0.007898,0.534,8.399,0,0,0,0,,,,0,,0,0
2026-03-27T12:12:57.937,132.450822,REDETECT,0.036027,-0.076958,0.007898,0.534,8.413,0,0,0,0,,,,0,,0,0
2026-03-27T12:12:57.972,132.485222,REDETECT,0.036027,-0.076958,0.007898,0.534,8.408,0,0,0,0,,,,0,,0,0
2026-03-27T12:12:58.036,132.548949,REDETECT,0.036027,-0.076958,0.007898,0.534,8.400,0,0,0,0,,,,0,,0,0
2026-03-27T12:12:58.071,132.584865,REDETECT,0.036027,-0.076958,0.007898,0.534,8.405,0,0,0,0,,,,0,,0,0
2026-03-27T12:12:58.136,132.648998,REDETECT,0.036027,-0.076958,0.007898,0.534,8.419,0,0,0,0,,,,0,,0,0
2026-03-27T12:12:58.171,132.684083,REDETECT,0.036027,-0.076958,0.007898,0.534,8.419,0,0,0,0,,,,0,,0,0
2026-03-27T12:12:58.235,132.748698,REDETECT,0.036027,-0.076958,0.007898,0.534,8.413,0,0,0,0,,,,0,,0,0
2026-03-27T12:12:58.272,132.785345,REDETECT,0.036027,-0.076958,0.007898,0.534,8.406,0,0,0,0,,,,0,,0,0
2026-03-27T12:12:58.335,132.848769,REDETECT,0.036027,-0.076958,0.007898,0.534,8.417,0,0,0,0,,,,0,,0,0
2026-03-27T12:12:58.371,132.884103,REDETECT,0.036027,-0.076958,0.007898,0.534,8.422,0,0,0,0,,,,0,,0,0
2026-03-27T12:12:58.435,132.948575,REDETECT,0.036027,-0.076958,0.007898,0.534,8.412,0,0,0,0,,,,0,,0,0
2026-03-27T12:12:58.471,132.984803,REDETECT,0.036027,-0.076958,0.007898,0.534,8.414,0,0,0,0,,,,0,,0,0
2026-03-27T12:12:58.505,133.018384,REDETECT,0.036027,-0.076958,0.007898,0.534,8.418,0,0,0,0,,,,0,,0,0
2026-03-27T12:12:58.541,133.054004,REDETECT,0.036027,-0.076958,0.007898,0.534,8.421,0,0,0,0,,,,0,,0,0
2026-03-27T12:12:58.575,133.088839,REDETECT,0.036027,-0.076958,0.007898,0.534,8.421,0,0,0,0,,,,0,,0,0
2026-03-27T12:12:58.640,133.153785,REDETECT,0.036027,-0.076958,0.007898,0.534,8.425,0,0,0,0,,,,0,,0,0
2026-03-27T12:12:58.676,133.189417,REDETECT,0.036027,-0.076958,0.007898,0.534,8.433,0,0,0,0,,,,0,,0,0
2026-03-27T12:12:58.737,133.250009,REDETECT,0.036027,-0.076958,0.007898,0.534,8.432,0,0,0,0,,,,0,,0,0
2026-03-27T12:12:58.777,133.289915,REDETECT,0.036027,-0.076958,0.007898,0.534,8.422,0,0,0,0,,,,0,,0,0
2026-03-27T12:12:58.838,133.351633,REDETECT,0.036027,-0.076958,0.007898,0.534,8.426,0,0,0,0,,,,0,,0,0
2026-03-27T12:12:58.876,133.389261,REDETECT,0.036027,-0.076958,0.007898,0.534,8.433,0,0,0,0,,,,0,,0,0
2026-03-27T12:12:58.942,133.455558,REDETECT,0.036027,-0.076958,0.007898,0.534,8.430,0,0,0,0,,,,0,,0,0
2026-03-27T12:12:58.977,133.490312,REDETECT,0.036027,-0.076958,0.007898,0.534,8.424,0,0,0,0,,,,0,,0,0
2026-03-27T12:12:59.037,133.550737,REDETECT,0.036027,-0.076958,0.007898,0.534,8.424,0,0,0,0,,,,0,,0,0
2026-03-27T12:12:59.074,133.587394,REDETECT,0.036027,-0.076958,0.007898,0.534,8.426,0,0,0,0,,,,0,,0,0
2026-03-27T12:12:59.109,133.622879,REDETECT,0.036027,-0.076958,0.007898,0.534,8.428,0,0,0,0,,,,0,,0,0
2026-03-27T12:12:59.175,133.688667,REDETECT,0.036027,-0.076958,0.007898,0.534,8.432,0,0,0,0,,,,0,,0,0
2026-03-27T12:12:59.240,133.753520,REDETECT,0.036027,-0.076958,0.007898,0.534,8.441,0,0,0,0,,,,0,,0,0
2026-03-27T12:12:59.274,133.787751,REDETECT,0.036027,-0.076958,0.007898,0.534,8.445,0,0,0,0,,,,0,,0,0
2026-03-27T12:12:59.310,133.823215,REDETECT,0.036027,-0.076958,0.007898,0.534,8.445,0,0,0,0,,,,0,,0,0
2026-03-27T12:12:59.376,133.889402,REDETECT,0.036027,-0.076958,0.007898,0.534,8.441,0,0,0,0,,,,0,,0,0
2026-03-27T12:12:59.442,133.955737,REDETECT,0.036027,-0.076958,0.007898,0.534,8.441,0,0,0,0,,,,0,,0,0
2026-03-27T12:12:59.510,134.023146,REDETECT,0.036027,-0.076958,0.007898,0.534,8.443,0,0,0,0,,,,0,,0,0
2026-03-27T12:12:59.586,134.099188,REDETECT,0.036027,-0.076958,0.007898,0.534,8.441,0,0,0,0,,,,0,,0,0
2026-03-27T12:12:59.644,134.157382,REDETECT,0.036027,-0.076958,0.007898,0.534,8.443,0,0,0,0,,,,0,,0,0
2026-03-27T12:12:59.708,134.220932,REDETECT,0.036027,-0.076958,0.007898,0.534,8.439,0,0,0,0,,,,0,,0,0
2026-03-27T12:12:59.770,134.283535,REDETECT,0.036027,-0.076958,0.007898,0.534,8.441,0,0,0,0,,,,0,,0,0
2026-03-27T12:12:59.835,134.348152,REDETECT,0.036027,-0.076958,0.007898,0.534,8.449,0,0,0,0,,,,0,,0,0
2026-03-27T12:12:59.872,134.385414,REDETECT,0.036027,-0.076958,0.007898,0.534,8.449,0,0,0,0,,,,0,,0,0
2026-03-27T12:12:59.934,134.447402,REDETECT,0.036027,-0.076958,0.007898,0.534,8.445,0,0,0,0,,,,0,,0,0
2026-03-27T12:12:59.971,134.484621,REDETECT,0.036027,-0.076958,0.007898,0.534,8.445,0,0,0,0,,,,0,,0,0
2026-03-27T12:13:00.035,134.548808,REDETECT,0.036027,-0.076958,0.007898,0.534,8.449,0,0,0,0,,,,0,,0,0
2026-03-27T12:13:00.071,134.584718,REDETECT,0.036027,-0.076958,0.007898,0.534,8.451,0,0,0,0,,,,0,,0,0
2026-03-27T12:13:00.135,134.648659,REDETECT,0.036027,-0.076958,0.007898,0.534,8.449,0,0,0,0,,,,0,,0,0
2026-03-27T12:13:00.170,134.683725,REDETECT,0.036027,-0.076958,0.007898,0.534,8.449,0,0,0,0,,,,0,,0,0
2026-03-27T12:13:00.235,134.748538,REDETECT,0.036027,-0.076958,0.007898,0.534,8.449,0,0,0,0,,,,0,,0,0
2026-03-27T12:13:00.270,134.783042,REDETECT,0.036027,-0.076958,0.007898,0.534,8.449,0,0,0,0,,,,0,,0,0
2026-03-27T12:13:00.303,134.816774,REDETECT,0.036027,-0.076958,0.007898,0.534,8.451,0,0,0,0,,,,0,,0,0
2026-03-27T12:13:00.337,134.850401,REDETECT,0.036027,-0.076958,0.007898,0.534,8.451,0,0,0,0,,,,0,,0,0
2026-03-27T12:13:00.371,134.884881,REDETECT,0.036027,-0.076958,0.007898,0.534,8.451,0,0,0,0,,,,0,,0,0
2026-03-27T12:13:00.435,134.948301,REDETECT,0.036027,-0.076958,0.007898,0.534,8.453,0,0,0,0,,,,0,,0,0
2026-03-27T12:13:00.472,134.984923,REDETECT,0.036027,-0.076958,0.007898,0.534,8.453,0,0,0,0,,,,0,,0,0
2026-03-27T12:13:00.507,135.019919,REDETECT,0.036027,-0.076958,0.007898,0.534,8.455,0,0,0,0,,,,0,,0,0
2026-03-27T12:13:00.541,135.053920,REDETECT,0.036027,-0.076958,0.007898,0.534,8.457,0,0,0,0,,,,0,,0,0
2026-03-27T12:13:00.615,135.128704,REDETECT,0.036027,-0.076958,0.007898,0.534,8.464,0,0,0,0,,,,0,,0,0
2026-03-27T12:13:00.674,135.187203,REDETECT,0.036027,-0.076958,0.007898,0.534,8.459,0,0,0,0,,,,0,,0,0
2026-03-27T12:13:00.735,135.248319,REDETECT,0.036027,-0.076958,0.007898,0.534,8.461,0,0,0,0,,,,0,,0,0
2026-03-27T12:13:00.772,135.285602,REDETECT,0.036027,-0.076958,0.007898,0.534,8.461,0,0,0,0,,,,0,,0,0
2026-03-27T12:13:00.834,135.347823,REDETECT,0.036027,-0.076958,0.007898,0.534,8.464,0,0,0,0,,,,0,,0,0
2026-03-27T12:13:00.872,135.385536,REDETECT,0.036027,-0.076958,0.007898,0.534,8.467,0,0,0,0,,,,0,,0,0
2026-03-27T12:13:00.934,135.447887,REDETECT,0.036027,-0.076958,0.007898,0.534,8.471,0,0,0,0,,,,0,,0,0
2026-03-27T12:13:00.972,135.485050,REDETECT,0.036027,-0.076958,0.007898,0.534,8.468,0,0,0,0,,,,0,,0,0
2026-03-27T12:13:01.035,135.548605,REDETECT,0.036027,-0.076958,0.007898,0.534,8.466,0,0,0,0,,,,0,,0,0
2026-03-27T12:13:01.070,135.583718,REDETECT,0.036027,-0.076958,0.007898,0.534,8.469,0,0,0,0,,,,0,,0,0
2026-03-27T12:13:01.135,135.648243,REDETECT,0.036027,-0.076958,0.007898,0.534,8.467,0,0,0,0,,,,0,,0,0
2026-03-27T12:13:01.172,135.685024,REDETECT,0.036027,-0.076958,0.007898,0.534,8.469,0,0,0,0,,,,0,,0,0
2026-03-27T12:13:01.236,135.749066,REDETECT,0.036027,-0.076958,0.007898,0.534,8.471,0,0,0,0,,,,0,,0,0
2026-03-27T12:13:01.269,135.782525,REDETECT,0.036027,-0.076958,0.007898,0.534,8.473,0,0,0,0,,,,0,,0,0
2026-03-27T12:13:01.307,135.820635,REDETECT,0.036027,-0.076958,0.007898,0.534,8.473,0,0,0,0,,,,0,,0,0
2026-03-27T12:13:01.373,135.886173,REDETECT,0.036027,-0.076958,0.007898,0.534,8.475,0,0,0,0,,,,0,,0,0
2026-03-27T12:13:01.435,135.948699,REDETECT,0.036027,-0.076958,0.007898,0.534,8.477,0,0,0,0,,,,0,,0,0
2026-03-27T12:13:01.470,135.983871,REDETECT,0.036027,-0.076958,0.007898,0.534,8.472,0,0,0,0,,,,0,,0,0
2026-03-27T12:13:01.535,136.048490,REDETECT,0.036027,-0.076958,0.007898,0.534,8.472,0,0,0,0,,,,0,,0,0
2026-03-27T12:13:01.569,136.082593,REDETECT,0.036027,-0.076958,0.007898,0.534,8.472,0,0,0,0,,,,0,,0,0
2026-03-27T12:13:01.604,136.117437,REDETECT,0.036027,-0.076958,0.007898,0.534,8.479,0,0,0,0,,,,0,,0,0
2026-03-27T12:13:01.642,136.155378,REDETECT,0.036027,-0.076958,0.007898,0.534,8.476,0,0,0,0,,,,0,,0,0
2026-03-27T12:13:01.675,136.188895,REDETECT,0.036027,-0.076958,0.007898,0.534,8.476,0,0,0,0,,,,0,,0,0
2026-03-27T12:13:01.738,136.251790,REDETECT,0.036027,-0.076958,0.007898,0.534,8.478,0,0,0,0,,,,0,,0,0
2026-03-27T12:13:01.802,136.315289,REDETECT,0.036027,-0.076958,0.007898,0.534,8.479,0,0,0,0,,,,0,,0,0
2026-03-27T12:13:01.835,136.348869,REDETECT,0.036027,-0.076958,0.007898,0.534,8.479,0,0,0,0,,,,0,,0,0
2026-03-27T12:13:01.871,136.384159,REDETECT,0.036027,-0.076958,0.007898,0.534,8.481,0,0,0,0,,,,0,,0,0
2026-03-27T12:13:01.907,136.420665,REDETECT,0.036027,-0.076958,0.007898,0.534,8.483,0,0,0,0,,,,0,,0,0
2026-03-27T12:13:01.969,136.482226,REDETECT,0.036027,-0.076958,0.007898,0.534,8.485,0,0,0,0,,,,0,,0,0
2026-03-27T12:13:02.008,136.521399,REDETECT,0.036027,-0.076958,0.007898,0.534,8.488,0,0,0,0,,,,0,,0,0
2026-03-27T12:13:02.044,136.557630,REDETECT,0.036027,-0.076958,0.007898,0.534,8.490,0,0,0,0,,,,0,,0,0
2026-03-27T12:13:02.104,136.617827,REDETECT,0.036027,-0.076958,0.007898,0.534,8.490,0,0,0,0,,,,0,,0,0
2026-03-27T12:13:02.174,136.687621,REDETECT,0.036027,-0.076958,0.007898,0.534,8.492,0,0,0,0,,,,0,,0,0
2026-03-27T12:13:02.237,136.750618,REDETECT,0.036027,-0.076958,0.007898,0.534,8.496,0,0,0,0,,,,0,,0,0
2026-03-27T12:13:02.275,136.788225,REDETECT,0.036027,-0.076958,0.007898,0.534,8.498,0,0,0,0,,,,0,,0,0
2026-03-27T12:13:02.340,136.853029,REDETECT,0.036027,-0.076958,0.007898,0.534,8.500,0,0,0,0,,,,0,,0,0
2026-03-27T12:13:02.375,136.888600,REDETECT,0.036027,-0.076958,0.007898,0.534,8.502,0,0,0,0,,,,0,,0,0
2026-03-27T12:13:02.439,136.952563,REDETECT,0.036027,-0.076958,0.007898,0.534,8.504,0,0,0,0,,,,0,,0,0
2026-03-27T12:13:02.475,136.987994,REDETECT,0.036027,-0.076958,0.007898,0.534,8.508,0,0,0,0,,,,0,,0,0
2026-03-27T12:13:02.538,137.051094,REDETECT,0.036027,-0.076958,0.007898,0.534,8.508,0,0,0,0,,,,0,,0,0
2026-03-27T12:13:02.574,137.087281,REDETECT,0.036027,-0.076958,0.007898,0.534,8.508,0,0,0,0,,,,0,,0,0
2026-03-27T12:13:02.640,137.153592,REDETECT,0.036027,-0.076958,0.007898,0.534,8.512,0,0,0,0,,,,0,,0,0
2026-03-27T12:13:02.705,137.217992,REDETECT,0.036027,-0.076958,0.007898,0.534,8.510,0,0,0,0,,,,0,,0,0
2026-03-27T12:13:02.739,137.251992,REDETECT,0.036027,-0.076958,0.007898,0.534,8.510,0,0,0,0,,,,0,,0,0
2026-03-27T12:13:02.774,137.286999,REDETECT,0.036027,-0.076958,0.007898,0.534,8.513,0,0,0,0,,,,0,,0,0
2026-03-27T12:13:02.838,137.350906,REDETECT,0.036027,-0.076958,0.007898,0.534,8.520,0,0,0,0,,,,0,,0,0
2026-03-27T12:13:02.873,137.386752,REDETECT,0.036027,-0.076958,0.007898,0.534,8.520,0,0,0,0,,,,0,,0,0
2026-03-27T12:13:02.935,137.448548,REDETECT,0.036027,-0.076958,0.007898,0.534,8.520,0,0,0,0,,,,0,,0,0
2026-03-27T12:13:02.969,137.482197,REDETECT,0.036027,-0.076958,0.007898,0.534,8.516,0,0,0,0,,,,0,,0,0
2026-03-27T12:13:03.035,137.548790,REDETECT,0.036027,-0.076958,0.007898,0.534,8.518,0,0,0,0,,,,0,,0,0
2026-03-27T12:13:03.071,137.584708,REDETECT,0.036027,-0.076958,0.007898,0.534,8.518,0,0,0,0,,,,0,,0,0
2026-03-27T12:13:03.135,137.648703,REDETECT,0.036027,-0.076958,0.007898,0.534,8.521,0,0,0,0,,,,0,,0,0
2026-03-27T12:13:03.170,137.683451,REDETECT,0.036027,-0.076958,0.007898,0.534,8.523,0,0,0,0,,,,0,,0,0
2026-03-27T12:13:03.205,137.717963,REDETECT,0.036027,-0.076958,0.007898,0.534,8.521,0,0,0,0,,,,0,,0,0
2026-03-27T12:13:03.269,137.782399,REDETECT,0.036027,-0.076958,0.007898,0.534,8.527,0,0,0,0,,,,0,,0,0
2026-03-27T12:13:03.303,137.816876,REDETECT,0.036027,-0.076958,0.007898,0.534,8.529,0,0,0,0,,,,0,,0,0
2026-03-27T12:13:03.338,137.851584,REDETECT,0.036027,-0.076958,0.007898,0.534,8.527,0,0,0,0,,,,0,,0,0
2026-03-27T12:13:03.405,137.918401,REDETECT,0.036027,-0.076958,0.007898,0.534,8.525,0,0,0,0,,,,0,,0,0
2026-03-27T12:13:03.473,137.986860,REDETECT,0.036027,-0.076958,0.007898,0.534,8.525,0,0,0,0,,,,0,,0,0
2026-03-27T12:13:03.536,138.049329,REDETECT,0.036027,-0.076958,0.007898,0.534,8.527,0,0,0,0,,,,0,,0,0
2026-03-27T12:13:03.572,138.085147,REDETECT,0.036027,-0.076958,0.007898,0.534,8.529,0,0,0,0,,,,0,,0,0
2026-03-27T12:13:03.635,138.148135,REDETECT,0.036027,-0.076958,0.007898,0.534,8.533,0,0,0,0,,,,0,,0,0
2026-03-27T12:13:03.672,138.185304,REDETECT,0.036027,-0.076958,0.007898,0.534,8.535,0,0,0,0,,,,0,,0,0
2026-03-27T12:13:03.735,138.248342,REDETECT,0.036027,-0.076958,0.007898,0.534,8.537,0,0,0,0,,,,0,,0,0
2026-03-27T12:13:03.773,138.286011,REDETECT,0.036027,-0.076958,0.007898,0.534,8.534,0,0,0,0,,,,0,,0,0
2026-03-27T12:13:03.835,138.348713,REDETECT,0.036027,-0.076958,0.007898,0.534,8.534,0,0,0,0,,,,0,,0,0
2026-03-27T12:13:03.872,138.385848,REDETECT,0.036027,-0.076958,0.007898,0.534,8.532,0,0,0,0,,,,0,,0,0
2026-03-27T12:13:03.935,138.448610,REDETECT,0.036027,-0.076958,0.007898,0.534,8.538,0,0,0,0,,,,0,,0,0
2026-03-27T12:13:03.970,138.483055,REDETECT,0.036027,-0.076958,0.007898,0.534,8.540,0,0,0,0,,,,0,,0,0
2026-03-27T12:13:04.035,138.548897,REDETECT,0.036027,-0.076958,0.007898,0.534,8.538,0,0,0,0,,,,0,,0,0
2026-03-27T12:13:04.073,138.586198,REDETECT,0.036027,-0.076958,0.007898,0.534,8.538,0,0,0,0,,,,0,,0,0
2026-03-27T12:13:04.135,138.648359,REDETECT,0.036027,-0.076958,0.007898,0.534,8.539,0,0,0,0,,,,0,,0,0
2026-03-27T12:13:04.171,138.684443,REDETECT,0.036027,-0.076958,0.007898,0.534,8.539,0,0,0,0,,,,0,,0,0
2026-03-27T12:13:04.235,138.748764,REDETECT,0.036027,-0.076958,0.007898,0.534,8.538,0,0,0,0,,,,0,,0,0
2026-03-27T12:13:04.270,138.783716,REDETECT,0.036027,-0.076958,0.007898,0.534,8.538,0,0,0,0,,,,0,,0,0
2026-03-27T12:13:04.335,138.848760,REDETECT,0.036027,-0.076958,0.007898,0.534,8.538,0,0,0,0,,,,0,,0,0
2026-03-27T12:13:04.373,138.886185,REDETECT,0.036027,-0.076958,0.007898,0.534,8.535,0,0,0,0,,,,0,,0,0
2026-03-27T12:13:04.435,138.948832,REDETECT,0.036027,-0.076958,0.007898,0.534,8.535,0,0,0,0,,,,0,,0,0
2026-03-27T12:13:04.472,138.985120,REDETECT,0.036027,-0.076958,0.007898,0.534,8.537,0,0,0,0,,,,0,,0,0
2026-03-27T12:13:04.537,139.050197,REDETECT,0.036027,-0.076958,0.007898,0.534,8.542,0,0,0,0,,,,0,,0,0
2026-03-27T12:13:04.573,139.086021,REDETECT,0.036027,-0.076958,0.007898,0.534,8.544,0,0,0,0,,,,0,,0,0
2026-03-27T12:13:04.638,139.151268,REDETECT,0.036027,-0.076958,0.007898,0.534,8.544,0,0,0,0,,,,0,,0,0
2026-03-27T12:13:04.703,139.216732,REDETECT,0.036027,-0.076958,0.007898,0.534,8.550,0,0,0,0,,,,0,,0,0
2026-03-27T12:13:04.746,139.259860,REDETECT,0.036027,-0.076958,0.007898,0.534,8.550,0,0,0,0,,,,0,,0,0
2026-03-27T12:13:04.808,139.321368,REDETECT,0.036027,-0.076958,0.007898,0.534,8.550,0,0,0,0,,,,0,,0,0
2026-03-27T12:13:04.844,139.357285,REDETECT,0.036027,-0.076958,0.007898,0.534,8.552,0,0,0,0,,,,0,,0,0
2026-03-27T12:13:04.886,139.399663,REDETECT,0.036027,-0.076958,0.007898,0.534,8.555,0,0,0,0,,,,0,,0,0
2026-03-27T12:13:04.936,139.449448,REDETECT,0.036027,-0.076958,0.007898,0.534,8.557,0,0,0,0,,,,0,,0,0
2026-03-27T12:13:04.970,139.483403,REDETECT,0.036027,-0.076958,0.007898,0.534,8.554,0,0,0,0,,,,0,,0,0
2026-03-27T12:13:05.008,139.521008,REDETECT,0.036027,-0.076958,0.007898,0.534,8.552,0,0,0,0,,,,0,,0,0
2026-03-27T12:13:05.072,139.585901,REDETECT,0.036027,-0.076958,0.007898,0.534,8.552,0,0,0,0,,,,0,,0,0
2026-03-27T12:13:05.106,139.619236,REDETECT,0.036027,-0.076958,0.007898,0.534,8.554,0,0,0,0,,,,0,,0,0
2026-03-27T12:13:05.170,139.683131,REDETECT,0.036027,-0.076958,0.007898,0.534,8.556,0,0,0,0,,,,0,,0,0
2026-03-27T12:13:05.205,139.718166,REDETECT,0.036027,-0.076958,0.007898,0.534,8.558,0,0,0,0,,,,0,,0,0
2026-03-27T12:13:05.273,139.786131,REDETECT,0.036027,-0.076958,0.007898,0.534,8.558,0,0,0,0,,,,0,,0,0
2026-03-27T12:13:05.307,139.820164,REDETECT,0.036027,-0.076958,0.007898,0.534,8.560,0,0,0,0,,,,0,,0,0
2026-03-27T12:13:05.372,139.885505,REDETECT,0.036027,-0.076958,0.007898,0.534,8.564,0,0,0,0,,,,0,,0,0
2026-03-27T12:13:05.435,139.948709,REDETECT,0.036027,-0.076958,0.007898,0.534,8.569,0,0,0,0,,,,0,,0,0
2026-03-27T12:13:05.471,139.984612,REDETECT,0.036027,-0.076958,0.007898,0.534,8.575,0,0,0,0,,,,0,,0,0
2026-03-27T12:13:05.535,140.048349,REDETECT,0.036027,-0.076958,0.007898,0.534,8.581,0,0,0,0,,,,0,,0,0
2026-03-27T12:13:05.572,140.085143,REDETECT,0.036027,-0.076958,0.007898,0.534,8.581,0,0,0,0,,,,0,,0,0
2026-03-27T12:13:05.639,140.152028,REDETECT,0.036027,-0.076958,0.007898,0.534,8.583,0,0,0,0,,,,0,,0,0
2026-03-27T12:13:05.703,140.216188,REDETECT,0.036027,-0.076958,0.007898,0.534,8.587,0,0,0,0,,,,0,,0,0
2026-03-27T12:13:05.774,140.287154,REDETECT,0.036027,-0.076958,0.007898,0.534,8.591,0,0,0,0,,,,0,,0,0
2026-03-27T12:13:05.809,140.322765,REDETECT,0.036027,-0.076958,0.007898,0.534,8.587,0,0,0,0,,,,0,,0,0
2026-03-27T12:13:05.882,140.395130,REDETECT,0.036027,-0.076958,0.007898,0.534,8.590,0,0,0,0,,,,0,,0,0
2026-03-27T12:13:05.934,140.447898,REDETECT,0.036027,-0.076958,0.007898,0.534,8.594,0,0,0,0,,,,0,,0,0
2026-03-27T12:13:05.971,140.484102,REDETECT,0.036027,-0.076958,0.007898,0.534,8.594,0,0,0,0,,,,0,,0,0
2026-03-27T12:13:06.036,140.549795,REDETECT,0.036027,-0.076958,0.007898,0.534,8.600,0,0,0,0,,,,0,,0,0
2026-03-27T12:13:06.072,140.585600,REDETECT,0.036027,-0.076958,0.007898,0.534,8.600,0,0,0,0,,,,0,,0,0
2026-03-27T12:13:06.135,140.648453,REDETECT,0.036027,-0.076958,0.007898,0.534,8.601,0,0,0,0,,,,0,,0,0
2026-03-27T12:13:06.172,140.685558,REDETECT,0.036027,-0.076958,0.007898,0.534,8.601,0,0,0,0,,,,0,,0,0
2026-03-27T12:13:06.236,140.749116,REDETECT,0.036027,-0.076958,0.007898,0.534,8.603,0,0,0,0,,,,0,,0,0
2026-03-27T12:13:06.271,140.784037,REDETECT,0.036027,-0.076958,0.007898,0.534,8.603,0,0,0,0,,,,0,,0,0
2026-03-27T12:13:06.305,140.818236,REDETECT,0.036027,-0.076958,0.007898,0.534,8.603,0,0,0,0,,,,0,,0,0
2026-03-27T12:13:06.341,140.854390,REDETECT,0.036027,-0.076958,0.007898,0.534,8.603,0,0,0,0,,,,0,,0,0
2026-03-27T12:13:06.374,140.887773,REDETECT,0.036027,-0.076958,0.007898,0.534,8.605,0,0,0,0,,,,0,,0,0
2026-03-27T12:13:06.434,140.947740,REDETECT,0.036027,-0.076958,0.007898,0.534,8.607,0,0,0,0,,,,0,,0,0
2026-03-27T12:13:06.468,140.981311,REDETECT,0.036027,-0.076958,0.007898,0.534,8.605,0,0,0,0,,,,0,,0,0
2026-03-27T12:13:06.534,141.047370,REDETECT,0.036027,-0.076958,0.007898,0.534,8.613,0,0,0,0,,,,0,,0,0
2026-03-27T12:13:06.568,141.081544,REDETECT,0.036027,-0.076958,0.007898,0.534,8.615,0,0,0,0,,,,0,,0,0
2026-03-27T12:13:06.636,141.149639,REDETECT,0.036027,-0.076958,0.007898,0.534,8.615,0,0,0,0,,,,0,,0,0
2026-03-27T12:13:06.671,141.184900,REDETECT,0.036027,-0.076958,0.007898,0.534,8.612,0,0,0,0,,,,0,,0,0
2026-03-27T12:13:06.736,141.249210,REDETECT,0.036027,-0.076958,0.007898,0.534,8.614,0,0,0,0,,,,0,,0,0
2026-03-27T12:13:06.804,141.316953,REDETECT,0.036027,-0.076958,0.007898,0.534,8.619,0,0,0,0,,,,0,,0,0
2026-03-27T12:13:06.868,141.381643,REDETECT,0.036027,-0.076958,0.007898,0.534,8.621,0,0,0,0,,,,0,,0,0
2026-03-27T12:13:06.902,141.415125,REDETECT,0.036027,-0.076958,0.007898,0.534,8.619,0,0,0,0,,,,0,,0,0
2026-03-27T12:13:06.936,141.449384,REDETECT,0.036027,-0.076958,0.007898,0.534,8.619,0,0,0,0,,,,0,,0,0
2026-03-27T12:13:06.982,141.495491,REDETECT,0.036027,-0.076958,0.007898,0.534,8.621,0,0,0,0,,,,0,,0,0
2026-03-27T12:13:07.036,141.549586,REDETECT,0.036027,-0.076958,0.007898,0.534,8.628,0,0,0,0,,,,0,,0,0
2026-03-27T12:13:07.073,141.586755,REDETECT,0.036027,-0.076958,0.007898,0.534,8.633,0,0,0,0,,,,0,,0,0
2026-03-27T12:13:07.139,141.652890,REDETECT,0.036027,-0.076958,0.007898,0.534,8.634,0,0,0,0,,,,0,,0,0
2026-03-27T12:13:07.175,141.688593,REDETECT,0.036027,-0.076958,0.007898,0.534,8.634,0,0,0,0,,,,0,,0,0
2026-03-27T12:13:07.237,141.750254,REDETECT,0.036027,-0.076958,0.007898,0.534,8.634,0,0,0,0,,,,0,,0,0
2026-03-27T12:13:07.309,141.822239,REDETECT,0.036027,-0.076958,0.007898,0.534,8.637,0,0,0,0,,,,0,,0,0
2026-03-27T12:13:07.371,141.884689,REDETECT,0.036027,-0.076958,0.007898,0.534,8.635,0,0,0,0,,,,0,,0,0
2026-03-27T12:13:07.437,141.950473,REDETECT,0.036027,-0.076958,0.007898,0.534,8.637,0,0,0,0,,,,0,,0,0
2026-03-27T12:13:07.473,141.986405,REDETECT,0.036027,-0.076958,0.007898,0.534,8.639,0,0,0,0,,,,0,,0,0
2026-03-27T12:13:07.537,142.050073,REDETECT,0.036027,-0.076958,0.007898,0.534,8.641,0,0,0,0,,,,0,,0,0
2026-03-27T12:13:07.572,142.085669,REDETECT,0.036027,-0.076958,0.007898,0.534,8.641,0,0,0,0,,,,0,,0,0
2026-03-27T12:13:07.638,142.151682,REDETECT,0.036027,-0.076958,0.007898,0.534,8.643,0,0,0,0,,,,0,,0,0
2026-03-27T12:13:07.672,142.185102,REDETECT,0.036027,-0.076958,0.007898,0.534,8.641,0,0,0,0,,,,0,,0,0
2026-03-27T12:13:07.736,142.249769,REDETECT,0.036027,-0.076958,0.007898,0.534,8.645,0,0,0,0,,,,0,,0,0
2026-03-27T12:13:07.774,142.287250,REDETECT,0.036027,-0.076958,0.007898,0.534,8.649,0,0,0,0,,,,0,,0,0
2026-03-27T12:13:07.818,142.331808,REDETECT,0.036027,-0.076958,0.007898,0.534,8.647,0,0,0,0,,,,0,,0,0
2026-03-27T12:13:07.873,142.386016,REDETECT,0.036027,-0.076958,0.007898,0.534,8.649,0,0,0,0,,,,0,,0,0
2026-03-27T12:13:07.935,142.448810,REDETECT,0.036027,-0.076958,0.007898,0.534,8.651,0,0,0,0,,,,0,,0,0
2026-03-27T12:13:07.972,142.484963,REDETECT,0.036027,-0.076958,0.007898,0.534,8.653,0,0,0,0,,,,0,,0,0
2026-03-27T12:13:08.036,142.549360,REDETECT,0.036027,-0.076958,0.007898,0.534,8.657,0,0,0,0,,,,0,,0,0
2026-03-27T12:13:08.071,142.584769,REDETECT,0.036027,-0.076958,0.007898,0.534,8.659,0,0,0,0,,,,0,,0,0
2026-03-27T12:13:08.137,142.650588,REDETECT,0.036027,-0.076958,0.007898,0.534,8.663,0,0,0,0,,,,0,,0,0
2026-03-27T12:13:08.173,142.686332,REDETECT,0.036027,-0.076958,0.007898,0.534,8.661,0,0,0,0,,,,0,,0,0
2026-03-27T12:13:08.237,142.750289,REDETECT,0.036027,-0.076958,0.007898,0.534,8.665,0,0,0,0,,,,0,,0,0
2026-03-27T12:13:08.273,142.786555,REDETECT,0.036027,-0.076958,0.007898,0.534,8.669,0,0,0,0,,,,0,,0,0
2026-03-27T12:13:08.308,142.821706,REDETECT,0.036027,-0.076958,0.007898,0.534,8.669,0,0,0,0,,,,0,,0,0
2026-03-27T12:13:08.371,142.884898,REDETECT,0.036027,-0.076958,0.007898,0.534,8.673,0,0,0,0,,,,0,,0,0
2026-03-27T12:13:08.436,142.949828,REDETECT,0.036027,-0.076958,0.007898,0.534,8.673,0,0,0,0,,,,0,,0,0
2026-03-27T12:13:08.473,142.986668,REDETECT,0.036027,-0.076958,0.007898,0.534,8.675,0,0,0,0,,,,0,,0,0
2026-03-27T12:13:08.536,143.049122,REDETECT,0.036027,-0.076958,0.007898,0.534,8.675,0,0,0,0,,,,0,,0,0
2026-03-27T12:13:08.573,143.086603,REDETECT,0.036027,-0.076958,0.007898,0.534,8.680,0,0,0,0,,,,0,,0,0
2026-03-27T12:13:08.638,143.150949,REDETECT,0.036027,-0.076958,0.007898,0.534,8.688,0,0,0,0,,,,0,,0,0
2026-03-27T12:13:08.673,143.186596,REDETECT,0.036027,-0.076958,0.007898,0.534,8.688,0,0,0,0,,,,0,,0,0
2026-03-27T12:13:08.737,143.249971,REDETECT,0.036027,-0.076958,0.007898,0.534,8.686,0,0,0,0,,,,0,,0,0
2026-03-27T12:13:08.772,143.285784,REDETECT,0.036027,-0.076958,0.007898,0.534,8.684,0,0,0,0,,,,0,,0,0
2026-03-27T12:13:08.817,143.330556,REDETECT,0.036027,-0.076958,0.007898,0.534,8.684,0,0,0,0,,,,0,,0,0
2026-03-27T12:13:08.873,143.386359,REDETECT,0.036027,-0.076958,0.007898,0.534,8.686,0,0,0,0,,,,0,,0,0
2026-03-27T12:13:08.936,143.449650,REDETECT,0.036027,-0.076958,0.007898,0.534,8.690,0,0,0,0,,,,0,,0,0
2026-03-27T12:13:08.976,143.489560,REDETECT,0.036027,-0.076958,0.007898,0.534,8.693,0,0,0,0,,,,0,,0,0
2026-03-27T12:13:09.037,143.550264,REDETECT,0.036027,-0.076958,0.007898,0.534,8.687,0,0,0,0,,,,0,,0,0
2026-03-27T12:13:09.103,143.616774,REDETECT,0.036027,-0.076958,0.007898,0.534,8.695,0,0,0,0,,,,0,,0,0
2026-03-27T12:13:09.137,143.650444,REDETECT,0.036027,-0.076958,0.007898,0.534,8.697,0,0,0,0,,,,0,,0,0
2026-03-27T12:13:09.173,143.686419,REDETECT,0.036027,-0.076958,0.007898,0.534,8.699,0,0,0,0,,,,0,,0,0
2026-03-27T12:13:09.236,143.749237,REDETECT,0.036027,-0.076958,0.007898,0.534,8.703,0,0,0,0,,,,0,,0,0
2026-03-27T12:13:09.271,143.784827,REDETECT,0.036027,-0.076958,0.007898,0.534,8.703,0,0,0,0,,,,0,,0,0
2026-03-27T12:13:09.310,143.822957,REDETECT,0.036027,-0.076958,0.007898,0.534,8.705,0,0,0,0,,,,0,,0,0
2026-03-27T12:13:09.371,143.884472,REDETECT,0.036027,-0.076958,0.007898,0.534,8.710,0,0,0,0,,,,0,,0,0
2026-03-27T12:13:09.406,143.919749,REDETECT,0.036027,-0.076958,0.007898,0.534,8.710,0,0,0,0,,,,0,,0,0
2026-03-27T12:13:09.473,143.986016,REDETECT,0.036027,-0.076958,0.007898,0.534,8.712,0,0,0,0,,,,0,,0,0
2026-03-27T12:13:09.537,144.050533,REDETECT,0.036027,-0.076958,0.007898,0.534,8.716,0,0,0,0,,,,0,,0,0
2026-03-27T12:13:09.573,144.086444,REDETECT,0.036027,-0.076958,0.007898,0.534,8.714,0,0,0,0,,,,0,,0,0
2026-03-27T12:13:09.637,144.150783,REDETECT,0.036027,-0.076958,0.007898,0.534,8.718,0,0,0,0,,,,0,,0,0
2026-03-27T12:13:09.703,144.216635,REDETECT,0.036027,-0.076958,0.007898,0.534,8.720,0,0,0,0,,,,0,,0,0
2026-03-27T12:13:09.773,144.286370,REDETECT,0.036027,-0.076958,0.007898,0.534,8.724,0,0,0,0,,,,0,,0,0
2026-03-27T12:13:09.808,144.321155,REDETECT,0.036027,-0.076958,0.007898,0.534,8.724,0,0,0,0,,,,0,,0,0
2026-03-27T12:13:09.850,144.363464,REDETECT,0.036027,-0.076958,0.007898,0.534,8.721,0,0,0,0,,,,0,,0,0
2026-03-27T12:13:09.903,144.416311,REDETECT,0.036027,-0.076958,0.007898,0.534,8.723,0,0,0,0,,,,0,,0,0
2026-03-27T12:13:09.972,144.485214,REDETECT,0.036027,-0.076958,0.007898,0.534,8.727,0,0,0,0,,,,0,,0,0
2026-03-27T12:13:10.035,144.548874,REDETECT,0.036027,-0.076958,0.007898,0.534,8.729,0,0,0,0,,,,0,,0,0
2026-03-27T12:13:10.072,144.585250,REDETECT,0.036027,-0.076958,0.007898,0.534,8.731,0,0,0,0,,,,0,,0,0
2026-03-27T12:13:10.137,144.650898,REDETECT,0.036027,-0.076958,0.007898,0.534,8.733,0,0,0,0,,,,0,,0,0
2026-03-27T12:13:10.173,144.686814,REDETECT,0.036027,-0.076958,0.007898,0.534,8.735,0,0,0,0,,,,0,,0,0
2026-03-27T12:13:10.237,144.750357,REDETECT,0.036027,-0.076958,0.007898,0.534,8.735,0,0,0,0,,,,0,,0,0
2026-03-27T12:13:10.271,144.784842,REDETECT,0.036027,-0.076958,0.007898,0.534,8.738,0,0,0,0,,,,0,,0,0
2026-03-27T12:13:10.308,144.821264,REDETECT,0.036027,-0.076958,0.007898,0.534,8.740,0,0,0,0,,,,0,,0,0
2026-03-27T12:13:10.371,144.883975,REDETECT,0.036027,-0.076958,0.007898,0.534,8.740,0,0,0,0,,,,0,,0,0
2026-03-27T12:13:10.405,144.918053,REDETECT,0.036027,-0.076958,0.007898,0.534,8.738,0,0,0,0,,,,0,,0,0
2026-03-27T12:13:10.474,144.986946,REDETECT,0.036027,-0.076958,0.007898,0.534,8.744,0,0,0,0,,,,0,,0,0
2026-03-27T12:13:10.536,145.049725,REDETECT,0.036027,-0.076958,0.007898,0.534,8.744,0,0,0,0,,,,0,,0,0
2026-03-27T12:13:10.573,145.086163,REDETECT,0.036027,-0.076958,0.007898,0.534,8.746,0,0,0,0,,,,0,,0,0
2026-03-27T12:13:10.637,145.150583,REDETECT,0.036027,-0.076958,0.007898,0.534,8.746,0,0,0,0,,,,0,,0,0
2026-03-27T12:13:10.672,145.185106,REDETECT,0.036027,-0.076958,0.007898,0.534,8.748,0,0,0,0,,,,0,,0,0
2026-03-27T12:13:10.736,145.249696,REDETECT,0.036027,-0.076958,0.007898,0.534,8.754,0,0,0,0,,,,0,,0,0
2026-03-27T12:13:10.772,145.285183,REDETECT,0.036027,-0.076958,0.007898,0.534,8.757,0,0,0,0,,,,0,,0,0
2026-03-27T12:13:10.821,145.334395,REDETECT,0.036027,-0.076958,0.007898,0.534,8.757,0,0,0,0,,,,0,,0,0
2026-03-27T12:13:10.873,145.386297,REDETECT,0.036027,-0.076958,0.007898,0.534,8.761,0,0,0,0,,,,0,,0,0
2026-03-27T12:13:10.936,145.449490,REDETECT,0.036027,-0.076958,0.007898,0.534,8.761,0,0,0,0,,,,0,,0,0
2026-03-27T12:13:10.972,145.485754,REDETECT,0.036027,-0.076958,0.007898,0.534,8.765,0,0,0,0,,,,0,,0,0
2026-03-27T12:13:11.035,145.548556,REDETECT,0.036027,-0.076958,0.007898,0.534,8.767,0,0,0,0,,,,0,,0,0
2026-03-27T12:13:11.070,145.583405,REDETECT,0.036027,-0.076958,0.007898,0.534,8.771,0,0,0,0,,,,0,,0,0
2026-03-27T12:13:11.137,145.649921,REDETECT,0.036027,-0.076958,0.007898,0.534,8.767,0,0,0,0,,,,0,,0,0
2026-03-27T12:13:11.171,145.684678,REDETECT,0.036027,-0.076958,0.007898,0.534,8.767,0,0,0,0,,,,0,,0,0
2026-03-27T12:13:11.236,145.749361,REDETECT,0.036027,-0.076958,0.007898,0.534,8.771,0,0,0,0,,,,0,,0,0
2026-03-27T12:13:11.271,145.784667,REDETECT,0.036027,-0.076958,0.007898,0.534,8.769,0,0,0,0,,,,0,,0,0
2026-03-27T12:13:11.311,145.824192,REDETECT,0.036027,-0.076958,0.007898,0.534,8.772,0,0,0,0,,,,0,,0,0
2026-03-27T12:13:11.376,145.889409,REDETECT,0.036027,-0.076958,0.007898,0.534,8.772,0,0,0,0,,,,0,,0,0
2026-03-27T12:13:11.411,145.924115,REDETECT,0.036027,-0.076958,0.007898,0.534,8.767,0,0,0,0,,,,0,,0,0
2026-03-27T12:13:11.471,145.984393,REDETECT,0.036027,-0.076958,0.007898,0.534,8.768,0,0,0,0,,,,0,,0,0
2026-03-27T12:13:11.505,146.018736,REDETECT,0.036027,-0.076958,0.007898,0.534,8.770,0,0,0,0,,,,0,,0,0
2026-03-27T12:13:11.560,146.072911,REDETECT,0.036027,-0.076958,0.007898,0.534,8.773,0,0,0,0,,,,0,,0,0
2026-03-27T12:13:11.613,146.126308,REDETECT,0.036027,-0.076958,0.007898,0.534,8.777,0,0,0,0,,,,0,,0,0
2026-03-27T12:13:11.672,146.185178,REDETECT,0.036027,-0.076958,0.007898,0.534,8.777,0,0,0,0,,,,0,,0,0
2026-03-27T12:13:11.716,146.229777,REDETECT,0.036027,-0.076958,0.007898,0.534,8.777,0,0,0,0,,,,0,,0,0
2026-03-27T12:13:11.774,146.286970,REDETECT,0.036027,-0.076958,0.007898,0.534,8.776,0,0,0,0,,,,0,,0,0
2026-03-27T12:13:11.815,146.328897,REDETECT,0.036027,-0.076958,0.007898,0.534,8.784,0,0,0,0,,,,0,,0,0
2026-03-27T12:13:11.871,146.384895,REDETECT,0.036027,-0.076958,0.007898,0.534,8.787,0,0,0,0,,,,0,,0,0
2026-03-27T12:13:11.936,146.449025,REDETECT,0.036027,-0.076958,0.007898,0.534,8.791,0,0,0,0,,,,0,,0,0
2026-03-27T12:13:11.976,146.489172,REDETECT,0.036027,-0.076958,0.007898,0.534,8.794,0,0,0,0,,,,0,,0,0
2026-03-27T12:13:12.035,146.548452,REDETECT,0.036027,-0.076958,0.007898,0.534,8.794,0,0,0,0,,,,0,,0,0
2026-03-27T12:13:12.069,146.582278,REDETECT,0.036027,-0.076958,0.007898,0.534,8.794,0,0,0,0,,,,0,,0,0
2026-03-27T12:13:12.135,146.648010,REDETECT,0.036027,-0.076958,0.007898,0.534,8.794,0,0,0,0,,,,0,,0,0
2026-03-27T12:13:12.171,146.684282,REDETECT,0.036027,-0.076958,0.007898,0.534,8.796,0,0,0,0,,,,0,,0,0
2026-03-27T12:13:12.234,146.747761,REDETECT,0.036027,-0.076958,0.007898,0.534,8.796,0,0,0,0,,,,0,,0,0
2026-03-27T12:13:12.270,146.783326,REDETECT,0.036027,-0.076958,0.007898,0.534,8.798,0,0,0,0,,,,0,,0,0
2026-03-27T12:13:12.304,146.817042,REDETECT,0.036027,-0.076958,0.007898,0.534,8.796,0,0,0,0,,,,0,,0,0
2026-03-27T12:13:12.347,146.860248,REDETECT,0.036027,-0.076958,0.007898,0.534,8.794,0,0,0,0,,,,0,,0,0
2026-03-27T12:13:12.403,146.916089,REDETECT,0.036027,-0.076958,0.007898,0.534,8.794,0,0,0,0,,,,0,,0,0
2026-03-27T12:13:12.470,146.983141,REDETECT,0.036027,-0.076958,0.007898,0.534,8.798,0,0,0,0,,,,0,,0,0
2026-03-27T12:13:12.534,147.047797,REDETECT,0.036027,-0.076958,0.007898,0.534,8.800,0,0,0,0,,,,0,,0,0
2026-03-27T12:13:12.572,147.084942,REDETECT,0.036027,-0.076958,0.007898,0.534,8.796,0,0,0,0,,,,0,,0,0
2026-03-27T12:13:12.638,147.151789,REDETECT,0.036027,-0.076958,0.007898,0.534,8.798,0,0,0,0,,,,0,,0,0
2026-03-27T12:13:12.703,147.216327,REDETECT,0.036027,-0.076958,0.007898,0.534,8.800,0,0,0,0,,,,0,,0,0
2026-03-27T12:13:12.768,147.281872,REDETECT,0.036027,-0.076958,0.007898,0.534,8.802,0,0,0,0,,,,0,,0,0
2026-03-27T12:13:12.807,147.320488,REDETECT,0.036027,-0.076958,0.007898,0.534,8.804,0,0,0,0,,,,0,,0,0
2026-03-27T12:13:12.870,147.383270,REDETECT,0.036027,-0.076958,0.007898,0.534,8.809,0,0,0,0,,,,0,,0,0
2026-03-27T12:13:12.935,147.448199,REDETECT,0.036027,-0.076958,0.007898,0.534,8.811,0,0,0,0,,,,0,,0,0
2026-03-27T12:13:12.970,147.483228,REDETECT,0.036027,-0.076958,0.007898,0.534,8.813,0,0,0,0,,,,0,,0,0
2026-03-27T12:13:13.034,147.547561,REDETECT,0.036027,-0.076958,0.007898,0.534,8.813,0,0,0,0,,,,0,,0,0
2026-03-27T12:13:13.070,147.582914,REDETECT,0.036027,-0.076958,0.007898,0.534,8.810,0,0,0,0,,,,0,,0,0
2026-03-27T12:13:13.134,147.647838,REDETECT,0.036027,-0.076958,0.007898,0.534,8.812,0,0,0,0,,,,0,,0,0
2026-03-27T12:13:13.170,147.683629,REDETECT,0.036027,-0.076958,0.007898,0.534,8.812,0,0,0,0,,,,0,,0,0
2026-03-27T12:13:13.234,147.747792,REDETECT,0.036027,-0.076958,0.007898,0.534,8.812,0,0,0,0,,,,0,,0,0
2026-03-27T12:13:13.271,147.784636,REDETECT,0.036027,-0.076958,0.007898,0.534,8.817,0,0,0,0,,,,0,,0,0
2026-03-27T12:13:13.334,147.847797,REDETECT,0.036027,-0.076958,0.007898,0.534,8.817,0,0,0,0,,,,0,,0,0
2026-03-27T12:13:13.370,147.883327,REDETECT,0.036027,-0.076958,0.007898,0.534,8.821,0,0,0,0,,,,0,,0,0
2026-03-27T12:13:13.434,147.947584,REDETECT,0.036027,-0.076958,0.007898,0.534,8.827,0,0,0,0,,,,0,,0,0
2026-03-27T12:13:13.470,147.982953,REDETECT,0.036027,-0.076958,0.007898,0.534,8.832,0,0,0,0,,,,0,,0,0
2026-03-27T12:13:13.535,148.048363,REDETECT,0.036027,-0.076958,0.007898,0.534,8.834,0,0,0,0,,,,0,,0,0
2026-03-27T12:13:13.571,148.084264,REDETECT,0.036027,-0.076958,0.007898,0.534,8.836,0,0,0,0,,,,0,,0,0
2026-03-27T12:13:13.636,148.149815,REDETECT,0.036027,-0.076958,0.007898,0.534,8.836,0,0,0,0,,,,0,,0,0
2026-03-27T12:13:13.670,148.183304,REDETECT,0.036027,-0.076958,0.007898,0.534,8.834,0,0,0,0,,,,0,,0,0
2026-03-27T12:13:13.735,148.248201,REDETECT,0.036027,-0.076958,0.007898,0.534,8.836,0,0,0,0,,,,0,,0,0
2026-03-27T12:13:13.770,148.283639,REDETECT,0.036027,-0.076958,0.007898,0.534,8.840,0,0,0,0,,,,0,,0,0
2026-03-27T12:13:13.806,148.319212,REDETECT,0.036027,-0.076958,0.007898,0.534,8.842,0,0,0,0,,,,0,,0,0
2026-03-27T12:13:13.871,148.384781,REDETECT,0.036027,-0.076958,0.007898,0.534,8.846,0,0,0,0,,,,0,,0,0
2026-03-27T12:13:13.935,148.447942,REDETECT,0.036027,-0.076958,0.007898,0.534,8.844,0,0,0,0,,,,0,,0,0
2026-03-27T12:13:13.972,148.485159,REDETECT,0.036027,-0.076958,0.007898,0.534,8.844,0,0,0,0,,,,0,,0,0
2026-03-27T12:13:14.034,148.547721,REDETECT,0.036027,-0.076958,0.007898,0.534,8.846,0,0,0,0,,,,0,,0,0
2026-03-27T12:13:14.070,148.583244,REDETECT,0.036027,-0.076958,0.007898,0.534,8.848,0,0,0,0,,,,0,,0,0
2026-03-27T12:13:14.135,148.648252,REDETECT,0.036027,-0.076958,0.007898,0.534,8.852,0,0,0,0,,,,0,,0,0
2026-03-27T12:13:14.169,148.682245,REDETECT,0.036027,-0.076958,0.007898,0.534,8.854,0,0,0,0,,,,0,,0,0
2026-03-27T12:13:14.235,148.748467,REDETECT,0.036027,-0.076958,0.007898,0.534,8.856,0,0,0,0,,,,0,,0,0
2026-03-27T12:13:14.272,148.785020,REDETECT,0.036027,-0.076958,0.007898,0.534,8.858,0,0,0,0,,,,0,,0,0
2026-03-27T12:13:14.307,148.820674,REDETECT,0.036027,-0.076958,0.007898,0.534,8.858,0,0,0,0,,,,0,,0,0
2026-03-27T12:13:14.371,148.884250,REDETECT,0.036027,-0.076958,0.007898,0.534,8.862,0,0,0,0,,,,0,,0,0
2026-03-27T12:13:14.435,148.948065,REDETECT,0.036027,-0.076958,0.007898,0.534,8.866,0,0,0,0,,,,0,,0,0
2026-03-27T12:13:14.473,148.986366,REDETECT,0.036027,-0.076958,0.007898,0.534,8.871,0,0,0,0,,,,0,,0,0
2026-03-27T12:13:14.536,149.048934,REDETECT,0.036027,-0.076958,0.007898,0.534,8.867,0,0,0,0,,,,0,,0,0
2026-03-27T12:13:14.572,149.085603,REDETECT,0.036027,-0.076958,0.007898,0.534,8.865,0,0,0,0,,,,0,,0,0
2026-03-27T12:13:14.636,149.149688,REDETECT,0.036027,-0.076958,0.007898,0.534,8.871,0,0,0,0,,,,0,,0,0
2026-03-27T12:13:14.671,149.184630,REDETECT,0.036027,-0.076958,0.007898,0.534,8.873,0,0,0,0,,,,0,,0,0
2026-03-27T12:13:14.734,149.247586,REDETECT,0.036027,-0.076958,0.007898,0.534,8.869,0,0,0,0,,,,0,,0,0
2026-03-27T12:13:14.768,149.281800,REDETECT,0.036027,-0.076958,0.007898,0.534,8.871,0,0,0,0,,,,0,,0,0
2026-03-27T12:13:14.815,149.328349,REDETECT,0.036027,-0.076958,0.007898,0.534,8.874,0,0,0,0,,,,0,,0,0
2026-03-27T12:13:14.871,149.384526,REDETECT,0.036027,-0.076958,0.007898,0.534,8.875,0,0,0,0,,,,0,,0,0
2026-03-27T12:13:14.935,149.448299,REDETECT,0.036027,-0.076958,0.007898,0.534,8.875,0,0,0,0,,,,0,,0,0
2026-03-27T12:13:14.972,149.485091,REDETECT,0.036027,-0.076958,0.007898,0.534,8.875,0,0,0,0,,,,0,,0,0
2026-03-27T12:13:15.034,149.547699,REDETECT,0.036027,-0.076958,0.007898,0.534,8.869,0,0,0,0,,,,0,,0,0
2026-03-27T12:13:15.068,149.581806,REDETECT,0.036027,-0.076958,0.007898,0.534,8.871,0,0,0,0,,,,0,,0,0
2026-03-27T12:13:15.135,149.648646,REDETECT,0.036027,-0.076958,0.007898,0.534,8.873,0,0,0,0,,,,0,,0,0
2026-03-27T12:13:15.172,149.685040,REDETECT,0.036027,-0.076958,0.007898,0.534,8.882,0,0,0,0,,,,0,,0,0
2026-03-27T12:13:15.235,149.748310,REDETECT,0.036027,-0.076958,0.007898,0.534,8.886,0,0,0,0,,,,0,,0,0
2026-03-27T12:13:15.271,149.784645,REDETECT,0.036027,-0.076958,0.007898,0.534,8.884,0,0,0,0,,,,0,,0,0
2026-03-27T12:13:15.315,149.828885,REDETECT,0.036027,-0.076958,0.007898,0.534,8.878,0,0,0,0,,,,0,,0,0
2026-03-27T12:13:15.370,149.883224,REDETECT,0.036027,-0.076958,0.007898,0.534,8.879,0,0,0,0,,,,0,,0,0
2026-03-27T12:13:15.434,149.947219,REDETECT,0.036027,-0.076958,0.007898,0.534,8.880,0,0,0,0,,,,0,,0,0
2026-03-27T12:13:15.470,149.983068,REDETECT,0.036027,-0.076958,0.007898,0.534,8.880,0,0,0,0,,,,0,,0,0
2026-03-27T12:13:15.535,150.048354,REDETECT,0.036027,-0.076958,0.007898,0.534,8.883,0,0,0,0,,,,0,,0,0
2026-03-27T12:13:15.572,150.085188,REDETECT,0.036027,-0.076958,0.007898,0.534,8.888,0,0,0,0,,,,0,,0,0
2026-03-27T12:13:15.635,150.148887,REDETECT,0.036027,-0.076958,0.007898,0.534,8.884,0,0,0,0,,,,0,,0,0
2026-03-27T12:13:15.671,150.184807,REDETECT,0.036027,-0.076958,0.007898,0.534,8.884,0,0,0,0,,,,0,,0,0
2026-03-27T12:13:15.734,150.247554,REDETECT,0.036027,-0.076958,0.007898,0.534,8.886,0,0,0,0,,,,0,,0,0
2026-03-27T12:13:15.770,150.282954,REDETECT,0.036027,-0.076958,0.007898,0.534,8.888,0,0,0,0,,,,0,,0,0
2026-03-27T12:13:15.806,150.319563,REDETECT,0.036027,-0.076958,0.007898,0.534,8.893,0,0,0,0,,,,0,,0,0
2026-03-27T12:13:15.871,150.384482,REDETECT,0.036027,-0.076958,0.007898,0.534,8.895,0,0,0,0,,,,0,,0,0
2026-03-27T12:13:15.934,150.447777,REDETECT,0.036027,-0.076958,0.007898,0.534,8.895,0,0,0,0,,,,0,,0,0
2026-03-27T12:13:15.971,150.484275,REDETECT,0.036027,-0.076958,0.007898,0.534,8.897,0,0,0,0,,,,0,,0,0
2026-03-27T12:13:16.035,150.547944,REDETECT,0.036027,-0.076958,0.007898,0.534,8.903,0,0,0,0,,,,0,,0,0
2026-03-27T12:13:16.070,150.583148,REDETECT,0.036027,-0.076958,0.007898,0.534,8.905,0,0,0,0,,,,0,,0,0
2026-03-27T12:13:16.134,150.647792,REDETECT,0.036027,-0.076958,0.007898,0.534,8.907,0,0,0,0,,,,0,,0,0
2026-03-27T12:13:16.169,150.682812,REDETECT,0.036027,-0.076958,0.007898,0.534,8.905,0,0,0,0,,,,0,,0,0
2026-03-27T12:13:16.236,150.749128,REDETECT,0.036027,-0.076958,0.007898,0.534,8.907,0,0,0,0,,,,0,,0,0
2026-03-27T12:13:16.270,150.783505,REDETECT,0.036027,-0.076958,0.007898,0.534,8.913,0,0,0,0,,,,0,,0,0
2026-03-27T12:13:16.308,150.821024,REDETECT,0.036027,-0.076958,0.007898,0.534,8.915,0,0,0,0,,,,0,,0,0
2026-03-27T12:13:16.370,150.883159,REDETECT,0.036027,-0.076958,0.007898,0.534,8.917,0,0,0,0,,,,0,,0,0
2026-03-27T12:13:16.411,150.924358,REDETECT,0.036027,-0.076958,0.007898,0.534,8.917,0,0,0,0,,,,0,,0,0
2026-03-27T12:13:16.469,150.982377,REDETECT,0.036027,-0.076958,0.007898,0.534,8.917,0,0,0,0,,,,0,,0,0
2026-03-27T12:13:16.535,151.048734,REDETECT,0.036027,-0.076958,0.007898,0.534,8.919,0,0,0,0,,,,0,,0,0
2026-03-27T12:13:16.574,151.087017,REDETECT,0.036027,-0.076958,0.007898,0.534,8.919,0,0,0,0,,,,0,,0,0
2026-03-27T12:13:16.640,151.153494,REDETECT,0.036027,-0.076958,0.007898,0.534,8.919,0,0,0,0,,,,0,,0,0
2026-03-27T12:13:16.704,151.217014,REDETECT,0.036027,-0.076958,0.007898,0.534,8.921,0,0,0,0,,,,0,,0,0
2026-03-27T12:13:16.742,151.254967,REDETECT,0.036027,-0.076958,0.007898,0.534,8.916,0,0,0,0,,,,0,,0,0
2026-03-27T12:13:16.782,151.295887,REDETECT,0.036027,-0.076958,0.007898,0.534,8.916,0,0,0,0,,,,0,,0,0
2026-03-27T12:13:16.816,151.329768,REDETECT,0.036027,-0.076958,0.007898,0.534,8.918,0,0,0,0,,,,0,,0,0
2026-03-27T12:13:16.853,151.366591,REDETECT,0.036027,-0.076958,0.007898,0.534,8.921,0,0,0,0,,,,0,,0,0
2026-03-27T12:13:16.908,151.421527,REDETECT,0.036027,-0.076958,0.007898,0.534,8.923,0,0,0,0,,,,0,,0,0
2026-03-27T12:13:16.945,151.458717,REDETECT,0.036027,-0.076958,0.007898,0.534,8.925,0,0,0,0,,,,0,,0,0
2026-03-27T12:13:17.009,151.521994,REDETECT,0.036027,-0.076958,0.007898,0.534,8.921,0,0,0,0,,,,0,,0,0
2026-03-27T12:13:17.044,151.557708,REDETECT,0.036027,-0.076958,0.007898,0.534,8.917,0,0,0,0,,,,0,,0,0
2026-03-27T12:13:17.082,151.595899,REDETECT,0.036027,-0.076958,0.007898,0.534,8.917,0,0,0,0,,,,0,,0,0
2026-03-27T12:13:17.137,151.650222,REDETECT,0.036027,-0.076958,0.007898,0.534,8.920,0,0,0,0,,,,0,,0,0
2026-03-27T12:13:17.172,151.685576,REDETECT,0.036027,-0.076958,0.007898,0.534,8.924,0,0,0,0,,,,0,,0,0
2026-03-27T12:13:17.207,151.720549,REDETECT,0.036027,-0.076958,0.007898,0.534,8.924,0,0,0,0,,,,0,,0,0
2026-03-27T12:13:17.276,151.788916,REDETECT,0.036027,-0.076958,0.007898,0.534,8.924,0,0,0,0,,,,0,,0,0
2026-03-27T12:13:17.312,151.825023,REDETECT,0.036027,-0.076958,0.007898,0.534,8.924,0,0,0,0,,,,0,,0,0
2026-03-27T12:13:17.376,151.889413,REDETECT,0.036027,-0.076958,0.007898,0.534,8.927,0,0,0,0,,,,0,,0,0
2026-03-27T12:13:17.439,151.952720,REDETECT,0.036027,-0.076958,0.007898,0.534,8.931,0,0,0,0,,,,0,,0,0
2026-03-27T12:13:17.476,151.989159,REDETECT,0.036027,-0.076958,0.007898,0.534,8.928,0,0,0,0,,,,0,,0,0
2026-03-27T12:13:17.509,152.022764,REDETECT,0.036027,-0.076958,0.007898,0.534,8.930,0,0,0,0,,,,0,,0,0
2026-03-27T12:13:17.574,152.087183,REDETECT,0.036027,-0.076958,0.007898,0.534,8.929,0,0,0,0,,,,0,,0,0
2026-03-27T12:13:17.642,152.155895,REDETECT,0.036027,-0.076958,0.007898,0.534,8.927,0,0,0,0,,,,0,,0,0
2026-03-27T12:13:17.702,152.215741,REDETECT,0.036027,-0.076958,0.007898,0.534,8.929,0,0,0,0,,,,0,,0,0
2026-03-27T12:13:17.770,152.283015,REDETECT,0.036027,-0.076958,0.007898,0.534,8.931,0,0,0,0,,,,0,,0,0
2026-03-27T12:13:17.804,152.316906,REDETECT,0.036027,-0.076958,0.007898,0.534,8.933,0,0,0,0,,,,0,,0,0
2026-03-27T12:13:17.838,152.351191,REDETECT,0.036027,-0.076958,0.007898,0.534,8.933,0,0,0,0,,,,0,,0,0
2026-03-27T12:13:17.901,152.414760,REDETECT,0.036027,-0.076958,0.007898,0.534,8.937,0,0,0,0,,,,0,,0,0
2026-03-27T12:13:17.973,152.486377,REDETECT,0.036027,-0.076958,0.007898,0.534,8.943,0,0,0,0,,,,0,,0,0
2026-03-27T12:13:18.034,152.547479,REDETECT,0.036027,-0.076958,0.007898,0.534,8.945,0,0,0,0,,,,0,,0,0
2026-03-27T12:13:18.070,152.583118,REDETECT,0.036027,-0.076958,0.007898,0.534,8.947,0,0,0,0,,,,0,,0,0
2026-03-27T12:13:18.135,152.648155,REDETECT,0.036027,-0.076958,0.007898,0.534,8.947,0,0,0,0,,,,0,,0,0
2026-03-27T12:13:18.175,152.687971,REDETECT,0.036027,-0.076958,0.007898,0.534,8.952,0,0,0,0,,,,0,,0,0
2026-03-27T12:13:18.210,152.723149,REDETECT,0.036027,-0.076958,0.007898,0.534,8.950,0,0,0,0,,,,0,,0,0
2026-03-27T12:13:18.294,152.807703,REDETECT,0.036027,-0.076958,0.007898,0.534,8.945,0,0,0,0,,,,0,,0,0
2026-03-27T12:13:18.353,152.866239,REDETECT,0.036027,-0.076958,0.007898,0.534,8.949,0,0,0,0,,,,0,,0,0
2026-03-27T12:13:18.387,152.900800,REDETECT,0.036027,-0.076958,0.007898,0.534,8.947,0,0,0,0,,,,0,,0,0
2026-03-27T12:13:18.440,152.953799,REDETECT,0.036027,-0.076958,0.007898,0.534,8.946,0,0,0,0,,,,0,,0,0
2026-03-27T12:13:18.482,152.995047,REDETECT,0.036027,-0.076958,0.007898,0.534,8.949,0,0,0,0,,,,0,,0,0
2026-03-27T12:13:18.519,153.032124,REDETECT,0.036027,-0.076958,0.007898,0.534,8.949,0,0,0,0,,,,0,,0,0
2026-03-27T12:13:18.585,153.097939,REDETECT,0.036027,-0.076958,0.007898,0.534,8.953,0,0,0,0,,,,0,,0,0
2026-03-27T12:13:18.650,153.162993,REDETECT,0.036027,-0.076958,0.007898,0.534,8.957,0,0,0,0,,,,0,,0,0
2026-03-27T12:13:18.703,153.216136,REDETECT,0.036027,-0.076958,0.007898,0.534,8.959,0,0,0,0,,,,0,,0,0
2026-03-27T12:13:18.739,153.251940,REDETECT,0.036027,-0.076958,0.007898,0.534,8.959,0,0,0,0,,,,0,,0,0
2026-03-27T12:13:18.774,153.287505,REDETECT,0.036027,-0.076958,0.007898,0.534,8.961,0,0,0,0,,,,0,,0,0
2026-03-27T12:13:18.840,153.353199,REDETECT,0.036027,-0.076958,0.007898,0.534,8.963,0,0,0,0,,,,0,,0,0
2026-03-27T12:13:18.905,153.418510,REDETECT,0.036027,-0.076958,0.007898,0.534,8.967,0,0,0,0,,,,0,,0,0
2026-03-27T12:13:18.941,153.453982,REDETECT,0.036027,-0.076958,0.007898,0.534,8.967,0,0,0,0,,,,0,,0,0
2026-03-27T12:13:18.982,153.495819,REDETECT,0.036027,-0.076958,0.007898,0.534,8.964,0,0,0,0,,,,0,,0,0
2026-03-27T12:13:19.043,153.556539,REDETECT,0.036027,-0.076958,0.007898,0.534,8.964,0,0,0,0,,,,0,,0,0
2026-03-27T12:13:19.105,153.618357,REDETECT,0.036027,-0.076958,0.007898,0.534,8.966,0,0,0,0,,,,0,,0,0
2026-03-27T12:13:19.174,153.687400,REDETECT,0.036027,-0.076958,0.007898,0.534,8.974,0,0,0,0,,,,0,,0,0
2026-03-27T12:13:19.213,153.726560,REDETECT,0.036027,-0.076958,0.007898,0.534,8.977,0,0,0,0,,,,0,,0,0
2026-03-27T12:13:19.272,153.785100,REDETECT,0.036027,-0.076958,0.007898,0.534,8.978,0,0,0,0,,,,0,,0,0
2026-03-27T12:13:19.348,153.861026,REDETECT,0.036027,-0.076958,0.007898,0.534,8.978,0,0,0,0,,,,0,,0,0
2026-03-27T12:13:19.401,153.914898,REDETECT,0.036027,-0.076958,0.007898,0.534,8.978,0,0,0,0,,,,0,,0,0
2026-03-27T12:13:19.435,153.948459,REDETECT,0.036027,-0.076958,0.007898,0.534,8.980,0,0,0,0,,,,0,,0,0
2026-03-27T12:13:19.500,154.013499,REDETECT,0.036027,-0.076958,0.007898,0.534,8.978,0,0,0,0,,,,0,,0,0
2026-03-27T12:13:19.537,154.050711,REDETECT,0.036027,-0.076958,0.007898,0.534,8.981,0,0,0,0,,,,0,,0,0
2026-03-27T12:13:19.600,154.113207,REDETECT,0.036027,-0.076958,0.007898,0.534,8.984,0,0,0,0,,,,0,,0,0
2026-03-27T12:13:19.635,154.148325,REDETECT,0.036027,-0.076958,0.007898,0.534,8.984,0,0,0,0,,,,0,,0,0
2026-03-27T12:13:19.701,154.214424,REDETECT,0.036027,-0.076958,0.007898,0.534,8.995,0,0,0,0,,,,0,,0,0
2026-03-27T12:13:19.768,154.281462,REDETECT,0.036027,-0.076958,0.007898,0.534,8.993,0,0,0,0,,,,0,,0,0
2026-03-27T12:13:19.836,154.349189,REDETECT,0.036027,-0.076958,0.007898,0.534,8.995,0,0,0,0,,,,0,,0,0
2026-03-27T12:13:19.900,154.413566,REDETECT,0.036027,-0.076958,0.007898,0.534,8.995,0,0,0,0,,,,0,,0,0
2026-03-27T12:13:19.934,154.447761,REDETECT,0.036027,-0.076958,0.007898,0.534,8.999,0,0,0,0,,,,0,,0,0
2026-03-27T12:13:19.999,154.512605,REDETECT,0.036027,-0.076958,0.007898,0.534,9.011,0,0,0,0,,,,0,,0,0
2026-03-27T12:13:20.034,154.546906,REDETECT,0.036027,-0.076958,0.007898,0.534,9.011,0,0,0,0,,,,0,,0,0
2026-03-27T12:13:20.067,154.580572,REDETECT,0.036027,-0.076958,0.007898,0.534,9.011,0,0,0,0,,,,0,,0,0
2026-03-27T12:13:20.133,154.646604,REDETECT,0.036027,-0.076958,0.007898,0.534,9.013,0,0,0,0,,,,0,,0,0
2026-03-27T12:13:20.167,154.680227,REDETECT,0.036027,-0.076958,0.007898,0.534,9.013,0,0,0,0,,,,0,,0,0
2026-03-27T12:13:20.234,154.747056,REDETECT,0.036027,-0.076958,0.007898,0.534,9.015,0,0,0,0,,,,0,,0,0
2026-03-27T12:13:20.301,154.814700,REDETECT,0.036027,-0.076958,0.007898,0.534,9.019,0,0,0,0,,,,0,,0,0
2026-03-27T12:13:20.368,154.880903,REDETECT,0.036027,-0.076958,0.007898,0.534,9.021,0,0,0,0,,,,0,,0,0
2026-03-27T12:13:20.432,154.945287,REDETECT,0.036027,-0.076958,0.007898,0.534,9.021,0,0,0,0,,,,0,,0,0
2026-03-27T12:13:20.467,154.980069,REDETECT,0.036027,-0.076958,0.007898,0.534,9.021,0,0,0,0,,,,0,,0,0
2026-03-27T12:13:20.534,155.047354,REDETECT,0.036027,-0.076958,0.007898,0.534,9.017,0,0,0,0,,,,0,,0,0
2026-03-27T12:13:20.569,155.082138,REDETECT,0.036027,-0.076958,0.007898,0.534,9.017,0,0,0,0,,,,0,,0,0
2026-03-27T12:13:20.636,155.149535,REDETECT,0.036027,-0.076958,0.007898,0.534,9.025,0,0,0,0,,,,0,,0,0
2026-03-27T12:13:20.671,155.184499,REDETECT,0.036027,-0.076958,0.007898,0.534,9.027,0,0,0,0,,,,0,,0,0
2026-03-27T12:13:20.734,155.247566,REDETECT,0.036027,-0.076958,0.007898,0.534,9.037,0,0,0,0,,,,0,,0,0
2026-03-27T12:13:20.771,155.284777,REDETECT,0.036027,-0.076958,0.007898,0.534,9.039,0,0,0,0,,,,0,,0,0
2026-03-27T12:13:20.807,155.320234,REDETECT,0.036027,-0.076958,0.007898,0.534,9.041,0,0,0,0,,,,0,,0,0
2026-03-27T12:13:20.870,155.383847,REDETECT,0.036027,-0.076958,0.007898,0.534,9.043,0,0,0,0,,,,0,,0,0
2026-03-27T12:13:20.934,155.447512,REDETECT,0.036027,-0.076958,0.007898,0.534,9.041,0,0,0,0,,,,0,,0,0
2026-03-27T12:13:20.971,155.484879,REDETECT,0.036027,-0.076958,0.007898,0.534,9.046,0,0,0,0,,,,0,,0,0
2026-03-27T12:13:21.034,155.547098,REDETECT,0.036027,-0.076958,0.007898,0.534,9.054,0,0,0,0,,,,0,,0,0
2026-03-27T12:13:21.070,155.583837,REDETECT,0.036027,-0.076958,0.007898,0.534,9.058,0,0,0,0,,,,0,,0,0
2026-03-27T12:13:21.134,155.647460,REDETECT,0.036027,-0.076958,0.007898,0.534,9.064,0,0,0,0,,,,0,,0,0
2026-03-27T12:13:21.170,155.683649,REDETECT,0.036027,-0.076958,0.007898,0.534,9.064,0,0,0,0,,,,0,,0,0
2026-03-27T12:13:21.234,155.747501,REDETECT,0.036027,-0.076958,0.007898,0.534,9.064,0,0,0,0,,,,0,,0,0
2026-03-27T12:13:21.275,155.788104,REDETECT,0.036027,-0.076958,0.007898,0.534,9.064,0,0,0,0,,,,0,,0,0
2026-03-27T12:13:21.308,155.821599,REDETECT,0.036027,-0.076958,0.007898,0.534,9.074,0,0,0,0,,,,0,,0,0
2026-03-27T12:13:21.363,155.876122,REDETECT,0.036027,-0.076958,0.007898,0.534,9.074,0,0,0,0,,,,0,,0,0
2026-03-27T12:13:21.399,155.912737,REDETECT,0.036027,-0.076958,0.007898,0.534,9.067,0,0,0,0,,,,0,,0,0
2026-03-27T12:13:21.440,155.953864,REDETECT,0.036027,-0.076958,0.007898,0.534,9.067,0,0,0,0,,,,0,,0,0
2026-03-27T12:13:21.483,155.996000,REDETECT,0.036027,-0.076958,0.007898,0.534,9.075,0,0,0,0,,,,0,,0,0
2026-03-27T12:13:21.529,156.042261,REDETECT,0.036027,-0.076958,0.007898,0.534,9.077,0,0,0,0,,,,0,,0,0
2026-03-27T12:13:21.586,156.099507,REDETECT,0.036027,-0.076958,0.007898,0.534,9.067,0,0,0,0,,,,0,,0,0
2026-03-27T12:13:21.641,156.153979,REDETECT,0.036027,-0.076958,0.007898,0.534,9.074,0,0,0,0,,,,0,,0,0
2026-03-27T12:13:21.704,156.217586,REDETECT,0.036027,-0.076958,0.007898,0.534,9.088,0,0,0,0,,,,0,,0,0
2026-03-27T12:13:21.738,156.250980,REDETECT,0.036027,-0.076958,0.007898,0.534,9.084,0,0,0,0,,,,0,,0,0
2026-03-27T12:13:21.778,156.290899,REDETECT,0.036027,-0.076958,0.007898,0.534,9.080,0,0,0,0,,,,0,,0,0
2026-03-27T12:13:21.842,156.355579,REDETECT,0.036027,-0.076958,0.007898,0.534,9.089,0,0,0,0,,,,0,,0,0
2026-03-27T12:13:21.880,156.393101,REDETECT,0.036027,-0.076958,0.007898,0.534,9.096,0,0,0,0,,,,0,,0,0
2026-03-27T12:13:21.915,156.427907,REDETECT,0.036027,-0.076958,0.007898,0.534,9.101,0,0,0,0,,,,0,,0,0
2026-03-27T12:13:21.973,156.486319,REDETECT,0.036027,-0.076958,0.007898,0.534,9.093,0,0,0,0,,,,0,,0,0
2026-03-27T12:13:22.012,156.525843,REDETECT,0.036027,-0.076958,0.007898,0.534,9.096,0,0,0,0,,,,0,,0,0
2026-03-27T12:13:22.047,156.560070,REDETECT,0.036027,-0.076958,0.007898,0.534,9.102,0,0,0,0,,,,0,,0,0
2026-03-27T12:13:22.082,156.595440,REDETECT,0.036027,-0.076958,0.007898,0.534,9.104,0,0,0,0,,,,0,,0,0
2026-03-27T12:13:22.138,156.651345,REDETECT,0.036027,-0.076958,0.007898,0.534,9.099,0,0,0,0,,,,0,,0,0
2026-03-27T12:13:22.178,156.691314,REDETECT,0.036027,-0.076958,0.007898,0.534,9.101,0,0,0,0,,,,0,,0,0
2026-03-27T12:13:22.234,156.747313,REDETECT,0.036027,-0.076958,0.007898,0.534,9.112,0,0,0,0,,,,0,,0,0
2026-03-27T12:13:22.268,156.781512,REDETECT,0.036027,-0.076958,0.007898,0.534,9.118,0,0,0,0,,,,0,,0,0
2026-03-27T12:13:22.305,156.818058,REDETECT,0.036027,-0.076958,0.007898,0.534,9.112,0,0,0,0,,,,0,,0,0
2026-03-27T12:13:22.371,156.884643,REDETECT,0.036027,-0.076958,0.007898,0.534,9.101,0,0,0,0,,,,0,,0,0
2026-03-27T12:13:22.434,156.947628,REDETECT,0.036027,-0.076958,0.007898,0.534,9.115,0,0,0,0,,,,0,,0,0
2026-03-27T12:13:22.470,156.983218,REDETECT,0.036027,-0.076958,0.007898,0.534,9.119,0,0,0,0,,,,0,,0,0
2026-03-27T12:13:22.534,157.047045,REDETECT,0.036027,-0.076958,0.007898,0.534,9.118,0,0,0,0,,,,0,,0,0
2026-03-27T12:13:22.572,157.085381,REDETECT,0.036027,-0.076958,0.007898,0.534,9.115,0,0,0,0,,,,0,,0,0
2026-03-27T12:13:22.636,157.149163,REDETECT,0.036027,-0.076958,0.007898,0.534,9.129,0,0,0,0,,,,0,,0,0
2026-03-27T12:13:22.671,157.184773,REDETECT,0.036027,-0.076958,0.007898,0.534,9.135,0,0,0,0,,,,0,,0,0
2026-03-27T12:13:22.736,157.249368,REDETECT,0.036027,-0.076958,0.007898,0.534,9.131,0,0,0,0,,,,0,,0,0
2026-03-27T12:13:22.771,157.284863,REDETECT,0.036027,-0.076958,0.007898,0.534,9.125,0,0,0,0,,,,0,,0,0
2026-03-27T12:13:22.834,157.347541,REDETECT,0.036027,-0.076958,0.007898,0.534,9.134,0,0,0,0,,,,0,,0,0
2026-03-27T12:13:22.870,157.383048,REDETECT,0.036027,-0.076958,0.007898,0.534,9.134,0,0,0,0,,,,0,,0,0
2026-03-27T12:13:22.935,157.448146,REDETECT,0.036027,-0.076958,0.007898,0.534,9.134,0,0,0,0,,,,0,,0,0
2026-03-27T12:13:22.971,157.484437,REDETECT,0.036027,-0.076958,0.007898,0.534,9.134,0,0,0,0,,,,0,,0,0
2026-03-27T12:13:23.035,157.548450,REDETECT,0.036027,-0.076958,0.007898,0.534,9.132,0,0,0,0,,,,0,,0,0
2026-03-27T12:13:23.071,157.584800,REDETECT,0.036027,-0.076958,0.007898,0.534,9.134,0,0,0,0,,,,0,,0,0
2026-03-27T12:13:23.135,157.648559,REDETECT,0.036027,-0.076958,0.007898,0.534,9.133,0,0,0,0,,,,0,,0,0
2026-03-27T12:13:23.171,157.684373,REDETECT,0.036027,-0.076958,0.007898,0.534,9.135,0,0,0,0,,,,0,,0,0
2026-03-27T12:13:23.205,157.718579,REDETECT,0.036027,-0.076958,0.007898,0.534,9.145,0,0,0,0,,,,0,,0,0
2026-03-27T12:13:23.271,157.783914,REDETECT,0.036027,-0.076958,0.007898,0.534,9.153,0,0,0,0,,,,0,,0,0
2026-03-27T12:13:23.335,157.848120,REDETECT,0.036027,-0.076958,0.007898,0.534,9.149,0,0,0,0,,,,0,,0,0
2026-03-27T12:13:23.374,157.887555,REDETECT,0.036027,-0.076958,0.007898,0.534,9.145,0,0,0,0,,,,0,,0,0
2026-03-27T12:13:23.435,157.948002,REDETECT,0.036027,-0.076958,0.007898,0.534,9.146,0,0,0,0,,,,0,,0,0
2026-03-27T12:13:23.470,157.982943,REDETECT,0.036027,-0.076958,0.007898,0.534,9.138,0,0,0,0,,,,0,,0,0
2026-03-27T12:13:23.534,158.047855,REDETECT,0.036027,-0.076958,0.007898,0.534,9.146,0,0,0,0,,,,0,,0,0
2026-03-27T12:13:23.602,158.114944,REDETECT,0.036027,-0.076958,0.007898,0.534,9.144,0,0,0,0,,,,0,,0,0
2026-03-27T12:13:23.669,158.182414,REDETECT,0.036027,-0.076958,0.007898,0.534,9.148,0,0,0,0,,,,0,,0,0
2026-03-27T12:13:23.735,158.248470,REDETECT,0.036027,-0.076958,0.007898,0.534,9.148,0,0,0,0,,,,0,,0,0
2026-03-27T12:13:23.770,158.283633,REDETECT,0.036027,-0.076958,0.007898,0.534,9.150,0,0,0,0,,,,0,,0,0
2026-03-27T12:13:23.834,158.347448,REDETECT,0.036027,-0.076958,0.007898,0.534,9.156,0,0,0,0,,,,0,,0,0
2026-03-27T12:13:23.869,158.382644,REDETECT,0.036027,-0.076958,0.007898,0.534,9.154,0,0,0,0,,,,0,,0,0
2026-03-27T12:13:23.935,158.448203,REDETECT,0.036027,-0.076958,0.007898,0.534,9.162,0,0,0,0,,,,0,,0,0
2026-03-27T12:13:23.971,158.484589,REDETECT,0.036027,-0.076958,0.007898,0.534,9.160,0,0,0,0,,,,0,,0,0
2026-03-27T12:13:24.035,158.548095,REDETECT,0.036027,-0.076958,0.007898,0.534,9.160,0,0,0,0,,,,0,,0,0
2026-03-27T12:13:24.072,158.584977,REDETECT,0.036027,-0.076958,0.007898,0.534,9.157,0,0,0,0,,,,0,,0,0
2026-03-27T12:13:24.135,158.648164,REDETECT,0.036027,-0.076958,0.007898,0.534,9.159,0,0,0,0,,,,0,,0,0
2026-03-27T12:13:24.172,158.685585,REDETECT,0.036027,-0.076958,0.007898,0.534,9.159,0,0,0,0,,,,0,,0,0
2026-03-27T12:13:24.233,158.746882,REDETECT,0.036027,-0.076958,0.007898,0.534,9.157,0,0,0,0,,,,0,,0,0
2026-03-27T12:13:24.268,158.781686,REDETECT,0.036027,-0.076958,0.007898,0.534,9.159,0,0,0,0,,,,0,,0,0
2026-03-27T12:13:24.335,158.848643,REDETECT,0.036027,-0.076958,0.007898,0.534,9.159,0,0,0,0,,,,0,,0,0
2026-03-27T12:13:24.370,158.883134,REDETECT,0.036027,-0.076958,0.007898,0.534,9.157,0,0,0,0,,,,0,,0,0
2026-03-27T12:13:24.434,158.947890,REDETECT,0.036027,-0.076958,0.007898,0.534,9.153,0,0,0,0,,,,0,,0,0
2026-03-27T12:13:24.469,158.982425,REDETECT,0.036027,-0.076958,0.007898,0.534,9.153,0,0,0,0,,,,0,,0,0
2026-03-27T12:13:24.502,159.015831,REDETECT,0.036027,-0.076958,0.007898,0.534,9.157,0,0,0,0,,,,0,,0,0
2026-03-27T12:13:24.569,159.082689,REDETECT,0.036027,-0.076958,0.007898,0.534,9.164,0,0,0,0,,,,0,,0,0
2026-03-27T12:13:24.636,159.149016,REDETECT,0.036027,-0.076958,0.007898,0.534,9.168,0,0,0,0,,,,0,,0,0
2026-03-27T12:13:24.671,159.184347,REDETECT,0.036027,-0.076958,0.007898,0.534,9.165,0,0,0,0,,,,0,,0,0
2026-03-27T12:13:24.734,159.247744,REDETECT,0.036027,-0.076958,0.007898,0.534,9.164,0,0,0,0,,,,0,,0,0
2026-03-27T12:13:24.770,159.282964,REDETECT,0.036027,-0.076958,0.007898,0.534,9.170,0,0,0,0,,,,0,,0,0
2026-03-27T12:13:24.835,159.348544,REDETECT,0.036027,-0.076958,0.007898,0.534,9.172,0,0,0,0,,,,0,,0,0
2026-03-27T12:13:24.871,159.383977,REDETECT,0.036027,-0.076958,0.007898,0.534,9.174,0,0,0,0,,,,0,,0,0
2026-03-27T12:13:24.934,159.447305,REDETECT,0.036027,-0.076958,0.007898,0.534,9.182,0,0,0,0,,,,0,,0,0
2026-03-27T12:13:24.968,159.480995,REDETECT,0.036027,-0.076958,0.007898,0.534,9.186,0,0,0,0,,,,0,,0,0
2026-03-27T12:13:25.001,159.514524,REDETECT,0.036027,-0.076958,0.007898,0.534,9.190,0,0,0,0,,,,0,,0,0
2026-03-27T12:13:25.071,159.584645,REDETECT,0.036027,-0.076958,0.007898,0.534,9.182,0,0,0,0,,,,0,,0,0
2026-03-27T12:13:25.135,159.648892,REDETECT,0.036027,-0.076958,0.007898,0.534,9.188,0,0,0,0,,,,0,,0,0
2026-03-27T12:13:25.170,159.682970,REDETECT,0.036027,-0.076958,0.007898,0.534,9.190,0,0,0,0,,,,0,,0,0
2026-03-27T12:13:25.203,159.716388,REDETECT,0.036027,-0.076958,0.007898,0.534,9.192,0,0,0,0,,,,0,,0,0
2026-03-27T12:13:25.269,159.782186,REDETECT,0.036027,-0.076958,0.007898,0.534,9.190,0,0,0,0,,,,0,,0,0
2026-03-27T12:13:25.302,159.815628,REDETECT,0.036027,-0.076958,0.007898,0.534,9.190,0,0,0,0,,,,0,,0,0
2026-03-27T12:13:25.369,159.882750,REDETECT,0.036027,-0.076958,0.007898,0.534,9.196,0,0,0,0,,,,0,,0,0
2026-03-27T12:13:25.434,159.946920,REDETECT,0.036027,-0.076958,0.007898,0.534,9.202,0,0,0,0,,,,0,,0,0
2026-03-27T12:13:25.469,159.982860,REDETECT,0.036027,-0.076958,0.007898,0.534,9.202,0,0,0,0,,,,0,,0,0
2026-03-27T12:13:25.534,160.047695,REDETECT,0.036027,-0.076958,0.007898,0.534,9.206,0,0,0,0,,,,0,,0,0
2026-03-27T12:13:25.573,160.086608,REDETECT,0.036027,-0.076958,0.007898,0.534,9.206,0,0,0,0,,,,0,,0,0
2026-03-27T12:13:25.636,160.149044,REDETECT,0.036027,-0.076958,0.007898,0.534,9.204,0,0,0,0,,,,0,,0,0
2026-03-27T12:13:25.675,160.188338,REDETECT,0.036027,-0.076958,0.007898,0.534,9.204,0,0,0,0,,,,0,,0,0
2026-03-27T12:13:25.736,160.249032,REDETECT,0.036027,-0.076958,0.007898,0.534,9.202,0,0,0,0,,,,0,,0,0
2026-03-27T12:13:25.771,160.284729,REDETECT,0.036027,-0.076958,0.007898,0.534,9.209,0,0,0,0,,,,0,,0,0
2026-03-27T12:13:25.836,160.349033,REDETECT,0.036027,-0.076958,0.007898,0.534,9.210,0,0,0,0,,,,0,,0,0
2026-03-27T12:13:25.871,160.383944,REDETECT,0.036027,-0.076958,0.007898,0.534,9.208,0,0,0,0,,,,0,,0,0
2026-03-27T12:13:25.914,160.427082,REDETECT,0.036027,-0.076958,0.007898,0.534,9.214,0,0,0,0,,,,0,,0,0
2026-03-27T12:13:25.974,160.487146,REDETECT,0.036027,-0.076958,0.007898,0.534,9.221,0,0,0,0,,,,0,,0,0
2026-03-27T12:13:26.045,160.558092,REDETECT,0.036027,-0.076958,0.007898,0.534,9.224,0,0,0,0,,,,0,,0,0
2026-03-27T12:13:26.083,160.596071,REDETECT,0.036027,-0.076958,0.007898,0.534,9.226,0,0,0,0,,,,0,,0,0
2026-03-27T12:13:26.137,160.650611,REDETECT,0.036027,-0.076958,0.007898,0.534,9.228,0,0,0,0,,,,0,,0,0
2026-03-27T12:13:26.183,160.696874,REDETECT,0.036027,-0.076958,0.007898,0.534,9.225,0,0,0,0,,,,0,,0,0
2026-03-27T12:13:26.238,160.751591,REDETECT,0.036027,-0.076958,0.007898,0.534,9.227,0,0,0,0,,,,0,,0,0
2026-03-27T12:13:26.274,160.787629,REDETECT,0.036027,-0.076958,0.007898,0.534,9.227,0,0,0,0,,,,0,,0,0
2026-03-27T12:13:26.338,160.851793,REDETECT,0.036027,-0.076958,0.007898,0.534,9.235,0,0,0,0,,,,0,,0,0
2026-03-27T12:13:26.376,160.888986,REDETECT,0.036027,-0.076958,0.007898,0.534,9.232,0,0,0,0,,,,0,,0,0
2026-03-27T12:13:26.439,160.952638,REDETECT,0.036027,-0.076958,0.007898,0.534,9.222,0,0,0,0,,,,0,,0,0
2026-03-27T12:13:26.475,160.988561,REDETECT,0.036027,-0.076958,0.007898,0.534,9.222,0,0,0,0,,,,0,,0,0
2026-03-27T12:13:26.538,161.051225,REDETECT,0.036027,-0.076958,0.007898,0.534,9.230,0,0,0,0,,,,0,,0,0
2026-03-27T12:13:26.584,161.097129,REDETECT,0.036027,-0.076958,0.007898,0.534,9.238,0,0,0,0,,,,0,,0,0
2026-03-27T12:13:26.639,161.152304,REDETECT,0.036027,-0.076958,0.007898,0.534,9.242,0,0,0,0,,,,0,,0,0
2026-03-27T12:13:26.674,161.187131,REDETECT,0.036027,-0.076958,0.007898,0.534,9.244,0,0,0,0,,,,0,,0,0
2026-03-27T12:13:26.736,161.249219,REDETECT,0.036027,-0.076958,0.007898,0.534,9.246,0,0,0,0,,,,0,,0,0
2026-03-27T12:13:26.774,161.287246,REDETECT,0.036027,-0.076958,0.007898,0.534,9.246,0,0,0,0,,,,0,,0,0
2026-03-27T12:13:26.836,161.349561,REDETECT,0.036027,-0.076958,0.007898,0.534,9.238,0,0,0,0,,,,0,,0,0
2026-03-27T12:13:26.877,161.390457,REDETECT,0.036027,-0.076958,0.007898,0.534,9.238,0,0,0,0,,,,0,,0,0
2026-03-27T12:13:26.915,161.428540,REDETECT,0.036027,-0.076958,0.007898,0.534,9.240,0,0,0,0,,,,0,,0,0
2026-03-27T12:13:26.951,161.464597,REDETECT,0.036027,-0.076958,0.007898,0.534,9.242,0,0,0,0,,,,0,,0,0
2026-03-27T12:13:27.007,161.520556,REDETECT,0.036027,-0.076958,0.007898,0.534,9.243,0,0,0,0,,,,0,,0,0
2026-03-27T12:13:27.087,161.600649,REDETECT,0.036027,-0.076958,0.007898,0.534,9.246,0,0,0,0,,,,0,,0,0
2026-03-27T12:13:27.137,161.650452,REDETECT,0.036027,-0.076958,0.007898,0.534,9.246,0,0,0,0,,,,0,,0,0
2026-03-27T12:13:27.175,161.688864,REDETECT,0.036027,-0.076958,0.007898,0.534,9.246,0,0,0,0,,,,0,,0,0
2026-03-27T12:13:27.236,161.749229,REDETECT,0.036027,-0.076958,0.007898,0.534,9.251,0,0,0,0,,,,0,,0,0
2026-03-27T12:13:27.274,161.787478,REDETECT,0.036027,-0.076958,0.007898,0.534,9.256,0,0,0,0,,,,0,,0,0
2026-03-27T12:13:27.335,161.848639,REDETECT,0.036027,-0.076958,0.007898,0.534,9.260,0,0,0,0,,,,0,,0,0
2026-03-27T12:13:27.371,161.884881,REDETECT,0.036027,-0.076958,0.007898,0.534,9.258,0,0,0,0,,,,0,,0,0
2026-03-27T12:13:27.439,161.951910,REDETECT,0.036027,-0.076958,0.007898,0.534,9.262,0,0,0,0,,,,0,,0,0
2026-03-27T12:13:27.501,162.014796,REDETECT,0.036027,-0.076958,0.007898,0.534,9.262,0,0,0,0,,,,0,,0,0
2026-03-27T12:13:27.537,162.050743,REDETECT,0.036027,-0.076958,0.007898,0.534,9.262,0,0,0,0,,,,0,,0,0
2026-03-27T12:13:27.575,162.088901,REDETECT,0.036027,-0.076958,0.007898,0.534,9.260,0,0,0,0,,,,0,,0,0
2026-03-27T12:13:27.612,162.125605,REDETECT,0.036027,-0.076958,0.007898,0.534,9.262,0,0,0,0,,,,0,,0,0
2026-03-27T12:13:27.649,162.162366,REDETECT,0.036027,-0.076958,0.007898,0.534,9.262,0,0,0,0,,,,0,,0,0
2026-03-27T12:13:27.702,162.215320,REDETECT,0.036027,-0.076958,0.007898,0.534,9.263,0,0,0,0,,,,0,,0,0
2026-03-27T12:13:27.738,162.251874,REDETECT,0.036027,-0.076958,0.007898,0.534,9.265,0,0,0,0,,,,0,,0,0
2026-03-27T12:13:27.776,162.289033,REDETECT,0.036027,-0.076958,0.007898,0.534,9.265,0,0,0,0,,,,0,,0,0
2026-03-27T12:13:27.843,162.356704,REDETECT,0.036027,-0.076958,0.007898,0.534,9.267,0,0,0,0,,,,0,,0,0
2026-03-27T12:13:27.907,162.420791,REDETECT,0.036027,-0.076958,0.007898,0.534,9.269,0,0,0,0,,,,0,,0,0
2026-03-27T12:13:27.972,162.485307,REDETECT,0.036027,-0.076958,0.007898,0.534,9.273,0,0,0,0,,,,0,,0,0
2026-03-27T12:13:28.037,162.550329,REDETECT,0.036027,-0.076958,0.007898,0.534,9.273,0,0,0,0,,,,0,,0,0
2026-03-27T12:13:28.075,162.588359,REDETECT,0.036027,-0.076958,0.007898,0.534,9.278,0,0,0,0,,,,0,,0,0
2026-03-27T12:13:28.117,162.630044,REDETECT,0.036027,-0.076958,0.007898,0.534,9.275,0,0,0,0,,,,0,,0,0
2026-03-27T12:13:28.188,162.701456,REDETECT,0.036027,-0.076958,0.007898,0.534,9.268,0,0,0,0,,,,0,,0,0
2026-03-27T12:13:28.240,162.753199,REDETECT,0.036027,-0.076958,0.007898,0.534,9.269,0,0,0,0,,,,0,,0,0
2026-03-27T12:13:28.275,162.788097,REDETECT,0.036027,-0.076958,0.007898,0.534,9.274,0,0,0,0,,,,0,,0,0
2026-03-27T12:13:28.314,162.827687,REDETECT,0.036027,-0.076958,0.007898,0.534,9.271,0,0,0,0,,,,0,,0,0
2026-03-27T12:13:28.348,162.861761,REDETECT,0.036027,-0.076958,0.007898,0.534,9.273,0,0,0,0,,,,0,,0,0
2026-03-27T12:13:28.405,162.918106,REDETECT,0.036027,-0.076958,0.007898,0.534,9.275,0,0,0,0,,,,0,,0,0
2026-03-27T12:13:28.474,162.986979,REDETECT,0.036027,-0.076958,0.007898,0.534,9.277,0,0,0,0,,,,0,,0,0
2026-03-27T12:13:28.539,163.052247,REDETECT,0.036027,-0.076958,0.007898,0.534,9.274,0,0,0,0,,,,0,,0,0
2026-03-27T12:13:28.573,163.086527,REDETECT,0.036027,-0.076958,0.007898,0.534,9.271,0,0,0,0,,,,0,,0,0
2026-03-27T12:13:28.623,163.136074,REDETECT,0.036027,-0.076958,0.007898,0.534,9.274,0,0,0,0,,,,0,,0,0
2026-03-27T12:13:28.673,163.186060,REDETECT,0.036027,-0.076958,0.007898,0.534,9.278,0,0,0,0,,,,0,,0,0
2026-03-27T12:13:28.741,163.254398,REDETECT,0.036027,-0.076958,0.007898,0.534,9.278,0,0,0,0,,,,0,,0,0
2026-03-27T12:13:28.779,163.292376,REDETECT,0.036027,-0.076958,0.007898,0.534,9.273,0,0,0,0,,,,0,,0,0
2026-03-27T12:13:28.838,163.351402,REDETECT,0.036027,-0.076958,0.007898,0.534,9.280,0,0,0,0,,,,0,,0,0
2026-03-27T12:13:28.903,163.416001,REDETECT,0.036027,-0.076958,0.007898,0.534,9.284,0,0,0,0,,,,0,,0,0
2026-03-27T12:13:28.969,163.482281,REDETECT,0.036027,-0.076958,0.007898,0.534,9.286,0,0,0,0,,,,0,,0,0
2026-03-27T12:13:29.003,163.516155,REDETECT,0.036027,-0.076958,0.007898,0.534,9.286,0,0,0,0,,,,0,,0,0
2026-03-27T12:13:29.071,163.584422,REDETECT,0.036027,-0.076958,0.007898,0.534,9.288,0,0,0,0,,,,0,,0,0
2026-03-27T12:13:29.135,163.648467,REDETECT,0.036027,-0.076958,0.007898,0.534,9.288,0,0,0,0,,,,0,,0,0
2026-03-27T12:13:29.172,163.685636,REDETECT,0.036027,-0.076958,0.007898,0.534,9.288,0,0,0,0,,,,0,,0,0
2026-03-27T12:13:29.234,163.747632,REDETECT,0.036027,-0.076958,0.007898,0.534,9.289,0,0,0,0,,,,0,,0,0
2026-03-27T12:13:29.270,163.783077,REDETECT,0.036027,-0.076958,0.007898,0.534,9.289,0,0,0,0,,,,0,,0,0
2026-03-27T12:13:29.338,163.851276,REDETECT,0.036027,-0.076958,0.007898,0.534,9.294,0,0,0,0,,,,0,,0,0
2026-03-27T12:13:29.401,163.914310,REDETECT,0.036027,-0.076958,0.007898,0.534,9.296,0,0,0,0,,,,0,,0,0
2026-03-27T12:13:29.435,163.947977,REDETECT,0.036027,-0.076958,0.007898,0.534,9.298,0,0,0,0,,,,0,,0,0
2026-03-27T12:13:29.472,163.985426,REDETECT,0.036027,-0.076958,0.007898,0.534,9.298,0,0,0,0,,,,0,,0,0
2026-03-27T12:13:29.534,164.047067,REDETECT,0.036027,-0.076958,0.007898,0.534,9.295,0,0,0,0,,,,0,,0,0
2026-03-27T12:13:29.569,164.082518,REDETECT,0.036027,-0.076958,0.007898,0.534,9.295,0,0,0,0,,,,0,,0,0
2026-03-27T12:13:29.603,164.116605,REDETECT,0.036027,-0.076958,0.007898,0.534,9.297,0,0,0,0,,,,0,,0,0
2026-03-27T12:13:29.669,164.182140,REDETECT,0.036027,-0.076958,0.007898,0.534,9.291,0,0,0,0,,,,0,,0,0
2026-03-27T12:13:29.702,164.215629,REDETECT,0.036027,-0.076958,0.007898,0.534,9.295,0,0,0,0,,,,0,,0,0
2026-03-27T12:13:29.736,164.249349,REDETECT,0.036027,-0.076958,0.007898,0.534,9.295,0,0,0,0,,,,0,,0,0
2026-03-27T12:13:29.772,164.284992,REDETECT,0.036027,-0.076958,0.007898,0.534,9.298,0,0,0,0,,,,0,,0,0
2026-03-27T12:13:29.834,164.347394,REDETECT,0.036027,-0.076958,0.007898,0.534,9.297,0,0,0,0,,,,0,,0,0
2026-03-27T12:13:29.869,164.382880,REDETECT,0.036027,-0.076958,0.007898,0.534,9.302,0,0,0,0,,,,0,,0,0
2026-03-27T12:13:29.934,164.447456,REDETECT,0.036027,-0.076958,0.007898,0.534,9.298,0,0,0,0,,,,0,,0,0
2026-03-27T12:13:29.969,164.482579,REDETECT,0.036027,-0.076958,0.007898,0.534,9.300,0,0,0,0,,,,0,,0,0
2026-03-27T12:13:30.034,164.547740,REDETECT,0.036027,-0.076958,0.007898,0.534,9.300,0,0,0,0,,,,0,,0,0
2026-03-27T12:13:30.074,164.587465,REDETECT,0.036027,-0.076958,0.007898,0.534,9.298,0,0,0,0,,,,0,,0,0
2026-03-27T12:13:30.135,164.647936,REDETECT,0.036027,-0.076958,0.007898,0.534,9.302,0,0,0,0,,,,0,,0,0
2026-03-27T12:13:30.171,164.684412,REDETECT,0.036027,-0.076958,0.007898,0.534,9.306,0,0,0,0,,,,0,,0,0
2026-03-27T12:13:30.234,164.747155,REDETECT,0.036027,-0.076958,0.007898,0.534,9.306,0,0,0,0,,,,0,,0,0
2026-03-27T12:13:30.269,164.782730,REDETECT,0.036027,-0.076958,0.007898,0.534,9.306,0,0,0,0,,,,0,,0,0
2026-03-27T12:13:30.334,164.847143,REDETECT,0.036027,-0.076958,0.007898,0.534,9.310,0,0,0,0,,,,0,,0,0
2026-03-27T12:13:30.369,164.881958,REDETECT,0.036027,-0.076958,0.007898,0.534,9.310,0,0,0,0,,,,0,,0,0
2026-03-27T12:13:30.436,164.948939,REDETECT,0.036027,-0.076958,0.007898,0.534,9.312,0,0,0,0,,,,0,,0,0
2026-03-27T12:13:30.471,164.984311,REDETECT,0.036027,-0.076958,0.007898,0.534,9.312,0,0,0,0,,,,0,,0,0
2026-03-27T12:13:30.535,165.047957,REDETECT,0.036027,-0.076958,0.007898,0.534,9.318,0,0,0,0,,,,0,,0,0
2026-03-27T12:13:30.571,165.084147,REDETECT,0.036027,-0.076958,0.007898,0.534,9.320,0,0,0,0,,,,0,,0,0
2026-03-27T12:13:30.634,165.147045,REDETECT,0.036027,-0.076958,0.007898,0.534,9.322,0,0,0,0,,,,0,,0,0
2026-03-27T12:13:30.671,165.184276,REDETECT,0.036027,-0.076958,0.007898,0.534,9.322,0,0,0,0,,,,0,,0,0
2026-03-27T12:13:30.734,165.247266,REDETECT,0.036027,-0.076958,0.007898,0.534,9.326,0,0,0,0,,,,0,,0,0
2026-03-27T12:13:30.770,165.283466,REDETECT,0.036027,-0.076958,0.007898,0.534,9.328,0,0,0,0,,,,0,,0,0
2026-03-27T12:13:30.834,165.347187,REDETECT,0.036027,-0.076958,0.007898,0.534,9.334,0,0,0,0,,,,0,,0,0
2026-03-27T12:13:30.871,165.384464,REDETECT,0.036027,-0.076958,0.007898,0.534,9.332,0,0,0,0,,,,0,,0,0
2026-03-27T12:13:30.934,165.447101,REDETECT,0.036027,-0.076958,0.007898,0.534,9.334,0,0,0,0,,,,0,,0,0
2026-03-27T12:13:30.969,165.482570,REDETECT,0.036027,-0.076958,0.007898,0.534,9.336,0,0,0,0,,,,0,,0,0
2026-03-27T12:13:31.034,165.547229,REDETECT,0.036027,-0.076958,0.007898,0.534,9.342,0,0,0,0,,,,0,,0,0
2026-03-27T12:13:31.071,165.584041,REDETECT,0.036027,-0.076958,0.007898,0.534,9.342,0,0,0,0,,,,0,,0,0
2026-03-27T12:13:31.137,165.650748,REDETECT,0.036027,-0.076958,0.007898,0.534,9.344,0,0,0,0,,,,0,,0,0
2026-03-27T12:13:31.201,165.714386,REDETECT,0.036027,-0.076958,0.007898,0.534,9.350,0,0,0,0,,,,0,,0,0
2026-03-27T12:13:31.271,165.784065,REDETECT,0.036027,-0.076958,0.007898,0.534,9.352,0,0,0,0,,,,0,,0,0
2026-03-27T12:13:31.334,165.847018,REDETECT,0.036027,-0.076958,0.007898,0.534,9.352,0,0,0,0,,,,0,,0,0
2026-03-27T12:13:31.368,165.881348,REDETECT,0.036027,-0.076958,0.007898,0.534,9.354,0,0,0,0,,,,0,,0,0
2026-03-27T12:13:31.434,165.946941,REDETECT,0.036027,-0.076958,0.007898,0.534,9.350,0,0,0,0,,,,0,,0,0
2026-03-27T12:13:31.469,165.982617,REDETECT,0.036027,-0.076958,0.007898,0.534,9.354,0,0,0,0,,,,0,,0,0
2026-03-27T12:13:31.534,166.047575,REDETECT,0.036027,-0.076958,0.007898,0.534,9.368,0,0,0,0,,,,0,,0,0
2026-03-27T12:13:31.573,166.086707,REDETECT,0.036027,-0.076958,0.007898,0.534,9.370,0,0,0,0,,,,0,,0,0
2026-03-27T12:13:31.616,166.129267,REDETECT,0.036027,-0.076958,0.007898,0.534,9.370,0,0,0,0,,,,0,,0,0
2026-03-27T12:13:31.672,166.185551,REDETECT,0.036027,-0.076958,0.007898,0.534,9.369,0,0,0,0,,,,0,,0,0
2026-03-27T12:13:31.706,166.219099,REDETECT,0.036027,-0.076958,0.007898,0.534,9.369,0,0,0,0,,,,0,,0,0
2026-03-27T12:13:31.777,166.290098,REDETECT,0.036027,-0.076958,0.007898,0.534,9.370,0,0,0,0,,,,0,,0,0
2026-03-27T12:13:31.836,166.349574,REDETECT,0.036027,-0.076958,0.007898,0.534,9.381,0,0,0,0,,,,0,,0,0
2026-03-27T12:13:31.871,166.384555,REDETECT,0.036027,-0.076958,0.007898,0.534,9.381,0,0,0,0,,,,0,,0,0
2026-03-27T12:13:31.934,166.447772,REDETECT,0.036027,-0.076958,0.007898,0.534,9.384,0,0,0,0,,,,0,,0,0
2026-03-27T12:13:31.971,166.484389,REDETECT,0.036027,-0.076958,0.007898,0.534,9.382,0,0,0,0,,,,0,,0,0
2026-03-27T12:13:32.016,166.529339,REDETECT,0.036027,-0.076958,0.007898,0.534,9.377,0,0,0,0,,,,0,,0,0
2026-03-27T12:13:32.071,166.584124,REDETECT,0.036027,-0.076958,0.007898,0.534,9.382,0,0,0,0,,,,0,,0,0
2026-03-27T12:13:32.134,166.647832,REDETECT,0.036027,-0.076958,0.007898,0.534,9.391,0,0,0,0,,,,0,,0,0
2026-03-27T12:13:32.169,166.682458,REDETECT,0.036027,-0.076958,0.007898,0.534,9.391,0,0,0,0,,,,0,,0,0
2026-03-27T12:13:32.204,166.717029,REDETECT,0.036027,-0.076958,0.007898,0.534,9.393,0,0,0,0,,,,0,,0,0
2026-03-27T12:13:32.269,166.782690,REDETECT,0.036027,-0.076958,0.007898,0.534,9.383,0,0,0,0,,,,0,,0,0
2026-03-27T12:13:32.303,166.816063,REDETECT,0.036027,-0.076958,0.007898,0.534,9.385,0,0,0,0,,,,0,,0,0
2026-03-27T12:13:32.372,166.885118,REDETECT,0.036027,-0.076958,0.007898,0.534,9.396,0,0,0,0,,,,0,,0,0
2026-03-27T12:13:32.435,166.948771,REDETECT,0.036027,-0.076958,0.007898,0.534,9.401,0,0,0,0,,,,0,,0,0
2026-03-27T12:13:32.471,166.984418,REDETECT,0.036027,-0.076958,0.007898,0.534,9.401,0,0,0,0,,,,0,,0,0
2026-03-27T12:13:32.535,167.047916,REDETECT,0.036027,-0.076958,0.007898,0.534,9.401,0,0,0,0,,,,0,,0,0
2026-03-27T12:13:32.569,167.082720,REDETECT,0.036027,-0.076958,0.007898,0.534,9.406,0,0,0,0,,,,0,,0,0
2026-03-27T12:13:32.635,167.147947,REDETECT,0.036027,-0.076958,0.007898,0.534,9.405,0,0,0,0,,,,0,,0,0
2026-03-27T12:13:32.671,167.184839,REDETECT,0.036027,-0.076958,0.007898,0.534,9.403,0,0,0,0,,,,0,,0,0
2026-03-27T12:13:32.734,167.247176,REDETECT,0.036027,-0.076958,0.007898,0.534,9.407,0,0,0,0,,,,0,,0,0
2026-03-27T12:13:32.773,167.286006,REDETECT,0.036027,-0.076958,0.007898,0.534,9.409,0,0,0,0,,,,0,,0,0
2026-03-27T12:13:32.835,167.347980,REDETECT,0.036027,-0.076958,0.007898,0.534,9.413,0,0,0,0,,,,0,,0,0
2026-03-27T12:13:32.871,167.384271,REDETECT,0.036027,-0.076958,0.007898,0.534,9.406,0,0,0,0,,,,0,,0,0
2026-03-27T12:13:32.934,167.447533,REDETECT,0.036027,-0.076958,0.007898,0.534,9.410,0,0,0,0,,,,0,,0,0
2026-03-27T12:13:32.971,167.484338,REDETECT,0.036027,-0.076958,0.007898,0.534,9.421,0,0,0,0,,,,0,,0,0
2026-03-27T12:13:33.033,167.546535,REDETECT,0.036027,-0.076958,0.007898,0.534,9.425,0,0,0,0,,,,0,,0,0
2026-03-27T12:13:33.069,167.582501,REDETECT,0.036027,-0.076958,0.007898,0.534,9.423,0,0,0,0,,,,0,,0,0
2026-03-27T12:13:33.134,167.647822,REDETECT,0.036027,-0.076958,0.007898,0.534,9.435,0,0,0,0,,,,0,,0,0
2026-03-27T12:13:33.171,167.684304,REDETECT,0.036027,-0.076958,0.007898,0.534,9.439,0,0,0,0,,,,0,,0,0
2026-03-27T12:13:33.234,167.747760,REDETECT,0.036027,-0.076958,0.007898,0.534,9.441,0,0,0,0,,,,0,,0,0
2026-03-27T12:13:33.269,167.782705,REDETECT,0.036027,-0.076958,0.007898,0.534,9.433,0,0,0,0,,,,0,,0,0
2026-03-27T12:13:33.333,167.846669,REDETECT,0.036027,-0.076958,0.007898,0.534,9.435,0,0,0,0,,,,0,,0,0
2026-03-27T12:13:33.371,167.884279,REDETECT,0.036027,-0.076958,0.007898,0.534,9.437,0,0,0,0,,,,0,,0,0
2026-03-27T12:13:33.407,167.919964,REDETECT,0.036027,-0.076958,0.007898,0.534,9.437,0,0,0,0,,,,0,,0,0
2026-03-27T12:13:33.472,167.985849,REDETECT,0.036027,-0.076958,0.007898,0.534,9.442,0,0,0,0,,,,0,,0,0
2026-03-27T12:13:33.534,168.047605,REDETECT,0.036027,-0.076958,0.007898,0.534,9.446,0,0,0,0,,,,0,,0,0
2026-03-27T12:13:33.570,168.082989,REDETECT,0.036027,-0.076958,0.007898,0.534,9.448,0,0,0,0,,,,0,,0,0
2026-03-27T12:13:33.634,168.147251,REDETECT,0.036027,-0.076958,0.007898,0.534,9.446,0,0,0,0,,,,0,,0,0
2026-03-27T12:13:33.671,168.184199,REDETECT,0.036027,-0.076958,0.007898,0.534,9.446,0,0,0,0,,,,0,,0,0
2026-03-27T12:13:33.734,168.247644,REDETECT,0.036027,-0.076958,0.007898,0.534,9.450,0,0,0,0,,,,0,,0,0
2026-03-27T12:13:33.768,168.281805,REDETECT,0.036027,-0.076958,0.007898,0.534,9.454,0,0,0,0,,,,0,,0,0
2026-03-27T12:13:33.802,168.315385,REDETECT,0.036027,-0.076958,0.007898,0.534,9.456,0,0,0,0,,,,0,,0,0
2026-03-27T12:13:33.835,168.348719,REDETECT,0.036027,-0.076958,0.007898,0.534,9.456,0,0,0,0,,,,0,,0,0
2026-03-27T12:13:33.871,168.384344,REDETECT,0.036027,-0.076958,0.007898,0.534,9.461,0,0,0,0,,,,0,,0,0
2026-03-27T12:13:33.905,168.418694,REDETECT,0.036027,-0.076958,0.007898,0.534,9.463,0,0,0,0,,,,0,,0,0
2026-03-27T12:13:33.972,168.485096,REDETECT,0.036027,-0.076958,0.007898,0.534,9.459,0,0,0,0,,,,0,,0,0
2026-03-27T12:13:34.034,168.547776,REDETECT,0.036027,-0.076958,0.007898,0.534,9.467,0,0,0,0,,,,0,,0,0
2026-03-27T12:13:34.069,168.582871,REDETECT,0.036027,-0.076958,0.007898,0.534,9.467,0,0,0,0,,,,0,,0,0
2026-03-27T12:13:34.134,168.647883,REDETECT,0.036027,-0.076958,0.007898,0.534,9.459,0,0,0,0,,,,0,,0,0
2026-03-27T12:13:34.170,168.683712,REDETECT,0.036027,-0.076958,0.007898,0.534,9.461,0,0,0,0,,,,0,,0,0
2026-03-27T12:13:34.235,168.748539,REDETECT,0.036027,-0.076958,0.007898,0.534,9.465,0,0,0,0,,,,0,,0,0
2026-03-27T12:13:34.269,168.782702,REDETECT,0.036027,-0.076958,0.007898,0.534,9.463,0,0,0,0,,,,0,,0,0
2026-03-27T12:13:34.334,168.847680,REDETECT,0.036027,-0.076958,0.007898,0.534,9.457,0,0,0,0,,,,0,,0,0
2026-03-27T12:13:34.369,168.882498,REDETECT,0.036027,-0.076958,0.007898,0.534,9.455,0,0,0,0,,,,0,,0,0
2026-03-27T12:13:34.434,168.947230,REDETECT,0.036027,-0.076958,0.007898,0.534,9.463,0,0,0,0,,,,0,,0,0
2026-03-27T12:13:34.471,168.984468,REDETECT,0.036027,-0.076958,0.007898,0.534,9.461,0,0,0,0,,,,0,,0,0
2026-03-27T12:13:34.543,169.055911,REDETECT,0.036027,-0.076958,0.007898,0.534,9.457,0,0,0,0,,,,0,,0,0
2026-03-27T12:13:34.607,169.120149,REDETECT,0.036027,-0.076958,0.007898,0.534,9.467,0,0,0,0,,,,0,,0,0
2026-03-27T12:13:34.671,169.184721,REDETECT,0.036027,-0.076958,0.007898,0.534,9.469,0,0,0,0,,,,0,,0,0
2026-03-27T12:13:34.734,169.247246,REDETECT,0.036027,-0.076958,0.007898,0.534,9.465,0,0,0,0,,,,0,,0,0
2026-03-27T12:13:34.772,169.285138,REDETECT,0.036027,-0.076958,0.007898,0.534,9.467,0,0,0,0,,,,0,,0,0
2026-03-27T12:13:34.835,169.348872,REDETECT,0.036027,-0.076958,0.007898,0.534,9.475,0,0,0,0,,,,0,,0,0
2026-03-27T12:13:34.871,169.384687,REDETECT,0.036027,-0.076958,0.007898,0.534,9.479,0,0,0,0,,,,0,,0,0
2026-03-27T12:13:34.935,169.448884,REDETECT,0.036027,-0.076958,0.007898,0.534,9.479,0,0,0,0,,,,0,,0,0
2026-03-27T12:13:34.971,169.484840,REDETECT,0.036027,-0.076958,0.007898,0.534,9.490,0,0,0,0,,,,0,,0,0
2026-03-27T12:13:35.035,169.548808,REDETECT,0.036027,-0.076958,0.007898,0.534,9.490,0,0,0,0,,,,0,,0,0
2026-03-27T12:13:35.071,169.583960,REDETECT,0.036027,-0.076958,0.007898,0.534,9.488,0,0,0,0,,,,0,,0,0
2026-03-27T12:13:35.135,169.647982,REDETECT,0.036027,-0.076958,0.007898,0.534,9.494,0,0,0,0,,,,0,,0,0
2026-03-27T12:13:35.171,169.683917,REDETECT,0.036027,-0.076958,0.007898,0.534,9.505,0,0,0,0,,,,0,,0,0
2026-03-27T12:13:35.235,169.748161,REDETECT,0.036027,-0.076958,0.007898,0.534,9.508,0,0,0,0,,,,0,,0,0
2026-03-27T12:13:35.270,169.783292,REDETECT,0.036027,-0.076958,0.007898,0.534,9.502,0,0,0,0,,,,0,,0,0
2026-03-27T12:13:35.335,169.848433,REDETECT,0.036027,-0.076958,0.007898,0.534,9.500,0,0,0,0,,,,0,,0,0
2026-03-27T12:13:35.372,169.885093,REDETECT,0.036027,-0.076958,0.007898,0.534,9.504,0,0,0,0,,,,0,,0,0
2026-03-27T12:13:35.434,169.947031,REDETECT,0.036027,-0.076958,0.007898,0.534,9.506,0,0,0,0,,,,0,,0,0
2026-03-27T12:13:35.469,169.982196,REDETECT,0.036027,-0.076958,0.007898,0.534,9.500,0,0,0,0,,,,0,,0,0
2026-03-27T12:13:35.548,170.060988,REDETECT,0.036027,-0.076958,0.007898,0.534,9.504,0,0,0,0,,,,0,,0,0
2026-03-27T12:13:35.601,170.114128,REDETECT,0.036027,-0.076958,0.007898,0.534,9.513,0,0,0,0,,,,0,,0,0
2026-03-27T12:13:35.634,170.147687,REDETECT,0.036027,-0.076958,0.007898,0.534,9.515,0,0,0,0,,,,0,,0,0
2026-03-27T12:13:35.672,170.185071,REDETECT,0.036027,-0.076958,0.007898,0.534,9.513,0,0,0,0,,,,0,,0,0
2026-03-27T12:13:35.734,170.247054,REDETECT,0.036027,-0.076958,0.007898,0.534,9.511,0,0,0,0,,,,0,,0,0
2026-03-27T12:13:35.769,170.282016,REDETECT,0.036027,-0.076958,0.007898,0.534,9.515,0,0,0,0,,,,0,,0,0
2026-03-27T12:13:35.835,170.348288,REDETECT,0.036027,-0.076958,0.007898,0.534,9.529,0,0,0,0,,,,0,,0,0
2026-03-27T12:13:35.890,170.402927,REDETECT,0.036027,-0.076958,0.007898,0.534,9.529,0,0,0,0,,,,0,,0,0
2026-03-27T12:13:35.945,170.458603,REDETECT,0.036027,-0.076958,0.007898,0.534,9.531,0,0,0,0,,,,0,,0,0
2026-03-27T12:13:35.997,170.510768,REDETECT,0.036027,-0.076958,0.007898,0.534,9.534,0,0,0,0,,,,0,,0,0
2026-03-27T12:13:36.033,170.546847,REDETECT,0.036027,-0.076958,0.007898,0.534,9.534,0,0,0,0,,,,0,,0,0
2026-03-27T12:13:36.070,170.583602,REDETECT,0.036027,-0.076958,0.007898,0.534,9.532,0,0,0,0,,,,0,,0,0
2026-03-27T12:13:36.134,170.647140,REDETECT,0.036027,-0.076958,0.007898,0.534,9.528,0,0,0,0,,,,0,,0,0
2026-03-27T12:13:36.169,170.682767,REDETECT,0.036027,-0.076958,0.007898,0.534,9.528,0,0,0,0,,,,0,,0,0
2026-03-27T12:13:36.234,170.747735,REDETECT,0.036027,-0.076958,0.007898,0.534,9.532,0,0,0,0,,,,0,,0,0
2026-03-27T12:13:36.271,170.784276,REDETECT,0.036027,-0.076958,0.007898,0.534,9.534,0,0,0,0,,,,0,,0,0
2026-03-27T12:13:36.334,170.847401,REDETECT,0.036027,-0.076958,0.007898,0.534,9.536,0,0,0,0,,,,0,,0,0
2026-03-27T12:13:36.369,170.882089,REDETECT,0.036027,-0.076958,0.007898,0.534,9.538,0,0,0,0,,,,0,,0,0
2026-03-27T12:13:36.402,170.915681,REDETECT,0.036027,-0.076958,0.007898,0.534,9.538,0,0,0,0,,,,0,,0,0
2026-03-27T12:13:36.469,170.982418,REDETECT,0.036027,-0.076958,0.007898,0.534,9.539,0,0,0,0,,,,0,,0,0
2026-03-27T12:13:36.534,171.047849,REDETECT,0.036027,-0.076958,0.007898,0.534,9.541,0,0,0,0,,,,0,,0,0
2026-03-27T12:13:36.571,171.084116,REDETECT,0.036027,-0.076958,0.007898,0.534,9.536,0,0,0,0,,,,0,,0,0
2026-03-27T12:13:36.635,171.148221,REDETECT,0.036027,-0.076958,0.007898,0.534,9.533,0,0,0,0,,,,0,,0,0
2026-03-27T12:13:36.692,171.205457,REDETECT,0.036027,-0.076958,0.007898,0.534,9.533,0,0,0,0,,,,0,,0,0
2026-03-27T12:13:36.726,171.238932,REDETECT,0.036027,-0.076958,0.007898,0.534,9.535,0,0,0,0,,,,0,,0,0
2026-03-27T12:13:36.794,171.306942,REDETECT,0.036027,-0.076958,0.007898,0.534,9.535,0,0,0,0,,,,0,,0,0
2026-03-27T12:13:36.834,171.347580,REDETECT,0.036027,-0.076958,0.007898,0.534,9.534,0,0,0,0,,,,0,,0,0
2026-03-27T12:13:36.868,171.381157,REDETECT,0.036027,-0.076958,0.007898,0.534,9.532,0,0,0,0,,,,0,,0,0
2026-03-27T12:13:36.934,171.447099,REDETECT,0.036027,-0.076958,0.007898,0.534,9.532,0,0,0,0,,,,0,,0,0
2026-03-27T12:13:36.974,171.487262,REDETECT,0.036027,-0.076958,0.007898,0.534,9.532,0,0,0,0,,,,0,,0,0
2026-03-27T12:13:37.035,171.548842,REDETECT,0.036027,-0.076958,0.007898,0.534,9.534,0,0,0,0,,,,0,,0,0
2026-03-27T12:13:37.071,171.584711,REDETECT,0.036027,-0.076958,0.007898,0.534,9.536,0,0,0,0,,,,0,,0,0
2026-03-27T12:13:37.136,171.649014,REDETECT,0.036027,-0.076958,0.007898,0.534,9.544,0,0,0,0,,,,0,,0,0
2026-03-27T12:13:37.173,171.686058,REDETECT,0.036027,-0.076958,0.007898,0.534,9.549,0,0,0,0,,,,0,,0,0
2026-03-27T12:13:37.207,171.720205,REDETECT,0.036027,-0.076958,0.007898,0.534,9.545,0,0,0,0,,,,0,,0,0
2026-03-27T12:13:37.282,171.795144,REDETECT,0.036027,-0.076958,0.007898,0.534,9.546,0,0,0,0,,,,0,,0,0
2026-03-27T12:13:37.336,171.849467,REDETECT,0.036027,-0.076958,0.007898,0.534,9.551,0,0,0,0,,,,0,,0,0
2026-03-27T12:13:37.372,171.885371,REDETECT,0.036027,-0.076958,0.007898,0.534,9.549,0,0,0,0,,,,0,,0,0
2026-03-27T12:13:37.436,171.948922,REDETECT,0.036027,-0.076958,0.007898,0.534,9.553,0,0,0,0,,,,0,,0,0
2026-03-27T12:13:37.501,172.013971,REDETECT,0.036027,-0.076958,0.007898,0.534,9.560,0,0,0,0,,,,0,,0,0
2026-03-27T12:13:37.574,172.087816,REDETECT,0.036027,-0.076958,0.007898,0.534,9.567,0,0,0,0,,,,0,,0,0
2026-03-27T12:13:37.635,172.147948,REDETECT,0.036027,-0.076958,0.007898,0.534,9.571,0,0,0,0,,,,0,,0,0
2026-03-27T12:13:37.669,172.182301,REDETECT,0.036027,-0.076958,0.007898,0.534,9.573,0,0,0,0,,,,0,,0,0
2026-03-27T12:13:37.734,172.247545,REDETECT,0.036027,-0.076958,0.007898,0.534,9.579,0,0,0,0,,,,0,,0,0
2026-03-27T12:13:37.768,172.281716,REDETECT,0.036027,-0.076958,0.007898,0.534,9.577,0,0,0,0,,,,0,,0,0
2026-03-27T12:13:37.835,172.348076,REDETECT,0.036027,-0.076958,0.007898,0.534,9.577,0,0,0,0,,,,0,,0,0
2026-03-27T12:13:37.900,172.413534,REDETECT,0.036027,-0.076958,0.007898,0.534,9.585,0,0,0,0,,,,0,,0,0
2026-03-27T12:13:37.968,172.481264,REDETECT,0.036027,-0.076958,0.007898,0.534,9.593,0,0,0,0,,,,0,,0,0
2026-03-27T12:13:38.034,172.547246,REDETECT,0.036027,-0.076958,0.007898,0.534,9.598,0,0,0,0,,,,0,,0,0
2026-03-27T12:13:38.069,172.582712,REDETECT,0.036027,-0.076958,0.007898,0.534,9.604,0,0,0,0,,,,0,,0,0
2026-03-27T12:13:38.135,172.648895,REDETECT,0.036027,-0.076958,0.007898,0.534,9.608,0,0,0,0,,,,0,,0,0
2026-03-27T12:13:38.170,172.683020,REDETECT,0.036027,-0.076958,0.007898,0.534,9.606,0,0,0,0,,,,0,,0,0
2026-03-27T12:13:38.237,172.750056,REDETECT,0.036027,-0.076958,0.007898,0.534,9.612,0,0,0,0,,,,0,,0,0
2026-03-27T12:13:38.270,172.783629,REDETECT,0.036027,-0.076958,0.007898,0.534,9.612,0,0,0,0,,,,0,,0,0
2026-03-27T12:13:38.335,172.848727,REDETECT,0.036027,-0.076958,0.007898,0.534,9.606,0,0,0,0,,,,0,,0,0
2026-03-27T12:13:38.372,172.885678,REDETECT,0.036027,-0.076958,0.007898,0.534,9.606,0,0,0,0,,,,0,,0,0
2026-03-27T12:13:38.436,172.949133,REDETECT,0.036027,-0.076958,0.007898,0.534,9.610,0,0,0,0,,,,0,,0,0
2026-03-27T12:13:38.470,172.983810,REDETECT,0.036027,-0.076958,0.007898,0.534,9.616,0,0,0,0,,,,0,,0,0
2026-03-27T12:13:38.535,173.048594,REDETECT,0.036027,-0.076958,0.007898,0.534,9.618,0,0,0,0,,,,0,,0,0
2026-03-27T12:13:38.571,173.084490,REDETECT,0.036027,-0.076958,0.007898,0.534,9.621,0,0,0,0,,,,0,,0,0
2026-03-27T12:13:38.605,173.118276,REDETECT,0.036027,-0.076958,0.007898,0.534,9.623,0,0,0,0,,,,0,,0,0
2026-03-27T12:13:38.672,173.185816,REDETECT,0.036027,-0.076958,0.007898,0.534,9.631,0,0,0,0,,,,0,,0,0
2026-03-27T12:13:38.736,173.249106,REDETECT,0.036027,-0.076958,0.007898,0.534,9.623,0,0,0,0,,,,0,,0,0
2026-03-27T12:13:38.772,173.285403,REDETECT,0.036027,-0.076958,0.007898,0.534,9.621,0,0,0,0,,,,0,,0,0
2026-03-27T12:13:38.835,173.348505,REDETECT,0.036027,-0.076958,0.007898,0.534,9.624,0,0,0,0,,,,0,,0,0
2026-03-27T12:13:38.872,173.385465,REDETECT,0.036027,-0.076958,0.007898,0.534,9.627,0,0,0,0,,,,0,,0,0
2026-03-27T12:13:38.935,173.448591,REDETECT,0.036027,-0.076958,0.007898,0.534,9.624,0,0,0,0,,,,0,,0,0
2026-03-27T12:13:38.971,173.484086,REDETECT,0.036027,-0.076958,0.007898,0.534,9.626,0,0,0,0,,,,0,,0,0
2026-03-27T12:13:39.035,173.548825,REDETECT,0.036027,-0.076958,0.007898,0.534,9.628,0,0,0,0,,,,0,,0,0
2026-03-27T12:13:39.071,173.583935,REDETECT,0.036027,-0.076958,0.007898,0.534,9.628,0,0,0,0,,,,0,,0,0
2026-03-27T12:13:39.105,173.618623,REDETECT,0.036027,-0.076958,0.007898,0.534,9.628,0,0,0,0,,,,0,,0,0
2026-03-27T12:13:39.170,173.682957,REDETECT,0.036027,-0.076958,0.007898,0.534,9.634,0,0,0,0,,,,0,,0,0
2026-03-27T12:13:39.235,173.748445,REDETECT,0.036027,-0.076958,0.007898,0.534,9.640,0,0,0,0,,,,0,,0,0
2026-03-27T12:13:39.272,173.785800,REDETECT,0.036027,-0.076958,0.007898,0.534,9.640,0,0,0,0,,,,0,,0,0
2026-03-27T12:13:39.336,173.849037,REDETECT,0.036027,-0.076958,0.007898,0.534,9.642,0,0,0,0,,,,0,,0,0
2026-03-27T12:13:39.372,173.885553,REDETECT,0.036027,-0.076958,0.007898,0.534,9.642,0,0,0,0,,,,0,,0,0
2026-03-27T12:13:39.435,173.948195,REDETECT,0.036027,-0.076958,0.007898,0.534,9.648,0,0,0,0,,,,0,,0,0
2026-03-27T12:13:39.471,173.984676,REDETECT,0.036027,-0.076958,0.007898,0.534,9.646,0,0,0,0,,,,0,,0,0
2026-03-27T12:13:39.537,174.050297,REDETECT,0.036027,-0.076958,0.007898,0.534,9.646,0,0,0,0,,,,0,,0,0
2026-03-27T12:13:39.573,174.086259,REDETECT,0.036027,-0.076958,0.007898,0.534,9.648,0,0,0,0,,,,0,,0,0
2026-03-27T12:13:39.636,174.149220,REDETECT,0.036027,-0.076958,0.007898,0.534,9.653,0,0,0,0,,,,0,,0,0
2026-03-27T12:13:39.672,174.185615,REDETECT,0.036027,-0.076958,0.007898,0.534,9.653,0,0,0,0,,,,0,,0,0
2026-03-27T12:13:39.736,174.249094,REDETECT,0.036027,-0.076958,0.007898,0.534,9.655,0,0,0,0,,,,0,,0,0
2026-03-27T12:13:39.770,174.283518,REDETECT,0.036027,-0.076958,0.007898,0.534,9.653,0,0,0,0,,,,0,,0,0
2026-03-27T12:13:39.848,174.361275,REDETECT,0.036027,-0.076958,0.007898,0.534,9.653,0,0,0,0,,,,0,,0,0
2026-03-27T12:13:39.902,174.414927,REDETECT,0.036027,-0.076958,0.007898,0.534,9.655,0,0,0,0,,,,0,,0,0
2026-03-27T12:13:39.939,174.452062,REDETECT,0.036027,-0.076958,0.007898,0.534,9.655,0,0,0,0,,,,0,,0,0
2026-03-27T12:13:40.002,174.515157,REDETECT,0.036027,-0.076958,0.007898,0.534,9.659,0,0,0,0,,,,0,,0,0
2026-03-27T12:13:40.080,174.593037,REDETECT,0.036027,-0.076958,0.007898,0.534,9.668,0,0,0,0,,,,0,,0,0
2026-03-27T12:13:40.143,174.656323,REDETECT,0.036027,-0.076958,0.007898,0.534,9.666,0,0,0,0,,,,0,,0,0
2026-03-27T12:13:40.200,174.713666,REDETECT,0.036027,-0.076958,0.007898,0.534,9.666,0,0,0,0,,,,0,,0,0
2026-03-27T12:13:40.235,174.748444,REDETECT,0.036027,-0.076958,0.007898,0.534,9.672,0,0,0,0,,,,0,,0,0
2026-03-27T12:13:40.270,174.783628,REDETECT,0.036027,-0.076958,0.007898,0.534,9.674,0,0,0,0,,,,0,,0,0
2026-03-27T12:13:40.307,174.820900,REDETECT,0.036027,-0.076958,0.007898,0.534,9.676,0,0,0,0,,,,0,,0,0
2026-03-27T12:13:40.369,174.882500,REDETECT,0.036027,-0.076958,0.007898,0.534,9.669,0,0,0,0,,,,0,,0,0
2026-03-27T12:13:40.435,174.948760,REDETECT,0.036027,-0.076958,0.007898,0.534,9.663,0,0,0,0,,,,0,,0,0
2026-03-27T12:13:40.471,174.984443,REDETECT,0.036027,-0.076958,0.007898,0.534,9.667,0,0,0,0,,,,0,,0,0
2026-03-27T12:13:40.534,175.047452,REDETECT,0.036027,-0.076958,0.007898,0.534,9.671,0,0,0,0,,,,0,,0,0
2026-03-27T12:13:40.571,175.084309,REDETECT,0.036027,-0.076958,0.007898,0.534,9.669,0,0,0,0,,,,0,,0,0
2026-03-27T12:13:40.604,175.117730,REDETECT,0.036027,-0.076958,0.007898,0.534,9.671,0,0,0,0,,,,0,,0,0
2026-03-27T12:13:40.671,175.184340,REDETECT,0.036027,-0.076958,0.007898,0.534,9.679,0,0,0,0,,,,0,,0,0
2026-03-27T12:13:40.733,175.246682,REDETECT,0.036027,-0.076958,0.007898,0.534,9.683,0,0,0,0,,,,0,,0,0
2026-03-27T12:13:40.770,175.283271,REDETECT,0.036027,-0.076958,0.007898,0.534,9.680,0,0,0,0,,,,0,,0,0
2026-03-27T12:13:40.834,175.347182,REDETECT,0.036027,-0.076958,0.007898,0.534,9.680,0,0,0,0,,,,0,,0,0
2026-03-27T12:13:40.869,175.382359,REDETECT,0.036027,-0.076958,0.007898,0.534,9.685,0,0,0,0,,,,0,,0,0
2026-03-27T12:13:40.902,175.415771,REDETECT,0.036027,-0.076958,0.007898,0.534,9.687,0,0,0,0,,,,0,,0,0
2026-03-27T12:13:40.938,175.451105,REDETECT,0.036027,-0.076958,0.007898,0.534,9.691,0,0,0,0,,,,0,,0,0
2026-03-27T12:13:40.972,175.485638,REDETECT,0.036027,-0.076958,0.007898,0.534,9.689,0,0,0,0,,,,0,,0,0
2026-03-27T12:13:41.012,175.525366,REDETECT,0.036027,-0.076958,0.007898,0.534,9.694,0,0,0,0,,,,0,,0,0
2026-03-27T12:13:41.069,175.582528,REDETECT,0.036027,-0.076958,0.007898,0.534,9.699,0,0,0,0,,,,0,,0,0
2026-03-27T12:13:41.135,175.648381,REDETECT,0.036027,-0.076958,0.007898,0.534,9.703,0,0,0,0,,,,0,,0,0
2026-03-27T12:13:41.169,175.682498,REDETECT,0.036027,-0.076958,0.007898,0.534,9.703,0,0,0,0,,,,0,,0,0
2026-03-27T12:13:41.235,175.748374,REDETECT,0.036027,-0.076958,0.007898,0.534,9.711,0,0,0,0,,,,0,,0,0
2026-03-27T12:13:41.272,175.785018,REDETECT,0.036027,-0.076958,0.007898,0.534,9.711,0,0,0,0,,,,0,,0,0
2026-03-27T12:13:41.334,175.847106,REDETECT,0.036027,-0.076958,0.007898,0.534,9.711,0,0,0,0,,,,0,,0,0
2026-03-27T12:13:41.371,175.883931,REDETECT,0.036027,-0.076958,0.007898,0.534,9.711,0,0,0,0,,,,0,,0,0
2026-03-27T12:13:41.434,175.947078,REDETECT,0.036027,-0.076958,0.007898,0.534,9.719,0,0,0,0,,,,0,,0,0
2026-03-27T12:13:41.469,175.982233,REDETECT,0.036027,-0.076958,0.007898,0.534,9.723,0,0,0,0,,,,0,,0,0
2026-03-27T12:13:41.534,176.047439,REDETECT,0.036027,-0.076958,0.007898,0.534,9.725,0,0,0,0,,,,0,,0,0
2026-03-27T12:13:41.569,176.082073,REDETECT,0.036027,-0.076958,0.007898,0.534,9.727,0,0,0,0,,,,0,,0,0
2026-03-27T12:13:41.634,176.146936,REDETECT,0.036027,-0.076958,0.007898,0.534,9.725,0,0,0,0,,,,0,,0,0
2026-03-27T12:13:41.672,176.185210,REDETECT,0.036027,-0.076958,0.007898,0.534,9.725,0,0,0,0,,,,0,,0,0
2026-03-27T12:13:41.711,176.224596,REDETECT,0.036027,-0.076958,0.007898,0.534,9.725,0,0,0,0,,,,0,,0,0
2026-03-27T12:13:41.771,176.284388,REDETECT,0.036027,-0.076958,0.007898,0.534,9.726,0,0,0,0,,,,0,,0,0
2026-03-27T12:13:41.808,176.321332,REDETECT,0.036027,-0.076958,0.007898,0.534,9.730,0,0,0,0,,,,0,,0,0
2026-03-27T12:13:41.870,176.383793,REDETECT,0.036027,-0.076958,0.007898,0.534,9.734,0,0,0,0,,,,0,,0,0
2026-03-27T12:13:41.934,176.446976,REDETECT,0.036027,-0.076958,0.007898,0.534,9.734,0,0,0,0,,,,0,,0,0
2026-03-27T12:13:41.971,176.484509,REDETECT,0.036027,-0.076958,0.007898,0.534,9.734,0,0,0,0,,,,0,,0,0
2026-03-27T12:13:42.009,176.522655,REDETECT,0.036027,-0.076958,0.007898,0.534,9.734,0,0,0,0,,,,0,,0,0
2026-03-27T12:13:42.072,176.585888,REDETECT,0.036027,-0.076958,0.007898,0.534,9.734,0,0,0,0,,,,0,,0,0
2026-03-27T12:13:42.134,176.647527,REDETECT,0.036027,-0.076958,0.007898,0.534,9.738,0,0,0,0,,,,0,,0,0
2026-03-27T12:13:42.168,176.681536,REDETECT,0.036027,-0.076958,0.007898,0.534,9.738,0,0,0,0,,,,0,,0,0
2026-03-27T12:13:42.235,176.747951,REDETECT,0.036027,-0.076958,0.007898,0.534,9.742,0,0,0,0,,,,0,,0,0
2026-03-27T12:13:42.271,176.784182,REDETECT,0.036027,-0.076958,0.007898,0.534,9.742,0,0,0,0,,,,0,,0,0
2026-03-27T12:13:42.333,176.846846,REDETECT,0.036027,-0.076958,0.007898,0.534,9.745,0,0,0,0,,,,0,,0,0
2026-03-27T12:13:42.369,176.882723,REDETECT,0.036027,-0.076958,0.007898,0.534,9.745,0,0,0,0,,,,0,,0,0
2026-03-27T12:13:42.443,176.956034,REDETECT,0.036027,-0.076958,0.007898,0.534,9.751,0,0,0,0,,,,0,,0,0
2026-03-27T12:13:42.502,177.015694,REDETECT,0.036027,-0.076958,0.007898,0.534,9.751,0,0,0,0,,,,0,,0,0
2026-03-27T12:13:42.569,177.082474,REDETECT,0.036027,-0.076958,0.007898,0.534,9.749,0,0,0,0,,,,0,,0,0
2026-03-27T12:13:42.637,177.150666,REDETECT,0.036027,-0.076958,0.007898,0.534,9.758,0,0,0,0,,,,0,,0,0
2026-03-27T12:13:42.679,177.192880,REDETECT,0.036027,-0.076958,0.007898,0.534,9.761,0,0,0,0,,,,0,,0,0
2026-03-27T12:13:42.734,177.246997,REDETECT,0.036027,-0.076958,0.007898,0.534,9.762,0,0,0,0,,,,0,,0,0
2026-03-27T12:13:42.769,177.282760,REDETECT,0.036027,-0.076958,0.007898,0.534,9.769,0,0,0,0,,,,0,,0,0
2026-03-27T12:13:42.806,177.319380,REDETECT,0.036027,-0.076958,0.007898,0.534,9.769,0,0,0,0,,,,0,,0,0
2026-03-27T12:13:42.869,177.382537,REDETECT,0.036027,-0.076958,0.007898,0.534,9.766,0,0,0,0,,,,0,,0,0
2026-03-27T12:13:42.908,177.420950,REDETECT,0.036027,-0.076958,0.007898,0.534,9.766,0,0,0,0,,,,0,,0,0
2026-03-27T12:13:42.970,177.483414,REDETECT,0.036027,-0.076958,0.007898,0.534,9.772,0,0,0,0,,,,0,,0,0
2026-03-27T12:13:43.034,177.547171,REDETECT,0.036027,-0.076958,0.007898,0.534,9.768,0,0,0,0,,,,0,,0,0
2026-03-27T12:13:43.072,177.585778,REDETECT,0.036027,-0.076958,0.007898,0.534,9.771,0,0,0,0,,,,0,,0,0
2026-03-27T12:13:43.144,177.657525,REDETECT,0.036027,-0.076958,0.007898,0.534,9.775,0,0,0,0,,,,0,,0,0
2026-03-27T12:13:43.204,177.717451,REDETECT,0.036027,-0.076958,0.007898,0.534,9.779,0,0,0,0,,,,0,,0,0
2026-03-27T12:13:43.272,177.785746,REDETECT,0.036027,-0.076958,0.007898,0.534,9.781,0,0,0,0,,,,0,,0,0
2026-03-27T12:13:43.334,177.847512,REDETECT,0.036027,-0.076958,0.007898,0.534,9.790,0,0,0,0,,,,0,,0,0
2026-03-27T12:13:43.370,177.883385,REDETECT,0.036027,-0.076958,0.007898,0.534,9.790,0,0,0,0,,,,0,,0,0
2026-03-27T12:13:43.437,177.950733,REDETECT,0.036027,-0.076958,0.007898,0.534,9.786,0,0,0,0,,,,0,,0,0
2026-03-27T12:13:43.472,177.985540,REDETECT,0.036027,-0.076958,0.007898,0.534,9.790,0,0,0,0,,,,0,,0,0
2026-03-27T12:13:43.534,178.047034,REDETECT,0.036027,-0.076958,0.007898,0.534,9.796,0,0,0,0,,,,0,,0,0
2026-03-27T12:13:43.570,178.083838,REDETECT,0.036027,-0.076958,0.007898,0.534,9.798,0,0,0,0,,,,0,,0,0
2026-03-27T12:13:43.637,178.150142,REDETECT,0.036027,-0.076958,0.007898,0.534,9.802,0,0,0,0,,,,0,,0,0
2026-03-27T12:13:43.672,178.185267,REDETECT,0.036027,-0.076958,0.007898,0.534,9.807,0,0,0,0,,,,0,,0,0
2026-03-27T12:13:43.743,178.256347,REDETECT,0.036027,-0.076958,0.007898,0.534,9.805,0,0,0,0,,,,0,,0,0
2026-03-27T12:13:43.803,178.316244,REDETECT,0.036027,-0.076958,0.007898,0.534,9.808,0,0,0,0,,,,0,,0,0
2026-03-27T12:13:43.876,178.389520,REDETECT,0.036027,-0.076958,0.007898,0.534,9.811,0,0,0,0,,,,0,,0,0
2026-03-27T12:13:43.934,178.447711,REDETECT,0.036027,-0.076958,0.007898,0.534,9.815,0,0,0,0,,,,0,,0,0
2026-03-27T12:13:43.971,178.484513,REDETECT,0.036027,-0.076958,0.007898,0.534,9.812,0,0,0,0,,,,0,,0,0
2026-03-27T12:13:44.039,178.552378,REDETECT,0.036027,-0.076958,0.007898,0.534,9.819,0,0,0,0,,,,0,,0,0
2026-03-27T12:13:44.073,178.586736,REDETECT,0.036027,-0.076958,0.007898,0.534,9.817,0,0,0,0,,,,0,,0,0
2026-03-27T12:13:44.138,178.651835,REDETECT,0.036027,-0.076958,0.007898,0.534,9.817,0,0,0,0,,,,0,,0,0
2026-03-27T12:13:44.173,178.685959,REDETECT,0.036027,-0.076958,0.007898,0.534,9.815,0,0,0,0,,,,0,,0,0
2026-03-27T12:13:44.235,178.748641,REDETECT,0.036027,-0.076958,0.007898,0.534,9.820,0,0,0,0,,,,0,,0,0
2026-03-27T12:13:44.273,178.786388,REDETECT,0.036027,-0.076958,0.007898,0.534,9.823,0,0,0,0,,,,0,,0,0
2026-03-27T12:13:44.337,178.850444,REDETECT,0.036027,-0.076958,0.007898,0.534,9.825,0,0,0,0,,,,0,,0,0
2026-03-27T12:13:44.400,178.913366,REDETECT,0.036027,-0.076958,0.007898,0.534,9.825,0,0,0,0,,,,0,,0,0
2026-03-27T12:13:44.435,178.948863,REDETECT,0.036027,-0.076958,0.007898,0.534,9.825,0,0,0,0,,,,0,,0,0
2026-03-27T12:13:44.473,178.986849,REDETECT,0.036027,-0.076958,0.007898,0.534,9.827,0,0,0,0,,,,0,,0,0
2026-03-27T12:13:44.507,179.020552,REDETECT,0.036027,-0.076958,0.007898,0.534,9.829,0,0,0,0,,,,0,,0,0
2026-03-27T12:13:44.570,179.083219,REDETECT,0.036027,-0.076958,0.007898,0.534,9.830,0,0,0,0,,,,0,,0,0
2026-03-27T12:13:44.635,179.148583,REDETECT,0.036027,-0.076958,0.007898,0.534,9.830,0,0,0,0,,,,0,,0,0
2026-03-27T12:13:44.672,179.185815,REDETECT,0.036027,-0.076958,0.007898,0.534,9.835,0,0,0,0,,,,0,,0,0
2026-03-27T12:13:44.734,179.247281,REDETECT,0.036027,-0.076958,0.007898,0.534,9.837,0,0,0,0,,,,0,,0,0
2026-03-27T12:13:44.771,179.284501,REDETECT,0.036027,-0.076958,0.007898,0.534,9.842,0,0,0,0,,,,0,,0,0
2026-03-27T12:13:44.835,179.348203,REDETECT,0.036027,-0.076958,0.007898,0.534,9.841,0,0,0,0,,,,0,,0,0
2026-03-27T12:13:44.869,179.382746,REDETECT,0.036027,-0.076958,0.007898,0.534,9.846,0,0,0,0,,,,0,,0,0
2026-03-27T12:13:44.905,179.418104,REDETECT,0.036027,-0.076958,0.007898,0.534,9.848,0,0,0,0,,,,0,,0,0
2026-03-27T12:13:44.970,179.483299,REDETECT,0.036027,-0.076958,0.007898,0.534,9.844,0,0,0,0,,,,0,,0,0
2026-03-27T12:13:45.036,179.549184,REDETECT,0.036027,-0.076958,0.007898,0.534,9.846,0,0,0,0,,,,0,,0,0
2026-03-27T12:13:45.071,179.584869,REDETECT,0.036027,-0.076958,0.007898,0.534,9.848,0,0,0,0,,,,0,,0,0
2026-03-27T12:13:45.108,179.621332,REDETECT,0.036027,-0.076958,0.007898,0.534,9.848,0,0,0,0,,,,0,,0,0
2026-03-27T12:13:45.187,179.700887,REDETECT,0.036027,-0.076958,0.007898,0.534,9.840,0,0,0,0,,,,0,,0,0
2026-03-27T12:13:45.250,179.763409,REDETECT,0.036027,-0.076958,0.007898,0.534,9.840,0,0,0,0,,,,0,,0,0
2026-03-27T12:13:45.284,179.796937,REDETECT,0.036027,-0.076958,0.007898,0.534,9.840,0,0,0,0,,,,0,,0,0
2026-03-27T12:13:45.353,179.866081,REDETECT,0.036027,-0.076958,0.007898,0.534,9.834,0,0,0,0,,,,0,,0,0
2026-03-27T12:13:45.412,179.925309,REDETECT,0.036027,-0.076958,0.007898,0.534,9.834,0,0,0,0,,,,0,,0,0
2026-03-27T12:13:45.481,179.994622,REDETECT,0.036027,-0.076958,0.007898,0.534,9.838,0,0,0,0,,,,0,,0,0
2026-03-27T12:13:45.540,180.053621,REDETECT,0.036027,-0.076958,0.007898,0.534,9.842,0,0,0,0,,,,0,,0,0
2026-03-27T12:13:45.583,180.096388,REDETECT,0.036027,-0.076958,0.007898,0.534,9.845,0,0,0,0,,,,0,,0,0
2026-03-27T12:13:45.638,180.151320,REDETECT,0.036027,-0.076958,0.007898,0.534,9.850,0,0,0,0,,,,0,,0,0
2026-03-27T12:13:45.685,180.198267,REDETECT,0.036027,-0.076958,0.007898,0.534,9.850,0,0,0,0,,,,0,,0,0
2026-03-27T12:13:45.755,180.268374,REDETECT,0.036027,-0.076958,0.007898,0.534,9.843,0,0,0,0,,,,0,,0,0
2026-03-27T12:13:45.795,180.307953,REDETECT,0.036027,-0.076958,0.007898,0.534,9.840,0,0,0,0,,,,0,,0,0
2026-03-27T12:13:45.829,180.342344,REDETECT,0.036027,-0.076958,0.007898,0.534,9.838,0,0,0,0,,,,0,,0,0
2026-03-27T12:13:45.866,180.379397,REDETECT,0.036027,-0.076958,0.007898,0.534,9.890,0,0,0,0,,,,0,,0,0
2026-03-27T12:13:45.931,180.444112,REDETECT,0.036027,-0.076958,0.007898,0.534,9.988,0,0,0,0,,,,0,,0,0
2026-03-27T12:13:45.983,180.496286,REDETECT,0.036027,-0.076958,0.007898,0.534,9.904,0,0,0,0,,,,0,,0,0
2026-03-27T12:13:46.021,180.534141,REDETECT,0.036027,-0.076958,0.007898,0.534,9.835,0,0,0,0,,,,0,,0,0
2026-03-27T12:13:46.086,180.599539,REDETECT,0.036027,-0.076958,0.007898,0.534,9.870,0,0,0,0,,,,0,,0,0
2026-03-27T12:13:46.142,180.655453,REDETECT,0.036027,-0.076958,0.007898,0.534,9.917,0,0,0,0,,,,0,,0,0
2026-03-27T12:13:46.207,180.720491,REDETECT,0.036027,-0.076958,0.007898,0.534,9.858,0,0,0,0,,,,0,,0,0
2026-03-27T12:13:46.281,180.793934,REDETECT,0.036027,-0.076958,0.007898,0.534,9.856,0,0,0,0,,,,0,,0,0
2026-03-27T12:13:46.350,180.863172,REDETECT,0.036027,-0.076958,0.007898,0.534,9.933,0,0,0,0,,,,0,,0,0
2026-03-27T12:13:46.405,180.918134,REDETECT,0.036027,-0.076958,0.007898,0.534,9.895,0,0,0,0,,,,0,,0,0
2026-03-27T12:13:46.470,180.983733,REDETECT,0.036027,-0.076958,0.007898,0.534,9.852,0,0,0,0,,,,0,,0,0
2026-03-27T12:13:46.533,181.046613,REDETECT,0.036027,-0.076958,0.007898,0.534,9.888,0,0,0,0,,,,0,,0,0
2026-03-27T12:13:46.570,181.083888,REDETECT,0.036027,-0.076958,0.007898,0.534,9.906,0,0,0,0,,,,0,,0,0
2026-03-27T12:13:46.633,181.146158,REDETECT,0.036027,-0.076958,0.007898,0.534,9.866,0,0,0,0,,,,0,,0,0
2026-03-27T12:13:46.672,181.185040,REDETECT,0.036027,-0.076958,0.007898,0.534,9.847,0,0,0,0,,,,0,,0,0
2026-03-27T12:13:46.736,181.248977,REDETECT,0.036027,-0.076958,0.007898,0.534,9.890,0,0,0,0,,,,0,,0,0
2026-03-27T12:13:46.771,181.284180,REDETECT,0.036027,-0.076958,0.007898,0.534,9.901,0,0,0,0,,,,0,,0,0
2026-03-27T12:13:46.835,181.348514,REDETECT,0.036027,-0.076958,0.007898,0.534,9.875,0,0,0,0,,,,0,,0,0
2026-03-27T12:13:46.869,181.382423,REDETECT,0.036027,-0.076958,0.007898,0.534,9.867,0,0,0,0,,,,0,,0,0
2026-03-27T12:13:46.934,181.446973,REDETECT,0.036027,-0.076958,0.007898,0.534,9.896,0,0,0,0,,,,0,,0,0
2026-03-27T12:13:46.968,181.481090,REDETECT,0.036027,-0.076958,0.007898,0.534,9.905,0,0,0,0,,,,0,,0,0
2026-03-27T12:13:47.001,181.514780,REDETECT,0.036027,-0.076958,0.007898,0.534,9.901,0,0,0,0,,,,0,,0,0
2026-03-27T12:13:47.042,181.555526,REDETECT,0.036027,-0.076958,0.007898,0.534,9.886,0,0,0,0,,,,0,,0,0
2026-03-27T12:13:47.107,181.620070,REDETECT,0.036027,-0.076958,0.007898,0.534,9.888,0,0,0,0,,,,0,,0,0
2026-03-27T12:13:47.174,181.687013,REDETECT,0.036027,-0.076958,0.007898,0.534,9.909,0,0,0,0,,,,0,,0,0
2026-03-27T12:13:47.236,181.748976,REDETECT,0.036027,-0.076958,0.007898,0.534,9.892,0,0,0,0,,,,0,,0,0
2026-03-27T12:13:47.274,181.786949,REDETECT,0.036027,-0.076958,0.007898,0.534,9.904,0,0,0,0,,,,0,,0,0
2026-03-27T12:13:47.343,181.856212,REDETECT,0.036027,-0.076958,0.007898,0.534,9.927,0,0,0,0,,,,0,,0,0
2026-03-27T12:13:47.380,181.893135,REDETECT,0.036027,-0.076958,0.007898,0.534,9.920,0,0,0,0,,,,0,,0,0
2026-03-27T12:13:47.434,181.947761,REDETECT,0.036027,-0.076958,0.007898,0.534,9.914,0,0,0,0,,,,0,,0,0
2026-03-27T12:13:47.469,181.982822,REDETECT,0.036027,-0.076958,0.007898,0.534,9.922,0,0,0,0,,,,0,,0,0
2026-03-27T12:13:47.534,182.047677,REDETECT,0.036027,-0.076958,0.007898,0.534,9.944,0,0,0,0,,,,0,,0,0
2026-03-27T12:13:47.573,182.086672,REDETECT,0.036027,-0.076958,0.007898,0.534,9.941,0,0,0,0,,,,0,,0,0
2026-03-27T12:13:47.634,182.146967,REDETECT,0.036027,-0.076958,0.007898,0.534,9.938,0,0,0,0,,,,0,,0,0
2026-03-27T12:13:47.672,182.185251,REDETECT,0.036027,-0.076958,0.007898,0.534,9.940,0,0,0,0,,,,0,,0,0
2026-03-27T12:13:47.734,182.247677,REDETECT,0.036027,-0.076958,0.007898,0.534,9.948,0,0,0,0,,,,0,,0,0
2026-03-27T12:13:47.771,182.283913,REDETECT,0.036027,-0.076958,0.007898,0.534,9.954,0,0,0,0,,,,0,,0,0
2026-03-27T12:13:47.834,182.347449,REDETECT,0.036027,-0.076958,0.007898,0.534,9.956,0,0,0,0,,,,0,,0,0
2026-03-27T12:13:47.874,182.387208,REDETECT,0.036027,-0.076958,0.007898,0.534,9.949,0,0,0,0,,,,0,,0,0
2026-03-27T12:13:47.940,182.453178,REDETECT,0.036027,-0.076958,0.007898,0.534,9.951,0,0,0,0,,,,0,,0,0
2026-03-27T12:13:47.979,182.492114,REDETECT,0.036027,-0.076958,0.007898,0.534,9.961,0,0,0,0,,,,0,,0,0
2026-03-27T12:13:48.038,182.551297,REDETECT,0.036027,-0.076958,0.007898,0.534,9.945,0,0,0,0,,,,0,,0,0
2026-03-27T12:13:48.074,182.587044,REDETECT,0.036027,-0.076958,0.007898,0.534,9.932,0,0,0,0,,,,0,,0,0
2026-03-27T12:13:48.135,182.647966,REDETECT,0.036027,-0.076958,0.007898,0.534,9.928,0,0,0,0,,,,0,,0,0
2026-03-27T12:13:48.171,182.684376,REDETECT,0.036027,-0.076958,0.007898,0.534,9.932,0,0,0,0,,,,0,,0,0
2026-03-27T12:13:48.234,182.747185,REDETECT,0.036027,-0.076958,0.007898,0.534,9.944,0,0,0,0,,,,0,,0,0
2026-03-27T12:13:48.269,182.782325,REDETECT,0.036027,-0.076958,0.007898,0.534,9.946,0,0,0,0,,,,0,,0,0
2026-03-27T12:13:48.335,182.848030,REDETECT,0.036027,-0.076958,0.007898,0.534,9.968,0,0,0,0,,,,0,,0,0
2026-03-27T12:13:48.372,182.885000,REDETECT,0.036027,-0.076958,0.007898,0.534,9.977,0,0,0,0,,,,0,,0,0
2026-03-27T12:13:48.434,182.947400,REDETECT,0.036027,-0.076958,0.007898,0.534,9.926,0,0,0,0,,,,0,,0,0
2026-03-27T12:13:48.470,182.983590,REDETECT,0.036027,-0.076958,0.007898,0.534,9.928,0,0,0,0,,,,0,,0,0
2026-03-27T12:13:48.534,183.047600,REDETECT,0.036027,-0.076958,0.007898,0.534,9.963,0,0,0,0,,,,0,,0,0
2026-03-27T12:13:48.569,183.082371,REDETECT,0.036027,-0.076958,0.007898,0.534,9.961,0,0,0,0,,,,0,,0,0
2026-03-27T12:13:48.604,183.116948,REDETECT,0.036027,-0.076958,0.007898,0.534,9.948,0,0,0,0,,,,0,,0,0
2026-03-27T12:13:48.670,183.183599,REDETECT,0.036027,-0.076958,0.007898,0.534,9.931,0,0,0,0,,,,0,,0,0
2026-03-27T12:13:48.734,183.247460,REDETECT,0.036027,-0.076958,0.007898,0.534,9.960,0,0,0,0,,,,0,,0,0
2026-03-27T12:13:48.770,183.283869,REDETECT,0.036027,-0.076958,0.007898,0.534,9.963,0,0,0,0,,,,0,,0,0
2026-03-27T12:13:48.833,183.346827,REDETECT,0.036027,-0.076958,0.007898,0.534,9.940,0,0,0,0,,,,0,,0,0
2026-03-27T12:13:48.871,183.384027,REDETECT,0.036027,-0.076958,0.007898,0.534,9.944,0,0,0,0,,,,0,,0,0
2026-03-27T12:13:48.933,183.446689,REDETECT,0.036027,-0.076958,0.007898,0.534,9.959,0,0,0,0,,,,0,,0,0
2026-03-27T12:13:48.969,183.482289,REDETECT,0.036027,-0.076958,0.007898,0.534,9.953,0,0,0,0,,,,0,,0,0
2026-03-27T12:13:49.034,183.547594,REDETECT,0.036027,-0.076958,0.007898,0.534,9.937,0,0,0,0,,,,0,,0,0
2026-03-27T12:13:49.068,183.581138,REDETECT,0.036027,-0.076958,0.007898,0.534,9.943,0,0,0,0,,,,0,,0,0
2026-03-27T12:13:49.133,183.646899,REDETECT,0.036027,-0.076958,0.007898,0.534,9.951,0,0,0,0,,,,0,,0,0
2026-03-27T12:13:49.170,183.683606,REDETECT,0.036027,-0.076958,0.007898,0.534,9.944,0,0,0,0,,,,0,,0,0
2026-03-27T12:13:49.233,183.746211,REDETECT,0.036027,-0.076958,0.007898,0.534,9.931,0,0,0,0,,,,0,,0,0
2026-03-27T12:13:49.269,183.782325,REDETECT,0.036027,-0.076958,0.007898,0.534,9.935,0,0,0,0,,,,0,,0,0
2026-03-27T12:13:49.333,183.846383,REDETECT,0.036027,-0.076958,0.007898,0.534,9.941,0,0,0,0,,,,0,,0,0
2026-03-27T12:13:49.368,183.881751,REDETECT,0.036027,-0.076958,0.007898,0.534,9.935,0,0,0,0,,,,0,,0,0
2026-03-27T12:13:49.434,183.946992,REDETECT,0.036027,-0.076958,0.007898,0.534,9.929,0,0,0,0,,,,0,,0,0
2026-03-27T12:13:49.470,183.983664,REDETECT,0.036027,-0.076958,0.007898,0.534,9.936,0,0,0,0,,,,0,,0,0
2026-03-27T12:13:49.534,184.047238,REDETECT,0.036027,-0.076958,0.007898,0.534,9.938,0,0,0,0,,,,0,,0,0
2026-03-27T12:13:49.569,184.082403,REDETECT,0.036027,-0.076958,0.007898,0.534,9.929,0,0,0,0,,,,0,,0,0
2026-03-27T12:13:49.633,184.146568,REDETECT,0.036027,-0.076958,0.007898,0.534,9.925,0,0,0,0,,,,0,,0,0
2026-03-27T12:13:49.671,184.184660,REDETECT,0.036027,-0.076958,0.007898,0.534,9.936,0,0,0,0,,,,0,,0,0
2026-03-27T12:13:49.734,184.247651,REDETECT,0.036027,-0.076958,0.007898,0.534,9.934,0,0,0,0,,,,0,,0,0
2026-03-27T12:13:49.771,184.283950,REDETECT,0.036027,-0.076958,0.007898,0.534,9.928,0,0,0,0,,,,0,,0,0
2026-03-27T12:13:49.834,184.347249,REDETECT,0.036027,-0.076958,0.007898,0.534,9.926,0,0,0,0,,,,0,,0,0
2026-03-27T12:13:49.869,184.382445,REDETECT,0.036027,-0.076958,0.007898,0.534,9.930,0,0,0,0,,,,0,,0,0
2026-03-27T12:13:49.933,184.446824,REDETECT,0.036027,-0.076958,0.007898,0.534,9.922,0,0,0,0,,,,0,,0,0
2026-03-27T12:13:49.969,184.482405,REDETECT,0.036027,-0.076958,0.007898,0.534,9.918,0,0,0,0,,,,0,,0,0
2026-03-27T12:13:50.035,184.548645,REDETECT,0.036027,-0.076958,0.007898,0.534,9.918,0,0,0,0,,,,0,,0,0
2026-03-27T12:13:50.071,184.584357,REDETECT,0.036027,-0.076958,0.007898,0.534,9.921,0,0,0,0,,,,0,,0,0
2026-03-27T12:13:50.134,184.647451,REDETECT,0.036027,-0.076958,0.007898,0.534,9.911,0,0,0,0,,,,0,,0,0
2026-03-27T12:13:50.170,184.683723,REDETECT,0.036027,-0.076958,0.007898,0.534,9.909,0,0,0,0,,,,0,,0,0
2026-03-27T12:13:50.234,184.746967,REDETECT,0.036027,-0.076958,0.007898,0.534,9.918,0,0,0,0,,,,0,,0,0
2026-03-27T12:13:50.269,184.782600,REDETECT,0.036027,-0.076958,0.007898,0.534,9.916,0,0,0,0,,,,0,,0,0
2026-03-27T12:13:50.304,184.817040,REDETECT,0.036027,-0.076958,0.007898,0.534,9.914,0,0,0,0,,,,0,,0,0
2026-03-27T12:13:50.339,184.852060,REDETECT,0.036027,-0.076958,0.007898,0.534,9.910,0,0,0,0,,,,0,,0,0
2026-03-27T12:13:50.372,184.885729,REDETECT,0.036027,-0.076958,0.007898,0.534,9.906,0,0,0,0,,,,0,,0,0
2026-03-27T12:13:50.436,184.948909,REDETECT,0.036027,-0.076958,0.007898,0.534,9.913,0,0,0,0,,,,0,,0,0
2026-03-27T12:13:50.472,184.985290,REDETECT,0.036027,-0.076958,0.007898,0.534,9.913,0,0,0,0,,,,0,,0,0
2026-03-27T12:13:50.535,185.048758,REDETECT,0.036027,-0.076958,0.007898,0.534,9.902,0,0,0,0,,,,0,,0,0
2026-03-27T12:13:50.572,185.085143,REDETECT,0.036027,-0.076958,0.007898,0.534,9.904,0,0,0,0,,,,0,,0,0
2026-03-27T12:13:50.636,185.149211,REDETECT,0.036027,-0.076958,0.007898,0.534,9.910,0,0,0,0,,,,0,,0,0
2026-03-27T12:13:50.671,185.184570,REDETECT,0.036027,-0.076958,0.007898,0.534,9.910,0,0,0,0,,,,0,,0,0
2026-03-27T12:13:50.736,185.248910,REDETECT,0.036027,-0.076958,0.007898,0.534,9.906,0,0,0,0,,,,0,,0,0
2026-03-27T12:13:50.772,185.285213,REDETECT,0.036027,-0.076958,0.007898,0.534,9.906,0,0,0,0,,,,0,,0,0
2026-03-27T12:13:50.835,185.348639,REDETECT,0.036027,-0.076958,0.007898,0.534,9.911,0,0,0,0,,,,0,,0,0
2026-03-27T12:13:50.872,185.385523,REDETECT,0.036027,-0.076958,0.007898,0.534,9.909,0,0,0,0,,,,0,,0,0
2026-03-27T12:13:50.935,185.447983,REDETECT,0.036027,-0.076958,0.007898,0.534,9.905,0,0,0,0,,,,0,,0,0
2026-03-27T12:13:50.971,185.484462,REDETECT,0.036027,-0.076958,0.007898,0.534,9.903,0,0,0,0,,,,0,,0,0
2026-03-27T12:13:51.035,185.548213,REDETECT,0.036027,-0.076958,0.007898,0.534,9.909,0,0,0,0,,,,0,,0,0
2026-03-27T12:13:51.072,185.585574,REDETECT,0.036027,-0.076958,0.007898,0.534,9.909,0,0,0,0,,,,0,,0,0
2026-03-27T12:13:51.135,185.648791,REDETECT,0.036027,-0.076958,0.007898,0.534,9.911,0,0,0,0,,,,0,,0,0
2026-03-27T12:13:51.170,185.683333,REDETECT,0.036027,-0.076958,0.007898,0.534,9.913,0,0,0,0,,,,0,,0,0
2026-03-27T12:13:51.235,185.748419,REDETECT,0.036027,-0.076958,0.007898,0.534,9.909,0,0,0,0,,,,0,,0,0
2026-03-27T12:13:51.270,185.783755,REDETECT,0.036027,-0.076958,0.007898,0.534,9.904,0,0,0,0,,,,0,,0,0
2026-03-27T12:13:51.304,185.817194,REDETECT,0.036027,-0.076958,0.007898,0.534,9.900,0,0,0,0,,,,0,,0,0
2026-03-27T12:13:51.371,185.884668,REDETECT,0.036027,-0.076958,0.007898,0.534,9.900,0,0,0,0,,,,0,,0,0
2026-03-27T12:13:51.409,185.922487,REDETECT,0.036027,-0.076958,0.007898,0.534,9.898,0,0,0,0,,,,0,,0,0
2026-03-27T12:13:51.474,185.986977,REDETECT,0.036027,-0.076958,0.007898,0.534,9.892,0,0,0,0,,,,0,,0,0
2026-03-27T12:13:51.536,186.049447,REDETECT,0.036027,-0.076958,0.007898,0.534,9.888,0,0,0,0,,,,0,,0,0
2026-03-27T12:13:51.571,186.084167,REDETECT,0.036027,-0.076958,0.007898,0.534,9.890,0,0,0,0,,,,0,,0,0
2026-03-27T12:13:51.636,186.149556,REDETECT,0.036027,-0.076958,0.007898,0.534,9.886,0,0,0,0,,,,0,,0,0
2026-03-27T12:13:51.672,186.185675,REDETECT,0.036027,-0.076958,0.007898,0.534,9.882,0,0,0,0,,,,0,,0,0
2026-03-27T12:13:51.709,186.222262,REDETECT,0.036027,-0.076958,0.007898,0.534,9.877,0,0,0,0,,,,0,,0,0
2026-03-27T12:13:51.774,186.287833,REDETECT,0.036027,-0.076958,0.007898,0.534,9.875,0,0,0,0,,,,0,,0,0
2026-03-27T12:13:51.835,186.348071,REDETECT,0.036027,-0.076958,0.007898,0.534,9.871,0,0,0,0,,,,0,,0,0
2026-03-27T12:13:51.871,186.384317,REDETECT,0.036027,-0.076958,0.007898,0.534,9.871,0,0,0,0,,,,0,,0,0
2026-03-27T12:13:51.935,186.448751,REDETECT,0.036027,-0.076958,0.007898,0.534,9.873,0,0,0,0,,,,0,,0,0
2026-03-27T12:13:51.969,186.482570,REDETECT,0.036027,-0.076958,0.007898,0.534,9.871,0,0,0,0,,,,0,,0,0
2026-03-27T12:13:52.034,186.547719,REDETECT,0.036027,-0.076958,0.007898,0.534,9.865,0,0,0,0,,,,0,,0,0
2026-03-27T12:13:52.071,186.584430,REDETECT,0.036027,-0.076958,0.007898,0.534,9.867,0,0,0,0,,,,0,,0,0
2026-03-27T12:13:52.116,186.628908,REDETECT,0.036027,-0.076958,0.007898,0.534,9.865,0,0,0,0,,,,0,,0,0
2026-03-27T12:13:52.175,186.688075,REDETECT,0.036027,-0.076958,0.007898,0.534,9.862,0,0,0,0,,,,0,,0,0
2026-03-27T12:13:52.234,186.747015,REDETECT,0.036027,-0.076958,0.007898,0.534,9.861,0,0,0,0,,,,0,,0,0
2026-03-27T12:13:52.271,186.784152,REDETECT,0.036027,-0.076958,0.007898,0.534,9.861,0,0,0,0,,,,0,,0,0
2026-03-27T12:13:52.334,186.847355,REDETECT,0.036027,-0.076958,0.007898,0.534,9.861,0,0,0,0,,,,0,,0,0
2026-03-27T12:13:52.369,186.882885,REDETECT,0.036027,-0.076958,0.007898,0.534,9.861,0,0,0,0,,,,0,,0,0
2026-03-27T12:13:52.434,186.947401,REDETECT,0.036027,-0.076958,0.007898,0.534,9.853,0,0,0,0,,,,0,,0,0
2026-03-27T12:13:52.469,186.982858,REDETECT,0.036027,-0.076958,0.007898,0.534,9.846,0,0,0,0,,,,0,,0,0
2026-03-27T12:13:52.534,187.047398,REDETECT,0.036027,-0.076958,0.007898,0.534,9.846,0,0,0,0,,,,0,,0,0
2026-03-27T12:13:52.568,187.081808,REDETECT,0.036027,-0.076958,0.007898,0.534,9.844,0,0,0,0,,,,0,,0,0
2026-03-27T12:13:52.602,187.115379,REDETECT,0.036027,-0.076958,0.007898,0.534,9.846,0,0,0,0,,,,0,,0,0
2026-03-27T12:13:52.669,187.182440,REDETECT,0.036027,-0.076958,0.007898,0.534,9.844,0,0,0,0,,,,0,,0,0
2026-03-27T12:13:52.733,187.246874,REDETECT,0.036027,-0.076958,0.007898,0.534,9.842,0,0,0,0,,,,0,,0,0
2026-03-27T12:13:52.771,187.284046,REDETECT,0.036027,-0.076958,0.007898,0.534,9.838,0,0,0,0,,,,0,,0,0
2026-03-27T12:13:52.834,187.347650,REDETECT,0.036027,-0.076958,0.007898,0.534,9.832,0,0,0,0,,,,0,,0,0
2026-03-27T12:13:52.871,187.384533,REDETECT,0.036027,-0.076958,0.007898,0.534,9.832,0,0,0,0,,,,0,,0,0
2026-03-27T12:13:52.935,187.448229,REDETECT,0.036027,-0.076958,0.007898,0.534,9.826,0,0,0,0,,,,0,,0,0
2026-03-27T12:13:52.970,187.482965,REDETECT,0.036027,-0.076958,0.007898,0.534,9.826,0,0,0,0,,,,0,,0,0
2026-03-27T12:13:53.003,187.516366,REDETECT,0.036027,-0.076958,0.007898,0.534,9.828,0,0,0,0,,,,0,,0,0
2026-03-27T12:13:53.069,187.581906,REDETECT,0.036027,-0.076958,0.007898,0.534,9.824,0,0,0,0,,,,0,,0,0
2026-03-27T12:13:53.135,187.648473,REDETECT,0.036027,-0.076958,0.007898,0.534,9.820,0,0,0,0,,,,0,,0,0
2026-03-27T12:13:53.171,187.684587,REDETECT,0.036027,-0.076958,0.007898,0.534,9.816,0,0,0,0,,,,0,,0,0
2026-03-27T12:13:53.234,187.747611,REDETECT,0.036027,-0.076958,0.007898,0.534,9.812,0,0,0,0,,,,0,,0,0
2026-03-27T12:13:53.270,187.783316,REDETECT,0.036027,-0.076958,0.007898,0.534,9.810,0,0,0,0,,,,0,,0,0
2026-03-27T12:13:53.334,187.847468,REDETECT,0.036027,-0.076958,0.007898,0.534,9.806,0,0,0,0,,,,0,,0,0
2026-03-27T12:13:53.369,187.882308,REDETECT,0.036027,-0.076958,0.007898,0.534,9.806,0,0,0,0,,,,0,,0,0
2026-03-27T12:13:53.435,187.948419,REDETECT,0.036027,-0.076958,0.007898,0.534,9.804,0,0,0,0,,,,0,,0,0
2026-03-27T12:13:53.469,187.982543,REDETECT,0.036027,-0.076958,0.007898,0.534,9.806,0,0,0,0,,,,0,,0,0
2026-03-27T12:13:53.534,188.046974,REDETECT,0.036027,-0.076958,0.007898,0.534,9.802,0,0,0,0,,,,0,,0,0
2026-03-27T12:13:53.570,188.083031,REDETECT,0.036027,-0.076958,0.007898,0.534,9.800,0,0,0,0,,,,0,,0,0
2026-03-27T12:13:53.604,188.117275,REDETECT,0.036027,-0.076958,0.007898,0.534,9.800,0,0,0,0,,,,0,,0,0
2026-03-27T12:13:53.669,188.182480,REDETECT,0.036027,-0.076958,0.007898,0.534,9.795,0,0,0,0,,,,0,,0,0
2026-03-27T12:13:53.733,188.246129,REDETECT,0.036027,-0.076958,0.007898,0.534,9.794,0,0,0,0,,,,0,,0,0
2026-03-27T12:13:53.771,188.284019,REDETECT,0.036027,-0.076958,0.007898,0.534,9.794,0,0,0,0,,,,0,,0,0
2026-03-27T12:13:53.833,188.346348,REDETECT,0.036027,-0.076958,0.007898,0.534,9.790,0,0,0,0,,,,0,,0,0
2026-03-27T12:13:53.871,188.383921,REDETECT,0.036027,-0.076958,0.007898,0.534,9.788,0,0,0,0,,,,0,,0,0
2026-03-27T12:13:53.934,188.447551,REDETECT,0.036027,-0.076958,0.007898,0.534,9.791,0,0,0,0,,,,0,,0,0
2026-03-27T12:13:53.969,188.482291,REDETECT,0.036027,-0.076958,0.007898,0.534,9.794,0,0,0,0,,,,0,,0,0
2026-03-27T12:13:54.033,188.546154,REDETECT,0.036027,-0.076958,0.007898,0.534,9.786,0,0,0,0,,,,0,,0,0
2026-03-27T12:13:54.068,188.581630,REDETECT,0.036027,-0.076958,0.007898,0.534,9.786,0,0,0,0,,,,0,,0,0
2026-03-27T12:13:54.135,188.648829,REDETECT,0.036027,-0.076958,0.007898,0.534,9.784,0,0,0,0,,,,0,,0,0
2026-03-27T12:13:54.170,188.683844,REDETECT,0.036027,-0.076958,0.007898,0.534,9.782,0,0,0,0,,,,0,,0,0
2026-03-27T12:13:54.234,188.747234,REDETECT,0.036027,-0.076958,0.007898,0.534,9.782,0,0,0,0,,,,0,,0,0
2026-03-27T12:13:54.269,188.782306,REDETECT,0.036027,-0.076958,0.007898,0.534,9.780,0,0,0,0,,,,0,,0,0
2026-03-27T12:13:54.306,188.819591,REDETECT,0.036027,-0.076958,0.007898,0.534,9.780,0,0,0,0,,,,0,,0,0
2026-03-27T12:13:54.371,188.884539,REDETECT,0.036027,-0.076958,0.007898,0.534,9.782,0,0,0,0,,,,0,,0,0
2026-03-27T12:13:54.433,188.946851,REDETECT,0.036027,-0.076958,0.007898,0.534,9.776,0,0,0,0,,,,0,,0,0
2026-03-27T12:13:54.471,188.984401,REDETECT,0.036027,-0.076958,0.007898,0.534,9.778,0,0,0,0,,,,0,,0,0
2026-03-27T12:13:54.534,189.047223,REDETECT,0.036027,-0.076958,0.007898,0.534,9.776,0,0,0,0,,,,0,,0,0
2026-03-27T12:13:54.569,189.082164,REDETECT,0.036027,-0.076958,0.007898,0.534,9.776,0,0,0,0,,,,0,,0,0
2026-03-27T12:13:54.634,189.147464,REDETECT,0.036027,-0.076958,0.007898,0.534,9.772,0,0,0,0,,,,0,,0,0
2026-03-27T12:13:54.669,189.182342,REDETECT,0.036027,-0.076958,0.007898,0.534,9.772,0,0,0,0,,,,0,,0,0
2026-03-27T12:13:54.705,189.217952,REDETECT,0.036027,-0.076958,0.007898,0.534,9.772,0,0,0,0,,,,0,,0,0
2026-03-27T12:13:54.739,189.252526,REDETECT,0.036027,-0.076958,0.007898,0.534,9.775,0,0,0,0,,,,0,,0,0
2026-03-27T12:13:54.803,189.316401,REDETECT,0.036027,-0.076958,0.007898,0.534,9.775,0,0,0,0,,,,0,,0,0
2026-03-27T12:13:54.870,189.383264,REDETECT,0.036027,-0.076958,0.007898,0.534,9.770,0,0,0,0,,,,0,,0,0
2026-03-27T12:13:54.904,189.416918,REDETECT,0.036027,-0.076958,0.007898,0.534,9.772,0,0,0,0,,,,0,,0,0
2026-03-27T12:13:54.974,189.487358,REDETECT,0.036027,-0.076958,0.007898,0.534,9.765,0,0,0,0,,,,0,,0,0
2026-03-27T12:13:55.034,189.546920,REDETECT,0.036027,-0.076958,0.007898,0.534,9.762,0,0,0,0,,,,0,,0,0
2026-03-27T12:13:55.069,189.581990,REDETECT,0.036027,-0.076958,0.007898,0.534,9.762,0,0,0,0,,,,0,,0,0
2026-03-27T12:13:55.135,189.647966,REDETECT,0.036027,-0.076958,0.007898,0.534,9.764,0,0,0,0,,,,0,,0,0
2026-03-27T12:13:55.199,189.712696,REDETECT,0.036027,-0.076958,0.007898,0.534,9.766,0,0,0,0,,,,0,,0,0
2026-03-27T12:13:55.233,189.746030,REDETECT,0.036027,-0.076958,0.007898,0.534,9.759,0,0,0,0,,,,0,,0,0
2026-03-27T12:13:55.266,189.779639,REDETECT,0.036027,-0.076958,0.007898,0.534,9.751,0,0,0,0,,,,0,,0,0
2026-03-27T12:13:55.339,189.852789,REDETECT,0.036027,-0.076958,0.007898,0.534,9.752,0,0,0,0,,,,0,,0,0
2026-03-27T12:13:55.399,189.912445,REDETECT,0.036027,-0.076958,0.007898,0.534,9.750,0,0,0,0,,,,0,,0,0
2026-03-27T12:13:55.435,189.948593,REDETECT,0.036027,-0.076958,0.007898,0.534,9.743,0,0,0,0,,,,0,,0,0
2026-03-27T12:13:55.470,189.982993,REDETECT,0.036027,-0.076958,0.007898,0.534,9.743,0,0,0,0,,,,0,,0,0
2026-03-27T12:13:55.532,190.045413,REDETECT,0.036027,-0.076958,0.007898,0.534,9.745,0,0,0,0,,,,0,,0,0
2026-03-27T12:13:55.598,190.111357,REDETECT,0.036027,-0.076958,0.007898,0.534,9.741,0,0,0,0,,,,0,,0,0
2026-03-27T12:13:55.632,190.145403,REDETECT,0.036027,-0.076958,0.007898,0.534,9.739,0,0,0,0,,,,0,,0,0
2026-03-27T12:13:55.666,190.179606,REDETECT,0.036027,-0.076958,0.007898,0.534,9.739,0,0,0,0,,,,0,,0,0
2026-03-27T12:13:55.731,190.244793,REDETECT,0.036027,-0.076958,0.007898,0.534,9.741,0,0,0,0,,,,0,,0,0
2026-03-27T12:13:55.766,190.279123,REDETECT,0.036027,-0.076958,0.007898,0.534,9.737,0,0,0,0,,,,0,,0,0
2026-03-27T12:13:55.800,190.313063,REDETECT,0.036027,-0.076958,0.007898,0.534,9.735,0,0,0,0,,,,0,,0,0
2026-03-27T12:13:55.833,190.346894,REDETECT,0.036027,-0.076958,0.007898,0.534,9.729,0,0,0,0,,,,0,,0,0
2026-03-27T12:13:55.870,190.383195,REDETECT,0.036027,-0.076958,0.007898,0.534,9.731,0,0,0,0,,,,0,,0,0
2026-03-27T12:13:55.934,190.447113,REDETECT,0.036027,-0.076958,0.007898,0.534,9.735,0,0,0,0,,,,0,,0,0
2026-03-27T12:13:55.969,190.482331,REDETECT,0.036027,-0.076958,0.007898,0.534,9.732,0,0,0,0,,,,0,,0,0
2026-03-27T12:13:56.035,190.548668,REDETECT,0.036027,-0.076958,0.007898,0.534,9.724,0,0,0,0,,,,0,,0,0
2026-03-27T12:13:56.069,190.582252,REDETECT,0.036027,-0.076958,0.007898,0.534,9.726,0,0,0,0,,,,0,,0,0
2026-03-27T12:13:56.106,190.619587,REDETECT,0.036027,-0.076958,0.007898,0.534,9.729,0,0,0,0,,,,0,,0,0
2026-03-27T12:13:56.170,190.683114,REDETECT,0.036027,-0.076958,0.007898,0.534,9.725,0,0,0,0,,,,0,,0,0
2026-03-27T12:13:56.234,190.747607,REDETECT,0.036027,-0.076958,0.007898,0.534,9.719,0,0,0,0,,,,0,,0,0
2026-03-27T12:13:56.270,190.783207,REDETECT,0.036027,-0.076958,0.007898,0.534,9.721,0,0,0,0,,,,0,,0,0
2026-03-27T12:13:56.333,190.846709,REDETECT,0.036027,-0.076958,0.007898,0.534,9.725,0,0,0,0,,,,0,,0,0
2026-03-27T12:13:56.370,190.883127,REDETECT,0.036027,-0.076958,0.007898,0.534,9.723,0,0,0,0,,,,0,,0,0
2026-03-27T12:13:56.434,190.946926,REDETECT,0.036027,-0.076958,0.007898,0.534,9.719,0,0,0,0,,,,0,,0,0
2026-03-27T12:13:56.469,190.982226,REDETECT,0.036027,-0.076958,0.007898,0.534,9.719,0,0,0,0,,,,0,,0,0
2026-03-27T12:13:56.534,191.047468,REDETECT,0.036027,-0.076958,0.007898,0.534,9.711,0,0,0,0,,,,0,,0,0
2026-03-27T12:13:56.570,191.083754,REDETECT,0.036027,-0.076958,0.007898,0.534,9.713,0,0,0,0,,,,0,,0,0
2026-03-27T12:13:56.633,191.146197,REDETECT,0.036027,-0.076958,0.007898,0.534,9.711,0,0,0,0,,,,0,,0,0
2026-03-27T12:13:56.669,191.182311,REDETECT,0.036027,-0.076958,0.007898,0.534,9.711,0,0,0,0,,,,0,,0,0
2026-03-27T12:13:56.733,191.246594,REDETECT,0.036027,-0.076958,0.007898,0.534,9.706,0,0,0,0,,,,0,,0,0
2026-03-27T12:13:56.771,191.284338,REDETECT,0.036027,-0.076958,0.007898,0.534,9.701,0,0,0,0,,,,0,,0,0
2026-03-27T12:13:56.814,191.327666,REDETECT,0.036027,-0.076958,0.007898,0.534,9.709,0,0,0,0,,,,0,,0,0
2026-03-27T12:13:56.872,191.385534,REDETECT,0.036027,-0.076958,0.007898,0.534,9.709,0,0,0,0,,,,0,,0,0
2026-03-27T12:13:56.907,191.419942,REDETECT,0.036027,-0.076958,0.007898,0.534,9.709,0,0,0,0,,,,0,,0,0
2026-03-27T12:13:56.970,191.483273,REDETECT,0.036027,-0.076958,0.007898,0.534,9.702,0,0,0,0,,,,0,,0,0
2026-03-27T12:13:57.003,191.516658,REDETECT,0.036027,-0.076958,0.007898,0.534,9.699,0,0,0,0,,,,0,,0,0
2026-03-27T12:13:57.073,191.585938,REDETECT,0.036027,-0.076958,0.007898,0.534,9.697,0,0,0,0,,,,0,,0,0
2026-03-27T12:13:57.123,191.635931,REDETECT,0.036027,-0.076958,0.007898,0.534,9.697,0,0,0,0,,,,0,,0,0
2026-03-27T12:13:57.173,191.685911,REDETECT,0.036027,-0.076958,0.007898,0.534,9.697,0,0,0,0,,,,0,,0,0
2026-03-27T12:13:57.234,191.747000,REDETECT,0.036027,-0.076958,0.007898,0.534,9.699,0,0,0,0,,,,0,,0,0
2026-03-27T12:13:57.270,191.783741,REDETECT,0.036027,-0.076958,0.007898,0.534,9.697,0,0,0,0,,,,0,,0,0
2026-03-27T12:13:57.333,191.846642,REDETECT,0.036027,-0.076958,0.007898,0.534,9.691,0,0,0,0,,,,0,,0,0
2026-03-27T12:13:57.368,191.881544,REDETECT,0.036027,-0.076958,0.007898,0.534,9.693,0,0,0,0,,,,0,,0,0
2026-03-27T12:13:57.402,191.915454,REDETECT,0.036027,-0.076958,0.007898,0.534,9.697,0,0,0,0,,,,0,,0,0
2026-03-27T12:13:57.469,191.982767,REDETECT,0.036027,-0.076958,0.007898,0.534,9.691,0,0,0,0,,,,0,,0,0
2026-03-27T12:13:57.534,192.047761,REDETECT,0.036027,-0.076958,0.007898,0.534,9.687,0,0,0,0,,,,0,,0,0
2026-03-27T12:13:57.571,192.083920,REDETECT,0.036027,-0.076958,0.007898,0.534,9.687,0,0,0,0,,,,0,,0,0
2026-03-27T12:13:57.634,192.147149,REDETECT,0.036027,-0.076958,0.007898,0.534,9.685,0,0,0,0,,,,0,,0,0
2026-03-27T12:13:57.669,192.182331,REDETECT,0.036027,-0.076958,0.007898,0.534,9.687,0,0,0,0,,,,0,,0,0
2026-03-27T12:13:57.733,192.246243,REDETECT,0.036027,-0.076958,0.007898,0.534,9.687,0,0,0,0,,,,0,,0,0
2026-03-27T12:13:57.768,192.281001,REDETECT,0.036027,-0.076958,0.007898,0.534,9.687,0,0,0,0,,,,0,,0,0
2026-03-27T12:13:57.834,192.347638,REDETECT,0.036027,-0.076958,0.007898,0.534,9.683,0,0,0,0,,,,0,,0,0
2026-03-27T12:13:57.870,192.383798,REDETECT,0.036027,-0.076958,0.007898,0.534,9.685,0,0,0,0,,,,0,,0,0
2026-03-27T12:13:57.934,192.447332,REDETECT,0.036027,-0.076958,0.007898,0.534,9.681,0,0,0,0,,,,0,,0,0
2026-03-27T12:13:57.969,192.482330,REDETECT,0.036027,-0.076958,0.007898,0.534,9.681,0,0,0,0,,,,0,,0,0
2026-03-27T12:13:58.034,192.547182,REDETECT,0.036027,-0.076958,0.007898,0.534,9.677,0,0,0,0,,,,0,,0,0
2026-03-27T12:13:58.068,192.581680,REDETECT,0.036027,-0.076958,0.007898,0.534,9.675,0,0,0,0,,,,0,,0,0
2026-03-27T12:13:58.137,192.650219,REDETECT,0.036027,-0.076958,0.007898,0.534,9.675,0,0,0,0,,,,0,,0,0
2026-03-27T12:13:58.171,192.683935,REDETECT,0.036027,-0.076958,0.007898,0.534,9.673,0,0,0,0,,,,0,,0,0
2026-03-27T12:13:58.234,192.747348,REDETECT,0.036027,-0.076958,0.007898,0.534,9.668,0,0,0,0,,,,0,,0,0
2026-03-27T12:13:58.270,192.783064,REDETECT,0.036027,-0.076958,0.007898,0.534,9.665,0,0,0,0,,,,0,,0,0
2026-03-27T12:13:58.334,192.847226,REDETECT,0.036027,-0.076958,0.007898,0.534,9.663,0,0,0,0,,,,0,,0,0
2026-03-27T12:13:58.369,192.882262,REDETECT,0.036027,-0.076958,0.007898,0.534,9.663,0,0,0,0,,,,0,,0,0
2026-03-27T12:13:58.433,192.946901,REDETECT,0.036027,-0.076958,0.007898,0.534,9.660,0,0,0,0,,,,0,,0,0
2026-03-27T12:13:58.468,192.980975,REDETECT,0.036027,-0.076958,0.007898,0.534,9.655,0,0,0,0,,,,0,,0,0
2026-03-27T12:13:58.534,193.047497,REDETECT,0.036027,-0.076958,0.007898,0.534,9.657,0,0,0,0,,,,0,,0,0
2026-03-27T12:13:58.570,193.083715,REDETECT,0.036027,-0.076958,0.007898,0.534,9.662,0,0,0,0,,,,0,,0,0
2026-03-27T12:13:58.634,193.146984,REDETECT,0.036027,-0.076958,0.007898,0.534,9.658,0,0,0,0,,,,0,,0,0
2026-03-27T12:13:58.667,193.180786,REDETECT,0.036027,-0.076958,0.007898,0.534,9.654,0,0,0,0,,,,0,,0,0
2026-03-27T12:13:58.701,193.214678,REDETECT,0.036027,-0.076958,0.007898,0.534,9.652,0,0,0,0,,,,0,,0,0
2026-03-27T12:13:58.768,193.281342,REDETECT,0.036027,-0.076958,0.007898,0.534,9.656,0,0,0,0,,,,0,,0,0
2026-03-27T12:13:58.834,193.347276,REDETECT,0.036027,-0.076958,0.007898,0.534,9.654,0,0,0,0,,,,0,,0,0
2026-03-27T12:13:58.870,193.382955,REDETECT,0.036027,-0.076958,0.007898,0.534,9.656,0,0,0,0,,,,0,,0,0
2026-03-27T12:13:58.933,193.446872,REDETECT,0.036027,-0.076958,0.007898,0.534,9.656,0,0,0,0,,,,0,,0,0
2026-03-27T12:13:58.970,193.483874,REDETECT,0.036027,-0.076958,0.007898,0.534,9.661,0,0,0,0,,,,0,,0,0
2026-03-27T12:13:59.033,193.546035,REDETECT,0.036027,-0.076958,0.007898,0.534,9.657,0,0,0,0,,,,0,,0,0
2026-03-27T12:13:59.068,193.581348,REDETECT,0.036027,-0.076958,0.007898,0.534,9.657,0,0,0,0,,,,0,,0,0
2026-03-27T12:13:59.102,193.615193,REDETECT,0.036027,-0.076958,0.007898,0.534,9.655,0,0,0,0,,,,0,,0,0
2026-03-27T12:13:59.167,193.680821,REDETECT,0.036027,-0.076958,0.007898,0.534,9.657,0,0,0,0,,,,0,,0,0
2026-03-27T12:13:59.234,193.747278,REDETECT,0.036027,-0.076958,0.007898,0.534,9.657,0,0,0,0,,,,0,,0,0
2026-03-27T12:13:59.270,193.783628,REDETECT,0.036027,-0.076958,0.007898,0.534,9.657,0,0,0,0,,,,0,,0,0
2026-03-27T12:13:59.335,193.848460,REDETECT,0.036027,-0.076958,0.007898,0.534,9.653,0,0,0,0,,,,0,,0,0
2026-03-27T12:13:59.370,193.883372,REDETECT,0.036027,-0.076958,0.007898,0.534,9.651,0,0,0,0,,,,0,,0,0
2026-03-27T12:13:59.403,193.916765,REDETECT,0.036027,-0.076958,0.007898,0.534,9.649,0,0,0,0,,,,0,,0,0
2026-03-27T12:13:59.467,193.980813,REDETECT,0.036027,-0.076958,0.007898,0.534,9.647,0,0,0,0,,,,0,,0,0
2026-03-27T12:13:59.533,194.046820,REDETECT,0.036027,-0.076958,0.007898,0.534,9.645,0,0,0,0,,,,0,,0,0
2026-03-27T12:13:59.571,194.083959,REDETECT,0.036027,-0.076958,0.007898,0.534,9.645,0,0,0,0,,,,0,,0,0
2026-03-27T12:13:59.634,194.147234,REDETECT,0.036027,-0.076958,0.007898,0.534,9.645,0,0,0,0,,,,0,,0,0
2026-03-27T12:13:59.670,194.183092,REDETECT,0.036027,-0.076958,0.007898,0.534,9.640,0,0,0,0,,,,0,,0,0
2026-03-27T12:13:59.734,194.247025,REDETECT,0.036027,-0.076958,0.007898,0.534,9.639,0,0,0,0,,,,0,,0,0
2026-03-27T12:13:59.767,194.280436,REDETECT,0.036027,-0.076958,0.007898,0.534,9.636,0,0,0,0,,,,0,,0,0
2026-03-27T12:13:59.801,194.314043,REDETECT,0.036027,-0.076958,0.007898,0.534,9.634,0,0,0,0,,,,0,,0,0
2026-03-27T12:13:59.834,194.347879,REDETECT,0.036027,-0.076958,0.007898,0.534,9.632,0,0,0,0,,,,0,,0,0
2026-03-27T12:13:59.871,194.384492,REDETECT,0.036027,-0.076958,0.007898,0.534,9.635,0,0,0,0,,,,0,,0,0
2026-03-27T12:13:59.934,194.447817,REDETECT,0.036027,-0.076958,0.007898,0.534,9.635,0,0,0,0,,,,0,,0,0
2026-03-27T12:13:59.971,194.484477,REDETECT,0.036027,-0.076958,0.007898,0.534,9.632,0,0,0,0,,,,0,,0,0
2026-03-27T12:14:00.035,194.548728,REDETECT,0.036027,-0.076958,0.007898,0.534,9.630,0,0,0,0,,,,0,,0,0
2026-03-27T12:14:00.070,194.583032,REDETECT,0.036027,-0.076958,0.007898,0.534,9.628,0,0,0,0,,,,0,,0,0
2026-03-27T12:14:00.134,194.647437,REDETECT,0.036027,-0.076958,0.007898,0.534,9.624,0,0,0,0,,,,0,,0,0
2026-03-27T12:14:00.201,194.714765,REDETECT,0.036027,-0.076958,0.007898,0.534,9.624,0,0,0,0,,,,0,,0,0
2026-03-27T12:14:00.270,194.783695,REDETECT,0.036027,-0.076958,0.007898,0.534,9.628,0,0,0,0,,,,0,,0,0
2026-03-27T12:14:00.305,194.818366,REDETECT,0.036027,-0.076958,0.007898,0.534,9.626,0,0,0,0,,,,0,,0,0
2026-03-27T12:14:00.370,194.883754,REDETECT,0.036027,-0.076958,0.007898,0.534,9.622,0,0,0,0,,,,0,,0,0
2026-03-27T12:14:00.434,194.947103,REDETECT,0.036027,-0.076958,0.007898,0.534,9.622,0,0,0,0,,,,0,,0,0
2026-03-27T12:14:00.469,194.982256,REDETECT,0.036027,-0.076958,0.007898,0.534,9.622,0,0,0,0,,,,0,,0,0
2026-03-27T12:14:00.534,195.047351,REDETECT,0.036027,-0.076958,0.007898,0.534,9.624,0,0,0,0,,,,0,,0,0
2026-03-27T12:14:00.570,195.083539,REDETECT,0.036027,-0.076958,0.007898,0.534,9.622,0,0,0,0,,,,0,,0,0
2026-03-27T12:14:00.634,195.147297,REDETECT,0.036027,-0.076958,0.007898,0.534,9.622,0,0,0,0,,,,0,,0,0
2026-03-27T12:14:00.669,195.182173,REDETECT,0.036027,-0.076958,0.007898,0.534,9.622,0,0,0,0,,,,0,,0,0
2026-03-27T12:14:00.703,195.216882,REDETECT,0.036027,-0.076958,0.007898,0.534,9.624,0,0,0,0,,,,0,,0,0
2026-03-27T12:14:00.769,195.282118,REDETECT,0.036027,-0.076958,0.007898,0.534,9.622,0,0,0,0,,,,0,,0,0
2026-03-27T12:14:00.833,195.346639,REDETECT,0.036027,-0.076958,0.007898,0.534,9.618,0,0,0,0,,,,0,,0,0
2026-03-27T12:14:00.870,195.383790,REDETECT,0.036027,-0.076958,0.007898,0.534,9.620,0,0,0,0,,,,0,,0,0
2026-03-27T12:14:00.933,195.446808,REDETECT,0.036027,-0.076958,0.007898,0.534,9.619,0,0,0,0,,,,0,,0,0
2026-03-27T12:14:00.970,195.483697,REDETECT,0.036027,-0.076958,0.007898,0.534,9.616,0,0,0,0,,,,0,,0,0
2026-03-27T12:14:01.033,195.546561,REDETECT,0.036027,-0.076958,0.007898,0.534,9.612,0,0,0,0,,,,0,,0,0
2026-03-27T12:14:01.070,195.583597,REDETECT,0.036027,-0.076958,0.007898,0.534,9.617,0,0,0,0,,,,0,,0,0
2026-03-27T12:14:01.133,195.646602,REDETECT,0.036027,-0.076958,0.007898,0.534,9.617,0,0,0,0,,,,0,,0,0
2026-03-27T12:14:01.167,195.680814,REDETECT,0.036027,-0.076958,0.007898,0.534,9.613,0,0,0,0,,,,0,,0,0
2026-03-27T12:14:01.201,195.714574,REDETECT,0.036027,-0.076958,0.007898,0.534,9.608,0,0,0,0,,,,0,,0,0
2026-03-27T12:14:01.235,195.748582,REDETECT,0.036027,-0.076958,0.007898,0.534,9.606,0,0,0,0,,,,0,,0,0
2026-03-27T12:14:01.270,195.783640,REDETECT,0.036027,-0.076958,0.007898,0.534,9.604,0,0,0,0,,,,0,,0,0
2026-03-27T12:14:01.334,195.847323,REDETECT,0.036027,-0.076958,0.007898,0.534,9.606,0,0,0,0,,,,0,,0,0
2026-03-27T12:14:01.369,195.882186,REDETECT,0.036027,-0.076958,0.007898,0.534,9.606,0,0,0,0,,,,0,,0,0
2026-03-27T12:14:01.403,195.915947,REDETECT,0.036027,-0.076958,0.007898,0.534,9.606,0,0,0,0,,,,0,,0,0
2026-03-27T12:14:01.469,195.982121,REDETECT,0.036027,-0.076958,0.007898,0.534,9.604,0,0,0,0,,,,0,,0,0
2026-03-27T12:14:01.534,196.047216,REDETECT,0.036027,-0.076958,0.007898,0.534,9.604,0,0,0,0,,,,0,,0,0
2026-03-27T12:14:01.570,196.083801,REDETECT,0.036027,-0.076958,0.007898,0.534,9.600,0,0,0,0,,,,0,,0,0
2026-03-27T12:14:01.634,196.147015,REDETECT,0.036027,-0.076958,0.007898,0.534,9.598,0,0,0,0,,,,0,,0,0
2026-03-27T12:14:01.670,196.183842,REDETECT,0.036027,-0.076958,0.007898,0.534,9.598,0,0,0,0,,,,0,,0,0
2026-03-27T12:14:01.734,196.247165,REDETECT,0.036027,-0.076958,0.007898,0.534,9.598,0,0,0,0,,,,0,,0,0
2026-03-27T12:14:01.769,196.282222,REDETECT,0.036027,-0.076958,0.007898,0.534,9.591,0,0,0,0,,,,0,,0,0
2026-03-27T12:14:01.804,196.317580,REDETECT,0.036027,-0.076958,0.007898,0.534,9.591,0,0,0,0,,,,0,,0,0
2026-03-27T12:14:01.863,196.375941,REDETECT,0.036027,-0.076958,0.007898,0.534,9.588,0,0,0,0,,,,0,,0,0
2026-03-27T12:14:01.921,196.434677,REDETECT,0.036027,-0.076958,0.007898,0.534,9.584,0,0,0,0,,,,0,,0,0
2026-03-27T12:14:01.972,196.485500,REDETECT,0.036027,-0.076958,0.007898,0.534,9.577,0,0,0,0,,,,0,,0,0
2026-03-27T12:14:02.033,196.546639,REDETECT,0.036027,-0.076958,0.007898,0.534,9.571,0,0,0,0,,,,0,,0,0
2026-03-27T12:14:02.069,196.582684,REDETECT,0.036027,-0.076958,0.007898,0.534,9.571,0,0,0,0,,,,0,,0,0
2026-03-27T12:14:02.137,196.650726,REDETECT,0.036027,-0.076958,0.007898,0.534,9.567,0,0,0,0,,,,0,,0,0
2026-03-27T12:14:02.205,196.718600,REDETECT,0.036027,-0.076958,0.007898,0.534,9.565,0,0,0,0,,,,0,,0,0
2026-03-27T12:14:02.272,196.785678,REDETECT,0.036027,-0.076958,0.007898,0.534,9.565,0,0,0,0,,,,0,,0,0
2026-03-27T12:14:02.333,196.846420,REDETECT,0.036027,-0.076958,0.007898,0.534,9.563,0,0,0,0,,,,0,,0,0
2026-03-27T12:14:02.369,196.882789,REDETECT,0.036027,-0.076958,0.007898,0.534,9.558,0,0,0,0,,,,0,,0,0
2026-03-27T12:14:02.435,196.948303,REDETECT,0.036027,-0.076958,0.007898,0.534,9.554,0,0,0,0,,,,0,,0,0
2026-03-27T12:14:02.470,196.983610,REDETECT,0.036027,-0.076958,0.007898,0.534,9.556,0,0,0,0,,,,0,,0,0
2026-03-27T12:14:02.534,197.047634,REDETECT,0.036027,-0.076958,0.007898,0.534,9.555,0,0,0,0,,,,0,,0,0
2026-03-27T12:14:02.571,197.084115,REDETECT,0.036027,-0.076958,0.007898,0.534,9.555,0,0,0,0,,,,0,,0,0
2026-03-27T12:14:02.634,197.147166,REDETECT,0.036027,-0.076958,0.007898,0.534,9.551,0,0,0,0,,,,0,,0,0
2026-03-27T12:14:02.671,197.184346,REDETECT,0.036027,-0.076958,0.007898,0.534,9.548,0,0,0,0,,,,0,,0,0
2026-03-27T12:14:02.734,197.247157,REDETECT,0.036027,-0.076958,0.007898,0.534,9.545,0,0,0,0,,,,0,,0,0
2026-03-27T12:14:02.769,197.282279,REDETECT,0.036027,-0.076958,0.007898,0.534,9.543,0,0,0,0,,,,0,,0,0
2026-03-27T12:14:02.834,197.347627,REDETECT,0.036027,-0.076958,0.007898,0.534,9.545,0,0,0,0,,,,0,,0,0
2026-03-27T12:14:02.870,197.383022,REDETECT,0.036027,-0.076958,0.007898,0.534,9.545,0,0,0,0,,,,0,,0,0
2026-03-27T12:14:02.935,197.448471,REDETECT,0.036027,-0.076958,0.007898,0.534,9.540,0,0,0,0,,,,0,,0,0
2026-03-27T12:14:02.971,197.484124,REDETECT,0.036027,-0.076958,0.007898,0.534,9.538,0,0,0,0,,,,0,,0,0
2026-03-27T12:14:03.034,197.547814,REDETECT,0.036027,-0.076958,0.007898,0.534,9.531,0,0,0,0,,,,0,,0,0
2026-03-27T12:14:03.069,197.582493,REDETECT,0.036027,-0.076958,0.007898,0.534,9.531,0,0,0,0,,,,0,,0,0
2026-03-27T12:14:03.103,197.616553,REDETECT,0.036027,-0.076958,0.007898,0.534,9.528,0,0,0,0,,,,0,,0,0
2026-03-27T12:14:03.170,197.682910,REDETECT,0.036027,-0.076958,0.007898,0.534,9.524,0,0,0,0,,,,0,,0,0
2026-03-27T12:14:03.235,197.747914,REDETECT,0.036027,-0.076958,0.007898,0.534,9.524,0,0,0,0,,,,0,,0,0
2026-03-27T12:14:03.270,197.783600,REDETECT,0.036027,-0.076958,0.007898,0.534,9.527,0,0,0,0,,,,0,,0,0
2026-03-27T12:14:03.334,197.847270,REDETECT,0.036027,-0.076958,0.007898,0.534,9.528,0,0,0,0,,,,0,,0,0
2026-03-27T12:14:03.369,197.882884,REDETECT,0.036027,-0.076958,0.007898,0.534,9.526,0,0,0,0,,,,0,,0,0
2026-03-27T12:14:03.433,197.946721,REDETECT,0.036027,-0.076958,0.007898,0.534,9.524,0,0,0,0,,,,0,,0,0
2026-03-27T12:14:03.469,197.982480,REDETECT,0.036027,-0.076958,0.007898,0.534,9.524,0,0,0,0,,,,0,,0,0
2026-03-27T12:14:03.533,198.046083,REDETECT,0.036027,-0.076958,0.007898,0.534,9.520,0,0,0,0,,,,0,,0,0
2026-03-27T12:14:03.570,198.083567,REDETECT,0.036027,-0.076958,0.007898,0.534,9.518,0,0,0,0,,,,0,,0,0
2026-03-27T12:14:03.634,198.147154,REDETECT,0.036027,-0.076958,0.007898,0.534,9.520,0,0,0,0,,,,0,,0,0
2026-03-27T12:14:03.670,198.183691,REDETECT,0.036027,-0.076958,0.007898,0.534,9.518,0,0,0,0,,,,0,,0,0
2026-03-27T12:14:03.734,198.246999,REDETECT,0.036027,-0.076958,0.007898,0.534,9.516,0,0,0,0,,,,0,,0,0
2026-03-27T12:14:03.768,198.281611,REDETECT,0.036027,-0.076958,0.007898,0.534,9.512,0,0,0,0,,,,0,,0,0
2026-03-27T12:14:03.802,198.315300,REDETECT,0.036027,-0.076958,0.007898,0.534,9.510,0,0,0,0,,,,0,,0,0
2026-03-27T12:14:03.869,198.382091,REDETECT,0.036027,-0.076958,0.007898,0.534,9.507,0,0,0,0,,,,0,,0,0
2026-03-27T12:14:03.934,198.447461,REDETECT,0.036027,-0.076958,0.007898,0.534,9.505,0,0,0,0,,,,0,,0,0
2026-03-27T12:14:03.969,198.482334,REDETECT,0.036027,-0.076958,0.007898,0.534,9.505,0,0,0,0,,,,0,,0,0
2026-03-27T12:14:04.033,198.546329,REDETECT,0.036027,-0.076958,0.007898,0.534,9.504,0,0,0,0,,,,0,,0,0
2026-03-27T12:14:04.070,198.583586,REDETECT,0.036027,-0.076958,0.007898,0.534,9.506,0,0,0,0,,,,0,,0,0
2026-03-27T12:14:04.135,198.648883,REDETECT,0.036027,-0.076958,0.007898,0.534,9.504,0,0,0,0,,,,0,,0,0
2026-03-27T12:14:04.200,198.713878,REDETECT,0.036027,-0.076958,0.007898,0.534,9.500,0,0,0,0,,,,0,,0,0
2026-03-27T12:14:04.269,198.782079,REDETECT,0.036027,-0.076958,0.007898,0.534,9.494,0,0,0,0,,,,0,,0,0
2026-03-27T12:14:04.333,198.846773,REDETECT,0.036027,-0.076958,0.007898,0.534,9.488,0,0,0,0,,,,0,,0,0
2026-03-27T12:14:04.371,198.884449,REDETECT,0.036027,-0.076958,0.007898,0.534,9.488,0,0,0,0,,,,0,,0,0
2026-03-27T12:14:04.433,198.946780,REDETECT,0.036027,-0.076958,0.007898,0.534,9.484,0,0,0,0,,,,0,,0,0
2026-03-27T12:14:04.468,198.981652,REDETECT,0.036027,-0.076958,0.007898,0.534,9.482,0,0,0,0,,,,0,,0,0
2026-03-27T12:14:04.534,199.047288,REDETECT,0.036027,-0.076958,0.007898,0.534,9.480,0,0,0,0,,,,0,,0,0
2026-03-27T12:14:04.569,199.082010,REDETECT,0.036027,-0.076958,0.007898,0.534,9.476,0,0,0,0,,,,0,,0,0
2026-03-27T12:14:04.635,199.148626,REDETECT,0.036027,-0.076958,0.007898,0.534,9.472,0,0,0,0,,,,0,,0,0
2026-03-27T12:14:04.670,199.183642,REDETECT,0.036027,-0.076958,0.007898,0.534,9.472,0,0,0,0,,,,0,,0,0
2026-03-27T12:14:04.704,199.217617,REDETECT,0.036027,-0.076958,0.007898,0.534,9.474,0,0,0,0,,,,0,,0,0
2026-03-27T12:14:04.771,199.284205,REDETECT,0.036027,-0.076958,0.007898,0.534,9.468,0,0,0,0,,,,0,,0,0
2026-03-27T12:14:04.834,199.347751,REDETECT,0.036027,-0.076958,0.007898,0.534,9.468,0,0,0,0,,,,0,,0,0
2026-03-27T12:14:04.869,199.382148,REDETECT,0.036027,-0.076958,0.007898,0.534,9.461,0,0,0,0,,,,0,,0,0
2026-03-27T12:14:04.934,199.447133,REDETECT,0.036027,-0.076958,0.007898,0.534,9.457,0,0,0,0,,,,0,,0,0
2026-03-27T12:14:04.970,199.483834,REDETECT,0.036027,-0.076958,0.007898,0.534,9.457,0,0,0,0,,,,0,,0,0
2026-03-27T12:14:05.033,199.546264,REDETECT,0.036027,-0.076958,0.007898,0.534,9.459,0,0,0,0,,,,0,,0,0
2026-03-27T12:14:05.068,199.581583,REDETECT,0.036027,-0.076958,0.007898,0.534,9.459,0,0,0,0,,,,0,,0,0
2026-03-27T12:14:05.134,199.647030,REDETECT,0.036027,-0.076958,0.007898,0.534,9.455,0,0,0,0,,,,0,,0,0
2026-03-27T12:14:05.168,199.681561,REDETECT,0.036027,-0.076958,0.007898,0.534,9.455,0,0,0,0,,,,0,,0,0
2026-03-27T12:14:05.202,199.715089,REDETECT,0.036027,-0.076958,0.007898,0.534,9.455,0,0,0,0,,,,0,,0,0
2026-03-27T12:14:05.269,199.782103,REDETECT,0.036027,-0.076958,0.007898,0.534,9.451,0,0,0,0,,,,0,,0,0
2026-03-27T12:14:05.305,199.818607,REDETECT,0.036027,-0.076958,0.007898,0.534,9.453,0,0,0,0,,,,0,,0,0
2026-03-27T12:14:05.347,199.860468,REDETECT,0.036027,-0.076958,0.007898,0.534,9.451,0,0,0,0,,,,0,,0,0
2026-03-27T12:14:05.402,199.915768,REDETECT,0.036027,-0.076958,0.007898,0.534,9.449,0,0,0,0,,,,0,,0,0
2026-03-27T12:14:05.436,199.949588,REDETECT,0.036027,-0.076958,0.007898,0.534,9.447,0,0,0,0,,,,0,,0,0
2026-03-27T12:14:05.471,199.984256,REDETECT,0.036027,-0.076958,0.007898,0.534,9.447,0,0,0,0,,,,0,,0,0
2026-03-27T12:14:05.548,200.061277,REDETECT,0.036027,-0.076958,0.007898,0.534,9.440,0,0,0,0,,,,0,,0,0
2026-03-27T12:14:05.602,200.115434,REDETECT,0.036027,-0.076958,0.007898,0.534,9.441,0,0,0,0,,,,0,,0,0
2026-03-27T12:14:05.636,200.149718,REDETECT,0.036027,-0.076958,0.007898,0.534,9.441,0,0,0,0,,,,0,,0,0
2026-03-27T12:14:05.672,200.185361,REDETECT,0.036027,-0.076958,0.007898,0.534,9.439,0,0,0,0,,,,0,,0,0
2026-03-27T12:14:05.734,200.247114,REDETECT,0.036027,-0.076958,0.007898,0.534,9.435,0,0,0,0,,,,0,,0,0
2026-03-27T12:14:05.769,200.281960,REDETECT,0.036027,-0.076958,0.007898,0.534,9.431,0,0,0,0,,,,0,,0,0
2026-03-27T12:14:05.834,200.347100,REDETECT,0.036027,-0.076958,0.007898,0.534,9.419,0,0,0,0,,,,0,,0,0
2026-03-27T12:14:05.870,200.383472,REDETECT,0.036027,-0.076958,0.007898,0.534,9.419,0,0,0,0,,,,0,,0,0
2026-03-27T12:14:05.934,200.447047,REDETECT,0.036027,-0.076958,0.007898,0.534,9.417,0,0,0,0,,,,0,,0,0
2026-03-27T12:14:05.969,200.482075,REDETECT,0.036027,-0.076958,0.007898,0.534,9.404,0,0,0,0,,,,0,,0,0
2026-03-27T12:14:06.033,200.546884,REDETECT,0.036027,-0.076958,0.007898,0.534,9.390,0,0,0,0,,,,0,,0,0
2026-03-27T12:14:06.070,200.583573,REDETECT,0.036027,-0.076958,0.007898,0.534,9.397,0,0,0,0,,,,0,,0,0
2026-03-27T12:14:06.134,200.647817,REDETECT,0.036027,-0.076958,0.007898,0.534,9.403,0,0,0,0,,,,0,,0,0
2026-03-27T12:14:06.170,200.683671,REDETECT,0.036027,-0.076958,0.007898,0.534,9.405,0,0,0,0,,,,0,,0,0
2026-03-27T12:14:06.234,200.746992,REDETECT,0.036027,-0.076958,0.007898,0.534,9.411,0,0,0,0,,,,0,,0,0
2026-03-27T12:14:06.270,200.783653,REDETECT,0.036027,-0.076958,0.007898,0.534,9.411,0,0,0,0,,,,0,,0,0
2026-03-27T12:14:06.334,200.847593,REDETECT,0.036027,-0.076958,0.007898,0.534,9.400,0,0,0,0,,,,0,,0,0
2026-03-27T12:14:06.369,200.882298,REDETECT,0.036027,-0.076958,0.007898,0.534,9.396,0,0,0,0,,,,0,,0,0
2026-03-27T12:14:06.436,200.949597,REDETECT,0.036027,-0.076958,0.007898,0.534,9.397,0,0,0,0,,,,0,,0,0
2026-03-27T12:14:06.502,201.015636,REDETECT,0.036027,-0.076958,0.007898,0.534,9.391,0,0,0,0,,,,0,,0,0
2026-03-27T12:14:06.568,201.081542,REDETECT,0.036027,-0.076958,0.007898,0.534,9.387,0,0,0,0,,,,0,,0,0
2026-03-27T12:14:06.603,201.116792,REDETECT,0.036027,-0.076958,0.007898,0.534,9.389,0,0,0,0,,,,0,,0,0
2026-03-27T12:14:06.673,201.185990,REDETECT,0.036027,-0.076958,0.007898,0.534,9.389,0,0,0,0,,,,0,,0,0
2026-03-27T12:14:06.734,201.247354,REDETECT,0.036027,-0.076958,0.007898,0.534,9.380,0,0,0,0,,,,0,,0,0
2026-03-27T12:14:06.774,201.287133,REDETECT,0.036027,-0.076958,0.007898,0.534,9.377,0,0,0,0,,,,0,,0,0
2026-03-27T12:14:06.837,201.350257,REDETECT,0.036027,-0.076958,0.007898,0.534,9.374,0,0,0,0,,,,0,,0,0
2026-03-27T12:14:06.872,201.385611,REDETECT,0.036027,-0.076958,0.007898,0.534,9.374,0,0,0,0,,,,0,,0,0
2026-03-27T12:14:06.907,201.420723,REDETECT,0.036027,-0.076958,0.007898,0.534,9.374,0,0,0,0,,,,0,,0,0
2026-03-27T12:14:06.972,201.485527,REDETECT,0.036027,-0.076958,0.007898,0.534,9.371,0,0,0,0,,,,0,,0,0
2026-03-27T12:14:07.034,201.547497,REDETECT,0.036027,-0.076958,0.007898,0.534,9.370,0,0,0,0,,,,0,,0,0
2026-03-27T12:14:07.071,201.584790,REDETECT,0.036027,-0.076958,0.007898,0.534,9.372,0,0,0,0,,,,0,,0,0
2026-03-27T12:14:07.136,201.649716,REDETECT,0.036027,-0.076958,0.007898,0.534,9.366,0,0,0,0,,,,0,,0,0
2026-03-27T12:14:07.176,201.689308,REDETECT,0.036027,-0.076958,0.007898,0.534,9.366,0,0,0,0,,,,0,,0,0
2026-03-27T12:14:07.234,201.747833,REDETECT,0.036027,-0.076958,0.007898,0.534,9.369,0,0,0,0,,,,0,,0,0
2026-03-27T12:14:07.269,201.782147,REDETECT,0.036027,-0.076958,0.007898,0.534,9.367,0,0,0,0,,,,0,,0,0
2026-03-27T12:14:07.302,201.815597,REDETECT,0.036027,-0.076958,0.007898,0.534,9.363,0,0,0,0,,,,0,,0,0
2026-03-27T12:14:07.336,201.848968,REDETECT,0.036027,-0.076958,0.007898,0.534,9.363,0,0,0,0,,,,0,,0,0
2026-03-27T12:14:07.372,201.885742,REDETECT,0.036027,-0.076958,0.007898,0.534,9.365,0,0,0,0,,,,0,,0,0
2026-03-27T12:14:07.437,201.950495,REDETECT,0.036027,-0.076958,0.007898,0.534,9.361,0,0,0,0,,,,0,,0,0
2026-03-27T12:14:07.475,201.988652,REDETECT,0.036027,-0.076958,0.007898,0.534,9.359,0,0,0,0,,,,0,,0,0
2026-03-27T12:14:07.535,202.048177,REDETECT,0.036027,-0.076958,0.007898,0.534,9.355,0,0,0,0,,,,0,,0,0
2026-03-27T12:14:07.569,202.082702,REDETECT,0.036027,-0.076958,0.007898,0.534,9.360,0,0,0,0,,,,0,,0,0
2026-03-27T12:14:07.636,202.149111,REDETECT,0.036027,-0.076958,0.007898,0.534,9.357,0,0,0,0,,,,0,,0,0
2026-03-27T12:14:07.672,202.185245,REDETECT,0.036027,-0.076958,0.007898,0.534,9.357,0,0,0,0,,,,0,,0,0
2026-03-27T12:14:07.736,202.249334,REDETECT,0.036027,-0.076958,0.007898,0.534,9.356,0,0,0,0,,,,0,,0,0
2026-03-27T12:14:07.772,202.285146,REDETECT,0.036027,-0.076958,0.007898,0.534,9.353,0,0,0,0,,,,0,,0,0
2026-03-27T12:14:07.834,202.347892,REDETECT,0.036027,-0.076958,0.007898,0.534,9.346,0,0,0,0,,,,0,,0,0
2026-03-27T12:14:07.872,202.385618,REDETECT,0.036027,-0.076958,0.007898,0.534,9.341,0,0,0,0,,,,0,,0,0
2026-03-27T12:14:07.907,202.420781,REDETECT,0.036027,-0.076958,0.007898,0.534,9.341,0,0,0,0,,,,0,,0,0
2026-03-27T12:14:07.970,202.483288,REDETECT,0.036027,-0.076958,0.007898,0.534,9.343,0,0,0,0,,,,0,,0,0
2026-03-27T12:14:08.035,202.548689,REDETECT,0.036027,-0.076958,0.007898,0.534,9.335,0,0,0,0,,,,0,,0,0
2026-03-27T12:14:08.071,202.584612,REDETECT,0.036027,-0.076958,0.007898,0.534,9.330,0,0,0,0,,,,0,,0,0
2026-03-27T12:14:08.135,202.648443,REDETECT,0.036027,-0.076958,0.007898,0.534,9.330,0,0,0,0,,,,0,,0,0
2026-03-27T12:14:08.171,202.684392,REDETECT,0.036027,-0.076958,0.007898,0.534,9.328,0,0,0,0,,,,0,,0,0
2026-03-27T12:14:08.236,202.749394,REDETECT,0.036027,-0.076958,0.007898,0.534,9.332,0,0,0,0,,,,0,,0,0
2026-03-27T12:14:08.270,202.783738,REDETECT,0.036027,-0.076958,0.007898,0.534,9.328,0,0,0,0,,,,0,,0,0
2026-03-27T12:14:08.335,202.848839,REDETECT,0.036027,-0.076958,0.007898,0.534,9.328,0,0,0,0,,,,0,,0,0
2026-03-27T12:14:08.371,202.884351,REDETECT,0.036027,-0.076958,0.007898,0.534,9.328,0,0,0,0,,,,0,,0,0
2026-03-27T12:14:08.436,202.948941,REDETECT,0.036027,-0.076958,0.007898,0.534,9.323,0,0,0,0,,,,0,,0,0
2026-03-27T12:14:08.470,202.983648,REDETECT,0.036027,-0.076958,0.007898,0.534,9.321,0,0,0,0,,,,0,,0,0
2026-03-27T12:14:08.536,203.049174,REDETECT,0.036027,-0.076958,0.007898,0.534,9.319,0,0,0,0,,,,0,,0,0
2026-03-27T12:14:08.572,203.085233,REDETECT,0.036027,-0.076958,0.007898,0.534,9.317,0,0,0,0,,,,0,,0,0
2026-03-27T12:14:08.635,203.148176,REDETECT,0.036027,-0.076958,0.007898,0.534,9.309,0,0,0,0,,,,0,,0,0
2026-03-27T12:14:08.670,203.183487,REDETECT,0.036027,-0.076958,0.007898,0.534,9.307,0,0,0,0,,,,0,,0,0
2026-03-27T12:14:08.704,203.217633,REDETECT,0.036027,-0.076958,0.007898,0.534,9.307,0,0,0,0,,,,0,,0,0
2026-03-27T12:14:08.773,203.286130,REDETECT,0.036027,-0.076958,0.007898,0.534,9.310,0,0,0,0,,,,0,,0,0
2026-03-27T12:14:08.836,203.349329,REDETECT,0.036027,-0.076958,0.007898,0.534,9.305,0,0,0,0,,,,0,,0,0
2026-03-27T12:14:08.871,203.384313,REDETECT,0.036027,-0.076958,0.007898,0.534,9.301,0,0,0,0,,,,0,,0,0
2026-03-27T12:14:08.935,203.448262,REDETECT,0.036027,-0.076958,0.007898,0.534,9.299,0,0,0,0,,,,0,,0,0
2026-03-27T12:14:08.970,203.483312,REDETECT,0.036027,-0.076958,0.007898,0.534,9.301,0,0,0,0,,,,0,,0,0
2026-03-27T12:14:09.036,203.548950,REDETECT,0.036027,-0.076958,0.007898,0.534,9.297,0,0,0,0,,,,0,,0,0
2026-03-27T12:14:09.072,203.584998,REDETECT,0.036027,-0.076958,0.007898,0.534,9.295,0,0,0,0,,,,0,,0,0
2026-03-27T12:14:09.137,203.650707,REDETECT,0.036027,-0.076958,0.007898,0.534,9.293,0,0,0,0,,,,0,,0,0
2026-03-27T12:14:09.172,203.685364,REDETECT,0.036027,-0.076958,0.007898,0.534,9.291,0,0,0,0,,,,0,,0,0
2026-03-27T12:14:09.235,203.748156,REDETECT,0.036027,-0.076958,0.007898,0.534,9.289,0,0,0,0,,,,0,,0,0
2026-03-27T12:14:09.270,203.783100,REDETECT,0.036027,-0.076958,0.007898,0.534,9.289,0,0,0,0,,,,0,,0,0
2026-03-27T12:14:09.307,203.819929,REDETECT,0.036027,-0.076958,0.007898,0.534,9.287,0,0,0,0,,,,0,,0,0
2026-03-27T12:14:09.342,203.855588,REDETECT,0.036027,-0.076958,0.007898,0.534,9.285,0,0,0,0,,,,0,,0,0
2026-03-27T12:14:09.401,203.914858,REDETECT,0.036027,-0.076958,0.007898,0.534,9.287,0,0,0,0,,,,0,,0,0
2026-03-27T12:14:09.470,203.982918,REDETECT,0.036027,-0.076958,0.007898,0.534,9.282,0,0,0,0,,,,0,,0,0
2026-03-27T12:14:09.533,204.046431,REDETECT,0.036027,-0.076958,0.007898,0.534,9.275,0,0,0,0,,,,0,,0,0
2026-03-27T12:14:09.569,204.082064,REDETECT,0.036027,-0.076958,0.007898,0.534,9.277,0,0,0,0,,,,0,,0,0
2026-03-27T12:14:09.634,204.147004,REDETECT,0.036027,-0.076958,0.007898,0.534,9.277,0,0,0,0,,,,0,,0,0
2026-03-27T12:14:09.670,204.182923,REDETECT,0.036027,-0.076958,0.007898,0.534,9.279,0,0,0,0,,,,0,,0,0
2026-03-27T12:14:09.704,204.217209,REDETECT,0.036027,-0.076958,0.007898,0.534,9.277,0,0,0,0,,,,0,,0,0
2026-03-27T12:14:09.770,204.283466,REDETECT,0.036027,-0.076958,0.007898,0.534,9.271,0,0,0,0,,,,0,,0,0
2026-03-27T12:14:09.833,204.346302,REDETECT,0.036027,-0.076958,0.007898,0.534,9.267,0,0,0,0,,,,0,,0,0
2026-03-27T12:14:09.874,204.387709,REDETECT,0.036027,-0.076958,0.007898,0.534,9.270,0,0,0,0,,,,0,,0,0
2026-03-27T12:14:09.934,204.447796,REDETECT,0.036027,-0.076958,0.007898,0.534,9.268,0,0,0,0,,,,0,,0,0
2026-03-27T12:14:09.969,204.482103,REDETECT,0.036027,-0.076958,0.007898,0.534,9.268,0,0,0,0,,,,0,,0,0
2026-03-27T12:14:10.006,204.519460,REDETECT,0.036027,-0.076958,0.007898,0.534,9.266,0,0,0,0,,,,0,,0,0
2026-03-27T12:14:10.047,204.560486,REDETECT,0.036027,-0.076958,0.007898,0.534,9.263,0,0,0,0,,,,0,,0,0
2026-03-27T12:14:10.082,204.595612,REDETECT,0.036027,-0.076958,0.007898,0.534,9.265,0,0,0,0,,,,0,,0,0
2026-03-27T12:14:10.135,204.648714,REDETECT,0.036027,-0.076958,0.007898,0.534,9.265,0,0,0,0,,,,0,,0,0
2026-03-27T12:14:10.200,204.713601,REDETECT,0.036027,-0.076958,0.007898,0.534,9.261,0,0,0,0,,,,0,,0,0
2026-03-27T12:14:10.235,204.748397,REDETECT,0.036027,-0.076958,0.007898,0.534,9.261,0,0,0,0,,,,0,,0,0
2026-03-27T12:14:10.269,204.782885,REDETECT,0.036027,-0.076958,0.007898,0.534,9.261,0,0,0,0,,,,0,,0,0
2026-03-27T12:14:10.334,204.847065,REDETECT,0.036027,-0.076958,0.007898,0.534,9.257,0,0,0,0,,,,0,,0,0
2026-03-27T12:14:10.368,204.881570,REDETECT,0.036027,-0.076958,0.007898,0.534,9.251,0,0,0,0,,,,0,,0,0
2026-03-27T12:14:10.434,204.947250,REDETECT,0.036027,-0.076958,0.007898,0.534,9.255,0,0,0,0,,,,0,,0,0
2026-03-27T12:14:10.470,204.983638,REDETECT,0.036027,-0.076958,0.007898,0.534,9.255,0,0,0,0,,,,0,,0,0
2026-03-27T12:14:10.534,205.047136,REDETECT,0.036027,-0.076958,0.007898,0.534,9.253,0,0,0,0,,,,0,,0,0
2026-03-27T12:14:10.569,205.082436,REDETECT,0.036027,-0.076958,0.007898,0.534,9.255,0,0,0,0,,,,0,,0,0
2026-03-27T12:14:10.634,205.147707,REDETECT,0.036027,-0.076958,0.007898,0.534,9.249,0,0,0,0,,,,0,,0,0
2026-03-27T12:14:10.680,205.193518,REDETECT,0.036027,-0.076958,0.007898,0.534,9.246,0,0,0,0,,,,0,,0,0
2026-03-27T12:14:10.734,205.247444,REDETECT,0.036027,-0.076958,0.007898,0.534,9.246,0,0,0,0,,,,0,,0,0
2026-03-27T12:14:10.770,205.283535,REDETECT,0.036027,-0.076958,0.007898,0.534,9.242,0,0,0,0,,,,0,,0,0
2026-03-27T12:14:10.833,205.346401,REDETECT,0.036027,-0.076958,0.007898,0.534,9.241,0,0,0,0,,,,0,,0,0
2026-03-27T12:14:10.872,205.385459,REDETECT,0.036027,-0.076958,0.007898,0.534,9.244,0,0,0,0,,,,0,,0,0
2026-03-27T12:14:10.934,205.447188,REDETECT,0.036027,-0.076958,0.007898,0.534,9.240,0,0,0,0,,,,0,,0,0
2026-03-27T12:14:10.969,205.481949,REDETECT,0.036027,-0.076958,0.007898,0.534,9.244,0,0,0,0,,,,0,,0,0
2026-03-27T12:14:11.005,205.518720,REDETECT,0.036027,-0.076958,0.007898,0.534,9.244,0,0,0,0,,,,0,,0,0
2026-03-27T12:14:11.039,205.552529,REDETECT,0.036027,-0.076958,0.007898,0.534,9.248,0,0,0,0,,,,0,,0,0
2026-03-27T12:14:11.100,205.613853,REDETECT,0.036027,-0.076958,0.007898,0.534,9.241,0,0,0,0,,,,0,,0,0
2026-03-27T12:14:11.169,205.681960,REDETECT,0.036027,-0.076958,0.007898,0.534,9.237,0,0,0,0,,,,0,,0,0
2026-03-27T12:14:11.237,205.749932,REDETECT,0.036027,-0.076958,0.007898,0.534,9.231,0,0,0,0,,,,0,,0,0
2026-03-27T12:14:11.270,205.783845,REDETECT,0.036027,-0.076958,0.007898,0.534,9.233,0,0,0,0,,,,0,,0,0
2026-03-27T12:14:11.313,205.826830,REDETECT,0.036027,-0.076958,0.007898,0.534,9.233,0,0,0,0,,,,0,,0,0
2026-03-27T12:14:11.375,205.888607,REDETECT,0.036027,-0.076958,0.007898,0.534,9.232,0,0,0,0,,,,0,,0,0
2026-03-27T12:14:11.437,205.950347,REDETECT,0.036027,-0.076958,0.007898,0.534,9.228,0,0,0,0,,,,0,,0,0
2026-03-27T12:14:11.500,206.012974,REDETECT,0.036027,-0.076958,0.007898,0.534,9.226,0,0,0,0,,,,0,,0,0
2026-03-27T12:14:11.533,206.046483,REDETECT,0.036027,-0.076958,0.007898,0.534,9.226,0,0,0,0,,,,0,,0,0
2026-03-27T12:14:11.570,206.083001,REDETECT,0.036027,-0.076958,0.007898,0.534,9.224,0,0,0,0,,,,0,,0,0
2026-03-27T12:14:11.604,206.117857,REDETECT,0.036027,-0.076958,0.007898,0.534,9.219,0,0,0,0,,,,0,,0,0
2026-03-27T12:14:11.640,206.152989,REDETECT,0.036027,-0.076958,0.007898,0.534,9.219,0,0,0,0,,,,0,,0,0
2026-03-27T12:14:11.704,206.217717,REDETECT,0.036027,-0.076958,0.007898,0.534,9.227,0,0,0,0,,,,0,,0,0
2026-03-27T12:14:11.773,206.286470,REDETECT,0.036027,-0.076958,0.007898,0.534,9.223,0,0,0,0,,,,0,,0,0
2026-03-27T12:14:11.833,206.346665,REDETECT,0.036027,-0.076958,0.007898,0.534,9.222,0,0,0,0,,,,0,,0,0
2026-03-27T12:14:11.876,206.389261,REDETECT,0.036027,-0.076958,0.007898,0.534,9.228,0,0,0,0,,,,0,,0,0
2026-03-27T12:14:11.919,206.432260,REDETECT,0.036027,-0.076958,0.007898,0.534,9.225,0,0,0,0,,,,0,,0,0
2026-03-27T12:14:11.974,206.487833,REDETECT,0.036027,-0.076958,0.007898,0.534,9.213,0,0,0,0,,,,0,,0,0
2026-03-27T12:14:12.034,206.547019,REDETECT,0.036027,-0.076958,0.007898,0.534,9.216,0,0,0,0,,,,0,,0,0
2026-03-27T12:14:12.070,206.583575,REDETECT,0.036027,-0.076958,0.007898,0.534,9.225,0,0,0,0,,,,0,,0,0
2026-03-27T12:14:12.134,206.646949,REDETECT,0.036027,-0.076958,0.007898,0.534,9.223,0,0,0,0,,,,0,,0,0
2026-03-27T12:14:12.172,206.684939,REDETECT,0.036027,-0.076958,0.007898,0.534,9.211,0,0,0,0,,,,0,,0,0
2026-03-27T12:14:12.236,206.749243,REDETECT,0.036027,-0.076958,0.007898,0.534,9.209,0,0,0,0,,,,0,,0,0
2026-03-27T12:14:12.272,206.785000,REDETECT,0.036027,-0.076958,0.007898,0.534,9.214,0,0,0,0,,,,0,,0,0
2026-03-27T12:14:12.309,206.821964,REDETECT,0.036027,-0.076958,0.007898,0.534,9.212,0,0,0,0,,,,0,,0,0
2026-03-27T12:14:12.376,206.888982,REDETECT,0.036027,-0.076958,0.007898,0.534,9.205,0,0,0,0,,,,0,,0,0
2026-03-27T12:14:12.437,206.950278,REDETECT,0.036027,-0.076958,0.007898,0.534,9.211,0,0,0,0,,,,0,,0,0
2026-03-27T12:14:12.472,206.985693,REDETECT,0.036027,-0.076958,0.007898,0.534,9.211,0,0,0,0,,,,0,,0,0
2026-03-27T12:14:12.535,207.048107,REDETECT,0.036027,-0.076958,0.007898,0.534,9.203,0,0,0,0,,,,0,,0,0
2026-03-27T12:14:12.570,207.083088,REDETECT,0.036027,-0.076958,0.007898,0.534,9.201,0,0,0,0,,,,0,,0,0
2026-03-27T12:14:12.634,207.147540,REDETECT,0.036027,-0.076958,0.007898,0.534,9.199,0,0,0,0,,,,0,,0,0
2026-03-27T12:14:12.671,207.183909,REDETECT,0.036027,-0.076958,0.007898,0.534,9.201,0,0,0,0,,,,0,,0,0
2026-03-27T12:14:12.732,207.245391,REDETECT,0.036027,-0.076958,0.007898,0.534,9.198,0,0,0,0,,,,0,,0,0
2026-03-27T12:14:12.799,207.312095,REDETECT,0.036027,-0.076958,0.007898,0.534,9.193,0,0,0,0,,,,0,,0,0
2026-03-27T12:14:12.866,207.379122,REDETECT,0.036027,-0.076958,0.007898,0.534,9.195,0,0,0,0,,,,0,,0,0
2026-03-27T12:14:12.933,207.446022,REDETECT,0.036027,-0.076958,0.007898,0.534,9.185,0,0,0,0,,,,0,,0,0
2026-03-27T12:14:12.998,207.511816,REDETECT,0.036027,-0.076958,0.007898,0.534,9.183,0,0,0,0,,,,0,,0,0
2026-03-27T12:14:13.032,207.545453,REDETECT,0.036027,-0.076958,0.007898,0.534,9.185,0,0,0,0,,,,0,,0,0
2026-03-27T12:14:13.066,207.579324,REDETECT,0.036027,-0.076958,0.007898,0.534,9.183,0,0,0,0,,,,0,,0,0
2026-03-27T12:14:13.132,207.645704,REDETECT,0.036027,-0.076958,0.007898,0.534,9.175,0,0,0,0,,,,0,,0,0
2026-03-27T12:14:13.199,207.712357,REDETECT,0.036027,-0.076958,0.007898,0.534,9.173,0,0,0,0,,,,0,,0,0
2026-03-27T12:14:13.233,207.746102,REDETECT,0.036027,-0.076958,0.007898,0.534,9.175,0,0,0,0,,,,0,,0,0
2026-03-27T12:14:13.304,207.817487,REDETECT,0.036027,-0.076958,0.007898,0.534,9.177,0,0,0,0,,,,0,,0,0
2026-03-27T12:14:13.365,207.878819,REDETECT,0.036027,-0.076958,0.007898,0.534,9.175,0,0,0,0,,,,0,,0,0
2026-03-27T12:14:13.432,207.944995,REDETECT,0.036027,-0.076958,0.007898,0.534,9.177,0,0,0,0,,,,0,,0,0
2026-03-27T12:14:13.498,208.011451,REDETECT,0.036027,-0.076958,0.007898,0.534,9.173,0,0,0,0,,,,0,,0,0
2026-03-27T12:14:13.533,208.046161,REDETECT,0.036027,-0.076958,0.007898,0.534,9.173,0,0,0,0,,,,0,,0,0
2026-03-27T12:14:13.569,208.081979,REDETECT,0.036027,-0.076958,0.007898,0.534,9.175,0,0,0,0,,,,0,,0,0
2026-03-27T12:14:13.632,208.145780,REDETECT,0.036027,-0.076958,0.007898,0.534,9.175,0,0,0,0,,,,0,,0,0
2026-03-27T12:14:13.668,208.181882,REDETECT,0.036027,-0.076958,0.007898,0.534,9.177,0,0,0,0,,,,0,,0,0
2026-03-27T12:14:13.702,208.215503,REDETECT,0.036027,-0.076958,0.007898,0.534,9.173,0,0,0,0,,,,0,,0,0
2026-03-27T12:14:13.768,208.280910,REDETECT,0.036027,-0.076958,0.007898,0.534,9.177,0,0,0,0,,,,0,,0,0
2026-03-27T12:14:13.833,208.346220,REDETECT,0.036027,-0.076958,0.007898,0.534,9.175,0,0,0,0,,,,0,,0,0
2026-03-27T12:14:13.870,208.383568,REDETECT,0.036027,-0.076958,0.007898,0.534,9.173,0,0,0,0,,,,0,,0,0
2026-03-27T12:14:13.933,208.446095,REDETECT,0.036027,-0.076958,0.007898,0.534,9.171,0,0,0,0,,,,0,,0,0
2026-03-27T12:14:13.968,208.481843,REDETECT,0.036027,-0.076958,0.007898,0.534,9.169,0,0,0,0,,,,0,,0,0
2026-03-27T12:14:14.033,208.546660,REDETECT,0.036027,-0.076958,0.007898,0.534,9.161,0,0,0,0,,,,0,,0,0
2026-03-27T12:14:14.067,208.580649,REDETECT,0.036027,-0.076958,0.007898,0.534,9.159,0,0,0,0,,,,0,,0,0
2026-03-27T12:14:14.134,208.647254,REDETECT,0.036027,-0.076958,0.007898,0.534,9.151,0,0,0,0,,,,0,,0,0
2026-03-27T12:14:14.170,208.683460,REDETECT,0.036027,-0.076958,0.007898,0.534,9.151,0,0,0,0,,,,0,,0,0
2026-03-27T12:14:14.235,208.748452,REDETECT,0.036027,-0.076958,0.007898,0.534,9.148,0,0,0,0,,,,0,,0,0
2026-03-27T12:14:14.269,208.781945,REDETECT,0.036027,-0.076958,0.007898,0.534,9.144,0,0,0,0,,,,0,,0,0
2026-03-27T12:14:14.334,208.846928,REDETECT,0.036027,-0.076958,0.007898,0.534,9.140,0,0,0,0,,,,0,,0,0
2026-03-27T12:14:14.368,208.881308,REDETECT,0.036027,-0.076958,0.007898,0.534,9.138,0,0,0,0,,,,0,,0,0
2026-03-27T12:14:14.402,208.915394,REDETECT,0.036027,-0.076958,0.007898,0.534,9.140,0,0,0,0,,,,0,,0,0
2026-03-27T12:14:14.437,208.950393,REDETECT,0.036027,-0.076958,0.007898,0.534,9.142,0,0,0,0,,,,0,,0,0
2026-03-27T12:14:14.472,208.985340,REDETECT,0.036027,-0.076958,0.007898,0.534,9.142,0,0,0,0,,,,0,,0,0
2026-03-27T12:14:14.535,209.048257,REDETECT,0.036027,-0.076958,0.007898,0.534,9.137,0,0,0,0,,,,0,,0,0
2026-03-27T12:14:14.572,209.084970,REDETECT,0.036027,-0.076958,0.007898,0.534,9.139,0,0,0,0,,,,0,,0,0
2026-03-27T12:14:14.636,209.149055,REDETECT,0.036027,-0.076958,0.007898,0.534,9.139,0,0,0,0,,,,0,,0,0
2026-03-27T12:14:14.670,209.183507,REDETECT,0.036027,-0.076958,0.007898,0.534,9.139,0,0,0,0,,,,0,,0,0
2026-03-27T12:14:14.705,209.218352,REDETECT,0.036027,-0.076958,0.007898,0.534,9.133,0,0,0,0,,,,0,,0,0
2026-03-27T12:14:14.772,209.285041,REDETECT,0.036027,-0.076958,0.007898,0.534,9.127,0,0,0,0,,,,0,,0,0
2026-03-27T12:14:14.834,209.347586,REDETECT,0.036027,-0.076958,0.007898,0.534,9.121,0,0,0,0,,,,0,,0,0
2026-03-27T12:14:14.874,209.387458,REDETECT,0.036027,-0.076958,0.007898,0.534,9.124,0,0,0,0,,,,0,,0,0
2026-03-27T12:14:14.941,209.454182,REDETECT,0.036027,-0.076958,0.007898,0.534,9.124,0,0,0,0,,,,0,,0,0
2026-03-27T12:14:14.974,209.487883,REDETECT,0.036027,-0.076958,0.007898,0.534,9.124,0,0,0,0,,,,0,,0,0
2026-03-27T12:14:15.032,209.545384,REDETECT,0.036027,-0.076958,0.007898,0.534,9.119,0,0,0,0,,,,0,,0,0
2026-03-27T12:14:15.087,209.600485,REDETECT,0.036027,-0.076958,0.007898,0.534,9.119,0,0,0,0,,,,0,,0,0
2026-03-27T12:14:15.139,209.652110,REDETECT,0.036027,-0.076958,0.007898,0.534,9.120,0,0,0,0,,,,0,,0,0
2026-03-27T12:14:15.173,209.686077,REDETECT,0.036027,-0.076958,0.007898,0.534,9.122,0,0,0,0,,,,0,,0,0
2026-03-27T12:14:15.234,209.747430,REDETECT,0.036027,-0.076958,0.007898,0.534,9.118,0,0,0,0,,,,0,,0,0
2026-03-27T12:14:15.270,209.783768,REDETECT,0.036027,-0.076958,0.007898,0.534,9.118,0,0,0,0,,,,0,,0,0
2026-03-27T12:14:15.334,209.847631,REDETECT,0.036027,-0.076958,0.007898,0.534,9.114,0,0,0,0,,,,0,,0,0
2026-03-27T12:14:15.369,209.882147,REDETECT,0.036027,-0.076958,0.007898,0.534,9.112,0,0,0,0,,,,0,,0,0
2026-03-27T12:14:15.436,209.949127,REDETECT,0.036027,-0.076958,0.007898,0.534,9.112,0,0,0,0,,,,0,,0,0
2026-03-27T12:14:15.471,209.984065,REDETECT,0.036027,-0.076958,0.007898,0.534,9.118,0,0,0,0,,,,0,,0,0
2026-03-27T12:14:15.507,210.020785,REDETECT,0.036027,-0.076958,0.007898,0.534,9.116,0,0,0,0,,,,0,,0,0
2026-03-27T12:14:15.570,210.083431,REDETECT,0.036027,-0.076958,0.007898,0.534,9.108,0,0,0,0,,,,0,,0,0
2026-03-27T12:14:15.636,210.148921,REDETECT,0.036027,-0.076958,0.007898,0.534,9.111,0,0,0,0,,,,0,,0,0
2026-03-27T12:14:15.672,210.185239,REDETECT,0.036027,-0.076958,0.007898,0.534,9.115,0,0,0,0,,,,0,,0,0
2026-03-27T12:14:15.737,210.250098,REDETECT,0.036027,-0.076958,0.007898,0.534,9.113,0,0,0,0,,,,0,,0,0
2026-03-27T12:14:15.800,210.313711,REDETECT,0.036027,-0.076958,0.007898,0.534,9.109,0,0,0,0,,,,0,,0,0
2026-03-27T12:14:15.835,210.348372,REDETECT,0.036027,-0.076958,0.007898,0.534,9.107,0,0,0,0,,,,0,,0,0
2026-03-27T12:14:15.871,210.383905,REDETECT,0.036027,-0.076958,0.007898,0.534,9.105,0,0,0,0,,,,0,,0,0
2026-03-27T12:14:15.907,210.420128,REDETECT,0.036027,-0.076958,0.007898,0.534,9.101,0,0,0,0,,,,0,,0,0
2026-03-27T12:14:15.969,210.481907,REDETECT,0.036027,-0.076958,0.007898,0.534,9.093,0,0,0,0,,,,0,,0,0
2026-03-27T12:14:16.002,210.515283,REDETECT,0.036027,-0.076958,0.007898,0.534,9.097,0,0,0,0,,,,0,,0,0
2026-03-27T12:14:16.069,210.582067,REDETECT,0.036027,-0.076958,0.007898,0.534,9.097,0,0,0,0,,,,0,,0,0
2026-03-27T12:14:16.133,210.646869,REDETECT,0.036027,-0.076958,0.007898,0.534,9.093,0,0,0,0,,,,0,,0,0
2026-03-27T12:14:16.170,210.683286,REDETECT,0.036027,-0.076958,0.007898,0.534,9.095,0,0,0,0,,,,0,,0,0
2026-03-27T12:14:16.233,210.746728,REDETECT,0.036027,-0.076958,0.007898,0.534,9.095,0,0,0,0,,,,0,,0,0
2026-03-27T12:14:16.270,210.783178,REDETECT,0.036027,-0.076958,0.007898,0.534,9.093,0,0,0,0,,,,0,,0,0
2026-03-27T12:14:16.333,210.846582,REDETECT,0.036027,-0.076958,0.007898,0.534,9.085,0,0,0,0,,,,0,,0,0
2026-03-27T12:14:16.369,210.881998,REDETECT,0.036027,-0.076958,0.007898,0.534,9.083,0,0,0,0,,,,0,,0,0
2026-03-27T12:14:16.437,210.950043,REDETECT,0.036027,-0.076958,0.007898,0.534,9.078,0,0,0,0,,,,0,,0,0
2026-03-27T12:14:16.470,210.983613,REDETECT,0.036027,-0.076958,0.007898,0.534,9.072,0,0,0,0,,,,0,,0,0
2026-03-27T12:14:16.533,211.046531,REDETECT,0.036027,-0.076958,0.007898,0.534,9.068,0,0,0,0,,,,0,,0,0
2026-03-27T12:14:16.570,211.083351,REDETECT,0.036027,-0.076958,0.007898,0.534,9.071,0,0,0,0,,,,0,,0,0
2026-03-27T12:14:16.633,211.146059,REDETECT,0.036027,-0.076958,0.007898,0.534,9.071,0,0,0,0,,,,0,,0,0
2026-03-27T12:14:16.669,211.181917,REDETECT,0.036027,-0.076958,0.007898,0.534,9.064,0,0,0,0,,,,0,,0,0
2026-03-27T12:14:16.704,211.217082,REDETECT,0.036027,-0.076958,0.007898,0.534,9.062,0,0,0,0,,,,0,,0,0
2026-03-27T12:14:16.768,211.281094,REDETECT,0.036027,-0.076958,0.007898,0.534,9.060,0,0,0,0,,,,0,,0,0
2026-03-27T12:14:16.834,211.347063,REDETECT,0.036027,-0.076958,0.007898,0.534,9.062,0,0,0,0,,,,0,,0,0
2026-03-27T12:14:16.870,211.383226,REDETECT,0.036027,-0.076958,0.007898,0.534,9.064,0,0,0,0,,,,0,,0,0
2026-03-27T12:14:16.913,211.426509,REDETECT,0.036027,-0.076958,0.007898,0.534,9.062,0,0,0,0,,,,0,,0,0
2026-03-27T12:14:16.970,211.483419,REDETECT,0.036027,-0.076958,0.007898,0.534,9.062,0,0,0,0,,,,0,,0,0
2026-03-27T12:14:17.033,211.546617,REDETECT,0.036027,-0.076958,0.007898,0.534,9.064,0,0,0,0,,,,0,,0,0
2026-03-27T12:14:17.068,211.581073,REDETECT,0.036027,-0.076958,0.007898,0.534,9.064,0,0,0,0,,,,0,,0,0
2026-03-27T12:14:17.141,211.654392,REDETECT,0.036027,-0.076958,0.007898,0.534,9.060,0,0,0,0,,,,0,,0,0
2026-03-27T12:14:17.200,211.713743,REDETECT,0.036027,-0.076958,0.007898,0.534,9.056,0,0,0,0,,,,0,,0,0
2026-03-27T12:14:17.234,211.747088,REDETECT,0.036027,-0.076958,0.007898,0.534,9.056,0,0,0,0,,,,0,,0,0
2026-03-27T12:14:17.268,211.781901,REDETECT,0.036027,-0.076958,0.007898,0.534,9.054,0,0,0,0,,,,0,,0,0
2026-03-27T12:14:17.333,211.846389,REDETECT,0.036027,-0.076958,0.007898,0.534,9.058,0,0,0,0,,,,0,,0,0
2026-03-27T12:14:17.383,211.896316,REDETECT,0.036027,-0.076958,0.007898,0.534,9.055,0,0,0,0,,,,0,,0,0
2026-03-27T12:14:17.433,211.946695,REDETECT,0.036027,-0.076958,0.007898,0.534,9.047,0,0,0,0,,,,0,,0,0
2026-03-27T12:14:17.470,211.983845,REDETECT,0.036027,-0.076958,0.007898,0.534,9.042,0,0,0,0,,,,0,,0,0
2026-03-27T12:14:17.507,212.020757,REDETECT,0.036027,-0.076958,0.007898,0.534,9.045,0,0,0,0,,,,0,,0,0
2026-03-27T12:14:17.571,212.084868,REDETECT,0.036027,-0.076958,0.007898,0.534,9.043,0,0,0,0,,,,0,,0,0
2026-03-27T12:14:17.635,212.148142,REDETECT,0.036027,-0.076958,0.007898,0.534,9.035,0,0,0,0,,,,0,,0,0
2026-03-27T12:14:17.670,212.183119,REDETECT,0.036027,-0.076958,0.007898,0.534,9.039,0,0,0,0,,,,0,,0,0
2026-03-27T12:14:17.735,212.248111,REDETECT,0.036027,-0.076958,0.007898,0.534,9.045,0,0,0,0,,,,0,,0,0
2026-03-27T12:14:17.802,212.315084,REDETECT,0.036027,-0.076958,0.007898,0.534,9.031,0,0,0,0,,,,0,,0,0
2026-03-27T12:14:17.870,212.383850,REDETECT,0.036027,-0.076958,0.007898,0.534,9.040,0,0,0,0,,,,0,,0,0
2026-03-27T12:14:17.940,212.453007,REDETECT,0.036027,-0.076958,0.007898,0.534,9.037,0,0,0,0,,,,0,,0,0
2026-03-27T12:14:18.000,212.513438,REDETECT,0.036027,-0.076958,0.007898,0.534,9.022,0,0,0,0,,,,0,,0,0
2026-03-27T12:14:18.040,212.553605,REDETECT,0.036027,-0.076958,0.007898,0.534,9.022,0,0,0,0,,,,0,,0,0
2026-03-27T12:14:18.101,212.614632,REDETECT,0.036027,-0.076958,0.007898,0.534,9.027,0,0,0,0,,,,0,,0,0
2026-03-27T12:14:18.170,212.683602,REDETECT,0.036027,-0.076958,0.007898,0.534,9.023,0,0,0,0,,,,0,,0,0
2026-03-27T12:14:18.234,212.746986,REDETECT,0.036027,-0.076958,0.007898,0.534,9.017,0,0,0,0,,,,0,,0,0
2026-03-27T12:14:18.270,212.783373,REDETECT,0.036027,-0.076958,0.007898,0.534,9.023,0,0,0,0,,,,0,,0,0
2026-03-27T12:14:18.333,212.846542,REDETECT,0.036027,-0.076958,0.007898,0.534,9.023,0,0,0,0,,,,0,,0,0
2026-03-27T12:14:18.369,212.881962,REDETECT,0.036027,-0.076958,0.007898,0.534,9.017,0,0,0,0,,,,0,,0,0
2026-03-27T12:14:18.402,212.915688,REDETECT,0.036027,-0.076958,0.007898,0.534,9.015,0,0,0,0,,,,0,,0,0
2026-03-27T12:14:18.482,212.995733,REDETECT,0.036027,-0.076958,0.007898,0.534,9.017,0,0,0,0,,,,0,,0,0
2026-03-27T12:14:18.537,213.050474,REDETECT,0.036027,-0.076958,0.007898,0.534,9.007,0,0,0,0,,,,0,,0,0
2026-03-27T12:14:18.571,213.084351,REDETECT,0.036027,-0.076958,0.007898,0.534,9.001,0,0,0,0,,,,0,,0,0
2026-03-27T12:14:18.634,213.147711,REDETECT,0.036027,-0.076958,0.007898,0.534,8.997,0,0,0,0,,,,0,,0,0
2026-03-27T12:14:18.670,213.183758,REDETECT,0.036027,-0.076958,0.007898,0.534,9.000,0,0,0,0,,,,0,,0,0
2026-03-27T12:14:18.733,213.246490,REDETECT,0.036027,-0.076958,0.007898,0.534,8.992,0,0,0,0,,,,0,,0,0
2026-03-27T12:14:18.768,213.281886,REDETECT,0.036027,-0.076958,0.007898,0.534,8.983,0,0,0,0,,,,0,,0,0
2026-03-27T12:14:18.834,213.347158,REDETECT,0.036027,-0.076958,0.007898,0.534,8.985,0,0,0,0,,,,0,,0,0
2026-03-27T12:14:18.867,213.380697,REDETECT,0.036027,-0.076958,0.007898,0.534,8.989,0,0,0,0,,,,0,,0,0
2026-03-27T12:14:18.933,213.446168,REDETECT,0.036027,-0.076958,0.007898,0.534,8.981,0,0,0,0,,,,0,,0,0
2026-03-27T12:14:18.968,213.481348,REDETECT,0.036027,-0.076958,0.007898,0.534,8.977,0,0,0,0,,,,0,,0,0
2026-03-27T12:14:19.032,213.545898,REDETECT,0.036027,-0.076958,0.007898,0.534,8.981,0,0,0,0,,,,0,,0,0
2026-03-27T12:14:19.068,213.581798,REDETECT,0.036027,-0.076958,0.007898,0.534,8.979,0,0,0,0,,,,0,,0,0
2026-03-27T12:14:19.102,213.615512,REDETECT,0.036027,-0.076958,0.007898,0.534,8.979,0,0,0,0,,,,0,,0,0
2026-03-27T12:14:19.170,213.683453,REDETECT,0.036027,-0.076958,0.007898,0.534,8.969,0,0,0,0,,,,0,,0,0
2026-03-27T12:14:19.233,213.745962,REDETECT,0.036027,-0.076958,0.007898,0.534,8.967,0,0,0,0,,,,0,,0,0
2026-03-27T12:14:19.270,213.783349,REDETECT,0.036027,-0.076958,0.007898,0.534,8.965,0,0,0,0,,,,0,,0,0
2026-03-27T12:14:19.333,213.846205,REDETECT,0.036027,-0.076958,0.007898,0.534,8.957,0,0,0,0,,,,0,,0,0
2026-03-27T12:14:19.370,213.883167,REDETECT,0.036027,-0.076958,0.007898,0.534,8.961,0,0,0,0,,,,0,,0,0
2026-03-27T12:14:19.432,213.945711,REDETECT,0.036027,-0.076958,0.007898,0.534,8.963,0,0,0,0,,,,0,,0,0
2026-03-27T12:14:19.475,213.987972,REDETECT,0.036027,-0.076958,0.007898,0.534,8.958,0,0,0,0,,,,0,,0,0
2026-03-27T12:14:19.537,214.050696,REDETECT,0.036027,-0.076958,0.007898,0.534,8.955,0,0,0,0,,,,0,,0,0
2026-03-27T12:14:19.583,214.096005,REDETECT,0.036027,-0.076958,0.007898,0.534,8.952,0,0,0,0,,,,0,,0,0
2026-03-27T12:14:19.619,214.132241,REDETECT,0.036027,-0.076958,0.007898,0.534,8.952,0,0,0,0,,,,0,,0,0
2026-03-27T12:14:19.669,214.182742,REDETECT,0.036027,-0.076958,0.007898,0.534,8.955,0,0,0,0,,,,0,,0,0
2026-03-27T12:14:19.704,214.217333,REDETECT,0.036027,-0.076958,0.007898,0.534,8.950,0,0,0,0,,,,0,,0,0
2026-03-27T12:14:19.769,214.282623,REDETECT,0.036027,-0.076958,0.007898,0.534,8.950,0,0,0,0,,,,0,,0,0
2026-03-27T12:14:19.834,214.347163,REDETECT,0.036027,-0.076958,0.007898,0.534,8.958,0,0,0,0,,,,0,,0,0
2026-03-27T12:14:19.875,214.388158,REDETECT,0.036027,-0.076958,0.007898,0.534,8.953,0,0,0,0,,,,0,,0,0
2026-03-27T12:14:19.937,214.450890,REDETECT,0.036027,-0.076958,0.007898,0.534,8.952,0,0,0,0,,,,0,,0,0
2026-03-27T12:14:19.971,214.484749,REDETECT,0.036027,-0.076958,0.007898,0.534,8.947,0,0,0,0,,,,0,,0,0
2026-03-27T12:14:20.036,214.548910,REDETECT,0.036027,-0.076958,0.007898,0.534,8.944,0,0,0,0,,,,0,,0,0
2026-03-27T12:14:20.072,214.585394,REDETECT,0.036027,-0.076958,0.007898,0.534,8.942,0,0,0,0,,,,0,,0,0
2026-03-27T12:14:20.137,214.650653,REDETECT,0.036027,-0.076958,0.007898,0.534,8.940,0,0,0,0,,,,0,,0,0
2026-03-27T12:14:20.171,214.684791,REDETECT,0.036027,-0.076958,0.007898,0.534,8.938,0,0,0,0,,,,0,,0,0
2026-03-27T12:14:20.205,214.718191,REDETECT,0.036027,-0.076958,0.007898,0.534,8.936,0,0,0,0,,,,0,,0,0
2026-03-27T12:14:20.272,214.785345,REDETECT,0.036027,-0.076958,0.007898,0.534,8.935,0,0,0,0,,,,0,,0,0
2026-03-27T12:14:20.335,214.848173,REDETECT,0.036027,-0.076958,0.007898,0.534,8.945,0,0,0,0,,,,0,,0,0
2026-03-27T12:14:20.373,214.886276,REDETECT,0.036027,-0.076958,0.007898,0.534,8.943,0,0,0,0,,,,0,,0,0
2026-03-27T12:14:20.435,214.947925,REDETECT,0.036027,-0.076958,0.007898,0.534,8.933,0,0,0,0,,,,0,,0,0
2026-03-27T12:14:20.470,214.982961,REDETECT,0.036027,-0.076958,0.007898,0.534,8.935,0,0,0,0,,,,0,,0,0
2026-03-27T12:14:20.503,215.016436,REDETECT,0.036027,-0.076958,0.007898,0.534,8.939,0,0,0,0,,,,0,,0,0
2026-03-27T12:14:20.572,215.084969,REDETECT,0.036027,-0.076958,0.007898,0.534,8.946,0,0,0,0,,,,0,,0,0
2026-03-27T12:14:20.636,215.149014,REDETECT,0.036027,-0.076958,0.007898,0.534,8.941,0,0,0,0,,,,0,,0,0
2026-03-27T12:14:20.674,215.187627,REDETECT,0.036027,-0.076958,0.007898,0.534,8.937,0,0,0,0,,,,0,,0,0
2026-03-27T12:14:20.716,215.229113,REDETECT,0.036027,-0.076958,0.007898,0.534,8.939,0,0,0,0,,,,0,,0,0
2026-03-27T12:14:20.770,215.283425,REDETECT,0.036027,-0.076958,0.007898,0.534,8.938,0,0,0,0,,,,0,,0,0
2026-03-27T12:14:20.808,215.321796,REDETECT,0.036027,-0.076958,0.007898,0.534,8.938,0,0,0,0,,,,0,,0,0
2026-03-27T12:14:20.872,215.385201,REDETECT,0.036027,-0.076958,0.007898,0.534,8.937,0,0,0,0,,,,0,,0,0
2026-03-27T12:14:20.907,215.420523,REDETECT,0.036027,-0.076958,0.007898,0.534,8.932,0,0,0,0,,,,0,,0,0
2026-03-27T12:14:20.972,215.485361,REDETECT,0.036027,-0.076958,0.007898,0.534,8.922,0,0,0,0,,,,0,,0,0
2026-03-27T12:14:21.036,215.549191,REDETECT,0.036027,-0.076958,0.007898,0.534,8.920,0,0,0,0,,,,0,,0,0
2026-03-27T12:14:21.070,215.582964,REDETECT,0.036027,-0.076958,0.007898,0.534,8.916,0,0,0,0,,,,0,,0,0
2026-03-27T12:14:21.133,215.646838,REDETECT,0.036027,-0.076958,0.007898,0.534,8.912,0,0,0,0,,,,0,,0,0
2026-03-27T12:14:21.169,215.682863,REDETECT,0.036027,-0.076958,0.007898,0.534,8.910,0,0,0,0,,,,0,,0,0
2026-03-27T12:14:21.203,215.716577,REDETECT,0.036027,-0.076958,0.007898,0.534,8.908,0,0,0,0,,,,0,,0,0
2026-03-27T12:14:21.270,215.783739,REDETECT,0.036027,-0.076958,0.007898,0.534,8.908,0,0,0,0,,,,0,,0,0
2026-03-27T12:14:21.334,215.847040,REDETECT,0.036027,-0.076958,0.007898,0.534,8.902,0,0,0,0,,,,0,,0,0
2026-03-27T12:14:21.369,215.882625,REDETECT,0.036027,-0.076958,0.007898,0.534,8.900,0,0,0,0,,,,0,,0,0
2026-03-27T12:14:21.434,215.946966,REDETECT,0.036027,-0.076958,0.007898,0.534,8.898,0,0,0,0,,,,0,,0,0
2026-03-27T12:14:21.468,215.981797,REDETECT,0.036027,-0.076958,0.007898,0.534,8.896,0,0,0,0,,,,0,,0,0
2026-03-27T12:14:21.534,216.046969,REDETECT,0.036027,-0.076958,0.007898,0.534,8.896,0,0,0,0,,,,0,,0,0
2026-03-27T12:14:21.570,216.083307,REDETECT,0.036027,-0.076958,0.007898,0.534,8.894,0,0,0,0,,,,0,,0,0
2026-03-27T12:14:21.634,216.146905,REDETECT,0.036027,-0.076958,0.007898,0.534,8.890,0,0,0,0,,,,0,,0,0
2026-03-27T12:14:21.668,216.181330,REDETECT,0.036027,-0.076958,0.007898,0.534,8.890,0,0,0,0,,,,0,,0,0
2026-03-27T12:14:21.733,216.246870,REDETECT,0.036027,-0.076958,0.007898,0.534,8.888,0,0,0,0,,,,0,,0,0
2026-03-27T12:14:21.768,216.281695,REDETECT,0.036027,-0.076958,0.007898,0.534,8.890,0,0,0,0,,,,0,,0,0
2026-03-27T12:14:21.833,216.346754,REDETECT,0.036027,-0.076958,0.007898,0.534,8.888,0,0,0,0,,,,0,,0,0
2026-03-27T12:14:21.870,216.382972,REDETECT,0.036027,-0.076958,0.007898,0.534,8.886,0,0,0,0,,,,0,,0,0
2026-03-27T12:14:21.935,216.448387,REDETECT,0.036027,-0.076958,0.007898,0.534,8.882,0,0,0,0,,,,0,,0,0
2026-03-27T12:14:21.969,216.482750,REDETECT,0.036027,-0.076958,0.007898,0.534,8.878,0,0,0,0,,,,0,,0,0
2026-03-27T12:14:22.005,216.518016,REDETECT,0.036027,-0.076958,0.007898,0.534,8.876,0,0,0,0,,,,0,,0,0
2026-03-27T12:14:22.070,216.583430,REDETECT,0.036027,-0.076958,0.007898,0.534,8.871,0,0,0,0,,,,0,,0,0
2026-03-27T12:14:22.133,216.646494,REDETECT,0.036027,-0.076958,0.007898,0.534,8.875,0,0,0,0,,,,0,,0,0
2026-03-27T12:14:22.171,216.684136,REDETECT,0.036027,-0.076958,0.007898,0.534,8.873,0,0,0,0,,,,0,,0,0
2026-03-27T12:14:22.234,216.747131,REDETECT,0.036027,-0.076958,0.007898,0.534,8.871,0,0,0,0,,,,0,,0,0
2026-03-27T12:14:22.269,216.782043,REDETECT,0.036027,-0.076958,0.007898,0.534,8.867,0,0,0,0,,,,0,,0,0
2026-03-27T12:14:22.334,216.846967,REDETECT,0.036027,-0.076958,0.007898,0.534,8.869,0,0,0,0,,,,0,,0,0
2026-03-27T12:14:22.373,216.886448,REDETECT,0.036027,-0.076958,0.007898,0.534,8.874,0,0,0,0,,,,0,,0,0
2026-03-27T12:14:22.437,216.950892,REDETECT,0.036027,-0.076958,0.007898,0.534,8.865,0,0,0,0,,,,0,,0,0
2026-03-27T12:14:22.500,217.013542,REDETECT,0.036027,-0.076958,0.007898,0.534,8.865,0,0,0,0,,,,0,,0,0
2026-03-27T12:14:22.570,217.083191,REDETECT,0.036027,-0.076958,0.007898,0.534,8.865,0,0,0,0,,,,0,,0,0
2026-03-27T12:14:22.633,217.146633,REDETECT,0.036027,-0.076958,0.007898,0.534,8.861,0,0,0,0,,,,0,,0,0
2026-03-27T12:14:22.668,217.181388,REDETECT,0.036027,-0.076958,0.007898,0.534,8.865,0,0,0,0,,,,0,,0,0
2026-03-27T12:14:22.703,217.216421,REDETECT,0.036027,-0.076958,0.007898,0.534,8.861,0,0,0,0,,,,0,,0,0
2026-03-27T12:14:22.767,217.279978,REDETECT,0.036027,-0.076958,0.007898,0.534,8.859,0,0,0,0,,,,0,,0,0
2026-03-27T12:14:22.801,217.314181,REDETECT,0.036027,-0.076958,0.007898,0.534,8.855,0,0,0,0,,,,0,,0,0
2026-03-27T12:14:22.867,217.380029,REDETECT,0.036027,-0.076958,0.007898,0.534,8.849,0,0,0,0,,,,0,,0,0
2026-03-27T12:14:22.900,217.413401,REDETECT,0.036027,-0.076958,0.007898,0.534,8.849,0,0,0,0,,,,0,,0,0
2026-03-27T12:14:22.936,217.449446,REDETECT,0.036027,-0.076958,0.007898,0.534,8.849,0,0,0,0,,,,0,,0,0
2026-03-27T12:14:22.973,217.486162,REDETECT,0.036027,-0.076958,0.007898,0.534,8.847,0,0,0,0,,,,0,,0,0
2026-03-27T12:14:23.034,217.546997,REDETECT,0.036027,-0.076958,0.007898,0.534,8.841,0,0,0,0,,,,0,,0,0
2026-03-27T12:14:23.070,217.583711,REDETECT,0.036027,-0.076958,0.007898,0.534,8.839,0,0,0,0,,,,0,,0,0
2026-03-27T12:14:23.133,217.646839,REDETECT,0.036027,-0.076958,0.007898,0.534,8.835,0,0,0,0,,,,0,,0,0
2026-03-27T12:14:23.168,217.681030,REDETECT,0.036027,-0.076958,0.007898,0.534,8.839,0,0,0,0,,,,0,,0,0
2026-03-27T12:14:23.238,217.751559,REDETECT,0.036027,-0.076958,0.007898,0.534,8.841,0,0,0,0,,,,0,,0,0
2026-03-27T12:14:23.273,217.786119,REDETECT,0.036027,-0.076958,0.007898,0.534,8.843,0,0,0,0,,,,0,,0,0
2026-03-27T12:14:23.313,217.826006,REDETECT,0.036027,-0.076958,0.007898,0.534,8.846,0,0,0,0,,,,0,,0,0
2026-03-27T12:14:23.368,217.881830,REDETECT,0.036027,-0.076958,0.007898,0.534,8.841,0,0,0,0,,,,0,,0,0
2026-03-27T12:14:23.436,217.949530,REDETECT,0.036027,-0.076958,0.007898,0.534,8.833,0,0,0,0,,,,0,,0,0
2026-03-27T12:14:23.470,217.983681,REDETECT,0.036027,-0.076958,0.007898,0.534,8.837,0,0,0,0,,,,0,,0,0
2026-03-27T12:14:23.534,218.047675,REDETECT,0.036027,-0.076958,0.007898,0.534,8.833,0,0,0,0,,,,0,,0,0
2026-03-27T12:14:23.569,218.081984,REDETECT,0.036027,-0.076958,0.007898,0.534,8.835,0,0,0,0,,,,0,,0,0
2026-03-27T12:14:23.634,218.147159,REDETECT,0.036027,-0.076958,0.007898,0.534,8.831,0,0,0,0,,,,0,,0,0
2026-03-27T12:14:23.670,218.183578,REDETECT,0.036027,-0.076958,0.007898,0.534,8.829,0,0,0,0,,,,0,,0,0
2026-03-27T12:14:23.734,218.247487,REDETECT,0.036027,-0.076958,0.007898,0.534,8.831,0,0,0,0,,,,0,,0,0
2026-03-27T12:14:23.770,218.283377,REDETECT,0.036027,-0.076958,0.007898,0.534,8.836,0,0,0,0,,,,0,,0,0
2026-03-27T12:14:23.834,218.347434,REDETECT,0.036027,-0.076958,0.007898,0.534,8.836,0,0,0,0,,,,0,,0,0
2026-03-27T12:14:23.869,218.381912,REDETECT,0.036027,-0.076958,0.007898,0.534,8.833,0,0,0,0,,,,0,,0,0
2026-03-27T12:14:23.934,218.447377,REDETECT,0.036027,-0.076958,0.007898,0.534,8.819,0,0,0,0,,,,0,,0,0
2026-03-27T12:14:23.970,218.483279,REDETECT,0.036027,-0.076958,0.007898,0.534,8.830,0,0,0,0,,,,0,,0,0
2026-03-27T12:14:24.034,218.546938,REDETECT,0.036027,-0.076958,0.007898,0.534,8.826,0,0,0,0,,,,0,,0,0
2026-03-27T12:14:24.070,218.583763,REDETECT,0.036027,-0.076958,0.007898,0.534,8.822,0,0,0,0,,,,0,,0,0
2026-03-27T12:14:24.133,218.645964,REDETECT,0.036027,-0.076958,0.007898,0.534,8.827,0,0,0,0,,,,0,,0,0
2026-03-27T12:14:24.168,218.681823,REDETECT,0.036027,-0.076958,0.007898,0.534,8.827,0,0,0,0,,,,0,,0,0
2026-03-27T12:14:24.203,218.716419,REDETECT,0.036027,-0.076958,0.007898,0.534,8.830,0,0,0,0,,,,0,,0,0
2026-03-27T12:14:24.269,218.782848,REDETECT,0.036027,-0.076958,0.007898,0.534,8.819,0,0,0,0,,,,0,,0,0
2026-03-27T12:14:24.333,218.846665,REDETECT,0.036027,-0.076958,0.007898,0.534,8.811,0,0,0,0,,,,0,,0,0
2026-03-27T12:14:24.370,218.883422,REDETECT,0.036027,-0.076958,0.007898,0.534,8.813,0,0,0,0,,,,0,,0,0
2026-03-27T12:14:24.436,218.949478,REDETECT,0.036027,-0.076958,0.007898,0.534,8.811,0,0,0,0,,,,0,,0,0
2026-03-27T12:14:24.469,218.982858,REDETECT,0.036027,-0.076958,0.007898,0.534,8.811,0,0,0,0,,,,0,,0,0
2026-03-27T12:14:24.533,219.046852,REDETECT,0.036027,-0.076958,0.007898,0.534,8.811,0,0,0,0,,,,0,,0,0
2026-03-27T12:14:24.569,219.081914,REDETECT,0.036027,-0.076958,0.007898,0.534,8.813,0,0,0,0,,,,0,,0,0
2026-03-27T12:14:24.614,219.127616,REDETECT,0.036027,-0.076958,0.007898,0.534,8.811,0,0,0,0,,,,0,,0,0
2026-03-27T12:14:24.653,219.166818,REDETECT,0.036027,-0.076958,0.007898,0.534,8.808,0,0,0,0,,,,0,,0,0
2026-03-27T12:14:24.701,219.214008,REDETECT,0.036027,-0.076958,0.007898,0.534,8.813,0,0,0,0,,,,0,,0,0
2026-03-27T12:14:24.770,219.282944,REDETECT,0.036027,-0.076958,0.007898,0.534,8.809,0,0,0,0,,,,0,,0,0
2026-03-27T12:14:24.833,219.346031,REDETECT,0.036027,-0.076958,0.007898,0.534,8.807,0,0,0,0,,,,0,,0,0
2026-03-27T12:14:24.869,219.382191,REDETECT,0.036027,-0.076958,0.007898,0.534,8.807,0,0,0,0,,,,0,,0,0
2026-03-27T12:14:24.905,219.418509,REDETECT,0.036027,-0.076958,0.007898,0.534,8.807,0,0,0,0,,,,0,,0,0
2026-03-27T12:14:24.971,219.484606,REDETECT,0.036027,-0.076958,0.007898,0.534,8.807,0,0,0,0,,,,0,,0,0
2026-03-27T12:14:25.033,219.546534,REDETECT,0.036027,-0.076958,0.007898,0.534,8.804,0,0,0,0,,,,0,,0,0
2026-03-27T12:14:25.069,219.582130,REDETECT,0.036027,-0.076958,0.007898,0.534,8.801,0,0,0,0,,,,0,,0,0
2026-03-27T12:14:25.133,219.646351,REDETECT,0.036027,-0.076958,0.007898,0.534,8.801,0,0,0,0,,,,0,,0,0
2026-03-27T12:14:25.171,219.683978,REDETECT,0.036027,-0.076958,0.007898,0.534,8.797,0,0,0,0,,,,0,,0,0
2026-03-27T12:14:25.234,219.747877,REDETECT,0.036027,-0.076958,0.007898,0.534,8.793,0,0,0,0,,,,0,,0,0
2026-03-27T12:14:25.301,219.814082,REDETECT,0.036027,-0.076958,0.007898,0.534,8.791,0,0,0,0,,,,0,,0,0
2026-03-27T12:14:25.336,219.849605,REDETECT,0.036027,-0.076958,0.007898,0.534,8.795,0,0,0,0,,,,0,,0,0
2026-03-27T12:14:25.370,219.883405,REDETECT,0.036027,-0.076958,0.007898,0.534,8.791,0,0,0,0,,,,0,,0,0
2026-03-27T12:14:25.433,219.946203,REDETECT,0.036027,-0.076958,0.007898,0.534,8.791,0,0,0,0,,,,0,,0,0
2026-03-27T12:14:25.470,219.983243,REDETECT,0.036027,-0.076958,0.007898,0.534,8.791,0,0,0,0,,,,0,,0,0
2026-03-27T12:14:25.534,220.047086,REDETECT,0.036027,-0.076958,0.007898,0.534,8.789,0,0,0,0,,,,0,,0,0
2026-03-27T12:14:25.569,220.082143,REDETECT,0.036027,-0.076958,0.007898,0.534,8.782,0,0,0,0,,,,0,,0,0
2026-03-27T12:14:25.632,220.145646,REDETECT,0.036027,-0.076958,0.007898,0.534,8.786,0,0,0,0,,,,0,,0,0
2026-03-27T12:14:25.669,220.182651,REDETECT,0.036027,-0.076958,0.007898,0.534,8.788,0,0,0,0,,,,0,,0,0
2026-03-27T12:14:25.704,220.217697,REDETECT,0.036027,-0.076958,0.007898,0.534,8.786,0,0,0,0,,,,0,,0,0
2026-03-27T12:14:25.769,220.282544,REDETECT,0.036027,-0.076958,0.007898,0.534,8.777,0,0,0,0,,,,0,,0,0
2026-03-27T12:14:25.833,220.346250,REDETECT,0.036027,-0.076958,0.007898,0.534,8.773,0,0,0,0,,,,0,,0,0
2026-03-27T12:14:25.868,220.381347,REDETECT,0.036027,-0.076958,0.007898,0.534,8.773,0,0,0,0,,,,0,,0,0
2026-03-27T12:14:25.902,220.415510,REDETECT,0.036027,-0.076958,0.007898,0.534,8.768,0,0,0,0,,,,0,,0,0
2026-03-27T12:14:25.936,220.449024,REDETECT,0.036027,-0.076958,0.007898,0.534,8.764,0,0,0,0,,,,0,,0,0
2026-03-27T12:14:25.971,220.484099,REDETECT,0.036027,-0.076958,0.007898,0.534,8.764,0,0,0,0,,,,0,,0,0
2026-03-27T12:14:26.035,220.548623,REDETECT,0.036027,-0.076958,0.007898,0.534,8.769,0,0,0,0,,,,0,,0,0
2026-03-27T12:14:26.071,220.584574,REDETECT,0.036027,-0.076958,0.007898,0.534,8.766,0,0,0,0,,,,0,,0,0
2026-03-27T12:14:26.110,220.622909,REDETECT,0.036027,-0.076958,0.007898,0.534,8.759,0,0,0,0,,,,0,,0,0
2026-03-27T12:14:26.171,220.684822,REDETECT,0.036027,-0.076958,0.007898,0.534,8.751,0,0,0,0,,,,0,,0,0
2026-03-27T12:14:26.205,220.718220,REDETECT,0.036027,-0.076958,0.007898,0.534,8.755,0,0,0,0,,,,0,,0,0
2026-03-27T12:14:26.270,220.783226,REDETECT,0.036027,-0.076958,0.007898,0.534,8.754,0,0,0,0,,,,0,,0,0
2026-03-27T12:14:26.334,220.847791,REDETECT,0.036027,-0.076958,0.007898,0.534,8.742,0,0,0,0,,,,0,,0,0
2026-03-27T12:14:26.371,220.884882,REDETECT,0.036027,-0.076958,0.007898,0.534,8.738,0,0,0,0,,,,0,,0,0
2026-03-27T12:14:26.407,220.920884,REDETECT,0.036027,-0.076958,0.007898,0.534,8.742,0,0,0,0,,,,0,,0,0
2026-03-27T12:14:26.442,220.955235,REDETECT,0.036027,-0.076958,0.007898,0.534,8.742,0,0,0,0,,,,0,,0,0
2026-03-27T12:14:26.502,221.015435,REDETECT,0.036027,-0.076958,0.007898,0.534,8.742,0,0,0,0,,,,0,,0,0
2026-03-27T12:14:26.570,221.083109,REDETECT,0.036027,-0.076958,0.007898,0.534,8.738,0,0,0,0,,,,0,,0,0
2026-03-27T12:14:26.635,221.148395,REDETECT,0.036027,-0.076958,0.007898,0.534,8.740,0,0,0,0,,,,0,,0,0
2026-03-27T12:14:26.671,221.184489,REDETECT,0.036027,-0.076958,0.007898,0.534,8.738,0,0,0,0,,,,0,,0,0
2026-03-27T12:14:26.735,221.248472,REDETECT,0.036027,-0.076958,0.007898,0.534,8.728,0,0,0,0,,,,0,,0,0
2026-03-27T12:14:26.772,221.284921,REDETECT,0.036027,-0.076958,0.007898,0.534,8.731,0,0,0,0,,,,0,,0,0
2026-03-27T12:14:26.833,221.346880,REDETECT,0.036027,-0.076958,0.007898,0.534,8.734,0,0,0,0,,,,0,,0,0
2026-03-27T12:14:26.869,221.382438,REDETECT,0.036027,-0.076958,0.007898,0.534,8.734,0,0,0,0,,,,0,,0,0
2026-03-27T12:14:26.934,221.447340,REDETECT,0.036027,-0.076958,0.007898,0.534,8.726,0,0,0,0,,,,0,,0,0
2026-03-27T12:14:26.971,221.484878,REDETECT,0.036027,-0.076958,0.007898,0.534,8.724,0,0,0,0,,,,0,,0,0
2026-03-27T12:14:27.035,221.548060,REDETECT,0.036027,-0.076958,0.007898,0.534,8.720,0,0,0,0,,,,0,,0,0
2026-03-27T12:14:27.071,221.584646,REDETECT,0.036027,-0.076958,0.007898,0.534,8.723,0,0,0,0,,,,0,,0,0
2026-03-27T12:14:27.135,221.648198,REDETECT,0.036027,-0.076958,0.007898,0.534,8.720,0,0,0,0,,,,0,,0,0
2026-03-27T12:14:27.169,221.682474,REDETECT,0.036027,-0.076958,0.007898,0.534,8.723,0,0,0,0,,,,0,,0,0
2026-03-27T12:14:27.205,221.718021,REDETECT,0.036027,-0.076958,0.007898,0.534,8.720,0,0,0,0,,,,0,,0,0
2026-03-27T12:14:27.270,221.783115,REDETECT,0.036027,-0.076958,0.007898,0.534,8.714,0,0,0,0,,,,0,,0,0
2026-03-27T12:14:27.335,221.848372,REDETECT,0.036027,-0.076958,0.007898,0.534,8.710,0,0,0,0,,,,0,,0,0
2026-03-27T12:14:27.371,221.884811,REDETECT,0.036027,-0.076958,0.007898,0.534,8.706,0,0,0,0,,,,0,,0,0
2026-03-27T12:14:27.405,221.918731,REDETECT,0.036027,-0.076958,0.007898,0.534,8.706,0,0,0,0,,,,0,,0,0
2026-03-27T12:14:27.472,221.985621,REDETECT,0.036027,-0.076958,0.007898,0.534,8.702,0,0,0,0,,,,0,,0,0
2026-03-27T12:14:27.535,222.048208,REDETECT,0.036027,-0.076958,0.007898,0.534,8.704,0,0,0,0,,,,0,,0,0
2026-03-27T12:14:27.570,222.083774,REDETECT,0.036027,-0.076958,0.007898,0.534,8.708,0,0,0,0,,,,0,,0,0
2026-03-27T12:14:27.635,222.148294,REDETECT,0.036027,-0.076958,0.007898,0.534,8.706,0,0,0,0,,,,0,,0,0
2026-03-27T12:14:27.672,222.185216,REDETECT,0.036027,-0.076958,0.007898,0.534,8.706,0,0,0,0,,,,0,,0,0
2026-03-27T12:14:27.735,222.248525,REDETECT,0.036027,-0.076958,0.007898,0.534,8.700,0,0,0,0,,,,0,,0,0
2026-03-27T12:14:27.771,222.284245,REDETECT,0.036027,-0.076958,0.007898,0.534,8.700,0,0,0,0,,,,0,,0,0
2026-03-27T12:14:27.834,222.347789,REDETECT,0.036027,-0.076958,0.007898,0.534,8.696,0,0,0,0,,,,0,,0,0
2026-03-27T12:14:27.871,222.384099,REDETECT,0.036027,-0.076958,0.007898,0.534,8.701,0,0,0,0,,,,0,,0,0
2026-03-27T12:14:27.936,222.448998,REDETECT,0.036027,-0.076958,0.007898,0.534,8.695,0,0,0,0,,,,0,,0,0
2026-03-27T12:14:27.972,222.485626,REDETECT,0.036027,-0.076958,0.007898,0.534,8.693,0,0,0,0,,,,0,,0,0
2026-03-27T12:14:28.035,222.548059,REDETECT,0.036027,-0.076958,0.007898,0.534,8.689,0,0,0,0,,,,0,,0,0
2026-03-27T12:14:28.072,222.585030,REDETECT,0.036027,-0.076958,0.007898,0.534,8.696,0,0,0,0,,,,0,,0,0
2026-03-27T12:14:28.136,222.648939,REDETECT,0.036027,-0.076958,0.007898,0.534,8.694,0,0,0,0,,,,0,,0,0
2026-03-27T12:14:28.171,222.684512,REDETECT,0.036027,-0.076958,0.007898,0.534,8.692,0,0,0,0,,,,0,,0,0
2026-03-27T12:14:28.235,222.748224,REDETECT,0.036027,-0.076958,0.007898,0.534,8.694,0,0,0,0,,,,0,,0,0
2026-03-27T12:14:28.304,222.817855,REDETECT,0.036027,-0.076958,0.007898,0.534,8.694,0,0,0,0,,,,0,,0,0
2026-03-27T12:14:28.370,222.883523,REDETECT,0.036027,-0.076958,0.007898,0.534,8.682,0,0,0,0,,,,0,,0,0
2026-03-27T12:14:28.437,222.950803,REDETECT,0.036027,-0.076958,0.007898,0.534,8.678,0,0,0,0,,,,0,,0,0
2026-03-27T12:14:28.502,223.015360,REDETECT,0.036027,-0.076958,0.007898,0.534,8.677,0,0,0,0,,,,0,,0,0
2026-03-27T12:14:28.570,223.083453,REDETECT,0.036027,-0.076958,0.007898,0.534,8.675,0,0,0,0,,,,0,,0,0
2026-03-27T12:14:28.634,223.147062,REDETECT,0.036027,-0.076958,0.007898,0.534,8.683,0,0,0,0,,,,0,,0,0
2026-03-27T12:14:28.671,223.184246,REDETECT,0.036027,-0.076958,0.007898,0.534,8.683,0,0,0,0,,,,0,,0,0
2026-03-27T12:14:28.736,223.249802,REDETECT,0.036027,-0.076958,0.007898,0.534,8.691,0,0,0,0,,,,0,,0,0
2026-03-27T12:14:28.771,223.284478,REDETECT,0.036027,-0.076958,0.007898,0.534,8.682,0,0,0,0,,,,0,,0,0
2026-03-27T12:14:28.835,223.348147,REDETECT,0.036027,-0.076958,0.007898,0.534,8.682,0,0,0,0,,,,0,,0,0
2026-03-27T12:14:28.870,223.383863,REDETECT,0.036027,-0.076958,0.007898,0.534,8.686,0,0,0,0,,,,0,,0,0
2026-03-27T12:14:28.904,223.417688,REDETECT,0.036027,-0.076958,0.007898,0.534,8.686,0,0,0,0,,,,0,,0,0
2026-03-27T12:14:28.970,223.483143,REDETECT,0.036027,-0.076958,0.007898,0.534,8.683,0,0,0,0,,,,0,,0,0
2026-03-27T12:14:29.035,223.548452,REDETECT,0.036027,-0.076958,0.007898,0.534,8.691,0,0,0,0,,,,0,,0,0
2026-03-27T12:14:29.071,223.584878,REDETECT,0.036027,-0.076958,0.007898,0.534,8.686,0,0,0,0,,,,0,,0,0
2026-03-27T12:14:29.136,223.649525,REDETECT,0.036027,-0.076958,0.007898,0.534,8.682,0,0,0,0,,,,0,,0,0
2026-03-27T12:14:29.172,223.685112,REDETECT,0.036027,-0.076958,0.007898,0.534,8.682,0,0,0,0,,,,0,,0,0
2026-03-27T12:14:29.235,223.748224,REDETECT,0.036027,-0.076958,0.007898,0.534,8.688,0,0,0,0,,,,0,,0,0
2026-03-27T12:14:29.270,223.783416,REDETECT,0.036027,-0.076958,0.007898,0.534,8.688,0,0,0,0,,,,0,,0,0
2026-03-27T12:14:29.304,223.817419,REDETECT,0.036027,-0.076958,0.007898,0.534,8.686,0,0,0,0,,,,0,,0,0
2026-03-27T12:14:29.371,223.884887,REDETECT,0.036027,-0.076958,0.007898,0.534,8.680,0,0,0,0,,,,0,,0,0
2026-03-27T12:14:29.435,223.948085,REDETECT,0.036027,-0.076958,0.007898,0.534,8.682,0,0,0,0,,,,0,,0,0
2026-03-27T12:14:29.472,223.985248,REDETECT,0.036027,-0.076958,0.007898,0.534,8.684,0,0,0,0,,,,0,,0,0
2026-03-27T12:14:29.535,224.048392,REDETECT,0.036027,-0.076958,0.007898,0.534,8.686,0,0,0,0,,,,0,,0,0
2026-03-27T12:14:29.570,224.083160,REDETECT,0.036027,-0.076958,0.007898,0.534,8.682,0,0,0,0,,,,0,,0,0
2026-03-27T12:14:29.634,224.147732,REDETECT,0.036027,-0.076958,0.007898,0.534,8.674,0,0,0,0,,,,0,,0,0
2026-03-27T12:14:29.673,224.186608,REDETECT,0.036027,-0.076958,0.007898,0.534,8.667,0,0,0,0,,,,0,,0,0
2026-03-27T12:14:29.737,224.250318,REDETECT,0.036027,-0.076958,0.007898,0.534,8.669,0,0,0,0,,,,0,,0,0
2026-03-27T12:14:29.771,224.284890,REDETECT,0.036027,-0.076958,0.007898,0.534,8.669,0,0,0,0,,,,0,,0,0
2026-03-27T12:14:29.835,224.347996,REDETECT,0.036027,-0.076958,0.007898,0.534,8.667,0,0,0,0,,,,0,,0,0
2026-03-27T12:14:29.870,224.383142,REDETECT,0.036027,-0.076958,0.007898,0.534,8.665,0,0,0,0,,,,0,,0,0
2026-03-27T12:14:29.934,224.447856,REDETECT,0.036027,-0.076958,0.007898,0.534,8.661,0,0,0,0,,,,0,,0,0
2026-03-27T12:14:30.009,224.522069,REDETECT,0.036027,-0.076958,0.007898,0.534,8.656,0,0,0,0,,,,0,,0,0
2026-03-27T12:14:30.067,224.580109,REDETECT,0.036027,-0.076958,0.007898,0.534,8.651,0,0,0,0,,,,0,,0,0
2026-03-27T12:14:30.106,224.619478,REDETECT,0.036027,-0.076958,0.007898,0.534,8.649,0,0,0,0,,,,0,,0,0
2026-03-27T12:14:30.171,224.684321,REDETECT,0.036027,-0.076958,0.007898,0.534,8.650,0,0,0,0,,,,0,,0,0
2026-03-27T12:14:30.233,224.746879,REDETECT,0.036027,-0.076958,0.007898,0.534,8.646,0,0,0,0,,,,0,,0,0
2026-03-27T12:14:30.273,224.786319,REDETECT,0.036027,-0.076958,0.007898,0.534,8.646,0,0,0,0,,,,0,,0,0
2026-03-27T12:14:30.333,224.846701,REDETECT,0.036027,-0.076958,0.007898,0.534,8.650,0,0,0,0,,,,0,,0,0
2026-03-27T12:14:30.370,224.883647,REDETECT,0.036027,-0.076958,0.007898,0.534,8.652,0,0,0,0,,,,0,,0,0
2026-03-27T12:14:30.436,224.949697,REDETECT,0.036027,-0.076958,0.007898,0.534,8.648,0,0,0,0,,,,0,,0,0
2026-03-27T12:14:30.498,225.011901,REDETECT,0.036027,-0.076958,0.007898,0.534,8.644,0,0,0,0,,,,0,,0,0
2026-03-27T12:14:30.532,225.045352,REDETECT,0.036027,-0.076958,0.007898,0.534,8.644,0,0,0,0,,,,0,,0,0
2026-03-27T12:14:30.565,225.078830,REDETECT,0.036027,-0.076958,0.007898,0.534,8.644,0,0,0,0,,,,0,,0,0
2026-03-27T12:14:30.632,225.144974,REDETECT,0.036027,-0.076958,0.007898,0.534,8.644,0,0,0,0,,,,0,,0,0
2026-03-27T12:14:30.666,225.178980,REDETECT,0.036027,-0.076958,0.007898,0.534,8.640,0,0,0,0,,,,0,,0,0
2026-03-27T12:14:30.732,225.245224,REDETECT,0.036027,-0.076958,0.007898,0.534,8.638,0,0,0,0,,,,0,,0,0
2026-03-27T12:14:30.774,225.287704,REDETECT,0.036027,-0.076958,0.007898,0.534,8.632,0,0,0,0,,,,0,,0,0
2026-03-27T12:14:30.809,225.322380,REDETECT,0.036027,-0.076958,0.007898,0.534,8.634,0,0,0,0,,,,0,,0,0
2026-03-27T12:14:30.875,225.388476,REDETECT,0.036027,-0.076958,0.007898,0.534,8.626,0,0,0,0,,,,0,,0,0
2026-03-27T12:14:30.911,225.424166,REDETECT,0.036027,-0.076958,0.007898,0.534,8.622,0,0,0,0,,,,0,,0,0
2026-03-27T12:14:30.967,225.480540,REDETECT,0.036027,-0.076958,0.007898,0.534,8.620,0,0,0,0,,,,0,,0,0
2026-03-27T12:14:31.001,225.514711,REDETECT,0.036027,-0.076958,0.007898,0.534,8.618,0,0,0,0,,,,0,,0,0
2026-03-27T12:14:31.036,225.549598,REDETECT,0.036027,-0.076958,0.007898,0.534,8.620,0,0,0,0,,,,0,,0,0
2026-03-27T12:14:31.098,225.611274,REDETECT,0.036027,-0.076958,0.007898,0.534,8.618,0,0,0,0,,,,0,,0,0
2026-03-27T12:14:31.132,225.645878,REDETECT,0.036027,-0.076958,0.007898,0.534,8.616,0,0,0,0,,,,0,,0,0
2026-03-27T12:14:31.166,225.679839,REDETECT,0.036027,-0.076958,0.007898,0.534,8.614,0,0,0,0,,,,0,,0,0
2026-03-27T12:14:31.231,225.744729,REDETECT,0.036027,-0.076958,0.007898,0.534,8.608,0,0,0,0,,,,0,,0,0
2026-03-27T12:14:31.265,225.778412,REDETECT,0.036027,-0.076958,0.007898,0.534,8.608,0,0,0,0,,,,0,,0,0
2026-03-27T12:14:31.299,225.812301,REDETECT,0.036027,-0.076958,0.007898,0.534,8.608,0,0,0,0,,,,0,,0,0
2026-03-27T12:14:31.366,225.878928,REDETECT,0.036027,-0.076958,0.007898,0.534,8.606,0,0,0,0,,,,0,,0,0
2026-03-27T12:14:31.403,225.916229,REDETECT,0.036027,-0.076958,0.007898,0.534,8.604,0,0,0,0,,,,0,,0,0
2026-03-27T12:14:31.468,225.981513,REDETECT,0.036027,-0.076958,0.007898,0.534,8.604,0,0,0,0,,,,0,,0,0
2026-03-27T12:14:31.502,226.015416,REDETECT,0.036027,-0.076958,0.007898,0.534,8.606,0,0,0,0,,,,0,,0,0
2026-03-27T12:14:31.567,226.079922,REDETECT,0.036027,-0.076958,0.007898,0.534,8.604,0,0,0,0,,,,0,,0,0
2026-03-27T12:14:31.631,226.144592,REDETECT,0.036027,-0.076958,0.007898,0.534,8.604,0,0,0,0,,,,0,,0,0
2026-03-27T12:14:31.665,226.178716,REDETECT,0.036027,-0.076958,0.007898,0.534,8.608,0,0,0,0,,,,0,,0,0
2026-03-27T12:14:31.732,226.245378,REDETECT,0.036027,-0.076958,0.007898,0.534,8.604,0,0,0,0,,,,0,,0,0
2026-03-27T12:14:31.768,226.280990,REDETECT,0.036027,-0.076958,0.007898,0.534,8.600,0,0,0,0,,,,0,,0,0
2026-03-27T12:14:31.833,226.346397,REDETECT,0.036027,-0.076958,0.007898,0.534,8.602,0,0,0,0,,,,0,,0,0
2026-03-27T12:14:31.868,226.381835,REDETECT,0.036027,-0.076958,0.007898,0.534,8.600,0,0,0,0,,,,0,,0,0
2026-03-27T12:14:31.933,226.446596,REDETECT,0.036027,-0.076958,0.007898,0.534,8.600,0,0,0,0,,,,0,,0,0
2026-03-27T12:14:31.968,226.481824,REDETECT,0.036027,-0.076958,0.007898,0.534,8.598,0,0,0,0,,,,0,,0,0
2026-03-27T12:14:32.033,226.546834,REDETECT,0.036027,-0.076958,0.007898,0.534,8.598,0,0,0,0,,,,0,,0,0
2026-03-27T12:14:32.070,226.583426,REDETECT,0.036027,-0.076958,0.007898,0.534,8.593,0,0,0,0,,,,0,,0,0
2026-03-27T12:14:32.134,226.647358,REDETECT,0.036027,-0.076958,0.007898,0.534,8.589,0,0,0,0,,,,0,,0,0
2026-03-27T12:14:32.170,226.683405,REDETECT,0.036027,-0.076958,0.007898,0.534,8.591,0,0,0,0,,,,0,,0,0
2026-03-27T12:14:32.233,226.746594,REDETECT,0.036027,-0.076958,0.007898,0.534,8.585,0,0,0,0,,,,0,,0,0
2026-03-27T12:14:32.269,226.782535,REDETECT,0.036027,-0.076958,0.007898,0.534,8.583,0,0,0,0,,,,0,,0,0
2026-03-27T12:14:32.333,226.846747,REDETECT,0.036027,-0.076958,0.007898,0.534,8.579,0,0,0,0,,,,0,,0,0
2026-03-27T12:14:32.368,226.881683,REDETECT,0.036027,-0.076958,0.007898,0.534,8.586,0,0,0,0,,,,0,,0,0
2026-03-27T12:14:32.434,226.947062,REDETECT,0.036027,-0.076958,0.007898,0.534,8.584,0,0,0,0,,,,0,,0,0
2026-03-27T12:14:32.470,226.983365,REDETECT,0.036027,-0.076958,0.007898,0.534,8.575,0,0,0,0,,,,0,,0,0
2026-03-27T12:14:32.533,227.046660,REDETECT,0.036027,-0.076958,0.007898,0.534,8.569,0,0,0,0,,,,0,,0,0
2026-03-27T12:14:32.568,227.081744,REDETECT,0.036027,-0.076958,0.007898,0.534,8.567,0,0,0,0,,,,0,,0,0
2026-03-27T12:14:32.603,227.116346,REDETECT,0.036027,-0.076958,0.007898,0.534,8.565,0,0,0,0,,,,0,,0,0
2026-03-27T12:14:32.668,227.181460,REDETECT,0.036027,-0.076958,0.007898,0.534,8.562,0,0,0,0,,,,0,,0,0
2026-03-27T12:14:32.737,227.250111,REDETECT,0.036027,-0.076958,0.007898,0.534,8.565,0,0,0,0,,,,0,,0,0
2026-03-27T12:14:32.802,227.315876,REDETECT,0.036027,-0.076958,0.007898,0.534,8.563,0,0,0,0,,,,0,,0,0
2026-03-27T12:14:32.868,227.381103,REDETECT,0.036027,-0.076958,0.007898,0.534,8.553,0,0,0,0,,,,0,,0,0
2026-03-27T12:14:32.933,227.446075,REDETECT,0.036027,-0.076958,0.007898,0.534,8.557,0,0,0,0,,,,0,,0,0
2026-03-27T12:14:32.970,227.483048,REDETECT,0.036027,-0.076958,0.007898,0.534,8.561,0,0,0,0,,,,0,,0,0
2026-03-27T12:14:33.033,227.546121,REDETECT,0.036027,-0.076958,0.007898,0.534,8.557,0,0,0,0,,,,0,,0,0
2026-03-27T12:14:33.067,227.580269,REDETECT,0.036027,-0.076958,0.007898,0.534,8.553,0,0,0,0,,,,0,,0,0
2026-03-27T12:14:33.132,227.645818,REDETECT,0.036027,-0.076958,0.007898,0.534,8.551,0,0,0,0,,,,0,,0,0
2026-03-27T12:14:33.170,227.683022,REDETECT,0.036027,-0.076958,0.007898,0.534,8.556,0,0,0,0,,,,0,,0,0
2026-03-27T12:14:33.233,227.746903,REDETECT,0.036027,-0.076958,0.007898,0.534,8.560,0,0,0,0,,,,0,,0,0
2026-03-27T12:14:33.271,227.784105,REDETECT,0.036027,-0.076958,0.007898,0.534,8.562,0,0,0,0,,,,0,,0,0
2026-03-27T12:14:33.334,227.847697,REDETECT,0.036027,-0.076958,0.007898,0.534,8.564,0,0,0,0,,,,0,,0,0
2026-03-27T12:14:33.401,227.913966,REDETECT,0.036027,-0.076958,0.007898,0.534,8.558,0,0,0,0,,,,0,,0,0
2026-03-27T12:14:33.470,227.983133,REDETECT,0.036027,-0.076958,0.007898,0.534,8.554,0,0,0,0,,,,0,,0,0
2026-03-27T12:14:33.533,228.046674,REDETECT,0.036027,-0.076958,0.007898,0.534,8.558,0,0,0,0,,,,0,,0,0
2026-03-27T12:14:33.569,228.082902,REDETECT,0.036027,-0.076958,0.007898,0.534,8.555,0,0,0,0,,,,0,,0,0
2026-03-27T12:14:33.632,228.145555,REDETECT,0.036027,-0.076958,0.007898,0.534,8.550,0,0,0,0,,,,0,,0,0
2026-03-27T12:14:33.668,228.181602,REDETECT,0.036027,-0.076958,0.007898,0.534,8.545,0,0,0,0,,,,0,,0,0
2026-03-27T12:14:33.736,228.249706,REDETECT,0.036027,-0.076958,0.007898,0.534,8.548,0,0,0,0,,,,0,,0,0
2026-03-27T12:14:33.801,228.314688,REDETECT,0.036027,-0.076958,0.007898,0.534,8.548,0,0,0,0,,,,0,,0,0
2026-03-27T12:14:33.870,228.383379,REDETECT,0.036027,-0.076958,0.007898,0.534,8.541,0,0,0,0,,,,0,,0,0
2026-03-27T12:14:33.934,228.446998,REDETECT,0.036027,-0.076958,0.007898,0.534,8.543,0,0,0,0,,,,0,,0,0
2026-03-27T12:14:33.970,228.483312,REDETECT,0.036027,-0.076958,0.007898,0.534,8.536,0,0,0,0,,,,0,,0,0
2026-03-27T12:14:34.033,228.546042,REDETECT,0.036027,-0.076958,0.007898,0.534,8.531,0,0,0,0,,,,0,,0,0
2026-03-27T12:14:34.067,228.580343,REDETECT,0.036027,-0.076958,0.007898,0.534,8.528,0,0,0,0,,,,0,,0,0
2026-03-27T12:14:34.133,228.646456,REDETECT,0.036027,-0.076958,0.007898,0.534,8.533,0,0,0,0,,,,0,,0,0
2026-03-27T12:14:34.170,228.683152,REDETECT,0.036027,-0.076958,0.007898,0.534,8.535,0,0,0,0,,,,0,,0,0
2026-03-27T12:14:34.233,228.746874,REDETECT,0.036027,-0.076958,0.007898,0.534,8.531,0,0,0,0,,,,0,,0,0
2026-03-27T12:14:34.268,228.781130,REDETECT,0.036027,-0.076958,0.007898,0.534,8.527,0,0,0,0,,,,0,,0,0
2026-03-27T12:14:34.301,228.814876,REDETECT,0.036027,-0.076958,0.007898,0.534,8.525,0,0,0,0,,,,0,,0,0
2026-03-27T12:14:34.368,228.881638,REDETECT,0.036027,-0.076958,0.007898,0.534,8.533,0,0,0,0,,,,0,,0,0
2026-03-27T12:14:34.435,228.948477,REDETECT,0.036027,-0.076958,0.007898,0.534,8.525,0,0,0,0,,,,0,,0,0
2026-03-27T12:14:34.483,228.996226,REDETECT,0.036027,-0.076958,0.007898,0.534,8.536,0,0,0,0,,,,0,,0,0
2026-03-27T12:14:34.533,229.046466,REDETECT,0.036027,-0.076958,0.007898,0.534,8.529,0,0,0,0,,,,0,,0,0
2026-03-27T12:14:34.568,229.081725,REDETECT,0.036027,-0.076958,0.007898,0.534,8.523,0,0,0,0,,,,0,,0,0
2026-03-27T12:14:34.633,229.146210,REDETECT,0.036027,-0.076958,0.007898,0.534,8.517,0,0,0,0,,,,0,,0,0
2026-03-27T12:14:34.668,229.181729,REDETECT,0.036027,-0.076958,0.007898,0.534,8.519,0,0,0,0,,,,0,,0,0
2026-03-27T12:14:34.708,229.220985,REDETECT,0.036027,-0.076958,0.007898,0.534,8.522,0,0,0,0,,,,0,,0,0
2026-03-27T12:14:34.769,229.282779,REDETECT,0.036027,-0.076958,0.007898,0.534,8.506,0,0,0,0,,,,0,,0,0
2026-03-27T12:14:34.834,229.347869,REDETECT,0.036027,-0.076958,0.007898,0.534,8.505,0,0,0,0,,,,0,,0,0
2026-03-27T12:14:34.870,229.383678,REDETECT,0.036027,-0.076958,0.007898,0.534,8.513,0,0,0,0,,,,0,,0,0
2026-03-27T12:14:34.934,229.447165,REDETECT,0.036027,-0.076958,0.007898,0.534,8.502,0,0,0,0,,,,0,,0,0
2026-03-27T12:14:34.970,229.482919,REDETECT,0.036027,-0.076958,0.007898,0.534,8.495,0,0,0,0,,,,0,,0,0
2026-03-27T12:14:35.006,229.519567,REDETECT,0.036027,-0.076958,0.007898,0.534,8.488,0,0,0,0,,,,0,,0,0
2026-03-27T12:14:35.041,229.554262,REDETECT,0.036027,-0.076958,0.007898,0.534,8.490,0,0,0,0,,,,0,,0,0
2026-03-27T12:14:35.106,229.619301,REDETECT,0.036027,-0.076958,0.007898,0.534,8.504,0,0,0,0,,,,0,,0,0
2026-03-27T12:14:35.170,229.683474,REDETECT,0.036027,-0.076958,0.007898,0.534,8.498,0,0,0,0,,,,0,,0,0
2026-03-27T12:14:35.233,229.746637,REDETECT,0.036027,-0.076958,0.007898,0.534,8.485,0,0,0,0,,,,0,,0,0
2026-03-27T12:14:35.268,229.781673,REDETECT,0.036027,-0.076958,0.007898,0.534,8.483,0,0,0,0,,,,0,,0,0
2026-03-27T12:14:35.306,229.819499,REDETECT,0.036027,-0.076958,0.007898,0.534,8.490,0,0,0,0,,,,0,,0,0
2026-03-27T12:14:35.368,229.881722,REDETECT,0.036027,-0.076958,0.007898,0.534,8.480,0,0,0,0,,,,0,,0,0
2026-03-27T12:14:35.433,229.946364,REDETECT,0.036027,-0.076958,0.007898,0.534,8.470,0,0,0,0,,,,0,,0,0
2026-03-27T12:14:35.467,229.980402,REDETECT,0.036027,-0.076958,0.007898,0.534,8.472,0,0,0,0,,,,0,,0,0
2026-03-27T12:14:35.533,230.046789,REDETECT,0.036027,-0.076958,0.007898,0.534,8.476,0,0,0,0,,,,0,,0,0
2026-03-27T12:14:35.569,230.082561,REDETECT,0.036027,-0.076958,0.007898,0.534,8.470,0,0,0,0,,,,0,,0,0
2026-03-27T12:14:35.633,230.146613,REDETECT,0.036027,-0.076958,0.007898,0.534,8.462,0,0,0,0,,,,0,,0,0
2026-03-27T12:14:35.668,230.181545,REDETECT,0.036027,-0.076958,0.007898,0.534,8.462,0,0,0,0,,,,0,,0,0
2026-03-27T12:14:35.736,230.249900,REDETECT,0.036027,-0.076958,0.007898,0.534,8.460,0,0,0,0,,,,0,,0,0
2026-03-27T12:14:35.800,230.313028,REDETECT,0.036027,-0.076958,0.007898,0.534,8.449,0,0,0,0,,,,0,,0,0
2026-03-27T12:14:35.834,230.346997,REDETECT,0.036027,-0.076958,0.007898,0.534,8.453,0,0,0,0,,,,0,,0,0
2026-03-27T12:14:35.869,230.382463,REDETECT,0.036027,-0.076958,0.007898,0.534,8.455,0,0,0,0,,,,0,,0,0
2026-03-27T12:14:35.933,230.446019,REDETECT,0.036027,-0.076958,0.007898,0.534,8.447,0,0,0,0,,,,0,,0,0
2026-03-27T12:14:35.968,230.481686,REDETECT,0.036027,-0.076958,0.007898,0.534,8.443,0,0,0,0,,,,0,,0,0
2026-03-27T12:14:36.033,230.545954,REDETECT,0.036027,-0.076958,0.007898,0.534,8.441,0,0,0,0,,,,0,,0,0
2026-03-27T12:14:36.067,230.580904,REDETECT,0.036027,-0.076958,0.007898,0.534,8.443,0,0,0,0,,,,0,,0,0
2026-03-27T12:14:36.135,230.648889,REDETECT,0.036027,-0.076958,0.007898,0.534,8.440,0,0,0,0,,,,0,,0,0
2026-03-27T12:14:36.201,230.714354,REDETECT,0.036027,-0.076958,0.007898,0.534,8.439,0,0,0,0,,,,0,,0,0
2026-03-27T12:14:36.235,230.748179,REDETECT,0.036027,-0.076958,0.007898,0.534,8.443,0,0,0,0,,,,0,,0,0
2026-03-27T12:14:36.268,230.781698,REDETECT,0.036027,-0.076958,0.007898,0.534,8.445,0,0,0,0,,,,0,,0,0
2026-03-27T12:14:36.305,230.818525,REDETECT,0.036027,-0.076958,0.007898,0.534,8.440,0,0,0,0,,,,0,,0,0
2026-03-27T12:14:36.368,230.881551,REDETECT,0.036027,-0.076958,0.007898,0.534,8.433,0,0,0,0,,,,0,,0,0
2026-03-27T12:14:36.433,230.946146,REDETECT,0.036027,-0.076958,0.007898,0.534,8.441,0,0,0,0,,,,0,,0,0
2026-03-27T12:14:36.470,230.983653,REDETECT,0.036027,-0.076958,0.007898,0.534,8.443,0,0,0,0,,,,0,,0,0
2026-03-27T12:14:36.533,231.046302,REDETECT,0.036027,-0.076958,0.007898,0.534,8.439,0,0,0,0,,,,0,,0,0
2026-03-27T12:14:36.567,231.080193,REDETECT,0.036027,-0.076958,0.007898,0.534,8.439,0,0,0,0,,,,0,,0,0
2026-03-27T12:14:36.633,231.146525,REDETECT,0.036027,-0.076958,0.007898,0.534,8.445,0,0,0,0,,,,0,,0,0
2026-03-27T12:14:36.668,231.181604,REDETECT,0.036027,-0.076958,0.007898,0.534,8.441,0,0,0,0,,,,0,,0,0
2026-03-27T12:14:36.735,231.248033,REDETECT,0.036027,-0.076958,0.007898,0.534,8.437,0,0,0,0,,,,0,,0,0
2026-03-27T12:14:36.769,231.282003,REDETECT,0.036027,-0.076958,0.007898,0.534,8.437,0,0,0,0,,,,0,,0,0
2026-03-27T12:14:36.837,231.350898,REDETECT,0.036027,-0.076958,0.007898,0.534,8.439,0,0,0,0,,,,0,,0,0
2026-03-27T12:14:36.900,231.413073,REDETECT,0.036027,-0.076958,0.007898,0.534,8.439,0,0,0,0,,,,0,,0,0
2026-03-27T12:14:36.933,231.446702,REDETECT,0.036027,-0.076958,0.007898,0.534,8.436,0,0,0,0,,,,0,,0,0
2026-03-27T12:14:36.971,231.484013,REDETECT,0.036027,-0.076958,0.007898,0.534,8.434,0,0,0,0,,,,0,,0,0
2026-03-27T12:14:37.035,231.548099,REDETECT,0.036027,-0.076958,0.007898,0.534,8.432,0,0,0,0,,,,0,,0,0
2026-03-27T12:14:37.070,231.583511,REDETECT,0.036027,-0.076958,0.007898,0.534,8.434,0,0,0,0,,,,0,,0,0
2026-03-27T12:14:37.117,231.630523,REDETECT,0.036027,-0.076958,0.007898,0.534,8.437,0,0,0,0,,,,0,,0,0
2026-03-27T12:14:37.180,231.693678,REDETECT,0.036027,-0.076958,0.007898,0.534,8.439,0,0,0,0,,,,0,,0,0
2026-03-27T12:14:37.237,231.750045,REDETECT,0.036027,-0.076958,0.007898,0.534,8.443,0,0,0,0,,,,0,,0,0
2026-03-27T12:14:37.300,231.813373,REDETECT,0.036027,-0.076958,0.007898,0.534,8.436,0,0,0,0,,,,0,,0,0
2026-03-27T12:14:37.368,231.881361,REDETECT,0.036027,-0.076958,0.007898,0.534,8.436,0,0,0,0,,,,0,,0,0
2026-03-27T12:14:37.433,231.946704,REDETECT,0.036027,-0.076958,0.007898,0.534,8.438,0,0,0,0,,,,0,,0,0
2026-03-27T12:14:37.471,231.984039,REDETECT,0.036027,-0.076958,0.007898,0.534,8.433,0,0,0,0,,,,0,,0,0
2026-03-27T12:14:37.533,232.046364,REDETECT,0.036027,-0.076958,0.007898,0.534,8.428,0,0,0,0,,,,0,,0,0
2026-03-27T12:14:37.570,232.083223,REDETECT,0.036027,-0.076958,0.007898,0.534,8.428,0,0,0,0,,,,0,,0,0
2026-03-27T12:14:37.633,232.146240,REDETECT,0.036027,-0.076958,0.007898,0.534,8.429,0,0,0,0,,,,0,,0,0
2026-03-27T12:14:37.668,232.181085,REDETECT,0.036027,-0.076958,0.007898,0.534,8.432,0,0,0,0,,,,0,,0,0
2026-03-27T12:14:37.701,232.214754,REDETECT,0.036027,-0.076958,0.007898,0.534,8.434,0,0,0,0,,,,0,,0,0
2026-03-27T12:14:37.737,232.250218,REDETECT,0.036027,-0.076958,0.007898,0.534,8.436,0,0,0,0,,,,0,,0,0
2026-03-27T12:14:37.800,232.313303,REDETECT,0.036027,-0.076958,0.007898,0.534,8.434,0,0,0,0,,,,0,,0,0
2026-03-27T12:14:37.833,232.346854,REDETECT,0.036027,-0.076958,0.007898,0.534,8.434,0,0,0,0,,,,0,,0,0
2026-03-27T12:14:37.870,232.383154,REDETECT,0.036027,-0.076958,0.007898,0.534,8.425,0,0,0,0,,,,0,,0,0
2026-03-27T12:14:37.933,232.446349,REDETECT,0.036027,-0.076958,0.007898,0.534,8.427,0,0,0,0,,,,0,,0,0
2026-03-27T12:14:37.968,232.481158,REDETECT,0.036027,-0.076958,0.007898,0.534,8.427,0,0,0,0,,,,0,,0,0
2026-03-27T12:14:38.033,232.546873,REDETECT,0.036027,-0.076958,0.007898,0.534,8.427,0,0,0,0,,,,0,,0,0
2026-03-27T12:14:38.069,232.582544,REDETECT,0.036027,-0.076958,0.007898,0.534,8.429,0,0,0,0,,,,0,,0,0
2026-03-27T12:14:38.137,232.650336,REDETECT,0.036027,-0.076958,0.007898,0.534,8.429,0,0,0,0,,,,0,,0,0
2026-03-27T12:14:38.201,232.714612,REDETECT,0.036027,-0.076958,0.007898,0.534,8.427,0,0,0,0,,,,0,,0,0
2026-03-27T12:14:38.269,232.782327,REDETECT,0.036027,-0.076958,0.007898,0.534,8.425,0,0,0,0,,,,0,,0,0
2026-03-27T12:14:38.333,232.846714,REDETECT,0.036027,-0.076958,0.007898,0.534,8.421,0,0,0,0,,,,0,,0,0
2026-03-27T12:14:38.368,232.881791,REDETECT,0.036027,-0.076958,0.007898,0.534,8.423,0,0,0,0,,,,0,,0,0
2026-03-27T12:14:38.433,232.946534,REDETECT,0.036027,-0.076958,0.007898,0.534,8.423,0,0,0,0,,,,0,,0,0
2026-03-27T12:14:38.468,232.981682,REDETECT,0.036027,-0.076958,0.007898,0.534,8.421,0,0,0,0,,,,0,,0,0
2026-03-27T12:14:38.533,233.045909,REDETECT,0.036027,-0.076958,0.007898,0.534,8.419,0,0,0,0,,,,0,,0,0
2026-03-27T12:14:38.569,233.082451,REDETECT,0.036027,-0.076958,0.007898,0.534,8.419,0,0,0,0,,,,0,,0,0
2026-03-27T12:14:38.648,233.161309,REDETECT,0.036027,-0.076958,0.007898,0.534,8.417,0,0,0,0,,,,0,,0,0
2026-03-27T12:14:38.683,233.196617,REDETECT,0.036027,-0.076958,0.007898,0.534,8.413,0,0,0,0,,,,0,,0,0
2026-03-27T12:14:38.736,233.249587,REDETECT,0.036027,-0.076958,0.007898,0.534,8.410,0,0,0,0,,,,0,,0,0
2026-03-27T12:14:38.772,233.285322,REDETECT,0.036027,-0.076958,0.007898,0.534,8.410,0,0,0,0,,,,0,,0,0
2026-03-27T12:14:38.834,233.347738,REDETECT,0.036027,-0.076958,0.007898,0.534,8.402,0,0,0,0,,,,0,,0,0
2026-03-27T12:14:38.868,233.381763,REDETECT,0.036027,-0.076958,0.007898,0.534,8.398,0,0,0,0,,,,0,,0,0
2026-03-27T12:14:38.904,233.417387,REDETECT,0.036027,-0.076958,0.007898,0.534,8.394,0,0,0,0,,,,0,,0,0
2026-03-27T12:14:38.974,233.487435,REDETECT,0.036027,-0.076958,0.007898,0.534,8.390,0,0,0,0,,,,0,,0,0
2026-03-27T12:14:39.036,233.549316,REDETECT,0.036027,-0.076958,0.007898,0.534,8.390,0,0,0,0,,,,0,,0,0
2026-03-27T12:14:39.100,233.613830,REDETECT,0.036027,-0.076958,0.007898,0.534,8.387,0,0,0,0,,,,0,,0,0
2026-03-27T12:14:39.170,233.682963,REDETECT,0.036027,-0.076958,0.007898,0.534,8.388,0,0,0,0,,,,0,,0,0
2026-03-27T12:14:39.235,233.748175,REDETECT,0.036027,-0.076958,0.007898,0.534,8.383,0,0,0,0,,,,0,,0,0
2026-03-27T12:14:39.270,233.783014,REDETECT,0.036027,-0.076958,0.007898,0.534,8.381,0,0,0,0,,,,0,,0,0
2026-03-27T12:14:39.306,233.819310,REDETECT,0.036027,-0.076958,0.007898,0.534,8.378,0,0,0,0,,,,0,,0,0
2026-03-27T12:14:39.344,233.857320,REDETECT,0.036027,-0.076958,0.007898,0.534,8.374,0,0,0,0,,,,0,,0,0
2026-03-27T12:14:39.384,233.897141,REDETECT,0.036027,-0.076958,0.007898,0.534,8.371,0,0,0,0,,,,0,,0,0
2026-03-27T12:14:39.437,233.950407,REDETECT,0.036027,-0.076958,0.007898,0.534,8.363,0,0,0,0,,,,0,,0,0
2026-03-27T12:14:39.472,233.985738,REDETECT,0.036027,-0.076958,0.007898,0.534,8.361,0,0,0,0,,,,0,,0,0
2026-03-27T12:14:39.520,234.033136,REDETECT,0.036027,-0.076958,0.007898,0.534,8.367,0,0,0,0,,,,0,,0,0
2026-03-27T12:14:39.583,234.096714,REDETECT,0.036027,-0.076958,0.007898,0.534,8.365,0,0,0,0,,,,0,,0,0
2026-03-27T12:14:39.623,234.136590,REDETECT,0.036027,-0.076958,0.007898,0.534,8.365,0,0,0,0,,,,0,,0,0
2026-03-27T12:14:39.684,234.197333,REDETECT,0.036027,-0.076958,0.007898,0.534,8.363,0,0,0,0,,,,0,,0,0
2026-03-27T12:14:39.749,234.262120,REDETECT,0.036027,-0.076958,0.007898,0.534,8.361,0,0,0,0,,,,0,,0,0
2026-03-27T12:14:39.800,234.313799,REDETECT,0.036027,-0.076958,0.007898,0.534,8.362,0,0,0,0,,,,0,,0,0
2026-03-27T12:14:39.834,234.347221,REDETECT,0.036027,-0.076958,0.007898,0.534,8.364,0,0,0,0,,,,0,,0,0
2026-03-27T12:14:39.871,234.384673,REDETECT,0.036027,-0.076958,0.007898,0.534,8.364,0,0,0,0,,,,0,,0,0
2026-03-27T12:14:39.934,234.447206,REDETECT,0.036027,-0.076958,0.007898,0.534,8.364,0,0,0,0,,,,0,,0,0
2026-03-27T12:14:39.973,234.485998,REDETECT,0.036027,-0.076958,0.007898,0.534,8.362,0,0,0,0,,,,0,,0,0
2026-03-27T12:14:40.047,234.560751,REDETECT,0.036027,-0.076958,0.007898,0.534,8.360,0,0,0,0,,,,0,,0,0
2026-03-27T12:14:40.082,234.595487,REDETECT,0.036027,-0.076958,0.007898,0.534,8.358,0,0,0,0,,,,0,,0,0
2026-03-27T12:14:40.143,234.656894,REDETECT,0.036027,-0.076958,0.007898,0.534,8.354,0,0,0,0,,,,0,,0,0
2026-03-27T12:14:40.208,234.721437,REDETECT,0.036027,-0.076958,0.007898,0.534,8.354,0,0,0,0,,,,0,,0,0
2026-03-27T12:14:40.275,234.788009,REDETECT,0.036027,-0.076958,0.007898,0.534,8.356,0,0,0,0,,,,0,,0,0
2026-03-27T12:14:40.310,234.823524,REDETECT,0.036027,-0.076958,0.007898,0.534,8.354,0,0,0,0,,,,0,,0,0
2026-03-27T12:14:40.374,234.887298,REDETECT,0.036027,-0.076958,0.007898,0.534,8.354,0,0,0,0,,,,0,,0,0
2026-03-27T12:14:40.437,234.949990,REDETECT,0.036027,-0.076958,0.007898,0.534,8.350,0,0,0,0,,,,0,,0,0
2026-03-27T12:14:40.474,234.987547,REDETECT,0.036027,-0.076958,0.007898,0.534,8.355,0,0,0,0,,,,0,,0,0
2026-03-27T12:14:40.536,235.049378,REDETECT,0.036027,-0.076958,0.007898,0.534,8.358,0,0,0,0,,,,0,,0,0
2026-03-27T12:14:40.572,235.085504,REDETECT,0.036027,-0.076958,0.007898,0.534,8.358,0,0,0,0,,,,0,,0,0
2026-03-27T12:14:40.609,235.122827,REDETECT,0.036027,-0.076958,0.007898,0.534,8.358,0,0,0,0,,,,0,,0,0
2026-03-27T12:14:40.673,235.186123,REDETECT,0.036027,-0.076958,0.007898,0.534,8.355,0,0,0,0,,,,0,,0,0
2026-03-27T12:14:40.747,235.260057,REDETECT,0.036027,-0.076958,0.007898,0.534,8.351,0,0,0,0,,,,0,,0,0
2026-03-27T12:14:40.807,235.320159,REDETECT,0.036027,-0.076958,0.007898,0.534,8.357,0,0,0,0,,,,0,,0,0
2026-03-27T12:14:40.873,235.385923,REDETECT,0.036027,-0.076958,0.007898,0.534,8.355,0,0,0,0,,,,0,,0,0
2026-03-27T12:14:40.907,235.419911,REDETECT,0.036027,-0.076958,0.007898,0.534,8.351,0,0,0,0,,,,0,,0,0
2026-03-27T12:14:40.974,235.487416,REDETECT,0.036027,-0.076958,0.007898,0.534,8.345,0,0,0,0,,,,0,,0,0
2026-03-27T12:14:41.036,235.549597,REDETECT,0.036027,-0.076958,0.007898,0.534,8.343,0,0,0,0,,,,0,,0,0
2026-03-27T12:14:41.073,235.586185,REDETECT,0.036027,-0.076958,0.007898,0.534,8.347,0,0,0,0,,,,0,,0,0
2026-03-27T12:14:41.116,235.629877,REDETECT,0.036027,-0.076958,0.007898,0.534,8.347,0,0,0,0,,,,0,,0,0
2026-03-27T12:14:41.170,235.683406,REDETECT,0.036027,-0.076958,0.007898,0.534,8.348,0,0,0,0,,,,0,,0,0
2026-03-27T12:14:41.235,235.748070,REDETECT,0.036027,-0.076958,0.007898,0.534,8.345,0,0,0,0,,,,0,,0,0
2026-03-27T12:14:41.269,235.782547,REDETECT,0.036027,-0.076958,0.007898,0.534,8.345,0,0,0,0,,,,0,,0,0
2026-03-27T12:14:41.333,235.846603,REDETECT,0.036027,-0.076958,0.007898,0.534,8.339,0,0,0,0,,,,0,,0,0
2026-03-27T12:14:41.369,235.882845,REDETECT,0.036027,-0.076958,0.007898,0.534,8.334,0,0,0,0,,,,0,,0,0
2026-03-27T12:14:41.416,235.929001,REDETECT,0.036027,-0.076958,0.007898,0.534,8.331,0,0,0,0,,,,0,,0,0
2026-03-27T12:14:41.450,235.963128,REDETECT,0.036027,-0.076958,0.007898,0.534,8.327,0,0,0,0,,,,0,,0,0
2026-03-27T12:14:41.508,236.021417,REDETECT,0.036027,-0.076958,0.007898,0.534,8.332,0,0,0,0,,,,0,,0,0
2026-03-27T12:14:41.615,236.128633,REDETECT,0.036027,-0.076958,0.007898,0.534,8.323,0,0,0,0,,,,0,,0,0
2026-03-27T12:14:41.657,236.170066,REDETECT,0.036027,-0.076958,0.007898,0.534,8.322,0,0,0,0,,,,0,,0,0
2026-03-27T12:14:41.695,236.208708,REDETECT,0.036027,-0.076958,0.007898,0.534,8.319,0,0,0,0,,,,0,,0,0
2026-03-27T12:14:41.738,236.251313,REDETECT,0.036027,-0.076958,0.007898,0.534,8.323,0,0,0,0,,,,0,,0,0
2026-03-27T12:14:41.805,236.318882,REDETECT,0.036027,-0.076958,0.007898,0.534,8.327,0,0,0,0,,,,0,,0,0
2026-03-27T12:14:41.870,236.383684,REDETECT,0.036027,-0.076958,0.007898,0.534,8.323,0,0,0,0,,,,0,,0,0
2026-03-27T12:14:41.936,236.449772,REDETECT,0.036027,-0.076958,0.007898,0.534,8.313,0,0,0,0,,,,0,,0,0
2026-03-27T12:14:41.972,236.485576,REDETECT,0.036027,-0.076958,0.007898,0.534,8.320,0,0,0,0,,,,0,,0,0
2026-03-27T12:14:42.032,236.545864,REDETECT,0.036027,-0.076958,0.007898,0.534,8.310,0,0,0,0,,,,0,,0,0
2026-03-27T12:14:42.068,236.581169,REDETECT,0.036027,-0.076958,0.007898,0.534,8.310,0,0,0,0,,,,0,,0,0
2026-03-27T12:14:42.101,236.614526,REDETECT,0.036027,-0.076958,0.007898,0.534,8.310,0,0,0,0,,,,0,,0,0
2026-03-27T12:14:42.168,236.681412,REDETECT,0.036027,-0.076958,0.007898,0.534,8.310,0,0,0,0,,,,0,,0,0
2026-03-27T12:14:42.233,236.746297,REDETECT,0.036027,-0.076958,0.007898,0.534,8.304,0,0,0,0,,,,0,,0,0
2026-03-27T12:14:42.270,236.783382,REDETECT,0.036027,-0.076958,0.007898,0.534,8.304,0,0,0,0,,,,0,,0,0
2026-03-27T12:14:42.333,236.846235,REDETECT,0.036027,-0.076958,0.007898,0.534,8.304,0,0,0,0,,,,0,,0,0
2026-03-27T12:14:42.368,236.881743,REDETECT,0.036027,-0.076958,0.007898,0.534,8.302,0,0,0,0,,,,0,,0,0
2026-03-27T12:14:42.405,236.918148,REDETECT,0.036027,-0.076958,0.007898,0.534,8.302,0,0,0,0,,,,0,,0,0
2026-03-27T12:14:42.468,236.981776,REDETECT,0.036027,-0.076958,0.007898,0.534,8.304,0,0,0,0,,,,0,,0,0
2026-03-27T12:14:42.533,237.046124,REDETECT,0.036027,-0.076958,0.007898,0.534,8.306,0,0,0,0,,,,0,,0,0
2026-03-27T12:14:42.570,237.083302,REDETECT,0.036027,-0.076958,0.007898,0.534,8.304,0,0,0,0,,,,0,,0,0
2026-03-27T12:14:42.632,237.145832,REDETECT,0.036027,-0.076958,0.007898,0.534,8.302,0,0,0,0,,,,0,,0,0
2026-03-27T12:14:42.670,237.183043,REDETECT,0.036027,-0.076958,0.007898,0.534,8.302,0,0,0,0,,,,0,,0,0
2026-03-27T12:14:42.736,237.249762,REDETECT,0.036027,-0.076958,0.007898,0.534,8.300,0,0,0,0,,,,0,,0,0
2026-03-27T12:14:42.801,237.313920,REDETECT,0.036027,-0.076958,0.007898,0.534,8.298,0,0,0,0,,,,0,,0,0
2026-03-27T12:14:42.868,237.381600,REDETECT,0.036027,-0.076958,0.007898,0.534,8.300,0,0,0,0,,,,0,,0,0
2026-03-27T12:14:42.933,237.446771,REDETECT,0.036027,-0.076958,0.007898,0.534,8.300,0,0,0,0,,,,0,,0,0
2026-03-27T12:14:42.970,237.483240,REDETECT,0.036027,-0.076958,0.007898,0.534,8.298,0,0,0,0,,,,0,,0,0
2026-03-27T12:14:43.003,237.516657,REDETECT,0.036027,-0.076958,0.007898,0.534,8.300,0,0,0,0,,,,0,,0,0
2026-03-27T12:14:43.068,237.581013,REDETECT,0.036027,-0.076958,0.007898,0.534,8.298,0,0,0,0,,,,0,,0,0
2026-03-27T12:14:43.101,237.614804,REDETECT,0.036027,-0.076958,0.007898,0.534,8.292,0,0,0,0,,,,0,,0,0
2026-03-27T12:14:43.167,237.680320,REDETECT,0.036027,-0.076958,0.007898,0.534,8.283,0,0,0,0,,,,0,,0,0
2026-03-27T12:14:43.233,237.746280,REDETECT,0.036027,-0.076958,0.007898,0.534,8.279,0,0,0,0,,,,0,,0,0
2026-03-27T12:14:43.270,237.783276,REDETECT,0.036027,-0.076958,0.007898,0.534,8.279,0,0,0,0,,,,0,,0,0
2026-03-27T12:14:43.333,237.846563,REDETECT,0.036027,-0.076958,0.007898,0.534,8.273,0,0,0,0,,,,0,,0,0
2026-03-27T12:14:43.367,237.880318,REDETECT,0.036027,-0.076958,0.007898,0.534,8.269,0,0,0,0,,,,0,,0,0
2026-03-27T12:14:43.433,237.946623,REDETECT,0.036027,-0.076958,0.007898,0.534,8.265,0,0,0,0,,,,0,,0,0
2026-03-27T12:14:43.468,237.981617,REDETECT,0.036027,-0.076958,0.007898,0.534,8.261,0,0,0,0,,,,0,,0,0
2026-03-27T12:14:43.533,238.046714,REDETECT,0.036027,-0.076958,0.007898,0.534,8.267,0,0,0,0,,,,0,,0,0
2026-03-27T12:14:43.568,238.081139,REDETECT,0.036027,-0.076958,0.007898,0.534,8.267,0,0,0,0,,,,0,,0,0
2026-03-27T12:14:43.634,238.146923,REDETECT,0.036027,-0.076958,0.007898,0.534,8.267,0,0,0,0,,,,0,,0,0
2026-03-27T12:14:43.670,238.183036,REDETECT,0.036027,-0.076958,0.007898,0.534,8.265,0,0,0,0,,,,0,,0,0
2026-03-27T12:14:43.734,238.247315,REDETECT,0.036027,-0.076958,0.007898,0.534,8.267,0,0,0,0,,,,0,,0,0
2026-03-27T12:14:43.769,238.282100,REDETECT,0.036027,-0.076958,0.007898,0.534,8.262,0,0,0,0,,,,0,,0,0
2026-03-27T12:14:43.833,238.346610,REDETECT,0.036027,-0.076958,0.007898,0.534,8.264,0,0,0,0,,,,0,,0,0
2026-03-27T12:14:43.868,238.381669,REDETECT,0.036027,-0.076958,0.007898,0.534,8.262,0,0,0,0,,,,0,,0,0
2026-03-27T12:14:43.934,238.447237,REDETECT,0.036027,-0.076958,0.007898,0.534,8.260,0,0,0,0,,,,0,,0,0
2026-03-27T12:14:43.969,238.482874,REDETECT,0.036027,-0.076958,0.007898,0.534,8.260,0,0,0,0,,,,0,,0,0
2026-03-27T12:14:44.033,238.546608,REDETECT,0.036027,-0.076958,0.007898,0.534,8.260,0,0,0,0,,,,0,,0,0
2026-03-27T12:14:44.068,238.581784,REDETECT,0.036027,-0.076958,0.007898,0.534,8.264,0,0,0,0,,,,0,,0,0
2026-03-27T12:14:44.133,238.646794,REDETECT,0.036027,-0.076958,0.007898,0.534,8.260,0,0,0,0,,,,0,,0,0
2026-03-27T12:14:44.168,238.681695,REDETECT,0.036027,-0.076958,0.007898,0.534,8.260,0,0,0,0,,,,0,,0,0
2026-03-27T12:14:44.233,238.746695,REDETECT,0.036027,-0.076958,0.007898,0.534,8.262,0,0,0,0,,,,0,,0,0
2026-03-27T12:14:44.268,238.781625,REDETECT,0.036027,-0.076958,0.007898,0.534,8.264,0,0,0,0,,,,0,,0,0
2026-03-27T12:14:44.334,238.847001,REDETECT,0.036027,-0.076958,0.007898,0.534,8.264,0,0,0,0,,,,0,,0,0
2026-03-27T12:14:44.370,238.883036,REDETECT,0.036027,-0.076958,0.007898,0.534,8.264,0,0,0,0,,,,0,,0,0
2026-03-27T12:14:44.434,238.947531,REDETECT,0.036027,-0.076958,0.007898,0.534,8.261,0,0,0,0,,,,0,,0,0
2026-03-27T12:14:44.469,238.982343,REDETECT,0.036027,-0.076958,0.007898,0.534,8.263,0,0,0,0,,,,0,,0,0
2026-03-27T12:14:44.533,239.046742,REDETECT,0.036027,-0.076958,0.007898,0.534,8.269,0,0,0,0,,,,0,,0,0
2026-03-27T12:14:44.569,239.081997,REDETECT,0.036027,-0.076958,0.007898,0.534,8.271,0,0,0,0,,,,0,,0,0
2026-03-27T12:14:44.604,239.117644,REDETECT,0.036027,-0.076958,0.007898,0.534,8.271,0,0,0,0,,,,0,,0,0
2026-03-27T12:14:44.671,239.184318,REDETECT,0.036027,-0.076958,0.007898,0.534,8.270,0,0,0,0,,,,0,,0,0
2026-03-27T12:14:44.734,239.247629,REDETECT,0.036027,-0.076958,0.007898,0.534,8.266,0,0,0,0,,,,0,,0,0
2026-03-27T12:14:44.782,239.295141,REDETECT,0.036027,-0.076958,0.007898,0.534,8.269,0,0,0,0,,,,0,,0,0
2026-03-27T12:14:44.825,239.338762,REDETECT,0.036027,-0.076958,0.007898,0.534,8.269,0,0,0,0,,,,0,,0,0
2026-03-27T12:14:44.874,239.387066,REDETECT,0.036027,-0.076958,0.007898,0.534,8.270,0,0,0,0,,,,0,,0,0
2026-03-27T12:14:44.941,239.454010,REDETECT,0.036027,-0.076958,0.007898,0.534,8.270,0,0,0,0,,,,0,,0,0
2026-03-27T12:14:45.005,239.517967,REDETECT,0.036027,-0.076958,0.007898,0.534,8.262,0,0,0,0,,,,0,,0,0
2026-03-27T12:14:45.040,239.553664,REDETECT,0.036027,-0.076958,0.007898,0.534,8.260,0,0,0,0,,,,0,,0,0
2026-03-27T12:14:45.074,239.587852,REDETECT,0.036027,-0.076958,0.007898,0.534,8.258,0,0,0,0,,,,0,,0,0
2026-03-27T12:14:45.141,239.654727,REDETECT,0.036027,-0.076958,0.007898,0.534,8.253,0,0,0,0,,,,0,,0,0
2026-03-27T12:14:45.180,239.693642,REDETECT,0.036027,-0.076958,0.007898,0.534,8.253,0,0,0,0,,,,0,,0,0
2026-03-27T12:14:45.219,239.732184,REDETECT,0.036027,-0.076958,0.007898,0.534,8.253,0,0,0,0,,,,0,,0,0
2026-03-27T12:14:45.275,239.788605,REDETECT,0.036027,-0.076958,0.007898,0.534,8.256,0,0,0,0,,,,0,,0,0
2026-03-27T12:14:45.338,239.850989,REDETECT,0.036027,-0.076958,0.007898,0.534,8.250,0,0,0,0,,,,0,,0,0
2026-03-27T12:14:45.378,239.891828,REDETECT,0.036027,-0.076958,0.007898,0.534,8.246,0,0,0,0,,,,0,,0,0
2026-03-27T12:14:45.438,239.951596,REDETECT,0.036027,-0.076958,0.007898,0.534,8.245,0,0,0,0,,,,0,,0,0
2026-03-27T12:14:45.475,239.988207,REDETECT,0.036027,-0.076958,0.007898,0.534,8.245,0,0,0,0,,,,0,,0,0
2026-03-27T12:14:45.537,240.050721,REDETECT,0.036027,-0.076958,0.007898,0.534,8.240,0,0,0,0,,,,0,,0,0
2026-03-27T12:14:45.576,240.089435,REDETECT,0.036027,-0.076958,0.007898,0.534,8.235,0,0,0,0,,,,0,,0,0
2026-03-27T12:14:45.640,240.153261,REDETECT,0.036027,-0.076958,0.007898,0.534,8.233,0,0,0,0,,,,0,,0,0
2026-03-27T12:14:45.676,240.189281,REDETECT,0.036027,-0.076958,0.007898,0.534,8.226,0,0,0,0,,,,0,,0,0
2026-03-27T12:14:45.738,240.251798,REDETECT,0.036027,-0.076958,0.007898,0.534,8.225,0,0,0,0,,,,0,,0,0
2026-03-27T12:14:45.773,240.286134,REDETECT,0.036027,-0.076958,0.007898,0.534,8.227,0,0,0,0,,,,0,,0,0
2026-03-27T12:14:45.842,240.355308,REDETECT,0.036027,-0.076958,0.007898,0.534,8.223,0,0,0,0,,,,0,,0,0
2026-03-27T12:14:45.906,240.419885,REDETECT,0.036027,-0.076958,0.007898,0.534,8.218,0,0,0,0,,,,0,,0,0
2026-03-27T12:14:45.943,240.456019,REDETECT,0.036027,-0.076958,0.007898,0.534,8.216,0,0,0,0,,,,0,,0,0
2026-03-27T12:14:46.006,240.519645,REDETECT,0.036027,-0.076958,0.007898,0.534,8.222,0,0,0,0,,,,0,,0,0
2026-03-27T12:14:46.071,240.584538,REDETECT,0.036027,-0.076958,0.007898,0.534,8.220,0,0,0,0,,,,0,,0,0
2026-03-27T12:14:46.133,240.646025,REDETECT,0.036027,-0.076958,0.007898,0.534,8.218,0,0,0,0,,,,0,,0,0
2026-03-27T12:14:46.168,240.681538,REDETECT,0.036027,-0.076958,0.007898,0.534,8.220,0,0,0,0,,,,0,,0,0
2026-03-27T12:14:46.233,240.746469,REDETECT,0.036027,-0.076958,0.007898,0.534,8.212,0,0,0,0,,,,0,,0,0
2026-03-27T12:14:46.313,240.826457,REDETECT,0.036027,-0.076958,0.007898,0.534,8.209,0,0,0,0,,,,0,,0,0
2026-03-27T12:14:46.352,240.864905,REDETECT,0.036027,-0.076958,0.007898,0.534,8.212,0,0,0,0,,,,0,,0,0
2026-03-27T12:14:46.404,240.917147,REDETECT,0.036027,-0.076958,0.007898,0.534,8.211,0,0,0,0,,,,0,,0,0
2026-03-27T12:14:46.468,240.981099,REDETECT,0.036027,-0.076958,0.007898,0.534,8.211,0,0,0,0,,,,0,,0,0
2026-03-27T12:14:46.534,241.046983,REDETECT,0.036027,-0.076958,0.007898,0.534,8.207,0,0,0,0,,,,0,,0,0
2026-03-27T12:14:46.568,241.081789,REDETECT,0.036027,-0.076958,0.007898,0.534,8.207,0,0,0,0,,,,0,,0,0
2026-03-27T12:14:46.633,241.146766,REDETECT,0.036027,-0.076958,0.007898,0.534,8.211,0,0,0,0,,,,0,,0,0
2026-03-27T12:14:46.672,241.184989,REDETECT,0.036027,-0.076958,0.007898,0.534,8.211,0,0,0,0,,,,0,,0,0
2026-03-27T12:14:46.734,241.247132,REDETECT,0.036027,-0.076958,0.007898,0.534,8.209,0,0,0,0,,,,0,,0,0
2026-03-27T12:14:46.770,241.283082,REDETECT,0.036027,-0.076958,0.007898,0.534,8.212,0,0,0,0,,,,0,,0,0
2026-03-27T12:14:46.833,241.346072,REDETECT,0.036027,-0.076958,0.007898,0.534,8.213,0,0,0,0,,,,0,,0,0
2026-03-27T12:14:46.872,241.385096,REDETECT,0.036027,-0.076958,0.007898,0.534,8.206,0,0,0,0,,,,0,,0,0
2026-03-27T12:14:46.933,241.446426,REDETECT,0.036027,-0.076958,0.007898,0.534,8.204,0,0,0,0,,,,0,,0,0
2026-03-27T12:14:46.968,241.481559,REDETECT,0.036027,-0.076958,0.007898,0.534,8.206,0,0,0,0,,,,0,,0,0
2026-03-27T12:14:47.033,241.546311,REDETECT,0.036027,-0.076958,0.007898,0.534,8.204,0,0,0,0,,,,0,,0,0
2026-03-27T12:14:47.069,241.582903,REDETECT,0.036027,-0.076958,0.007898,0.534,8.204,0,0,0,0,,,,0,,0,0
2026-03-27T12:14:47.134,241.647641,REDETECT,0.036027,-0.076958,0.007898,0.534,8.202,0,0,0,0,,,,0,,0,0
2026-03-27T12:14:47.172,241.685364,REDETECT,0.036027,-0.076958,0.007898,0.534,8.200,0,0,0,0,,,,0,,0,0
2026-03-27T12:14:47.234,241.747846,REDETECT,0.036027,-0.076958,0.007898,0.534,8.196,0,0,0,0,,,,0,,0,0
2026-03-27T12:14:47.281,241.794887,REDETECT,0.036027,-0.076958,0.007898,0.534,8.199,0,0,0,0,,,,0,,0,0
2026-03-27T12:14:47.336,241.849883,REDETECT,0.036027,-0.076958,0.007898,0.534,8.197,0,0,0,0,,,,0,,0,0
2026-03-27T12:14:47.413,241.925940,REDETECT,0.036027,-0.076958,0.007898,0.534,8.192,0,0,0,0,,,,0,,0,0
2026-03-27T12:14:47.470,241.983060,REDETECT,0.036027,-0.076958,0.007898,0.534,8.190,0,0,0,0,,,,0,,0,0
2026-03-27T12:14:47.507,242.020264,REDETECT,0.036027,-0.076958,0.007898,0.534,8.188,0,0,0,0,,,,0,,0,0
2026-03-27T12:14:47.567,242.080744,REDETECT,0.036027,-0.076958,0.007898,0.534,8.182,0,0,0,0,,,,0,,0,0
2026-03-27T12:14:47.601,242.114641,REDETECT,0.036027,-0.076958,0.007898,0.534,8.178,0,0,0,0,,,,0,,0,0
2026-03-27T12:14:47.671,242.184688,REDETECT,0.036027,-0.076958,0.007898,0.534,8.174,0,0,0,0,,,,0,,0,0
2026-03-27T12:14:47.707,242.220390,REDETECT,0.036027,-0.076958,0.007898,0.534,8.174,0,0,0,0,,,,0,,0,0
2026-03-27T12:14:47.743,242.256349,REDETECT,0.036027,-0.076958,0.007898,0.534,8.176,0,0,0,0,,,,0,,0,0
2026-03-27T12:14:47.801,242.314490,REDETECT,0.036027,-0.076958,0.007898,0.534,8.173,0,0,0,0,,,,0,,0,0
2026-03-27T12:14:47.855,242.368656,REDETECT,0.036027,-0.076958,0.007898,0.534,8.169,0,0,0,0,,,,0,,0,0
2026-03-27T12:14:47.933,242.445944,REDETECT,0.036027,-0.076958,0.007898,0.534,8.172,0,0,0,0,,,,0,,0,0
2026-03-27T12:14:47.983,242.496117,REDETECT,0.036027,-0.076958,0.007898,0.534,8.173,0,0,0,0,,,,0,,0,0
2026-03-27T12:14:48.056,242.569227,REDETECT,0.036027,-0.076958,0.007898,0.534,8.170,0,0,0,0,,,,0,,0,0
2026-03-27T12:14:48.109,242.622375,REDETECT,0.036027,-0.076958,0.007898,0.534,8.168,0,0,0,0,,,,0,,0,0
2026-03-27T12:14:48.174,242.686945,REDETECT,0.036027,-0.076958,0.007898,0.534,8.166,0,0,0,0,,,,0,,0,0
2026-03-27T12:14:48.239,242.751950,REDETECT,0.036027,-0.076958,0.007898,0.534,8.164,0,0,0,0,,,,0,,0,0
2026-03-27T12:14:48.304,242.817669,REDETECT,0.036027,-0.076958,0.007898,0.534,8.154,0,0,0,0,,,,0,,0,0
2026-03-27T12:14:48.343,242.856408,REDETECT,0.036027,-0.076958,0.007898,0.534,8.152,0,0,0,0,,,,0,,0,0
2026-03-27T12:14:48.384,242.897710,REDETECT,0.036027,-0.076958,0.007898,0.534,8.149,0,0,0,0,,,,0,,0,0
2026-03-27T12:14:48.441,242.953920,REDETECT,0.036027,-0.076958,0.007898,0.534,8.149,0,0,0,0,,,,0,,0,0
2026-03-27T12:14:48.476,242.989111,REDETECT,0.036027,-0.076958,0.007898,0.534,8.152,0,0,0,0,,,,0,,0,0
2026-03-27T12:14:48.539,243.052024,REDETECT,0.036027,-0.076958,0.007898,0.534,8.152,0,0,0,0,,,,0,,0,0
2026-03-27T12:14:48.573,243.086649,REDETECT,0.036027,-0.076958,0.007898,0.534,8.154,0,0,0,0,,,,0,,0,0
2026-03-27T12:14:48.642,243.155212,REDETECT,0.036027,-0.076958,0.007898,0.534,8.154,0,0,0,0,,,,0,,0,0
2026-03-27T12:14:48.682,243.195822,REDETECT,0.036027,-0.076958,0.007898,0.534,8.151,0,0,0,0,,,,0,,0,0
2026-03-27T12:14:48.740,243.253351,REDETECT,0.036027,-0.076958,0.007898,0.534,8.154,0,0,0,0,,,,0,,0,0
2026-03-27T12:14:48.800,243.313888,REDETECT,0.036027,-0.076958,0.007898,0.534,8.152,0,0,0,0,,,,0,,0,0
2026-03-27T12:14:48.866,243.378932,REDETECT,0.036027,-0.076958,0.007898,0.534,8.150,0,0,0,0,,,,0,,0,0
2026-03-27T12:14:48.932,243.445242,REDETECT,0.036027,-0.076958,0.007898,0.534,8.152,0,0,0,0,,,,0,,0,0
2026-03-27T12:14:48.998,243.511261,REDETECT,0.036027,-0.076958,0.007898,0.534,8.152,0,0,0,0,,,,0,,0,0
2026-03-27T12:14:49.065,243.578116,REDETECT,0.036027,-0.076958,0.007898,0.534,8.144,0,0,0,0,,,,0,,0,0
2026-03-27T12:14:49.098,243.611806,REDETECT,0.036027,-0.076958,0.007898,0.534,8.142,0,0,0,0,,,,0,,0,0
2026-03-27T12:14:49.165,243.678576,REDETECT,0.036027,-0.076958,0.007898,0.534,8.140,0,0,0,0,,,,0,,0,0
2026-03-27T12:14:49.199,243.711980,REDETECT,0.036027,-0.076958,0.007898,0.534,8.134,0,0,0,0,,,,0,,0,0
2026-03-27T12:14:49.264,243.777864,REDETECT,0.036027,-0.076958,0.007898,0.534,8.132,0,0,0,0,,,,0,,0,0
2026-03-27T12:14:49.331,243.844032,REDETECT,0.036027,-0.076958,0.007898,0.534,8.132,0,0,0,0,,,,0,,0,0
2026-03-27T12:14:49.364,243.877845,REDETECT,0.036027,-0.076958,0.007898,0.534,8.130,0,0,0,0,,,,0,,0,0
2026-03-27T12:14:49.436,243.949591,REDETECT,0.036027,-0.076958,0.007898,0.534,8.132,0,0,0,0,,,,0,,0,0
2026-03-27T12:14:49.470,243.982937,REDETECT,0.036027,-0.076958,0.007898,0.534,8.130,0,0,0,0,,,,0,,0,0
2026-03-27T12:14:49.507,244.020082,REDETECT,0.036027,-0.076958,0.007898,0.534,8.128,0,0,0,0,,,,0,,0,0
2026-03-27T12:14:49.541,244.054040,REDETECT,0.036027,-0.076958,0.007898,0.534,8.125,0,0,0,0,,,,0,,0,0
2026-03-27T12:14:49.602,244.115613,REDETECT,0.036027,-0.076958,0.007898,0.534,8.118,0,0,0,0,,,,0,,0,0
2026-03-27T12:14:49.673,244.186355,REDETECT,0.036027,-0.076958,0.007898,0.534,8.122,0,0,0,0,,,,0,,0,0
2026-03-27T12:14:49.719,244.232617,REDETECT,0.036027,-0.076958,0.007898,0.534,8.124,0,0,0,0,,,,0,,0,0
2026-03-27T12:14:49.761,244.274707,REDETECT,0.036027,-0.076958,0.007898,0.534,8.124,0,0,0,0,,,,0,,0,0
2026-03-27T12:14:49.800,244.313465,REDETECT,0.036027,-0.076958,0.007898,0.534,8.123,0,0,0,0,,,,0,,0,0
2026-03-27T12:14:49.834,244.347256,REDETECT,0.036027,-0.076958,0.007898,0.534,8.121,0,0,0,0,,,,0,,0,0
2026-03-27T12:14:49.871,244.384725,REDETECT,0.036027,-0.076958,0.007898,0.534,8.119,0,0,0,0,,,,0,,0,0
2026-03-27T12:14:49.934,244.447401,REDETECT,0.036027,-0.076958,0.007898,0.534,8.116,0,0,0,0,,,,0,,0,0
2026-03-27T12:14:49.970,244.482941,REDETECT,0.036027,-0.076958,0.007898,0.534,8.121,0,0,0,0,,,,0,,0,0
2026-03-27T12:14:50.034,244.547123,REDETECT,0.036027,-0.076958,0.007898,0.534,8.119,0,0,0,0,,,,0,,0,0
2026-03-27T12:14:50.068,244.581379,REDETECT,0.036027,-0.076958,0.007898,0.534,8.113,0,0,0,0,,,,0,,0,0
2026-03-27T12:14:50.137,244.650069,REDETECT,0.036027,-0.076958,0.007898,0.534,8.110,0,0,0,0,,,,0,,0,0
2026-03-27T12:14:50.174,244.687674,REDETECT,0.036027,-0.076958,0.007898,0.534,8.108,0,0,0,0,,,,0,,0,0
2026-03-27T12:14:50.234,244.747355,REDETECT,0.036027,-0.076958,0.007898,0.534,8.108,0,0,0,0,,,,0,,0,0
2026-03-27T12:14:50.271,244.784569,REDETECT,0.036027,-0.076958,0.007898,0.534,8.108,0,0,0,0,,,,0,,0,0
2026-03-27T12:14:50.333,244.846842,REDETECT,0.036027,-0.076958,0.007898,0.534,8.108,0,0,0,0,,,,0,,0,0
2026-03-27T12:14:50.367,244.880351,REDETECT,0.036027,-0.076958,0.007898,0.534,8.110,0,0,0,0,,,,0,,0,0
2026-03-27T12:14:50.400,244.913738,REDETECT,0.036027,-0.076958,0.007898,0.534,8.106,0,0,0,0,,,,0,,0,0
2026-03-27T12:14:50.438,244.951710,REDETECT,0.036027,-0.076958,0.007898,0.534,8.103,0,0,0,0,,,,0,,0,0
2026-03-27T12:14:50.500,245.013238,REDETECT,0.036027,-0.076958,0.007898,0.534,8.100,0,0,0,0,,,,0,,0,0
2026-03-27T12:14:50.568,245.081448,REDETECT,0.036027,-0.076958,0.007898,0.534,8.100,0,0,0,0,,,,0,,0,0
2026-03-27T12:14:50.602,245.114927,REDETECT,0.036027,-0.076958,0.007898,0.534,8.096,0,0,0,0,,,,0,,0,0
2026-03-27T12:14:50.673,245.186309,REDETECT,0.036027,-0.076958,0.007898,0.534,8.095,0,0,0,0,,,,0,,0,0
2026-03-27T12:14:50.741,245.254442,REDETECT,0.036027,-0.076958,0.007898,0.534,8.099,0,0,0,0,,,,0,,0,0
2026-03-27T12:14:50.800,245.313806,REDETECT,0.036027,-0.076958,0.007898,0.534,8.099,0,0,0,0,,,,0,,0,0
2026-03-27T12:14:50.837,245.350060,REDETECT,0.036027,-0.076958,0.007898,0.534,8.095,0,0,0,0,,,,0,,0,0
2026-03-27T12:14:50.873,245.386048,REDETECT,0.036027,-0.076958,0.007898,0.534,8.093,0,0,0,0,,,,0,,0,0
2026-03-27T12:14:50.908,245.421866,REDETECT,0.036027,-0.076958,0.007898,0.534,8.091,0,0,0,0,,,,0,,0,0
2026-03-27T12:14:50.970,245.483463,REDETECT,0.036027,-0.076958,0.007898,0.534,8.094,0,0,0,0,,,,0,,0,0
2026-03-27T12:14:51.034,245.547853,REDETECT,0.036027,-0.076958,0.007898,0.534,8.094,0,0,0,0,,,,0,,0,0
2026-03-27T12:14:51.071,245.584405,REDETECT,0.036027,-0.076958,0.007898,0.534,8.092,0,0,0,0,,,,0,,0,0
2026-03-27T12:14:51.134,245.647332,REDETECT,0.036027,-0.076958,0.007898,0.534,8.092,0,0,0,0,,,,0,,0,0
2026-03-27T12:14:51.170,245.683225,REDETECT,0.036027,-0.076958,0.007898,0.534,8.092,0,0,0,0,,,,0,,0,0
2026-03-27T12:14:51.234,245.747728,REDETECT,0.036027,-0.076958,0.007898,0.534,8.094,0,0,0,0,,,,0,,0,0
2026-03-27T12:14:51.271,245.784664,REDETECT,0.036027,-0.076958,0.007898,0.534,8.092,0,0,0,0,,,,0,,0,0
2026-03-27T12:14:51.334,245.847836,REDETECT,0.036027,-0.076958,0.007898,0.534,8.092,0,0,0,0,,,,0,,0,0
2026-03-27T12:14:51.368,245.881887,REDETECT,0.036027,-0.076958,0.007898,0.534,8.092,0,0,0,0,,,,0,,0,0
2026-03-27T12:14:51.435,245.948147,REDETECT,0.036027,-0.076958,0.007898,0.534,8.088,0,0,0,0,,,,0,,0,0
2026-03-27T12:14:51.472,245.985473,REDETECT,0.036027,-0.076958,0.007898,0.534,8.088,0,0,0,0,,,,0,,0,0
2026-03-27T12:14:51.534,246.047580,REDETECT,0.036027,-0.076958,0.007898,0.534,8.088,0,0,0,0,,,,0,,0,0
2026-03-27T12:14:51.572,246.085002,REDETECT,0.036027,-0.076958,0.007898,0.534,8.090,0,0,0,0,,,,0,,0,0
2026-03-27T12:14:51.634,246.147617,REDETECT,0.036027,-0.076958,0.007898,0.534,8.088,0,0,0,0,,,,0,,0,0
2026-03-27T12:14:51.669,246.182895,REDETECT,0.036027,-0.076958,0.007898,0.534,8.086,0,0,0,0,,,,0,,0,0
2026-03-27T12:14:51.738,246.251110,REDETECT,0.036027,-0.076958,0.007898,0.534,8.086,0,0,0,0,,,,0,,0,0
2026-03-27T12:14:51.771,246.284727,REDETECT,0.036027,-0.076958,0.007898,0.534,8.084,0,0,0,0,,,,0,,0,0
2026-03-27T12:14:51.835,246.348298,REDETECT,0.036027,-0.076958,0.007898,0.534,8.078,0,0,0,0,,,,0,,0,0
2026-03-27T12:14:51.871,246.384353,REDETECT,0.036027,-0.076958,0.007898,0.534,8.082,0,0,0,0,,,,0,,0,0
2026-03-27T12:14:51.935,246.448107,REDETECT,0.036027,-0.076958,0.007898,0.534,8.083,0,0,0,0,,,,0,,0,0
2026-03-27T12:14:51.970,246.483005,REDETECT,0.036027,-0.076958,0.007898,0.534,8.085,0,0,0,0,,,,0,,0,0
2026-03-27T12:14:52.036,246.549743,REDETECT,0.036027,-0.076958,0.007898,0.534,8.081,0,0,0,0,,,,0,,0,0
2026-03-27T12:14:52.101,246.614501,REDETECT,0.036027,-0.076958,0.007898,0.534,8.081,0,0,0,0,,,,0,,0,0
2026-03-27T12:14:52.135,246.648114,REDETECT,0.036027,-0.076958,0.007898,0.534,8.083,0,0,0,0,,,,0,,0,0
2026-03-27T12:14:52.170,246.683787,REDETECT,0.036027,-0.076958,0.007898,0.534,8.083,0,0,0,0,,,,0,,0,0
2026-03-27T12:14:52.234,246.747814,REDETECT,0.036027,-0.076958,0.007898,0.534,8.081,0,0,0,0,,,,0,,0,0
2026-03-27T12:14:52.269,246.782900,REDETECT,0.036027,-0.076958,0.007898,0.534,8.083,0,0,0,0,,,,0,,0,0
2026-03-27T12:14:52.304,246.817727,REDETECT,0.036027,-0.076958,0.007898,0.534,8.083,0,0,0,0,,,,0,,0,0
2026-03-27T12:14:52.368,246.881401,REDETECT,0.036027,-0.076958,0.007898,0.534,8.077,0,0,0,0,,,,0,,0,0
2026-03-27T12:14:52.403,246.916015,REDETECT,0.036027,-0.076958,0.007898,0.534,8.075,0,0,0,0,,,,0,,0,0
2026-03-27T12:14:52.471,246.984505,REDETECT,0.036027,-0.076958,0.007898,0.534,8.078,0,0,0,0,,,,0,,0,0
2026-03-27T12:14:52.534,247.047413,REDETECT,0.036027,-0.076958,0.007898,0.534,8.080,0,0,0,0,,,,0,,0,0
2026-03-27T12:14:52.571,247.084407,REDETECT,0.036027,-0.076958,0.007898,0.534,8.077,0,0,0,0,,,,0,,0,0
2026-03-27T12:14:52.634,247.147402,REDETECT,0.036027,-0.076958,0.007898,0.534,8.074,0,0,0,0,,,,0,,0,0
2026-03-27T12:14:52.669,247.182774,REDETECT,0.036027,-0.076958,0.007898,0.534,8.074,0,0,0,0,,,,0,,0,0
2026-03-27T12:14:52.704,247.217402,REDETECT,0.036027,-0.076958,0.007898,0.534,8.071,0,0,0,0,,,,0,,0,0
2026-03-27T12:14:52.738,247.251114,REDETECT,0.036027,-0.076958,0.007898,0.534,8.071,0,0,0,0,,,,0,,0,0
2026-03-27T12:14:52.803,247.316885,REDETECT,0.036027,-0.076958,0.007898,0.534,8.069,0,0,0,0,,,,0,,0,0
2026-03-27T12:14:52.871,247.384816,REDETECT,0.036027,-0.076958,0.007898,0.534,8.067,0,0,0,0,,,,0,,0,0
2026-03-27T12:14:52.934,247.447417,REDETECT,0.036027,-0.076958,0.007898,0.534,8.064,0,0,0,0,,,,0,,0,0
2026-03-27T12:14:52.969,247.482900,REDETECT,0.036027,-0.076958,0.007898,0.534,8.062,0,0,0,0,,,,0,,0,0
2026-03-27T12:14:53.033,247.546609,REDETECT,0.036027,-0.076958,0.007898,0.534,8.064,0,0,0,0,,,,0,,0,0
2026-03-27T12:14:53.069,247.582168,REDETECT,0.036027,-0.076958,0.007898,0.534,8.066,0,0,0,0,,,,0,,0,0
2026-03-27T12:14:53.135,247.648064,REDETECT,0.036027,-0.076958,0.007898,0.534,8.064,0,0,0,0,,,,0,,0,0
2026-03-27T12:14:53.171,247.684612,REDETECT,0.036027,-0.076958,0.007898,0.534,8.062,0,0,0,0,,,,0,,0,0
2026-03-27T12:14:53.235,247.748090,REDETECT,0.036027,-0.076958,0.007898,0.534,8.056,0,0,0,0,,,,0,,0,0
2026-03-27T12:14:53.272,247.785374,REDETECT,0.036027,-0.076958,0.007898,0.534,8.056,0,0,0,0,,,,0,,0,0
2026-03-27T12:14:53.334,247.847872,REDETECT,0.036027,-0.076958,0.007898,0.534,8.054,0,0,0,0,,,,0,,0,0
2026-03-27T12:14:53.369,247.882732,REDETECT,0.036027,-0.076958,0.007898,0.534,8.056,0,0,0,0,,,,0,,0,0
2026-03-27T12:14:53.434,247.947535,REDETECT,0.036027,-0.076958,0.007898,0.534,8.048,0,0,0,0,,,,0,,0,0
2026-03-27T12:14:53.473,247.986795,REDETECT,0.036027,-0.076958,0.007898,0.534,8.048,0,0,0,0,,,,0,,0,0
2026-03-27T12:14:53.536,248.049002,REDETECT,0.036027,-0.076958,0.007898,0.534,8.048,0,0,0,0,,,,0,,0,0
2026-03-27T12:14:53.601,248.114182,REDETECT,0.036027,-0.076958,0.007898,0.534,8.048,0,0,0,0,,,,0,,0,0
2026-03-27T12:14:53.635,248.147980,REDETECT,0.036027,-0.076958,0.007898,0.534,8.050,0,0,0,0,,,,0,,0,0
2026-03-27T12:14:53.670,248.183251,REDETECT,0.036027,-0.076958,0.007898,0.534,8.050,0,0,0,0,,,,0,,0,0
2026-03-27T12:14:53.734,248.247322,REDETECT,0.036027,-0.076958,0.007898,0.534,8.054,0,0,0,0,,,,0,,0,0
2026-03-27T12:14:53.770,248.283890,REDETECT,0.036027,-0.076958,0.007898,0.534,8.049,0,0,0,0,,,,0,,0,0
2026-03-27T12:14:53.838,248.350980,REDETECT,0.036027,-0.076958,0.007898,0.534,8.047,0,0,0,0,,,,0,,0,0
2026-03-27T12:14:53.871,248.384694,REDETECT,0.036027,-0.076958,0.007898,0.534,8.045,0,0,0,0,,,,0,,0,0
2026-03-27T12:14:53.935,248.448298,REDETECT,0.036027,-0.076958,0.007898,0.534,8.039,0,0,0,0,,,,0,,0,0
2026-03-27T12:14:53.969,248.482373,REDETECT,0.036027,-0.076958,0.007898,0.534,8.037,0,0,0,0,,,,0,,0,0
2026-03-27T12:14:54.003,248.516167,REDETECT,0.036027,-0.076958,0.007898,0.534,8.037,0,0,0,0,,,,0,,0,0
2026-03-27T12:14:54.070,248.583265,REDETECT,0.036027,-0.076958,0.007898,0.534,8.033,0,0,0,0,,,,0,,0,0
2026-03-27T12:14:54.135,248.648683,REDETECT,0.036027,-0.076958,0.007898,0.534,8.033,0,0,0,0,,,,0,,0,0
2026-03-27T12:14:54.171,248.684884,REDETECT,0.036027,-0.076958,0.007898,0.534,8.033,0,0,0,0,,,,0,,0,0
2026-03-27T12:14:54.234,248.747816,REDETECT,0.036027,-0.076958,0.007898,0.534,8.030,0,0,0,0,,,,0,,0,0
2026-03-27T12:14:54.270,248.783897,REDETECT,0.036027,-0.076958,0.007898,0.534,8.030,0,0,0,0,,,,0,,0,0
2026-03-27T12:14:54.336,248.849011,REDETECT,0.036027,-0.076958,0.007898,0.534,8.026,0,0,0,0,,,,0,,0,0
2026-03-27T12:14:54.402,248.914945,REDETECT,0.036027,-0.076958,0.007898,0.534,8.024,0,0,0,0,,,,0,,0,0
2026-03-27T12:14:54.436,248.949052,REDETECT,0.036027,-0.076958,0.007898,0.534,8.019,0,0,0,0,,,,0,,0,0
2026-03-27T12:14:54.472,248.984933,REDETECT,0.036027,-0.076958,0.007898,0.534,8.017,0,0,0,0,,,,0,,0,0
2026-03-27T12:14:54.535,249.048079,REDETECT,0.036027,-0.076958,0.007898,0.534,8.017,0,0,0,0,,,,0,,0,0
2026-03-27T12:14:54.568,249.081605,REDETECT,0.036027,-0.076958,0.007898,0.534,8.017,0,0,0,0,,,,0,,0,0
2026-03-27T12:14:54.635,249.148339,REDETECT,0.036027,-0.076958,0.007898,0.534,8.015,0,0,0,0,,,,0,,0,0
2026-03-27T12:14:54.669,249.182840,REDETECT,0.036027,-0.076958,0.007898,0.534,8.013,0,0,0,0,,,,0,,0,0
2026-03-27T12:14:54.735,249.248351,REDETECT,0.036027,-0.076958,0.007898,0.534,8.011,0,0,0,0,,,,0,,0,0
2026-03-27T12:14:54.801,249.314435,REDETECT,0.036027,-0.076958,0.007898,0.534,8.007,0,0,0,0,,,,0,,0,0
2026-03-27T12:14:54.835,249.347979,REDETECT,0.036027,-0.076958,0.007898,0.534,8.007,0,0,0,0,,,,0,,0,0
2026-03-27T12:14:54.873,249.386853,REDETECT,0.036027,-0.076958,0.007898,0.534,8.005,0,0,0,0,,,,0,,0,0
2026-03-27T12:14:54.935,249.448110,REDETECT,0.036027,-0.076958,0.007898,0.534,7.999,0,0,0,0,,,,0,,0,0
2026-03-27T12:14:54.970,249.483268,REDETECT,0.036027,-0.076958,0.007898,0.534,7.999,0,0,0,0,,,,0,,0,0
2026-03-27T12:14:55.004,249.517694,REDETECT,0.036027,-0.076958,0.007898,0.534,7.999,0,0,0,0,,,,0,,0,0
2026-03-27T12:14:55.068,249.581486,REDETECT,0.036027,-0.076958,0.007898,0.534,7.997,0,0,0,0,,,,0,,0,0
2026-03-27T12:14:55.102,249.615698,REDETECT,0.036027,-0.076958,0.007898,0.534,7.993,0,0,0,0,,,,0,,0,0
2026-03-27T12:14:55.181,249.694134,REDETECT,0.036027,-0.076958,0.007898,0.534,7.995,0,0,0,0,,,,0,,0,0
2026-03-27T12:14:55.234,249.747664,REDETECT,0.036027,-0.076958,0.007898,0.534,7.992,0,0,0,0,,,,0,,0,0
2026-03-27T12:14:55.271,249.784512,REDETECT,0.036027,-0.076958,0.007898,0.534,7.992,0,0,0,0,,,,0,,0,0
2026-03-27T12:14:55.334,249.847075,REDETECT,0.036027,-0.076958,0.007898,0.534,7.992,0,0,0,0,,,,0,,0,0
2026-03-27T12:14:55.371,249.884066,REDETECT,0.036027,-0.076958,0.007898,0.534,7.992,0,0,0,0,,,,0,,0,0
2026-03-27T12:14:55.433,249.946763,REDETECT,0.036027,-0.076958,0.007898,0.534,7.990,0,0,0,0,,,,0,,0,0
2026-03-27T12:14:55.474,249.987182,REDETECT,0.036027,-0.076958,0.007898,0.534,7.988,0,0,0,0,,,,0,,0,0
2026-03-27T12:14:55.513,250.026756,REDETECT,0.036027,-0.076958,0.007898,0.534,7.983,0,0,0,0,,,,0,,0,0
2026-03-27T12:14:55.572,250.085307,REDETECT,0.036027,-0.076958,0.007898,0.534,7.980,0,0,0,0,,,,0,,0,0
2026-03-27T12:14:55.635,250.148139,REDETECT,0.036027,-0.076958,0.007898,0.534,7.982,0,0,0,0,,,,0,,0,0
2026-03-27T12:14:55.669,250.182611,REDETECT,0.036027,-0.076958,0.007898,0.534,7.980,0,0,0,0,,,,0,,0,0
2026-03-27T12:14:55.703,250.216120,REDETECT,0.036027,-0.076958,0.007898,0.534,7.978,0,0,0,0,,,,0,,0,0
2026-03-27T12:14:55.768,250.281075,REDETECT,0.036027,-0.076958,0.007898,0.534,7.976,0,0,0,0,,,,0,,0,0
2026-03-27T12:14:55.803,250.315996,REDETECT,0.036027,-0.076958,0.007898,0.534,7.974,0,0,0,0,,,,0,,0,0
2026-03-27T12:14:55.871,250.384407,REDETECT,0.036027,-0.076958,0.007898,0.534,7.974,0,0,0,0,,,,0,,0,0
2026-03-27T12:14:55.934,250.447298,REDETECT,0.036027,-0.076958,0.007898,0.534,7.978,0,0,0,0,,,,0,,0,0
2026-03-27T12:14:55.971,250.484599,REDETECT,0.036027,-0.076958,0.007898,0.534,7.978,0,0,0,0,,,,0,,0,0
2026-03-27T12:14:56.034,250.547716,REDETECT,0.036027,-0.076958,0.007898,0.534,7.978,0,0,0,0,,,,0,,0,0
2026-03-27T12:14:56.070,250.583188,REDETECT,0.036027,-0.076958,0.007898,0.534,7.974,0,0,0,0,,,,0,,0,0
2026-03-27T12:14:56.104,250.617387,REDETECT,0.036027,-0.076958,0.007898,0.534,7.971,0,0,0,0,,,,0,,0,0
2026-03-27T12:14:56.172,250.684937,REDETECT,0.036027,-0.076958,0.007898,0.534,7.969,0,0,0,0,,,,0,,0,0
2026-03-27T12:14:56.235,250.747915,REDETECT,0.036027,-0.076958,0.007898,0.534,7.963,0,0,0,0,,,,0,,0,0
2026-03-27T12:14:56.271,250.783926,REDETECT,0.036027,-0.076958,0.007898,0.534,7.961,0,0,0,0,,,,0,,0,0
2026-03-27T12:14:56.334,250.847774,REDETECT,0.036027,-0.076958,0.007898,0.534,7.957,0,0,0,0,,,,0,,0,0
2026-03-27T12:14:56.402,250.915659,REDETECT,0.036027,-0.076958,0.007898,0.534,7.955,0,0,0,0,,,,0,,0,0
2026-03-27T12:14:56.471,250.984425,REDETECT,0.036027,-0.076958,0.007898,0.534,7.955,0,0,0,0,,,,0,,0,0
2026-03-27T12:14:56.536,251.049757,REDETECT,0.036027,-0.076958,0.007898,0.534,7.957,0,0,0,0,,,,0,,0,0
2026-03-27T12:14:56.571,251.084675,REDETECT,0.036027,-0.076958,0.007898,0.534,7.957,0,0,0,0,,,,0,,0,0
2026-03-27T12:14:56.634,251.147818,REDETECT,0.036027,-0.076958,0.007898,0.534,7.955,0,0,0,0,,,,0,,0,0
2026-03-27T12:14:56.671,251.184413,REDETECT,0.036027,-0.076958,0.007898,0.534,7.955,0,0,0,0,,,,0,,0,0
2026-03-27T12:14:56.735,251.247969,REDETECT,0.036027,-0.076958,0.007898,0.534,7.953,0,0,0,0,,,,0,,0,0
2026-03-27T12:14:56.768,251.281733,REDETECT,0.036027,-0.076958,0.007898,0.534,7.951,0,0,0,0,,,,0,,0,0
2026-03-27T12:14:56.835,251.348012,REDETECT,0.036027,-0.076958,0.007898,0.534,7.945,0,0,0,0,,,,0,,0,0
2026-03-27T12:14:56.870,251.383594,REDETECT,0.036027,-0.076958,0.007898,0.534,7.945,0,0,0,0,,,,0,,0,0
2026-03-27T12:14:56.935,251.448196,REDETECT,0.036027,-0.076958,0.007898,0.534,7.947,0,0,0,0,,,,0,,0,0
2026-03-27T12:14:56.969,251.482440,REDETECT,0.036027,-0.076958,0.007898,0.534,7.947,0,0,0,0,,,,0,,0,0
2026-03-27T12:14:57.034,251.547588,REDETECT,0.036027,-0.076958,0.007898,0.534,7.949,0,0,0,0,,,,0,,0,0
2026-03-27T12:14:57.070,251.583570,REDETECT,0.036027,-0.076958,0.007898,0.534,7.949,0,0,0,0,,,,0,,0,0
2026-03-27T12:14:57.134,251.647257,REDETECT,0.036027,-0.076958,0.007898,0.534,7.951,0,0,0,0,,,,0,,0,0
2026-03-27T12:14:57.172,251.684974,REDETECT,0.036027,-0.076958,0.007898,0.534,7.949,0,0,0,0,,,,0,,0,0
2026-03-27T12:14:57.234,251.747501,REDETECT,0.036027,-0.076958,0.007898,0.534,7.949,0,0,0,0,,,,0,,0,0
2026-03-27T12:14:57.271,251.784802,REDETECT,0.036027,-0.076958,0.007898,0.534,7.949,0,0,0,0,,,,0,,0,0
2026-03-27T12:14:57.335,251.848039,REDETECT,0.036027,-0.076958,0.007898,0.534,7.951,0,0,0,0,,,,0,,0,0
2026-03-27T12:14:57.368,251.881796,REDETECT,0.036027,-0.076958,0.007898,0.534,7.953,0,0,0,0,,,,0,,0,0
2026-03-27T12:14:57.402,251.915896,REDETECT,0.036027,-0.076958,0.007898,0.534,7.953,0,0,0,0,,,,0,,0,0
2026-03-27T12:14:57.469,251.982625,REDETECT,0.036027,-0.076958,0.007898,0.534,7.945,0,0,0,0,,,,0,,0,0
2026-03-27T12:14:57.535,252.047914,REDETECT,0.036027,-0.076958,0.007898,0.534,7.941,0,0,0,0,,,,0,,0,0
2026-03-27T12:14:57.571,252.084424,REDETECT,0.036027,-0.076958,0.007898,0.534,7.943,0,0,0,0,,,,0,,0,0
2026-03-27T12:14:57.635,252.148169,REDETECT,0.036027,-0.076958,0.007898,0.534,7.938,0,0,0,0,,,,0,,0,0
2026-03-27T12:14:57.671,252.184728,REDETECT,0.036027,-0.076958,0.007898,0.534,7.935,0,0,0,0,,,,0,,0,0
2026-03-27T12:14:57.736,252.249399,REDETECT,0.036027,-0.076958,0.007898,0.534,7.929,0,0,0,0,,,,0,,0,0
2026-03-27T12:14:57.772,252.285612,REDETECT,0.036027,-0.076958,0.007898,0.534,7.929,0,0,0,0,,,,0,,0,0
2026-03-27T12:14:57.836,252.349411,REDETECT,0.036027,-0.076958,0.007898,0.534,7.931,0,0,0,0,,,,0,,0,0
2026-03-27T12:14:57.872,252.385121,REDETECT,0.036027,-0.076958,0.007898,0.534,7.931,0,0,0,0,,,,0,,0,0
2026-03-27T12:14:57.936,252.449153,REDETECT,0.036027,-0.076958,0.007898,0.534,7.927,0,0,0,0,,,,0,,0,0
2026-03-27T12:14:58.001,252.514541,REDETECT,0.036027,-0.076958,0.007898,0.534,7.927,0,0,0,0,,,,0,,0,0
2026-03-27T12:14:58.035,252.547973,REDETECT,0.036027,-0.076958,0.007898,0.534,7.925,0,0,0,0,,,,0,,0,0
2026-03-27T12:14:58.071,252.583946,REDETECT,0.036027,-0.076958,0.007898,0.534,7.923,0,0,0,0,,,,0,,0,0
2026-03-27T12:14:58.134,252.647542,REDETECT,0.036027,-0.076958,0.007898,0.534,7.921,0,0,0,0,,,,0,,0,0
2026-03-27T12:14:58.172,252.685004,REDETECT,0.036027,-0.076958,0.007898,0.534,7.916,0,0,0,0,,,,0,,0,0
2026-03-27T12:14:58.235,252.748288,REDETECT,0.036027,-0.076958,0.007898,0.534,7.914,0,0,0,0,,,,0,,0,0
2026-03-27T12:14:58.271,252.784515,REDETECT,0.036027,-0.076958,0.007898,0.534,7.916,0,0,0,0,,,,0,,0,0
2026-03-27T12:14:58.336,252.849153,REDETECT,0.036027,-0.076958,0.007898,0.534,7.913,0,0,0,0,,,,0,,0,0
2026-03-27T12:14:58.370,252.883820,REDETECT,0.036027,-0.076958,0.007898,0.534,7.913,0,0,0,0,,,,0,,0,0
2026-03-27T12:14:58.435,252.948196,REDETECT,0.036027,-0.076958,0.007898,0.534,7.912,0,0,0,0,,,,0,,0,0
2026-03-27T12:14:58.469,252.982773,REDETECT,0.036027,-0.076958,0.007898,0.534,7.910,0,0,0,0,,,,0,,0,0
2026-03-27T12:14:58.536,253.049693,REDETECT,0.036027,-0.076958,0.007898,0.534,7.908,0,0,0,0,,,,0,,0,0
2026-03-27T12:14:58.601,253.114364,REDETECT,0.036027,-0.076958,0.007898,0.534,7.912,0,0,0,0,,,,0,,0,0
2026-03-27T12:14:58.671,253.184167,REDETECT,0.036027,-0.076958,0.007898,0.534,7.903,0,0,0,0,,,,0,,0,0
2026-03-27T12:14:58.735,253.248717,REDETECT,0.036027,-0.076958,0.007898,0.534,7.899,0,0,0,0,,,,0,,0,0
2026-03-27T12:14:58.771,253.284352,REDETECT,0.036027,-0.076958,0.007898,0.534,7.899,0,0,0,0,,,,0,,0,0
2026-03-27T12:14:58.834,253.347694,REDETECT,0.036027,-0.076958,0.007898,0.534,7.903,0,0,0,0,,,,0,,0,0
2026-03-27T12:14:58.871,253.384048,REDETECT,0.036027,-0.076958,0.007898,0.534,7.899,0,0,0,0,,,,0,,0,0
2026-03-27T12:14:58.934,253.447431,REDETECT,0.036027,-0.076958,0.007898,0.534,7.897,0,0,0,0,,,,0,,0,0
2026-03-27T12:14:58.968,253.481100,REDETECT,0.036027,-0.076958,0.007898,0.534,7.893,0,0,0,0,,,,0,,0,0
2026-03-27T12:14:59.035,253.548050,REDETECT,0.036027,-0.076958,0.007898,0.534,7.893,0,0,0,0,,,,0,,0,0
2026-03-27T12:14:59.070,253.583162,REDETECT,0.036027,-0.076958,0.007898,0.534,7.893,0,0,0,0,,,,0,,0,0
2026-03-27T12:14:59.133,253.646773,REDETECT,0.036027,-0.076958,0.007898,0.534,7.889,0,0,0,0,,,,0,,0,0
2026-03-27T12:14:59.169,253.682564,REDETECT,0.036027,-0.076958,0.007898,0.534,7.891,0,0,0,0,,,,0,,0,0
2026-03-27T12:14:59.234,253.747747,REDETECT,0.036027,-0.076958,0.007898,0.534,7.887,0,0,0,0,,,,0,,0,0
2026-03-27T12:14:59.271,253.784719,REDETECT,0.036027,-0.076958,0.007898,0.534,7.883,0,0,0,0,,,,0,,0,0
2026-03-27T12:14:59.333,253.846524,REDETECT,0.036027,-0.076958,0.007898,0.534,7.881,0,0,0,0,,,,0,,0,0
2026-03-27T12:14:59.368,253.881820,REDETECT,0.036027,-0.076958,0.007898,0.534,7.885,0,0,0,0,,,,0,,0,0
2026-03-27T12:14:59.403,253.916227,REDETECT,0.036027,-0.076958,0.007898,0.534,7.885,0,0,0,0,,,,0,,0,0
2026-03-27T12:14:59.468,253.981431,REDETECT,0.036027,-0.076958,0.007898,0.534,7.889,0,0,0,0,,,,0,,0,0
2026-03-27T12:14:59.534,254.047866,REDETECT,0.036027,-0.076958,0.007898,0.534,7.885,0,0,0,0,,,,0,,0,0
2026-03-27T12:14:59.569,254.082705,REDETECT,0.036027,-0.076958,0.007898,0.534,7.881,0,0,0,0,,,,0,,0,0
2026-03-27T12:14:59.634,254.147228,REDETECT,0.036027,-0.076958,0.007898,0.534,7.881,0,0,0,0,,,,0,,0,0
2026-03-27T12:14:59.669,254.182772,REDETECT,0.036027,-0.076958,0.007898,0.534,7.883,0,0,0,0,,,,0,,0,0
2026-03-27T12:14:59.735,254.247978,REDETECT,0.036027,-0.076958,0.007898,0.534,7.879,0,0,0,0,,,,0,,0,0
2026-03-27T12:14:59.772,254.285341,REDETECT,0.036027,-0.076958,0.007898,0.534,7.877,0,0,0,0,,,,0,,0,0
2026-03-27T12:14:59.835,254.347946,REDETECT,0.036027,-0.076958,0.007898,0.534,7.879,0,0,0,0,,,,0,,0,0
2026-03-27T12:14:59.870,254.383599,REDETECT,0.036027,-0.076958,0.007898,0.534,7.879,0,0,0,0,,,,0,,0,0
2026-03-27T12:14:59.915,254.428897,REDETECT,0.036027,-0.076958,0.007898,0.534,7.876,0,0,0,0,,,,0,,0,0
2026-03-27T12:14:59.973,254.485985,REDETECT,0.036027,-0.076958,0.007898,0.534,7.873,0,0,0,0,,,,0,,0,0
2026-03-27T12:15:00.035,254.548018,REDETECT,0.036027,-0.076958,0.007898,0.534,7.875,0,0,0,0,,,,0,,0,0
2026-03-27T12:15:00.071,254.584637,REDETECT,0.036027,-0.076958,0.007898,0.534,7.873,0,0,0,0,,,,0,,0,0
2026-03-27T12:15:00.134,254.647624,REDETECT,0.036027,-0.076958,0.007898,0.534,7.863,0,0,0,0,,,,0,,0,0
2026-03-27T12:15:00.169,254.682845,REDETECT,0.036027,-0.076958,0.007898,0.534,7.857,0,0,0,0,,,,0,,0,0
2026-03-27T12:15:00.218,254.731532,REDETECT,0.036027,-0.076958,0.007898,0.534,7.857,0,0,0,0,,,,0,,0,0
2026-03-27T12:15:00.268,254.781374,REDETECT,0.036027,-0.076958,0.007898,0.534,7.855,0,0,0,0,,,,0,,0,0
2026-03-27T12:15:00.302,254.815822,REDETECT,0.036027,-0.076958,0.007898,0.534,7.855,0,0,0,0,,,,0,,0,0
2026-03-27T12:15:00.368,254.881129,REDETECT,0.036027,-0.076958,0.007898,0.534,7.845,0,0,0,0,,,,0,,0,0
2026-03-27T12:15:00.403,254.916095,REDETECT,0.036027,-0.076958,0.007898,0.534,7.841,0,0,0,0,,,,0,,0,0
2026-03-27T12:15:00.471,254.984700,REDETECT,0.036027,-0.076958,0.007898,0.534,7.839,0,0,0,0,,,,0,,0,0
2026-03-27T12:15:00.507,255.020180,REDETECT,0.036027,-0.076958,0.007898,0.534,7.841,0,0,0,0,,,,0,,0,0
2026-03-27T12:15:00.568,255.081428,REDETECT,0.036027,-0.076958,0.007898,0.534,7.839,0,0,0,0,,,,0,,0,0
2026-03-27T12:15:00.602,255.115894,REDETECT,0.036027,-0.076958,0.007898,0.534,7.839,0,0,0,0,,,,0,,0,0
2026-03-27T12:15:00.671,255.184347,REDETECT,0.036027,-0.076958,0.007898,0.534,7.849,0,0,0,0,,,,0,,0,0
2026-03-27T12:15:00.734,255.247808,REDETECT,0.036027,-0.076958,0.007898,0.534,7.851,0,0,0,0,,,,0,,0,0
2026-03-27T12:15:00.771,255.284570,REDETECT,0.036027,-0.076958,0.007898,0.534,7.844,0,0,0,0,,,,0,,0,0
2026-03-27T12:15:00.834,255.347089,REDETECT,0.036027,-0.076958,0.007898,0.534,7.841,0,0,0,0,,,,0,,0,0
2026-03-27T12:15:00.871,255.384370,REDETECT,0.036027,-0.076958,0.007898,0.534,7.838,0,0,0,0,,,,0,,0,0
2026-03-27T12:15:00.936,255.449210,REDETECT,0.036027,-0.076958,0.007898,0.534,7.844,0,0,0,0,,,,0,,0,0
2026-03-27T12:15:01.001,255.514449,REDETECT,0.036027,-0.076958,0.007898,0.534,7.854,0,0,0,0,,,,0,,0,0
2026-03-27T12:15:01.068,255.581450,REDETECT,0.036027,-0.076958,0.007898,0.534,7.854,0,0,0,0,,,,0,,0,0
2026-03-27T12:15:01.102,255.615825,REDETECT,0.036027,-0.076958,0.007898,0.534,7.846,0,0,0,0,,,,0,,0,0
2026-03-27T12:15:01.169,255.682165,REDETECT,0.036027,-0.076958,0.007898,0.534,7.844,0,0,0,0,,,,0,,0,0
2026-03-27T12:15:01.235,255.748110,REDETECT,0.036027,-0.076958,0.007898,0.534,7.856,0,0,0,0,,,,0,,0,0
2026-03-27T12:15:01.271,255.784508,REDETECT,0.036027,-0.076958,0.007898,0.534,7.859,0,0,0,0,,,,0,,0,0
2026-03-27T12:15:01.335,255.848011,REDETECT,0.036027,-0.076958,0.007898,0.534,7.849,0,0,0,0,,,,0,,0,0
2026-03-27T12:15:01.369,255.882654,REDETECT,0.036027,-0.076958,0.007898,0.534,7.858,0,0,0,0,,,,0,,0,0
2026-03-27T12:15:01.434,255.947392,REDETECT,0.036027,-0.076958,0.007898,0.534,7.858,0,0,0,0,,,,0,,0,0
2026-03-27T12:15:01.468,255.981379,REDETECT,0.036027,-0.076958,0.007898,0.534,7.854,0,0,0,0,,,,0,,0,0
2026-03-27T12:15:01.534,256.047778,REDETECT,0.036027,-0.076958,0.007898,0.534,7.842,0,0,0,0,,,,0,,0,0
2026-03-27T12:15:01.568,256.081530,REDETECT,0.036027,-0.076958,0.007898,0.534,7.846,0,0,0,0,,,,0,,0,0
2026-03-27T12:15:01.602,256.115723,REDETECT,0.036027,-0.076958,0.007898,0.534,7.856,0,0,0,0,,,,0,,0,0
2026-03-27T12:15:01.670,256.183748,REDETECT,0.036027,-0.076958,0.007898,0.534,7.846,0,0,0,0,,,,0,,0,0
2026-03-27T12:15:01.734,256.247779,REDETECT,0.036027,-0.076958,0.007898,0.534,7.842,0,0,0,0,,,,0,,0,0
2026-03-27T12:15:01.771,256.284706,REDETECT,0.036027,-0.076958,0.007898,0.534,7.844,0,0,0,0,,,,0,,0,0
2026-03-27T12:15:01.834,256.347791,REDETECT,0.036027,-0.076958,0.007898,0.534,7.843,0,0,0,0,,,,0,,0,0
2026-03-27T12:15:01.869,256.382545,REDETECT,0.036027,-0.076958,0.007898,0.534,7.838,0,0,0,0,,,,0,,0,0
2026-03-27T12:15:01.903,256.416246,REDETECT,0.036027,-0.076958,0.007898,0.534,7.836,0,0,0,0,,,,0,,0,0
2026-03-27T12:15:01.968,256.481558,REDETECT,0.036027,-0.076958,0.007898,0.534,7.844,0,0,0,0,,,,0,,0,0
2026-03-27T12:15:02.036,256.549470,REDETECT,0.036027,-0.076958,0.007898,0.534,7.840,0,0,0,0,,,,0,,0,0
2026-03-27T12:15:02.071,256.584334,REDETECT,0.036027,-0.076958,0.007898,0.534,7.838,0,0,0,0,,,,0,,0,0
2026-03-27T12:15:02.134,256.647595,REDETECT,0.036027,-0.076958,0.007898,0.534,7.836,0,0,0,0,,,,0,,0,0
2026-03-27T12:15:02.170,256.682911,REDETECT,0.036027,-0.076958,0.007898,0.534,7.836,0,0,0,0,,,,0,,0,0
2026-03-27T12:15:02.235,256.748365,REDETECT,0.036027,-0.076958,0.007898,0.534,7.828,0,0,0,0,,,,0,,0,0
2026-03-27T12:15:02.271,256.784446,REDETECT,0.036027,-0.076958,0.007898,0.534,7.821,0,0,0,0,,,,0,,0,0
2026-03-27T12:15:02.337,256.850780,REDETECT,0.036027,-0.076958,0.007898,0.534,7.828,0,0,0,0,,,,0,,0,0
2026-03-27T12:15:02.401,256.914706,REDETECT,0.036027,-0.076958,0.007898,0.534,7.828,0,0,0,0,,,,0,,0,0
2026-03-27T12:15:02.436,256.949589,REDETECT,0.036027,-0.076958,0.007898,0.534,7.825,0,0,0,0,,,,0,,0,0
2026-03-27T12:15:02.502,257.015818,REDETECT,0.036027,-0.076958,0.007898,0.534,7.827,0,0,0,0,,,,0,,0,0
2026-03-27T12:15:02.568,257.081473,REDETECT,0.036027,-0.076958,0.007898,0.534,7.827,0,0,0,0,,,,0,,0,0
2026-03-27T12:15:02.602,257.115715,REDETECT,0.036027,-0.076958,0.007898,0.534,7.823,0,0,0,0,,,,0,,0,0
2026-03-27T12:15:02.671,257.184447,REDETECT,0.036027,-0.076958,0.007898,0.534,7.822,0,0,0,0,,,,0,,0,0
2026-03-27T12:15:02.735,257.247988,REDETECT,0.036027,-0.076958,0.007898,0.534,7.820,0,0,0,0,,,,0,,0,0
2026-03-27T12:15:02.770,257.283835,REDETECT,0.036027,-0.076958,0.007898,0.534,7.822,0,0,0,0,,,,0,,0,0
2026-03-27T12:15:02.834,257.347206,REDETECT,0.036027,-0.076958,0.007898,0.534,7.820,0,0,0,0,,,,0,,0,0
2026-03-27T12:15:02.869,257.382807,REDETECT,0.036027,-0.076958,0.007898,0.534,7.820,0,0,0,0,,,,0,,0,0
2026-03-27T12:15:02.935,257.448068,REDETECT,0.036027,-0.076958,0.007898,0.534,7.818,0,0,0,0,,,,0,,0,0
2026-03-27T12:15:03.001,257.514489,REDETECT,0.036027,-0.076958,0.007898,0.534,7.818,0,0,0,0,,,,0,,0,0
2026-03-27T12:15:03.035,257.548373,REDETECT,0.036027,-0.076958,0.007898,0.534,7.818,0,0,0,0,,,,0,,0,0
2026-03-27T12:15:03.071,257.584805,REDETECT,0.036027,-0.076958,0.007898,0.534,7.820,0,0,0,0,,,,0,,0,0
2026-03-27T12:15:03.134,257.647824,REDETECT,0.036027,-0.076958,0.007898,0.534,7.810,0,0,0,0,,,,0,,0,0
2026-03-27T12:15:03.169,257.682806,REDETECT,0.036027,-0.076958,0.007898,0.534,7.812,0,0,0,0,,,,0,,0,0
2026-03-27T12:15:03.234,257.747592,REDETECT,0.036027,-0.076958,0.007898,0.534,7.815,0,0,0,0,,,,0,,0,0
2026-03-27T12:15:03.271,257.784337,REDETECT,0.036027,-0.076958,0.007898,0.534,7.815,0,0,0,0,,,,0,,0,0
2026-03-27T12:15:03.305,257.818144,REDETECT,0.036027,-0.076958,0.007898,0.534,7.817,0,0,0,0,,,,0,,0,0
2026-03-27T12:15:03.370,257.883745,REDETECT,0.036027,-0.076958,0.007898,0.534,7.823,0,0,0,0,,,,0,,0,0
2026-03-27T12:15:03.433,257.946543,REDETECT,0.036027,-0.076958,0.007898,0.534,7.821,0,0,0,0,,,,0,,0,0
2026-03-27T12:15:03.469,257.982608,REDETECT,0.036027,-0.076958,0.007898,0.534,7.812,0,0,0,0,,,,0,,0,0
2026-03-27T12:15:03.533,258.046781,REDETECT,0.036027,-0.076958,0.007898,0.534,7.812,0,0,0,0,,,,0,,0,0
2026-03-27T12:15:03.569,258.082745,REDETECT,0.036027,-0.076958,0.007898,0.534,7.819,0,0,0,0,,,,0,,0,0
2026-03-27T12:15:03.634,258.147095,REDETECT,0.036027,-0.076958,0.007898,0.534,7.828,0,0,0,0,,,,0,,0,0
2026-03-27T12:15:03.671,258.184377,REDETECT,0.036027,-0.076958,0.007898,0.534,7.821,0,0,0,0,,,,0,,0,0
2026-03-27T12:15:03.735,258.248028,REDETECT,0.036027,-0.076958,0.007898,0.534,7.817,0,0,0,0,,,,0,,0,0
2026-03-27T12:15:03.771,258.284612,REDETECT,0.036027,-0.076958,0.007898,0.534,7.817,0,0,0,0,,,,0,,0,0
2026-03-27T12:15:03.834,258.347825,REDETECT,0.036027,-0.076958,0.007898,0.534,7.808,0,0,0,0,,,,0,,0,0
2026-03-27T12:15:03.869,258.382207,REDETECT,0.036027,-0.076958,0.007898,0.534,7.795,0,0,0,0,,,,0,,0,0
2026-03-27T12:15:03.902,258.415866,REDETECT,0.036027,-0.076958,0.007898,0.534,7.797,0,0,0,0,,,,0,,0,0
2026-03-27T12:15:03.968,258.481371,REDETECT,0.036027,-0.076958,0.007898,0.534,7.815,0,0,0,0,,,,0,,0,0
2026-03-27T12:15:04.034,258.547178,REDETECT,0.036027,-0.076958,0.007898,0.534,7.815,0,0,0,0,,,,0,,0,0
2026-03-27T12:15:04.071,258.584353,REDETECT,0.036027,-0.076958,0.007898,0.534,7.815,0,0,0,0,,,,0,,0,0
2026-03-27T12:15:04.134,258.647803,REDETECT,0.036027,-0.076958,0.007898,0.534,7.811,0,0,0,0,,,,0,,0,0
2026-03-27T12:15:04.170,258.682936,REDETECT,0.036027,-0.076958,0.007898,0.534,7.802,0,0,0,0,,,,0,,0,0
2026-03-27T12:15:04.235,258.748149,REDETECT,0.036027,-0.076958,0.007898,0.534,7.795,0,0,0,0,,,,0,,0,0
2026-03-27T12:15:04.272,258.785108,REDETECT,0.036027,-0.076958,0.007898,0.534,7.801,0,0,0,0,,,,0,,0,0
2026-03-27T12:15:04.335,258.848432,REDETECT,0.036027,-0.076958,0.007898,0.534,7.809,0,0,0,0,,,,0,,0,0
2026-03-27T12:15:04.371,258.884367,REDETECT,0.036027,-0.076958,0.007898,0.534,7.807,0,0,0,0,,,,0,,0,0
2026-03-27T12:15:04.435,258.948160,REDETECT,0.036027,-0.076958,0.007898,0.534,7.795,0,0,0,0,,,,0,,0,0
2026-03-27T12:15:04.469,258.982788,REDETECT,0.036027,-0.076958,0.007898,0.534,7.797,0,0,0,0,,,,0,,0,0
2026-03-27T12:15:04.535,259.048136,REDETECT,0.036027,-0.076958,0.007898,0.534,7.799,0,0,0,0,,,,0,,0,0
2026-03-27T12:15:04.569,259.082833,REDETECT,0.036027,-0.076958,0.007898,0.534,7.795,0,0,0,0,,,,0,,0,0
2026-03-27T12:15:04.635,259.148608,REDETECT,0.036027,-0.076958,0.007898,0.534,7.793,0,0,0,0,,,,0,,0,0
2026-03-27T12:15:04.670,259.183713,REDETECT,0.036027,-0.076958,0.007898,0.534,7.797,0,0,0,0,,,,0,,0,0
2026-03-27T12:15:04.734,259.247233,REDETECT,0.036027,-0.076958,0.007898,0.534,7.795,0,0,0,0,,,,0,,0,0
2026-03-27T12:15:04.771,259.284394,REDETECT,0.036027,-0.076958,0.007898,0.534,7.793,0,0,0,0,,,,0,,0,0
2026-03-27T12:15:04.834,259.347203,REDETECT,0.036027,-0.076958,0.007898,0.534,7.795,0,0,0,0,,,,0,,0,0
2026-03-27T12:15:04.867,259.380666,REDETECT,0.036027,-0.076958,0.007898,0.534,7.799,0,0,0,0,,,,0,,0,0
2026-03-27T12:15:04.902,259.415060,REDETECT,0.036027,-0.076958,0.007898,0.534,7.797,0,0,0,0,,,,0,,0,0
2026-03-27T12:15:04.940,259.452958,REDETECT,0.036027,-0.076958,0.007898,0.534,7.795,0,0,0,0,,,,0,,0,0
2026-03-27T12:15:05.001,259.514476,REDETECT,0.036027,-0.076958,0.007898,0.534,7.791,0,0,0,0,,,,0,,0,0
2026-03-27T12:15:05.071,259.583985,REDETECT,0.036027,-0.076958,0.007898,0.534,7.791,0,0,0,0,,,,0,,0,0
2026-03-27T12:15:05.134,259.646919,REDETECT,0.036027,-0.076958,0.007898,0.534,7.791,0,0,0,0,,,,0,,0,0
2026-03-27T12:15:05.169,259.682690,REDETECT,0.036027,-0.076958,0.007898,0.534,7.787,0,0,0,0,,,,0,,0,0
2026-03-27T12:15:05.246,259.759218,REDETECT,0.036027,-0.076958,0.007898,0.534,7.780,0,0,0,0,,,,0,,0,0
2026-03-27T12:15:05.301,259.814791,REDETECT,0.036027,-0.076958,0.007898,0.534,7.780,0,0,0,0,,,,0,,0,0
2026-03-27T12:15:05.370,259.883742,REDETECT,0.036027,-0.076958,0.007898,0.534,7.778,0,0,0,0,,,,0,,0,0
2026-03-27T12:15:05.434,259.947830,REDETECT,0.036027,-0.076958,0.007898,0.534,7.784,0,0,0,0,,,,0,,0,0
2026-03-27T12:15:05.471,259.984077,REDETECT,0.036027,-0.076958,0.007898,0.534,7.791,0,0,0,0,,,,0,,0,0
2026-03-27T12:15:05.541,260.054255,REDETECT,0.036027,-0.076958,0.007898,0.534,7.790,0,0,0,0,,,,0,,0,0
2026-03-27T12:15:05.602,260.115463,REDETECT,0.036027,-0.076958,0.007898,0.534,7.786,0,0,0,0,,,,0,,0,0
2026-03-27T12:15:05.670,260.183815,REDETECT,0.036027,-0.076958,0.007898,0.534,7.785,0,0,0,0,,,,0,,0,0
2026-03-27T12:15:05.735,260.247965,REDETECT,0.036027,-0.076958,0.007898,0.534,7.787,0,0,0,0,,,,0,,0,0
2026-03-27T12:15:05.772,260.285170,REDETECT,0.036027,-0.076958,0.007898,0.534,7.787,0,0,0,0,,,,0,,0,0
2026-03-27T12:15:05.834,260.347616,REDETECT,0.036027,-0.076958,0.007898,0.534,7.783,0,0,0,0,,,,0,,0,0
2026-03-27T12:15:05.868,260.381426,REDETECT,0.036027,-0.076958,0.007898,0.534,7.781,0,0,0,0,,,,0,,0,0
2026-03-27T12:15:05.904,260.417081,REDETECT,0.036027,-0.076958,0.007898,0.534,7.772,0,0,0,0,,,,0,,0,0
2026-03-27T12:15:05.969,260.482089,REDETECT,0.036027,-0.076958,0.007898,0.534,7.766,0,0,0,0,,,,0,,0,0
2026-03-27T12:15:06.035,260.547917,REDETECT,0.036027,-0.076958,0.007898,0.534,7.754,0,0,0,0,,,,0,,0,0
2026-03-27T12:15:06.071,260.584785,REDETECT,0.036027,-0.076958,0.007898,0.534,7.747,0,0,0,0,,,,0,,0,0
2026-03-27T12:15:06.135,260.647979,REDETECT,0.036027,-0.076958,0.007898,0.534,7.748,0,0,0,0,,,,0,,0,0
2026-03-27T12:15:06.171,260.684502,REDETECT,0.036027,-0.076958,0.007898,0.534,7.748,0,0,0,0,,,,0,,0,0
2026-03-27T12:15:06.237,260.750213,REDETECT,0.036027,-0.076958,0.007898,0.534,7.738,0,0,0,0,,,,0,,0,0
2026-03-27T12:15:06.302,260.814940,REDETECT,0.036027,-0.076958,0.007898,0.534,7.732,0,0,0,0,,,,0,,0,0
2026-03-27T12:15:06.337,260.850099,REDETECT,0.036027,-0.076958,0.007898,0.534,7.732,0,0,0,0,,,,0,,0,0
2026-03-27T12:15:06.371,260.884878,REDETECT,0.036027,-0.076958,0.007898,0.534,7.732,0,0,0,0,,,,0,,0,0
2026-03-27T12:15:06.433,260.946007,REDETECT,0.036027,-0.076958,0.007898,0.534,7.724,0,0,0,0,,,,0,,0,0
2026-03-27T12:15:06.466,260.979831,REDETECT,0.036027,-0.076958,0.007898,0.534,7.724,0,0,0,0,,,,0,,0,0
2026-03-27T12:15:06.533,261.046648,REDETECT,0.036027,-0.076958,0.007898,0.534,7.731,0,0,0,0,,,,0,,0,0
2026-03-27T12:15:06.600,261.112973,REDETECT,0.036027,-0.076958,0.007898,0.534,7.731,0,0,0,0,,,,0,,0,0
2026-03-27T12:15:06.633,261.146891,REDETECT,0.036027,-0.076958,0.007898,0.534,7.720,0,0,0,0,,,,0,,0,0
2026-03-27T12:15:06.699,261.212875,REDETECT,0.036027,-0.076958,0.007898,0.534,7.724,0,0,0,0,,,,0,,0,0
2026-03-27T12:15:06.767,261.280023,REDETECT,0.036027,-0.076958,0.007898,0.534,7.728,0,0,0,0,,,,0,,0,0
2026-03-27T12:15:06.832,261.345240,REDETECT,0.036027,-0.076958,0.007898,0.534,7.728,0,0,0,0,,,,0,,0,0
2026-03-27T12:15:06.866,261.379159,REDETECT,0.036027,-0.076958,0.007898,0.534,7.730,0,0,0,0,,,,0,,0,0
2026-03-27T12:15:06.899,261.412701,REDETECT,0.036027,-0.076958,0.007898,0.534,7.734,0,0,0,0,,,,0,,0,0
2026-03-27T12:15:06.934,261.446988,REDETECT,0.036027,-0.076958,0.007898,0.534,7.730,0,0,0,0,,,,0,,0,0
2026-03-27T12:15:06.999,261.512656,REDETECT,0.036027,-0.076958,0.007898,0.534,7.718,0,0,0,0,,,,0,,0,0
2026-03-27T12:15:07.033,261.546160,REDETECT,0.036027,-0.076958,0.007898,0.534,7.708,0,0,0,0,,,,0,,0,0
2026-03-27T12:15:07.066,261.579884,REDETECT,0.036027,-0.076958,0.007898,0.534,7.704,0,0,0,0,,,,0,,0,0
2026-03-27T12:15:07.132,261.645427,REDETECT,0.036027,-0.076958,0.007898,0.534,7.717,0,0,0,0,,,,0,,0,0
2026-03-27T12:15:07.166,261.679803,REDETECT,0.036027,-0.076958,0.007898,0.534,7.719,0,0,0,0,,,,0,,0,0
2026-03-27T12:15:07.233,261.746082,REDETECT,0.036027,-0.076958,0.007898,0.534,7.723,0,0,0,0,,,,0,,0,0
2026-03-27T12:15:07.267,261.780868,REDETECT,0.036027,-0.076958,0.007898,0.534,7.727,0,0,0,0,,,,0,,0,0
2026-03-27T12:15:07.302,261.815678,REDETECT,0.036027,-0.076958,0.007898,0.534,7.729,0,0,0,0,,,,0,,0,0
2026-03-27T12:15:07.368,261.881555,REDETECT,0.036027,-0.076958,0.007898,0.534,7.725,0,0,0,0,,,,0,,0,0
2026-03-27T12:15:07.434,261.947855,REDETECT,0.036027,-0.076958,0.007898,0.534,7.715,0,0,0,0,,,,0,,0,0
2026-03-27T12:15:07.471,261.984348,REDETECT,0.036027,-0.076958,0.007898,0.534,7.718,0,0,0,0,,,,0,,0,0
2026-03-27T12:15:07.534,262.047662,REDETECT,0.036027,-0.076958,0.007898,0.534,7.720,0,0,0,0,,,,0,,0,0
2026-03-27T12:15:07.568,262.081716,REDETECT,0.036027,-0.076958,0.007898,0.534,7.718,0,0,0,0,,,,0,,0,0
2026-03-27T12:15:07.603,262.116687,REDETECT,0.036027,-0.076958,0.007898,0.534,7.712,0,0,0,0,,,,0,,0,0
2026-03-27T12:15:07.670,262.183069,REDETECT,0.036027,-0.076958,0.007898,0.534,7.712,0,0,0,0,,,,0,,0,0
2026-03-27T12:15:07.735,262.248291,REDETECT,0.036027,-0.076958,0.007898,0.534,7.717,0,0,0,0,,,,0,,0,0
2026-03-27T12:15:07.771,262.284465,REDETECT,0.036027,-0.076958,0.007898,0.534,7.720,0,0,0,0,,,,0,,0,0
2026-03-27T12:15:07.834,262.347510,REDETECT,0.036027,-0.076958,0.007898,0.534,7.720,0,0,0,0,,,,0,,0,0
2026-03-27T12:15:07.871,262.384739,REDETECT,0.036027,-0.076958,0.007898,0.534,7.722,0,0,0,0,,,,0,,0,0
2026-03-27T12:15:07.934,262.447284,REDETECT,0.036027,-0.076958,0.007898,0.534,7.716,0,0,0,0,,,,0,,0,0
2026-03-27T12:15:07.968,262.481599,REDETECT,0.036027,-0.076958,0.007898,0.534,7.712,0,0,0,0,,,,0,,0,0
2026-03-27T12:15:08.035,262.548596,REDETECT,0.036027,-0.076958,0.007898,0.534,7.710,0,0,0,0,,,,0,,0,0
2026-03-27T12:15:08.101,262.614302,REDETECT,0.036027,-0.076958,0.007898,0.534,7.710,0,0,0,0,,,,0,,0,0
2026-03-27T12:15:08.134,262.647867,REDETECT,0.036027,-0.076958,0.007898,0.534,7.708,0,0,0,0,,,,0,,0,0
2026-03-27T12:15:08.169,262.682897,REDETECT,0.036027,-0.076958,0.007898,0.534,7.706,0,0,0,0,,,,0,,0,0
2026-03-27T12:15:08.234,262.747151,REDETECT,0.036027,-0.076958,0.007898,0.534,7.702,0,0,0,0,,,,0,,0,0
2026-03-27T12:15:08.270,262.783045,REDETECT,0.036027,-0.076958,0.007898,0.534,7.704,0,0,0,0,,,,0,,0,0
2026-03-27T12:15:08.334,262.847452,REDETECT,0.036027,-0.076958,0.007898,0.534,7.700,0,0,0,0,,,,0,,0,0
2026-03-27T12:15:08.371,262.884774,REDETECT,0.036027,-0.076958,0.007898,0.534,7.700,0,0,0,0,,,,0,,0,0
2026-03-27T12:15:08.435,262.948358,REDETECT,0.036027,-0.076958,0.007898,0.534,7.702,0,0,0,0,,,,0,,0,0
2026-03-27T12:15:08.471,262.984746,REDETECT,0.036027,-0.076958,0.007898,0.534,7.707,0,0,0,0,,,,0,,0,0
2026-03-27T12:15:08.535,263.048300,REDETECT,0.036027,-0.076958,0.007898,0.534,7.707,0,0,0,0,,,,0,,0,0
2026-03-27T12:15:08.571,263.084472,REDETECT,0.036027,-0.076958,0.007898,0.534,7.705,0,0,0,0,,,,0,,0,0
2026-03-27T12:15:08.635,263.148084,REDETECT,0.036027,-0.076958,0.007898,0.534,7.691,0,0,0,0,,,,0,,0,0
2026-03-27T12:15:08.672,263.185407,REDETECT,0.036027,-0.076958,0.007898,0.534,7.689,0,0,0,0,,,,0,,0,0
2026-03-27T12:15:08.735,263.248293,REDETECT,0.036027,-0.076958,0.007898,0.534,7.690,0,0,0,0,,,,0,,0,0
2026-03-27T12:15:08.770,263.283245,REDETECT,0.036027,-0.076958,0.007898,0.534,7.690,0,0,0,0,,,,0,,0,0
2026-03-27T12:15:08.835,263.348467,REDETECT,0.036027,-0.076958,0.007898,0.534,7.689,0,0,0,0,,,,0,,0,0
2026-03-27T12:15:08.871,263.384332,REDETECT,0.036027,-0.076958,0.007898,0.534,7.686,0,0,0,0,,,,0,,0,0
2026-03-27T12:15:08.939,263.452347,REDETECT,0.036027,-0.076958,0.007898,0.534,7.682,0,0,0,0,,,,0,,0,0
2026-03-27T12:15:08.984,263.497357,REDETECT,0.036027,-0.076958,0.007898,0.534,7.680,0,0,0,0,,,,0,,0,0
2026-03-27T12:15:09.040,263.553544,REDETECT,0.036027,-0.076958,0.007898,0.534,7.676,0,0,0,0,,,,0,,0,0
2026-03-27T12:15:09.102,263.615810,REDETECT,0.036027,-0.076958,0.007898,0.534,7.672,0,0,0,0,,,,0,,0,0
2026-03-27T12:15:09.137,263.650477,REDETECT,0.036027,-0.076958,0.007898,0.534,7.674,0,0,0,0,,,,0,,0,0
2026-03-27T12:15:09.172,263.685363,REDETECT,0.036027,-0.076958,0.007898,0.534,7.672,0,0,0,0,,,,0,,0,0
2026-03-27T12:15:09.238,263.750947,REDETECT,0.036027,-0.076958,0.007898,0.534,7.672,0,0,0,0,,,,0,,0,0
2026-03-27T12:15:09.306,263.819071,REDETECT,0.036027,-0.076958,0.007898,0.534,7.670,0,0,0,0,,,,0,,0,0
2026-03-27T12:15:09.370,263.883202,REDETECT,0.036027,-0.076958,0.007898,0.534,7.672,0,0,0,0,,,,0,,0,0
2026-03-27T12:15:09.438,263.951712,REDETECT,0.036027,-0.076958,0.007898,0.534,7.672,0,0,0,0,,,,0,,0,0
2026-03-27T12:15:09.506,264.019445,REDETECT,0.036027,-0.076958,0.007898,0.534,7.668,0,0,0,0,,,,0,,0,0
2026-03-27T12:15:09.571,264.084795,REDETECT,0.036027,-0.076958,0.007898,0.534,7.676,0,0,0,0,,,,0,,0,0
2026-03-27T12:15:09.606,264.119599,REDETECT,0.036027,-0.076958,0.007898,0.534,7.680,0,0,0,0,,,,0,,0,0
2026-03-27T12:15:09.675,264.188584,REDETECT,0.036027,-0.076958,0.007898,0.534,7.675,0,0,0,0,,,,0,,0,0
2026-03-27T12:15:09.737,264.250153,REDETECT,0.036027,-0.076958,0.007898,0.534,7.675,0,0,0,0,,,,0,,0,0
2026-03-27T12:15:09.773,264.286871,REDETECT,0.036027,-0.076958,0.007898,0.534,7.680,0,0,0,0,,,,0,,0,0
2026-03-27T12:15:09.837,264.350644,REDETECT,0.036027,-0.076958,0.007898,0.534,7.668,0,0,0,0,,,,0,,0,0
2026-03-27T12:15:09.876,264.389209,REDETECT,0.036027,-0.076958,0.007898,0.534,7.661,0,0,0,0,,,,0,,0,0
2026-03-27T12:15:09.937,264.450275,REDETECT,0.036027,-0.076958,0.007898,0.534,7.663,0,0,0,0,,,,0,,0,0
2026-03-27T12:15:09.975,264.488452,REDETECT,0.036027,-0.076958,0.007898,0.534,7.670,0,0,0,0,,,,0,,0,0
2026-03-27T12:15:10.030,264.543071,REDETECT,0.036027,-0.076958,0.007898,0.534,7.670,0,0,0,0,,,,0,,0,0
2026-03-27T12:15:10.066,264.579053,REDETECT,0.036027,-0.076958,0.007898,0.534,7.663,0,0,0,0,,,,0,,0,0
2026-03-27T12:15:10.129,264.641999,REDETECT,0.036027,-0.076958,0.007898,0.534,7.651,0,0,0,0,,,,0,,0,0
2026-03-27T12:15:10.181,264.694436,REDETECT,0.036027,-0.076958,0.007898,0.534,7.647,0,0,0,0,,,,0,,0,0
2026-03-27T12:15:10.234,264.747847,REDETECT,0.036027,-0.076958,0.007898,0.534,7.647,0,0,0,0,,,,0,,0,0
2026-03-27T12:15:10.272,264.785120,REDETECT,0.036027,-0.076958,0.007898,0.534,7.645,0,0,0,0,,,,0,,0,0
2026-03-27T12:15:10.334,264.847187,REDETECT,0.036027,-0.076958,0.007898,0.534,7.649,0,0,0,0,,,,0,,0,0
2026-03-27T12:15:10.368,264.881335,REDETECT,0.036027,-0.076958,0.007898,0.534,7.661,0,0,0,0,,,,0,,0,0
2026-03-27T12:15:10.433,264.946831,REDETECT,0.036027,-0.076958,0.007898,0.534,7.667,0,0,0,0,,,,0,,0,0
2026-03-27T12:15:10.499,265.012154,REDETECT,0.036027,-0.076958,0.007898,0.534,7.637,0,0,0,0,,,,0,,0,0
2026-03-27T12:15:10.533,265.046244,REDETECT,0.036027,-0.076958,0.007898,0.534,7.629,0,0,0,0,,,,0,,0,0
2026-03-27T12:15:10.571,265.084669,REDETECT,0.036027,-0.076958,0.007898,0.534,7.638,0,0,0,0,,,,0,,0,0
2026-03-27T12:15:10.632,265.145809,REDETECT,0.036027,-0.076958,0.007898,0.534,7.647,0,0,0,0,,,,0,,0,0
2026-03-27T12:15:10.666,265.179580,REDETECT,0.036027,-0.076958,0.007898,0.534,7.641,0,0,0,0,,,,0,,0,0
2026-03-27T12:15:10.701,265.214339,REDETECT,0.036027,-0.076958,0.007898,0.534,7.632,0,0,0,0,,,,0,,0,0
2026-03-27T12:15:10.768,265.281804,REDETECT,0.036027,-0.076958,0.007898,0.534,7.651,0,0,0,0,,,,0,,0,0
2026-03-27T12:15:10.833,265.345982,REDETECT,0.036027,-0.076958,0.007898,0.534,7.659,0,0,0,0,,,,0,,0,0
2026-03-27T12:15:10.866,265.379788,REDETECT,0.036027,-0.076958,0.007898,0.534,7.640,0,0,0,0,,,,0,,0,0
2026-03-27T12:15:10.932,265.445598,REDETECT,0.036027,-0.076958,0.007898,0.534,7.612,0,0,0,0,,,,0,,0,0
2026-03-27T12:15:10.966,265.479704,REDETECT,0.036027,-0.076958,0.007898,0.534,7.622,0,0,0,0,,,,0,,0,0
2026-03-27T12:15:11.033,265.546226,REDETECT,0.036027,-0.076958,0.007898,0.534,7.645,0,0,0,0,,,,0,,0,0
2026-03-27T12:15:11.069,265.582857,REDETECT,0.036027,-0.076958,0.007898,0.534,7.638,0,0,0,0,,,,0,,0,0
2026-03-27T12:15:11.137,265.650622,REDETECT,0.036027,-0.076958,0.007898,0.534,7.634,0,0,0,0,,,,0,,0,0
2026-03-27T12:15:11.172,265.685202,REDETECT,0.036027,-0.076958,0.007898,0.534,7.643,0,0,0,0,,,,0,,0,0
2026-03-27T12:15:11.232,265.745660,REDETECT,0.036027,-0.076958,0.007898,0.534,7.645,0,0,0,0,,,,0,,0,0
2026-03-27T12:15:11.270,265.782914,REDETECT,0.036027,-0.076958,0.007898,0.534,7.625,0,0,0,0,,,,0,,0,0
2026-03-27T12:15:11.304,265.816972,REDETECT,0.036027,-0.076958,0.007898,0.534,7.614,0,0,0,0,,,,0,,0,0
2026-03-27T12:15:11.368,265.881093,REDETECT,0.036027,-0.076958,0.007898,0.534,7.636,0,0,0,0,,,,0,,0,0
2026-03-27T12:15:11.434,265.947227,REDETECT,0.036027,-0.076958,0.007898,0.534,7.638,0,0,0,0,,,,0,,0,0
2026-03-27T12:15:11.469,265.982734,REDETECT,0.036027,-0.076958,0.007898,0.534,7.625,0,0,0,0,,,,0,,0,0
2026-03-27T12:15:11.537,266.050014,REDETECT,0.036027,-0.076958,0.007898,0.534,7.622,0,0,0,0,,,,0,,0,0
2026-03-27T12:15:11.571,266.083946,REDETECT,0.036027,-0.076958,0.007898,0.534,7.628,0,0,0,0,,,,0,,0,0
2026-03-27T12:15:11.633,266.146047,REDETECT,0.036027,-0.076958,0.007898,0.534,7.620,0,0,0,0,,,,0,,0,0
2026-03-27T12:15:11.668,266.181319,REDETECT,0.036027,-0.076958,0.007898,0.534,7.605,0,0,0,0,,,,0,,0,0
2026-03-27T12:15:11.734,266.247445,REDETECT,0.036027,-0.076958,0.007898,0.534,7.605,0,0,0,0,,,,0,,0,0
2026-03-27T12:15:11.770,266.283862,REDETECT,0.036027,-0.076958,0.007898,0.534,7.617,0,0,0,0,,,,0,,0,0
2026-03-27T12:15:11.833,266.346617,REDETECT,0.036027,-0.076958,0.007898,0.534,7.608,0,0,0,0,,,,0,,0,0
2026-03-27T12:15:11.870,266.382978,REDETECT,0.036027,-0.076958,0.007898,0.534,7.600,0,0,0,0,,,,0,,0,0
2026-03-27T12:15:11.933,266.446859,REDETECT,0.036027,-0.076958,0.007898,0.534,7.598,0,0,0,0,,,,0,,0,0
2026-03-27T12:15:12.001,266.514020,REDETECT,0.036027,-0.076958,0.007898,0.534,7.600,0,0,0,0,,,,0,,0,0
2026-03-27T12:15:12.066,266.579496,REDETECT,0.036027,-0.076958,0.007898,0.534,7.590,0,0,0,0,,,,0,,0,0
2026-03-27T12:15:12.134,266.647113,REDETECT,0.036027,-0.076958,0.007898,0.534,7.590,0,0,0,0,,,,0,,0,0
2026-03-27T12:15:12.169,266.682599,REDETECT,0.036027,-0.076958,0.007898,0.534,7.594,0,0,0,0,,,,0,,0,0
2026-03-27T12:15:12.232,266.745820,REDETECT,0.036027,-0.076958,0.007898,0.534,7.586,0,0,0,0,,,,0,,0,0
2026-03-27T12:15:12.268,266.781485,REDETECT,0.036027,-0.076958,0.007898,0.534,7.578,0,0,0,0,,,,0,,0,0
2026-03-27T12:15:12.333,266.846390,REDETECT,0.036027,-0.076958,0.007898,0.534,7.580,0,0,0,0,,,,0,,0,0
2026-03-27T12:15:12.401,266.914396,REDETECT,0.036027,-0.076958,0.007898,0.534,7.588,0,0,0,0,,,,0,,0,0
2026-03-27T12:15:12.467,266.979913,REDETECT,0.036027,-0.076958,0.007898,0.534,7.580,0,0,0,0,,,,0,,0,0
2026-03-27T12:15:12.503,267.016450,REDETECT,0.036027,-0.076958,0.007898,0.534,7.578,0,0,0,0,,,,0,,0,0
2026-03-27T12:15:12.569,267.082787,REDETECT,0.036027,-0.076958,0.007898,0.534,7.582,0,0,0,0,,,,0,,0,0
2026-03-27T12:15:12.633,267.146041,REDETECT,0.036027,-0.076958,0.007898,0.534,7.574,0,0,0,0,,,,0,,0,0
2026-03-27T12:15:12.666,267.179849,REDETECT,0.036027,-0.076958,0.007898,0.534,7.578,0,0,0,0,,,,0,,0,0
2026-03-27T12:15:12.733,267.245983,REDETECT,0.036027,-0.076958,0.007898,0.534,7.582,0,0,0,0,,,,0,,0,0
2026-03-27T12:15:12.770,267.283037,REDETECT,0.036027,-0.076958,0.007898,0.534,7.580,0,0,0,0,,,,0,,0,0
2026-03-27T12:15:12.832,267.345782,REDETECT,0.036027,-0.076958,0.007898,0.534,7.570,0,0,0,0,,,,0,,0,0
2026-03-27T12:15:12.866,267.379779,REDETECT,0.036027,-0.076958,0.007898,0.534,7.572,0,0,0,0,,,,0,,0,0
2026-03-27T12:15:12.932,267.445450,REDETECT,0.036027,-0.076958,0.007898,0.534,7.578,0,0,0,0,,,,0,,0,0
2026-03-27T12:15:12.967,267.480662,REDETECT,0.036027,-0.076958,0.007898,0.534,7.574,0,0,0,0,,,,0,,0,0
2026-03-27T12:15:13.032,267.545158,REDETECT,0.036027,-0.076958,0.007898,0.534,7.562,0,0,0,0,,,,0,,0,0
2026-03-27T12:15:13.070,267.583778,REDETECT,0.036027,-0.076958,0.007898,0.534,7.564,0,0,0,0,,,,0,,0,0
2026-03-27T12:15:13.133,267.646425,REDETECT,0.036027,-0.076958,0.007898,0.534,7.568,0,0,0,0,,,,0,,0,0
2026-03-27T12:15:13.170,267.682920,REDETECT,0.036027,-0.076958,0.007898,0.534,7.563,0,0,0,0,,,,0,,0,0
2026-03-27T12:15:13.233,267.746476,REDETECT,0.036027,-0.076958,0.007898,0.534,7.550,0,0,0,0,,,,0,,0,0
2026-03-27T12:15:13.270,267.782946,REDETECT,0.036027,-0.076958,0.007898,0.534,7.548,0,0,0,0,,,,0,,0,0
2026-03-27T12:15:13.334,267.847489,REDETECT,0.036027,-0.076958,0.007898,0.534,7.554,0,0,0,0,,,,0,,0,0
2026-03-27T12:15:13.368,267.880927,REDETECT,0.036027,-0.076958,0.007898,0.534,7.548,0,0,0,0,,,,0,,0,0
2026-03-27T12:15:13.434,267.947103,REDETECT,0.036027,-0.076958,0.007898,0.534,7.540,0,0,0,0,,,,0,,0,0
2026-03-27T12:15:13.469,267.982071,REDETECT,0.036027,-0.076958,0.007898,0.534,7.542,0,0,0,0,,,,0,,0,0
2026-03-27T12:15:13.533,268.046041,REDETECT,0.036027,-0.076958,0.007898,0.534,7.542,0,0,0,0,,,,0,,0,0
2026-03-27T12:15:13.567,268.080804,REDETECT,0.036027,-0.076958,0.007898,0.534,7.538,0,0,0,0,,,,0,,0,0
2026-03-27T12:15:13.632,268.145633,REDETECT,0.036027,-0.076958,0.007898,0.534,7.534,0,0,0,0,,,,0,,0,0
2026-03-27T12:15:13.666,268.179072,REDETECT,0.036027,-0.076958,0.007898,0.534,7.530,0,0,0,0,,,,0,,0,0
2026-03-27T12:15:13.701,268.214319,REDETECT,0.036027,-0.076958,0.007898,0.534,7.525,0,0,0,0,,,,0,,0,0
2026-03-27T12:15:13.768,268.281313,REDETECT,0.036027,-0.076958,0.007898,0.534,7.532,0,0,0,0,,,,0,,0,0
2026-03-27T12:15:13.833,268.346422,REDETECT,0.036027,-0.076958,0.007898,0.534,7.530,0,0,0,0,,,,0,,0,0
2026-03-27T12:15:13.869,268.382879,REDETECT,0.036027,-0.076958,0.007898,0.534,7.523,0,0,0,0,,,,0,,0,0
2026-03-27T12:15:13.933,268.446234,REDETECT,0.036027,-0.076958,0.007898,0.534,7.519,0,0,0,0,,,,0,,0,0
2026-03-27T12:15:13.968,268.481017,REDETECT,0.036027,-0.076958,0.007898,0.534,7.521,0,0,0,0,,,,0,,0,0
2026-03-27T12:15:14.032,268.545770,REDETECT,0.036027,-0.076958,0.007898,0.534,7.527,0,0,0,0,,,,0,,0,0
2026-03-27T12:15:14.067,268.580661,REDETECT,0.036027,-0.076958,0.007898,0.534,7.525,0,0,0,0,,,,0,,0,0
2026-03-27T12:15:14.101,268.614786,REDETECT,0.036027,-0.076958,0.007898,0.534,7.523,0,0,0,0,,,,0,,0,0
2026-03-27T12:15:14.136,268.649760,REDETECT,0.036027,-0.076958,0.007898,0.534,7.521,0,0,0,0,,,,0,,0,0
2026-03-27T12:15:14.170,268.683645,REDETECT,0.036027,-0.076958,0.007898,0.534,7.527,0,0,0,0,,,,0,,0,0
2026-03-27T12:15:14.234,268.747081,REDETECT,0.036027,-0.076958,0.007898,0.534,7.533,0,0,0,0,,,,0,,0,0
2026-03-27T12:15:14.271,268.784609,REDETECT,0.036027,-0.076958,0.007898,0.534,7.533,0,0,0,0,,,,0,,0,0
2026-03-27T12:15:14.335,268.848504,REDETECT,0.036027,-0.076958,0.007898,0.534,7.531,0,0,0,0,,,,0,,0,0
2026-03-27T12:15:14.370,268.882934,REDETECT,0.036027,-0.076958,0.007898,0.534,7.539,0,0,0,0,,,,0,,0,0
2026-03-27T12:15:14.437,268.950775,REDETECT,0.036027,-0.076958,0.007898,0.534,7.535,0,0,0,0,,,,0,,0,0
2026-03-27T12:15:14.502,269.015101,REDETECT,0.036027,-0.076958,0.007898,0.534,7.523,0,0,0,0,,,,0,,0,0
2026-03-27T12:15:14.535,269.048585,REDETECT,0.036027,-0.076958,0.007898,0.534,7.521,0,0,0,0,,,,0,,0,0
2026-03-27T12:15:14.572,269.085238,REDETECT,0.036027,-0.076958,0.007898,0.534,7.519,0,0,0,0,,,,0,,0,0
2026-03-27T12:15:14.635,269.148238,REDETECT,0.036027,-0.076958,0.007898,0.534,7.522,0,0,0,0,,,,0,,0,0
2026-03-27T12:15:14.669,269.182141,REDETECT,0.036027,-0.076958,0.007898,0.534,7.518,0,0,0,0,,,,0,,0,0
2026-03-27T12:15:14.708,269.221027,REDETECT,0.036027,-0.076958,0.007898,0.534,7.523,0,0,0,0,,,,0,,0,0
2026-03-27T12:15:14.769,269.282540,REDETECT,0.036027,-0.076958,0.007898,0.534,7.517,0,0,0,0,,,,0,,0,0
2026-03-27T12:15:14.835,269.348412,REDETECT,0.036027,-0.076958,0.007898,0.534,7.513,0,0,0,0,,,,0,,0,0
2026-03-27T12:15:14.872,269.384912,REDETECT,0.036027,-0.076958,0.007898,0.534,7.513,0,0,0,0,,,,0,,0,0
2026-03-27T12:15:14.934,269.447793,REDETECT,0.036027,-0.076958,0.007898,0.534,7.515,0,0,0,0,,,,0,,0,0
2026-03-27T12:15:14.968,269.481331,REDETECT,0.036027,-0.076958,0.007898,0.534,7.513,0,0,0,0,,,,0,,0,0
2026-03-27T12:15:15.007,269.519955,REDETECT,0.036027,-0.076958,0.007898,0.534,7.513,0,0,0,0,,,,0,,0,0
2026-03-27T12:15:15.049,269.562524,REDETECT,0.036027,-0.076958,0.007898,0.534,7.511,0,0,0,0,,,,0,,0,0
2026-03-27T12:15:15.105,269.618819,REDETECT,0.036027,-0.076958,0.007898,0.534,7.511,0,0,0,0,,,,0,,0,0
2026-03-27T12:15:15.168,269.680974,REDETECT,0.036027,-0.076958,0.007898,0.534,7.507,0,0,0,0,,,,0,,0,0
2026-03-27T12:15:15.202,269.715609,REDETECT,0.036027,-0.076958,0.007898,0.534,7.507,0,0,0,0,,,,0,,0,0
2026-03-27T12:15:15.272,269.785142,REDETECT,0.036027,-0.076958,0.007898,0.534,7.509,0,0,0,0,,,,0,,0,0
2026-03-27T12:15:15.313,269.826823,REDETECT,0.036027,-0.076958,0.007898,0.534,7.509,0,0,0,0,,,,0,,0,0
2026-03-27T12:15:15.381,269.894361,REDETECT,0.036027,-0.076958,0.007898,0.534,7.507,0,0,0,0,,,,0,,0,0
2026-03-27T12:15:15.442,269.955678,REDETECT,0.036027,-0.076958,0.007898,0.534,7.507,0,0,0,0,,,,0,,0,0
2026-03-27T12:15:15.508,270.021644,REDETECT,0.036027,-0.076958,0.007898,0.534,7.511,0,0,0,0,,,,0,,0,0
2026-03-27T12:15:15.547,270.060667,REDETECT,0.036027,-0.076958,0.007898,0.534,7.513,0,0,0,0,,,,0,,0,0
2026-03-27T12:15:15.582,270.095686,REDETECT,0.036027,-0.076958,0.007898,0.534,7.513,0,0,0,0,,,,0,,0,0
2026-03-27T12:15:15.649,270.162041,REDETECT,0.036027,-0.076958,0.007898,0.534,7.509,0,0,0,0,,,,0,,0,0
2026-03-27T12:15:15.707,270.220468,REDETECT,0.036027,-0.076958,0.007898,0.534,7.502,0,0,0,0,,,,0,,0,0
2026-03-27T12:15:15.743,270.256192,REDETECT,0.036027,-0.076958,0.007898,0.534,7.504,0,0,0,0,,,,0,,0,0
2026-03-27T12:15:15.784,270.297839,REDETECT,0.036027,-0.076958,0.007898,0.534,7.512,0,0,0,0,,,,0,,0,0
2026-03-27T12:15:15.848,270.361634,REDETECT,0.036027,-0.076958,0.007898,0.534,7.515,0,0,0,0,,,,0,,0,0
2026-03-27T12:15:15.905,270.418408,REDETECT,0.036027,-0.076958,0.007898,0.534,7.513,0,0,0,0,,,,0,,0,0
2026-03-27T12:15:15.970,270.483896,REDETECT,0.036027,-0.076958,0.007898,0.534,7.510,0,0,0,0,,,,0,,0,0
2026-03-27T12:15:16.032,270.545795,REDETECT,0.036027,-0.076958,0.007898,0.534,7.513,0,0,0,0,,,,0,,0,0
2026-03-27T12:15:16.069,270.582585,REDETECT,0.036027,-0.076958,0.007898,0.534,7.509,0,0,0,0,,,,0,,0,0
2026-03-27T12:15:16.132,270.645746,REDETECT,0.036027,-0.076958,0.007898,0.534,7.513,0,0,0,0,,,,0,,0,0
2026-03-27T12:15:16.167,270.679992,REDETECT,0.036027,-0.076958,0.007898,0.534,7.509,0,0,0,0,,,,0,,0,0
2026-03-27T12:15:16.233,270.746575,REDETECT,0.036027,-0.076958,0.007898,0.534,7.509,0,0,0,0,,,,0,,0,0
2026-03-27T12:15:16.269,270.782881,REDETECT,0.036027,-0.076958,0.007898,0.534,7.509,0,0,0,0,,,,0,,0,0
2026-03-27T12:15:16.333,270.846323,REDETECT,0.036027,-0.076958,0.007898,0.534,7.509,0,0,0,0,,,,0,,0,0
2026-03-27T12:15:16.368,270.881395,REDETECT,0.036027,-0.076958,0.007898,0.534,7.506,0,0,0,0,,,,0,,0,0
2026-03-27T12:15:16.432,270.945719,REDETECT,0.036027,-0.076958,0.007898,0.534,7.503,0,0,0,0,,,,0,,0,0
2026-03-27T12:15:16.473,270.986276,REDETECT,0.036027,-0.076958,0.007898,0.534,7.503,0,0,0,0,,,,0,,0,0
2026-03-27T12:15:16.536,271.049282,REDETECT,0.036027,-0.076958,0.007898,0.534,7.506,0,0,0,0,,,,0,,0,0
2026-03-27T12:15:16.600,271.113800,REDETECT,0.036027,-0.076958,0.007898,0.534,7.508,0,0,0,0,,,,0,,0,0
2026-03-27T12:15:16.666,271.179653,REDETECT,0.036027,-0.076958,0.007898,0.534,7.510,0,0,0,0,,,,0,,0,0
2026-03-27T12:15:16.701,271.214716,REDETECT,0.036027,-0.076958,0.007898,0.534,7.506,0,0,0,0,,,,0,,0,0
2026-03-27T12:15:16.769,271.282193,REDETECT,0.036027,-0.076958,0.007898,0.534,7.502,0,0,0,0,,,,0,,0,0
2026-03-27T12:15:16.803,271.316013,REDETECT,0.036027,-0.076958,0.007898,0.534,7.500,0,0,0,0,,,,0,,0,0
2026-03-27T12:15:16.870,271.383006,REDETECT,0.036027,-0.076958,0.007898,0.534,7.502,0,0,0,0,,,,0,,0,0
2026-03-27T12:15:16.933,271.446369,REDETECT,0.036027,-0.076958,0.007898,0.534,7.502,0,0,0,0,,,,0,,0,0
2026-03-27T12:15:16.999,271.512341,REDETECT,0.036027,-0.076958,0.007898,0.534,7.504,0,0,0,0,,,,0,,0,0
2026-03-27T12:15:17.032,271.545838,REDETECT,0.036027,-0.076958,0.007898,0.534,7.504,0,0,0,0,,,,0,,0,0
2026-03-27T12:15:17.068,271.581215,REDETECT,0.036027,-0.076958,0.007898,0.534,7.500,0,0,0,0,,,,0,,0,0
2026-03-27T12:15:17.132,271.645505,REDETECT,0.036027,-0.076958,0.007898,0.534,7.498,0,0,0,0,,,,0,,0,0
2026-03-27T12:15:17.170,271.683033,REDETECT,0.036027,-0.076958,0.007898,0.534,7.498,0,0,0,0,,,,0,,0,0
2026-03-27T12:15:17.233,271.746538,REDETECT,0.036027,-0.076958,0.007898,0.534,7.498,0,0,0,0,,,,0,,0,0
2026-03-27T12:15:17.270,271.782959,REDETECT,0.036027,-0.076958,0.007898,0.534,7.498,0,0,0,0,,,,0,,0,0
2026-03-27T12:15:17.305,271.818583,REDETECT,0.036027,-0.076958,0.007898,0.534,7.498,0,0,0,0,,,,0,,0,0
2026-03-27T12:15:17.370,271.882920,REDETECT,0.036027,-0.076958,0.007898,0.534,7.499,0,0,0,0,,,,0,,0,0
2026-03-27T12:15:17.432,271.945674,REDETECT,0.036027,-0.076958,0.007898,0.534,7.501,0,0,0,0,,,,0,,0,0
2026-03-27T12:15:17.466,271.979578,REDETECT,0.036027,-0.076958,0.007898,0.534,7.505,0,0,0,0,,,,0,,0,0
2026-03-27T12:15:17.501,272.014158,REDETECT,0.036027,-0.076958,0.007898,0.534,7.505,0,0,0,0,,,,0,,0,0
2026-03-27T12:15:17.537,272.049937,REDETECT,0.036027,-0.076958,0.007898,0.534,7.510,0,0,0,0,,,,0,,0,0
2026-03-27T12:15:17.600,272.113641,REDETECT,0.036027,-0.076958,0.007898,0.534,7.508,0,0,0,0,,,,0,,0,0
2026-03-27T12:15:17.634,272.146981,REDETECT,0.036027,-0.076958,0.007898,0.534,7.506,0,0,0,0,,,,0,,0,0
2026-03-27T12:15:17.699,272.212764,REDETECT,0.036027,-0.076958,0.007898,0.534,7.506,0,0,0,0,,,,0,,0,0
2026-03-27T12:15:17.734,272.247832,REDETECT,0.036027,-0.076958,0.007898,0.534,7.508,0,0,0,0,,,,0,,0,0
2026-03-27T12:15:17.771,272.284159,REDETECT,0.036027,-0.076958,0.007898,0.534,7.508,0,0,0,0,,,,0,,0,0
2026-03-27T12:15:17.838,272.351853,REDETECT,0.036027,-0.076958,0.007898,0.534,7.508,0,0,0,0,,,,0,,0,0
2026-03-27T12:15:17.901,272.414387,REDETECT,0.036027,-0.076958,0.007898,0.534,7.504,0,0,0,0,,,,0,,0,0
2026-03-27T12:15:17.970,272.483047,REDETECT,0.036027,-0.076958,0.007898,0.534,7.507,0,0,0,0,,,,0,,0,0
2026-03-27T12:15:18.033,272.546576,REDETECT,0.036027,-0.076958,0.007898,0.534,7.509,0,0,0,0,,,,0,,0,0
2026-03-27T12:15:18.069,272.582454,REDETECT,0.036027,-0.076958,0.007898,0.534,7.511,0,0,0,0,,,,0,,0,0
2026-03-27T12:15:18.104,272.617215,REDETECT,0.036027,-0.076958,0.007898,0.534,7.513,0,0,0,0,,,,0,,0,0
2026-03-27T12:15:18.169,272.681909,REDETECT,0.036027,-0.076958,0.007898,0.534,7.511,0,0,0,0,,,,0,,0,0
2026-03-27T12:15:18.233,272.746650,REDETECT,0.036027,-0.076958,0.007898,0.534,7.515,0,0,0,0,,,,0,,0,0
2026-03-27T12:15:18.274,272.787582,REDETECT,0.036027,-0.076958,0.007898,0.534,7.525,0,0,0,0,,,,0,,0,0
2026-03-27T12:15:18.336,272.849648,REDETECT,0.036027,-0.076958,0.007898,0.534,7.527,0,0,0,0,,,,0,,0,0
2026-03-27T12:15:18.401,272.914494,REDETECT,0.036027,-0.076958,0.007898,0.534,7.529,0,0,0,0,,,,0,,0,0
2026-03-27T12:15:18.467,272.980746,REDETECT,0.036027,-0.076958,0.007898,0.534,7.537,0,0,0,0,,,,0,,0,0
2026-03-27T12:15:18.534,273.047092,REDETECT,0.036027,-0.076958,0.007898,0.534,7.535,0,0,0,0,,,,0,,0,0
2026-03-27T12:15:18.570,273.082919,REDETECT,0.036027,-0.076958,0.007898,0.534,7.539,0,0,0,0,,,,0,,0,0
2026-03-27T12:15:18.633,273.146494,REDETECT,0.036027,-0.076958,0.007898,0.534,7.543,0,0,0,0,,,,0,,0,0
2026-03-27T12:15:18.667,273.180683,REDETECT,0.036027,-0.076958,0.007898,0.534,7.543,0,0,0,0,,,,0,,0,0
2026-03-27T12:15:18.701,273.214020,REDETECT,0.036027,-0.076958,0.007898,0.534,7.543,0,0,0,0,,,,0,,0,0
2026-03-27T12:15:18.769,273.282895,REDETECT,0.036027,-0.076958,0.007898,0.534,7.547,0,0,0,0,,,,0,,0,0
2026-03-27T12:15:18.804,273.317851,REDETECT,0.036027,-0.076958,0.007898,0.534,7.550,0,0,0,0,,,,0,,0,0
2026-03-27T12:15:18.885,273.397972,REDETECT,0.036027,-0.076958,0.007898,0.534,7.542,0,0,0,0,,,,0,,0,0
2026-03-27T12:15:18.958,273.471237,REDETECT,0.036027,-0.076958,0.007898,0.534,7.542,0,0,0,0,,,,0,,0,0
2026-03-27T12:15:19.001,273.514166,REDETECT,0.036027,-0.076958,0.007898,0.534,7.542,0,0,0,0,,,,0,,0,0
2026-03-27T12:15:19.038,273.551430,REDETECT,0.036027,-0.076958,0.007898,0.534,7.537,0,0,0,0,,,,0,,0,0
2026-03-27T12:15:19.077,273.590883,REDETECT,0.036027,-0.076958,0.007898,0.534,7.537,0,0,0,0,,,,0,,0,0
2026-03-27T12:15:19.134,273.647331,REDETECT,0.036027,-0.076958,0.007898,0.534,7.539,0,0,0,0,,,,0,,0,0
2026-03-27T12:15:19.167,273.680835,REDETECT,0.036027,-0.076958,0.007898,0.534,7.543,0,0,0,0,,,,0,,0,0
2026-03-27T12:15:19.233,273.746320,REDETECT,0.036027,-0.076958,0.007898,0.534,7.543,0,0,0,0,,,,0,,0,0
2026-03-27T12:15:19.267,273.780490,REDETECT,0.036027,-0.076958,0.007898,0.534,7.545,0,0,0,0,,,,0,,0,0
2026-03-27T12:15:19.300,273.813886,REDETECT,0.036027,-0.076958,0.007898,0.534,7.547,0,0,0,0,,,,0,,0,0
2026-03-27T12:15:19.369,273.882853,REDETECT,0.036027,-0.076958,0.007898,0.534,7.547,0,0,0,0,,,,0,,0,0
2026-03-27T12:15:19.435,273.948754,REDETECT,0.036027,-0.076958,0.007898,0.534,7.549,0,0,0,0,,,,0,,0,0
2026-03-27T12:15:19.471,273.984147,REDETECT,0.036027,-0.076958,0.007898,0.534,7.551,0,0,0,0,,,,0,,0,0
2026-03-27T12:15:19.514,274.027025,REDETECT,0.036027,-0.076958,0.007898,0.534,7.551,0,0,0,0,,,,0,,0,0
2026-03-27T12:15:19.570,274.083226,REDETECT,0.036027,-0.076958,0.007898,0.534,7.554,0,0,0,0,,,,0,,0,0
2026-03-27T12:15:19.633,274.146700,REDETECT,0.036027,-0.076958,0.007898,0.534,7.554,0,0,0,0,,,,0,,0,0
2026-03-27T12:15:19.670,274.183601,REDETECT,0.036027,-0.076958,0.007898,0.534,7.559,0,0,0,0,,,,0,,0,0
2026-03-27T12:15:19.707,274.220138,REDETECT,0.036027,-0.076958,0.007898,0.534,7.559,0,0,0,0,,,,0,,0,0
2026-03-27T12:15:19.767,274.280732,REDETECT,0.036027,-0.076958,0.007898,0.534,7.563,0,0,0,0,,,,0,,0,0
2026-03-27T12:15:19.801,274.314540,REDETECT,0.036027,-0.076958,0.007898,0.534,7.563,0,0,0,0,,,,0,,0,0
2026-03-27T12:15:19.870,274.382988,REDETECT,0.036027,-0.076958,0.007898,0.534,7.567,0,0,0,0,,,,0,,0,0
2026-03-27T12:15:19.933,274.446490,REDETECT,0.036027,-0.076958,0.007898,0.534,7.569,0,0,0,0,,,,0,,0,0
2026-03-27T12:15:19.970,274.483059,REDETECT,0.036027,-0.076958,0.007898,0.534,7.566,0,0,0,0,,,,0,,0,0
2026-03-27T12:15:20.034,274.547720,REDETECT,0.036027,-0.076958,0.007898,0.534,7.571,0,0,0,0,,,,0,,0,0
2026-03-27T12:15:20.076,274.589746,REDETECT,0.036027,-0.076958,0.007898,0.534,7.573,0,0,0,0,,,,0,,0,0
2026-03-27T12:15:20.132,274.645873,REDETECT,0.036027,-0.076958,0.007898,0.534,7.579,0,0,0,0,,,,0,,0,0
2026-03-27T12:15:20.171,274.684534,REDETECT,0.036027,-0.076958,0.007898,0.534,7.579,0,0,0,0,,,,0,,0,0
2026-03-27T12:15:20.242,274.755698,REDETECT,0.036027,-0.076958,0.007898,0.534,7.570,0,0,0,0,,,,0,,0,0
2026-03-27T12:15:20.278,274.791329,REDETECT,0.036027,-0.076958,0.007898,0.534,7.572,0,0,0,0,,,,0,,0,0
2026-03-27T12:15:20.313,274.826805,REDETECT,0.036027,-0.076958,0.007898,0.534,7.577,0,0,0,0,,,,0,,0,0
2026-03-27T12:15:20.375,274.888339,REDETECT,0.036027,-0.076958,0.007898,0.534,7.579,0,0,0,0,,,,0,,0,0
2026-03-27T12:15:20.434,274.947738,REDETECT,0.036027,-0.076958,0.007898,0.534,7.579,0,0,0,0,,,,0,,0,0
2026-03-27T12:15:20.470,274.983038,REDETECT,0.036027,-0.076958,0.007898,0.534,7.583,0,0,0,0,,,,0,,0,0
2026-03-27T12:15:20.536,275.049212,REDETECT,0.036027,-0.076958,0.007898,0.534,7.579,0,0,0,0,,,,0,,0,0
2026-03-27T12:15:20.569,275.082649,REDETECT,0.036027,-0.076958,0.007898,0.534,7.575,0,0,0,0,,,,0,,0,0
2026-03-27T12:15:20.636,275.149379,REDETECT,0.036027,-0.076958,0.007898,0.534,7.586,0,0,0,0,,,,0,,0,0
2026-03-27T12:15:20.673,275.185924,REDETECT,0.036027,-0.076958,0.007898,0.534,7.590,0,0,0,0,,,,0,,0,0
2026-03-27T12:15:20.735,275.247956,REDETECT,0.036027,-0.076958,0.007898,0.534,7.590,0,0,0,0,,,,0,,0,0
2026-03-27T12:15:20.772,275.285356,REDETECT,0.036027,-0.076958,0.007898,0.534,7.590,0,0,0,0,,,,0,,0,0
2026-03-27T12:15:20.807,275.320470,REDETECT,0.036027,-0.076958,0.007898,0.534,7.601,0,0,0,0,,,,0,,0,0
2026-03-27T12:15:20.869,275.382646,REDETECT,0.036027,-0.076958,0.007898,0.534,7.599,0,0,0,0,,,,0,,0,0
2026-03-27T12:15:20.934,275.447801,REDETECT,0.036027,-0.076958,0.007898,0.534,7.605,0,0,0,0,,,,0,,0,0
2026-03-27T12:15:20.999,275.512174,REDETECT,0.036027,-0.076958,0.007898,0.534,7.611,0,0,0,0,,,,0,,0,0
2026-03-27T12:15:21.032,275.545634,REDETECT,0.036027,-0.076958,0.007898,0.534,7.607,0,0,0,0,,,,0,,0,0
2026-03-27T12:15:21.069,275.582528,REDETECT,0.036027,-0.076958,0.007898,0.534,7.609,0,0,0,0,,,,0,,0,0
2026-03-27T12:15:21.133,275.646194,REDETECT,0.036027,-0.076958,0.007898,0.534,7.609,0,0,0,0,,,,0,,0,0
2026-03-27T12:15:21.166,275.679835,REDETECT,0.036027,-0.076958,0.007898,0.534,7.605,0,0,0,0,,,,0,,0,0
2026-03-27T12:15:21.200,275.713417,REDETECT,0.036027,-0.076958,0.007898,0.534,7.607,0,0,0,0,,,,0,,0,0
2026-03-27T12:15:21.235,275.748455,REDETECT,0.036027,-0.076958,0.007898,0.534,7.605,0,0,0,0,,,,0,,0,0
2026-03-27T12:15:21.300,275.813514,REDETECT,0.036027,-0.076958,0.007898,0.534,7.605,0,0,0,0,,,,0,,0,0
2026-03-27T12:15:21.335,275.848691,REDETECT,0.036027,-0.076958,0.007898,0.534,7.607,0,0,0,0,,,,0,,0,0
2026-03-27T12:15:21.370,275.883283,REDETECT,0.036027,-0.076958,0.007898,0.534,7.611,0,0,0,0,,,,0,,0,0
2026-03-27T12:15:21.434,275.947652,REDETECT,0.036027,-0.076958,0.007898,0.534,7.612,0,0,0,0,,,,0,,0,0
2026-03-27T12:15:21.469,275.982028,REDETECT,0.036027,-0.076958,0.007898,0.534,7.612,0,0,0,0,,,,0,,0,0
2026-03-27T12:15:21.533,276.045959,REDETECT,0.036027,-0.076958,0.007898,0.534,7.612,0,0,0,0,,,,0,,0,0
2026-03-27T12:15:21.567,276.080413,REDETECT,0.036027,-0.076958,0.007898,0.534,7.614,0,0,0,0,,,,0,,0,0
2026-03-27T12:15:21.635,276.147911,REDETECT,0.036027,-0.076958,0.007898,0.534,7.620,0,0,0,0,,,,0,,0,0
2026-03-27T12:15:21.699,276.212107,REDETECT,0.036027,-0.076958,0.007898,0.534,7.622,0,0,0,0,,,,0,,0,0
2026-03-27T12:15:21.733,276.246477,REDETECT,0.036027,-0.076958,0.007898,0.534,7.620,0,0,0,0,,,,0,,0,0
2026-03-27T12:15:21.768,276.281290,REDETECT,0.036027,-0.076958,0.007898,0.534,7.626,0,0,0,0,,,,0,,0,0
2026-03-27T12:15:21.833,276.346191,REDETECT,0.036027,-0.076958,0.007898,0.534,7.630,0,0,0,0,,,,0,,0,0
2026-03-27T12:15:21.866,276.379817,REDETECT,0.036027,-0.076958,0.007898,0.534,7.634,0,0,0,0,,,,0,,0,0
2026-03-27T12:15:21.901,276.414459,REDETECT,0.036027,-0.076958,0.007898,0.534,7.634,0,0,0,0,,,,0,,0,0
2026-03-27T12:15:21.966,276.479582,REDETECT,0.036027,-0.076958,0.007898,0.534,7.638,0,0,0,0,,,,0,,0,0
2026-03-27T12:15:22.013,276.526440,REDETECT,0.036027,-0.076958,0.007898,0.534,7.647,0,0,0,0,,,,0,,0,0
2026-03-27T12:15:22.072,276.585603,REDETECT,0.036027,-0.076958,0.007898,0.534,7.654,0,0,0,0,,,,0,,0,0
2026-03-27T12:15:22.107,276.620662,REDETECT,0.036027,-0.076958,0.007898,0.534,7.656,0,0,0,0,,,,0,,0,0
2026-03-27T12:15:22.172,276.685070,REDETECT,0.036027,-0.076958,0.007898,0.534,7.652,0,0,0,0,,,,0,,0,0
2026-03-27T12:15:22.235,276.748296,REDETECT,0.036027,-0.076958,0.007898,0.534,7.652,0,0,0,0,,,,0,,0,0
2026-03-27T12:15:22.280,276.793674,REDETECT,0.036027,-0.076958,0.007898,0.534,7.655,0,0,0,0,,,,0,,0,0
2026-03-27T12:15:22.336,276.849429,REDETECT,0.036027,-0.076958,0.007898,0.534,7.661,0,0,0,0,,,,0,,0,0
2026-03-27T12:15:22.405,276.917927,REDETECT,0.036027,-0.076958,0.007898,0.534,7.666,0,0,0,0,,,,0,,0,0
2026-03-27T12:15:22.438,276.951635,REDETECT,0.036027,-0.076958,0.007898,0.534,7.662,0,0,0,0,,,,0,,0,0
2026-03-27T12:15:22.472,276.984972,REDETECT,0.036027,-0.076958,0.007898,0.534,7.662,0,0,0,0,,,,0,,0,0
2026-03-27T12:15:22.507,277.020877,REDETECT,0.036027,-0.076958,0.007898,0.534,7.666,0,0,0,0,,,,0,,0,0
2026-03-27T12:15:22.571,277.084892,REDETECT,0.036027,-0.076958,0.007898,0.534,7.672,0,0,0,0,,,,0,,0,0
2026-03-27T12:15:22.615,277.128612,REDETECT,0.036027,-0.076958,0.007898,0.534,7.674,0,0,0,0,,,,0,,0,0
2026-03-27T12:15:22.672,277.185044,REDETECT,0.036027,-0.076958,0.007898,0.534,7.676,0,0,0,0,,,,0,,0,0
2026-03-27T12:15:22.733,277.246314,REDETECT,0.036027,-0.076958,0.007898,0.534,7.680,0,0,0,0,,,,0,,0,0
2026-03-27T12:15:22.770,277.283514,REDETECT,0.036027,-0.076958,0.007898,0.534,7.686,0,0,0,0,,,,0,,0,0
2026-03-27T12:15:22.832,277.345827,REDETECT,0.036027,-0.076958,0.007898,0.534,7.690,0,0,0,0,,,,0,,0,0
2026-03-27T12:15:22.866,277.379802,REDETECT,0.036027,-0.076958,0.007898,0.534,7.694,0,0,0,0,,,,0,,0,0
2026-03-27T12:15:22.901,277.414284,REDETECT,0.036027,-0.076958,0.007898,0.534,7.694,0,0,0,0,,,,0,,0,0
2026-03-27T12:15:22.972,277.484916,REDETECT,0.036027,-0.076958,0.007898,0.534,7.690,0,0,0,0,,,,0,,0,0
2026-03-27T12:15:23.037,277.550445,REDETECT,0.036027,-0.076958,0.007898,0.534,7.694,0,0,0,0,,,,0,,0,0
2026-03-27T12:15:23.072,277.585288,REDETECT,0.036027,-0.076958,0.007898,0.534,7.694,0,0,0,0,,,,0,,0,0
2026-03-27T12:15:23.136,277.649262,REDETECT,0.036027,-0.076958,0.007898,0.534,7.696,0,0,0,0,,,,0,,0,0
2026-03-27T12:15:23.171,277.684591,REDETECT,0.036027,-0.076958,0.007898,0.534,7.696,0,0,0,0,,,,0,,0,0
2026-03-27T12:15:23.236,277.749602,REDETECT,0.036027,-0.076958,0.007898,0.534,7.694,0,0,0,0,,,,0,,0,0
2026-03-27T12:15:23.271,277.784199,REDETECT,0.036027,-0.076958,0.007898,0.534,7.701,0,0,0,0,,,,0,,0,0
2026-03-27T12:15:23.304,277.817674,REDETECT,0.036027,-0.076958,0.007898,0.534,7.696,0,0,0,0,,,,0,,0,0
2026-03-27T12:15:23.373,277.886859,REDETECT,0.036027,-0.076958,0.007898,0.534,7.699,0,0,0,0,,,,0,,0,0
2026-03-27T12:15:23.434,277.947867,REDETECT,0.036027,-0.076958,0.007898,0.534,7.699,0,0,0,0,,,,0,,0,0
2026-03-27T12:15:23.471,277.984796,REDETECT,0.036027,-0.076958,0.007898,0.534,7.703,0,0,0,0,,,,0,,0,0
2026-03-27T12:15:23.536,278.049860,REDETECT,0.036027,-0.076958,0.007898,0.534,7.707,0,0,0,0,,,,0,,0,0
2026-03-27T12:15:23.570,278.083546,REDETECT,0.036027,-0.076958,0.007898,0.534,7.705,0,0,0,0,,,,0,,0,0
2026-03-27T12:15:23.605,278.118398,REDETECT,0.036027,-0.076958,0.007898,0.534,7.707,0,0,0,0,,,,0,,0,0
2026-03-27T12:15:23.670,278.183574,REDETECT,0.036027,-0.076958,0.007898,0.534,7.707,0,0,0,0,,,,0,,0,0
2026-03-27T12:15:23.735,278.248700,REDETECT,0.036027,-0.076958,0.007898,0.534,7.719,0,0,0,0,,,,0,,0,0
2026-03-27T12:15:23.771,278.284703,REDETECT,0.036027,-0.076958,0.007898,0.534,7.721,0,0,0,0,,,,0,,0,0
2026-03-27T12:15:23.833,278.346506,REDETECT,0.036027,-0.076958,0.007898,0.534,7.723,0,0,0,0,,,,0,,0,0
2026-03-27T12:15:23.867,278.380642,REDETECT,0.036027,-0.076958,0.007898,0.534,7.723,0,0,0,0,,,,0,,0,0
2026-03-27T12:15:23.901,278.414095,REDETECT,0.036027,-0.076958,0.007898,0.534,7.727,0,0,0,0,,,,0,,0,0
2026-03-27T12:15:23.966,278.479782,REDETECT,0.036027,-0.076958,0.007898,0.534,7.729,0,0,0,0,,,,0,,0,0
2026-03-27T12:15:24.033,278.546183,REDETECT,0.036027,-0.076958,0.007898,0.534,7.733,0,0,0,0,,,,0,,0,0
2026-03-27T12:15:24.068,278.581341,REDETECT,0.036027,-0.076958,0.007898,0.534,7.742,0,0,0,0,,,,0,,0,0
2026-03-27T12:15:24.133,278.646267,REDETECT,0.036027,-0.076958,0.007898,0.534,7.742,0,0,0,0,,,,0,,0,0
2026-03-27T12:15:24.168,278.681051,REDETECT,0.036027,-0.076958,0.007898,0.534,7.746,0,0,0,0,,,,0,,0,0
2026-03-27T12:15:24.233,278.746280,REDETECT,0.036027,-0.076958,0.007898,0.534,7.754,0,0,0,0,,,,0,,0,0
2026-03-27T12:15:24.268,278.781269,REDETECT,0.036027,-0.076958,0.007898,0.534,7.758,0,0,0,0,,,,0,,0,0
2026-03-27T12:15:24.337,278.850359,REDETECT,0.036027,-0.076958,0.007898,0.534,7.754,0,0,0,0,,,,0,,0,0
2026-03-27T12:15:24.372,278.885758,REDETECT,0.036027,-0.076958,0.007898,0.534,7.756,0,0,0,0,,,,0,,0,0
2026-03-27T12:15:24.439,278.952135,REDETECT,0.036027,-0.076958,0.007898,0.534,7.754,0,0,0,0,,,,0,,0,0
2026-03-27T12:15:24.472,278.985590,REDETECT,0.036027,-0.076958,0.007898,0.534,7.756,0,0,0,0,,,,0,,0,0
2026-03-27T12:15:24.535,279.048807,REDETECT,0.036027,-0.076958,0.007898,0.534,7.758,0,0,0,0,,,,0,,0,0
2026-03-27T12:15:24.601,279.114122,REDETECT,0.036027,-0.076958,0.007898,0.534,7.760,0,0,0,0,,,,0,,0,0
2026-03-27T12:15:24.667,279.179933,REDETECT,0.036027,-0.076958,0.007898,0.534,7.766,0,0,0,0,,,,0,,0,0
2026-03-27T12:15:24.701,279.214454,REDETECT,0.036027,-0.076958,0.007898,0.534,7.770,0,0,0,0,,,,0,,0,0
2026-03-27T12:15:24.768,279.281246,REDETECT,0.036027,-0.076958,0.007898,0.534,7.768,0,0,0,0,,,,0,,0,0
2026-03-27T12:15:24.805,279.317987,REDETECT,0.036027,-0.076958,0.007898,0.534,7.766,0,0,0,0,,,,0,,0,0
2026-03-27T12:15:24.873,279.386227,REDETECT,0.036027,-0.076958,0.007898,0.534,7.772,0,0,0,0,,,,0,,0,0
2026-03-27T12:15:24.939,279.452680,REDETECT,0.036027,-0.076958,0.007898,0.534,7.776,0,0,0,0,,,,0,,0,0
2026-03-27T12:15:25.007,279.520038,REDETECT,0.036027,-0.076958,0.007898,0.534,7.782,0,0,0,0,,,,0,,0,0
2026-03-27T12:15:25.076,279.589048,REDETECT,0.036027,-0.076958,0.007898,0.534,7.787,0,0,0,0,,,,0,,0,0
2026-03-27T12:15:25.113,279.626384,REDETECT,0.036027,-0.076958,0.007898,0.534,7.791,0,0,0,0,,,,0,,0,0
2026-03-27T12:15:25.180,279.693720,REDETECT,0.036027,-0.076958,0.007898,0.534,7.787,0,0,0,0,,,,0,,0,0
2026-03-27T12:15:25.237,279.750274,REDETECT,0.036027,-0.076958,0.007898,0.534,7.790,0,0,0,0,,,,0,,0,0
2026-03-27T12:15:25.304,279.817430,REDETECT,0.036027,-0.076958,0.007898,0.534,7.793,0,0,0,0,,,,0,,0,0
2026-03-27T12:15:25.338,279.851376,REDETECT,0.036027,-0.076958,0.007898,0.534,7.795,0,0,0,0,,,,0,,0,0
2026-03-27T12:15:25.380,279.893497,REDETECT,0.036027,-0.076958,0.007898,0.534,7.797,0,0,0,0,,,,0,,0,0
2026-03-27T12:15:25.446,279.959754,REDETECT,0.036027,-0.076958,0.007898,0.534,7.799,0,0,0,0,,,,0,,0,0
2026-03-27T12:15:25.505,280.018084,REDETECT,0.036027,-0.076958,0.007898,0.534,7.802,0,0,0,0,,,,0,,0,0
2026-03-27T12:15:25.575,280.088131,REDETECT,0.036027,-0.076958,0.007898,0.534,7.806,0,0,0,0,,,,0,,0,0
2026-03-27T12:15:25.639,280.152258,REDETECT,0.036027,-0.076958,0.007898,0.534,7.806,0,0,0,0,,,,0,,0,0
2026-03-27T12:15:25.676,280.189065,REDETECT,0.036027,-0.076958,0.007898,0.534,7.806,0,0,0,0,,,,0,,0,0
2026-03-27T12:15:25.738,280.251003,REDETECT,0.036027,-0.076958,0.007898,0.534,7.802,0,0,0,0,,,,0,,0,0
2026-03-27T12:15:25.772,280.285864,REDETECT,0.036027,-0.076958,0.007898,0.534,7.807,0,0,0,0,,,,0,,0,0
2026-03-27T12:15:25.833,280.346431,REDETECT,0.036027,-0.076958,0.007898,0.534,7.810,0,0,0,0,,,,0,,0,0
2026-03-27T12:15:25.872,280.385158,REDETECT,0.036027,-0.076958,0.007898,0.534,7.815,0,0,0,0,,,,0,,0,0
2026-03-27T12:15:25.935,280.448235,REDETECT,0.036027,-0.076958,0.007898,0.534,7.817,0,0,0,0,,,,0,,0,0
2026-03-27T12:15:25.973,280.486556,REDETECT,0.036027,-0.076958,0.007898,0.534,7.817,0,0,0,0,,,,0,,0,0
2026-03-27T12:15:26.045,280.558288,REDETECT,0.036027,-0.076958,0.007898,0.534,7.823,0,0,0,0,,,,0,,0,0
2026-03-27T12:15:26.102,280.615416,REDETECT,0.036027,-0.076958,0.007898,0.534,7.827,0,0,0,0,,,,0,,0,0
2026-03-27T12:15:26.137,280.650074,REDETECT,0.036027,-0.076958,0.007898,0.534,7.829,0,0,0,0,,,,0,,0,0
2026-03-27T12:15:26.172,280.685154,REDETECT,0.036027,-0.076958,0.007898,0.534,7.825,0,0,0,0,,,,0,,0,0
2026-03-27T12:15:26.236,280.749314,REDETECT,0.036027,-0.076958,0.007898,0.534,7.823,0,0,0,0,,,,0,,0,0
2026-03-27T12:15:26.273,280.786405,REDETECT,0.036027,-0.076958,0.007898,0.534,7.823,0,0,0,0,,,,0,,0,0
2026-03-27T12:15:26.338,280.850964,REDETECT,0.036027,-0.076958,0.007898,0.534,7.829,0,0,0,0,,,,0,,0,0
2026-03-27T12:15:26.372,280.885101,REDETECT,0.036027,-0.076958,0.007898,0.534,7.833,0,0,0,0,,,,0,,0,0
2026-03-27T12:15:26.443,280.956005,REDETECT,0.036027,-0.076958,0.007898,0.534,7.839,0,0,0,0,,,,0,,0,0
2026-03-27T12:15:26.501,281.014477,REDETECT,0.036027,-0.076958,0.007898,0.534,7.841,0,0,0,0,,,,0,,0,0
2026-03-27T12:15:26.537,281.049970,REDETECT,0.036027,-0.076958,0.007898,0.534,7.843,0,0,0,0,,,,0,,0,0
2026-03-27T12:15:26.572,281.085799,REDETECT,0.036027,-0.076958,0.007898,0.534,7.845,0,0,0,0,,,,0,,0,0
2026-03-27T12:15:26.607,281.120264,REDETECT,0.036027,-0.076958,0.007898,0.534,7.847,0,0,0,0,,,,0,,0,0
2026-03-27T12:15:26.670,281.183891,REDETECT,0.036027,-0.076958,0.007898,0.534,7.845,0,0,0,0,,,,0,,0,0
2026-03-27T12:15:26.705,281.218704,REDETECT,0.036027,-0.076958,0.007898,0.534,7.847,0,0,0,0,,,,0,,0,0
2026-03-27T12:15:26.772,281.285692,REDETECT,0.036027,-0.076958,0.007898,0.534,7.849,0,0,0,0,,,,0,,0,0
2026-03-27T12:15:26.807,281.320065,REDETECT,0.036027,-0.076958,0.007898,0.534,7.845,0,0,0,0,,,,0,,0,0
2026-03-27T12:15:26.850,281.363791,REDETECT,0.036027,-0.076958,0.007898,0.534,7.850,0,0,0,0,,,,0,,0,0
2026-03-27T12:15:26.906,281.419486,REDETECT,0.036027,-0.076958,0.007898,0.534,7.855,0,0,0,0,,,,0,,0,0
2026-03-27T12:15:26.971,281.484110,REDETECT,0.036027,-0.076958,0.007898,0.534,7.861,0,0,0,0,,,,0,,0,0
2026-03-27T12:15:27.008,281.520904,REDETECT,0.036027,-0.076958,0.007898,0.534,7.859,0,0,0,0,,,,0,,0,0
2026-03-27T12:15:27.068,281.581496,REDETECT,0.036027,-0.076958,0.007898,0.534,7.861,0,0,0,0,,,,0,,0,0
2026-03-27T12:15:27.102,281.615661,REDETECT,0.036027,-0.076958,0.007898,0.534,7.859,0,0,0,0,,,,0,,0,0
2026-03-27T12:15:27.171,281.684244,REDETECT,0.036027,-0.076958,0.007898,0.534,7.863,0,0,0,0,,,,0,,0,0
2026-03-27T12:15:27.207,281.720147,REDETECT,0.036027,-0.076958,0.007898,0.534,7.865,0,0,0,0,,,,0,,0,0
2026-03-27T12:15:27.275,281.788176,REDETECT,0.036027,-0.076958,0.007898,0.534,7.868,0,0,0,0,,,,0,,0,0
2026-03-27T12:15:27.334,281.847637,REDETECT,0.036027,-0.076958,0.007898,0.534,7.864,0,0,0,0,,,,0,,0,0
2026-03-27T12:15:27.369,281.882636,REDETECT,0.036027,-0.076958,0.007898,0.534,7.864,0,0,0,0,,,,0,,0,0
2026-03-27T12:15:27.403,281.916361,REDETECT,0.036027,-0.076958,0.007898,0.534,7.866,0,0,0,0,,,,0,,0,0
2026-03-27T12:15:27.472,281.985288,REDETECT,0.036027,-0.076958,0.007898,0.534,7.870,0,0,0,0,,,,0,,0,0
2026-03-27T12:15:27.538,282.051083,REDETECT,0.036027,-0.076958,0.007898,0.534,7.872,0,0,0,0,,,,0,,0,0
2026-03-27T12:15:27.604,282.117685,REDETECT,0.036027,-0.076958,0.007898,0.534,7.874,0,0,0,0,,,,0,,0,0
2026-03-27T12:15:27.669,282.182173,REDETECT,0.036027,-0.076958,0.007898,0.534,7.872,0,0,0,0,,,,0,,0,0
2026-03-27T12:15:27.703,282.216265,REDETECT,0.036027,-0.076958,0.007898,0.534,7.876,0,0,0,0,,,,0,,0,0
2026-03-27T12:15:27.737,282.250819,REDETECT,0.036027,-0.076958,0.007898,0.534,7.874,0,0,0,0,,,,0,,0,0
2026-03-27T12:15:27.773,282.286361,REDETECT,0.036027,-0.076958,0.007898,0.534,7.876,0,0,0,0,,,,0,,0,0
2026-03-27T12:15:27.811,282.324669,REDETECT,0.036027,-0.076958,0.007898,0.534,7.878,0,0,0,0,,,,0,,0,0
2026-03-27T12:15:27.871,282.384901,REDETECT,0.036027,-0.076958,0.007898,0.534,7.878,0,0,0,0,,,,0,,0,0
2026-03-27T12:15:27.905,282.418731,REDETECT,0.036027,-0.076958,0.007898,0.534,7.880,0,0,0,0,,,,0,,0,0
2026-03-27T12:15:27.971,282.483923,REDETECT,0.036027,-0.076958,0.007898,0.534,7.882,0,0,0,0,,,,0,,0,0
2026-03-27T12:15:28.007,282.520824,REDETECT,0.036027,-0.076958,0.007898,0.534,7.882,0,0,0,0,,,,0,,0,0
2026-03-27T12:15:28.070,282.583058,REDETECT,0.036027,-0.076958,0.007898,0.534,7.886,0,0,0,0,,,,0,,0,0
2026-03-27T12:15:28.103,282.616795,REDETECT,0.036027,-0.076958,0.007898,0.534,7.884,0,0,0,0,,,,0,,0,0
2026-03-27T12:15:28.168,282.681332,REDETECT,0.036027,-0.076958,0.007898,0.534,7.886,0,0,0,0,,,,0,,0,0
2026-03-27T12:15:28.204,282.716946,REDETECT,0.036027,-0.076958,0.007898,0.534,7.884,0,0,0,0,,,,0,,0,0
2026-03-27T12:15:28.240,282.753073,REDETECT,0.036027,-0.076958,0.007898,0.534,7.886,0,0,0,0,,,,0,,0,0
2026-03-27T12:15:28.274,282.787429,REDETECT,0.036027,-0.076958,0.007898,0.534,7.884,0,0,0,0,,,,0,,0,0
2026-03-27T12:15:28.335,282.848896,REDETECT,0.036027,-0.076958,0.007898,0.534,7.886,0,0,0,0,,,,0,,0,0
2026-03-27T12:15:28.371,282.884264,REDETECT,0.036027,-0.076958,0.007898,0.534,7.888,0,0,0,0,,,,0,,0,0
2026-03-27T12:15:28.433,282.946723,REDETECT,0.036027,-0.076958,0.007898,0.534,7.885,0,0,0,0,,,,0,,0,0
2026-03-27T12:15:28.470,282.983008,REDETECT,0.036027,-0.076958,0.007898,0.534,7.882,0,0,0,0,,,,0,,0,0
2026-03-27T12:15:28.533,283.046338,REDETECT,0.036027,-0.076958,0.007898,0.534,7.883,0,0,0,0,,,,0,,0,0
2026-03-27T12:15:28.566,283.079800,REDETECT,0.036027,-0.076958,0.007898,0.534,7.887,0,0,0,0,,,,0,,0,0
2026-03-27T12:15:28.601,283.114366,REDETECT,0.036027,-0.076958,0.007898,0.534,7.889,0,0,0,0,,,,0,,0,0
2026-03-27T12:15:28.666,283.179630,REDETECT,0.036027,-0.076958,0.007898,0.534,7.887,0,0,0,0,,,,0,,0,0
2026-03-27T12:15:28.701,283.214051,REDETECT,0.036027,-0.076958,0.007898,0.534,7.887,0,0,0,0,,,,0,,0,0
2026-03-27T12:15:28.734,283.247659,REDETECT,0.036027,-0.076958,0.007898,0.534,7.889,0,0,0,0,,,,0,,0,0
2026-03-27T12:15:28.804,283.317492,REDETECT,0.036027,-0.076958,0.007898,0.534,7.895,0,0,0,0,,,,0,,0,0
2026-03-27T12:15:28.839,283.352557,REDETECT,0.036027,-0.076958,0.007898,0.534,7.897,0,0,0,0,,,,0,,0,0
2026-03-27T12:15:28.903,283.416788,REDETECT,0.036027,-0.076958,0.007898,0.534,7.903,0,0,0,0,,,,0,,0,0
2026-03-27T12:15:28.942,283.455605,REDETECT,0.036027,-0.076958,0.007898,0.534,7.906,0,0,0,0,,,,0,,0,0
2026-03-27T12:15:29.005,283.518430,REDETECT,0.036027,-0.076958,0.007898,0.534,7.906,0,0,0,0,,,,0,,0,0
2026-03-27T12:15:29.071,283.584302,REDETECT,0.036027,-0.076958,0.007898,0.534,7.902,0,0,0,0,,,,0,,0,0
2026-03-27T12:15:29.105,283.618196,REDETECT,0.036027,-0.076958,0.007898,0.534,7.908,0,0,0,0,,,,0,,0,0
2026-03-27T12:15:29.143,283.656634,REDETECT,0.036027,-0.076958,0.007898,0.534,7.906,0,0,0,0,,,,0,,0,0
2026-03-27T12:15:29.189,283.702705,REDETECT,0.036027,-0.076958,0.007898,0.534,7.903,0,0,0,0,,,,0,,0,0
2026-03-27T12:15:29.249,283.762229,REDETECT,0.036027,-0.076958,0.007898,0.534,7.901,0,0,0,0,,,,0,,0,0
2026-03-27T12:15:29.316,283.829401,REDETECT,0.036027,-0.076958,0.007898,0.534,7.909,0,0,0,0,,,,0,,0,0
2026-03-27T12:15:29.374,283.887310,REDETECT,0.036027,-0.076958,0.007898,0.534,7.912,0,0,0,0,,,,0,,0,0
2026-03-27T12:15:29.442,283.955842,REDETECT,0.036027,-0.076958,0.007898,0.534,7.912,0,0,0,0,,,,0,,0,0
2026-03-27T12:15:29.514,284.027553,REDETECT,0.036027,-0.076958,0.007898,0.534,7.911,0,0,0,0,,,,0,,0,0
2026-03-27T12:15:29.571,284.084762,REDETECT,0.036027,-0.076958,0.007898,0.534,7.917,0,0,0,0,,,,0,,0,0
2026-03-27T12:15:29.605,284.118377,REDETECT,0.036027,-0.076958,0.007898,0.534,7.919,0,0,0,0,,,,0,,0,0
2026-03-27T12:15:29.667,284.180482,REDETECT,0.036027,-0.076958,0.007898,0.534,7.923,0,0,0,0,,,,0,,0,0
2026-03-27T12:15:29.702,284.215675,REDETECT,0.036027,-0.076958,0.007898,0.534,7.928,0,0,0,0,,,,0,,0,0
2026-03-27T12:15:29.766,284.279624,REDETECT,0.036027,-0.076958,0.007898,0.534,7.930,0,0,0,0,,,,0,,0,0
2026-03-27T12:15:29.801,284.313916,REDETECT,0.036027,-0.076958,0.007898,0.534,7.930,0,0,0,0,,,,0,,0,0
2026-03-27T12:15:29.870,284.383462,REDETECT,0.036027,-0.076958,0.007898,0.534,7.932,0,0,0,0,,,,0,,0,0
2026-03-27T12:15:29.905,284.418347,REDETECT,0.036027,-0.076958,0.007898,0.534,7.938,0,0,0,0,,,,0,,0,0
2026-03-27T12:15:29.970,284.483685,REDETECT,0.036027,-0.076958,0.007898,0.534,7.945,0,0,0,0,,,,0,,0,0
2026-03-27T12:15:30.004,284.517656,REDETECT,0.036027,-0.076958,0.007898,0.534,7.943,0,0,0,0,,,,0,,0,0
2026-03-27T12:15:30.074,284.587043,REDETECT,0.036027,-0.076958,0.007898,0.534,7.947,0,0,0,0,,,,0,,0,0
2026-03-27T12:15:30.144,284.656930,REDETECT,0.036027,-0.076958,0.007898,0.534,7.949,0,0,0,0,,,,0,,0,0
2026-03-27T12:15:30.210,284.723870,REDETECT,0.036027,-0.076958,0.007898,0.534,7.951,0,0,0,0,,,,0,,0,0
2026-03-27T12:15:30.273,284.786392,REDETECT,0.036027,-0.076958,0.007898,0.534,7.957,0,0,0,0,,,,0,,0,0
2026-03-27T12:15:30.308,284.821866,REDETECT,0.036027,-0.076958,0.007898,0.534,7.961,0,0,0,0,,,,0,,0,0
2026-03-27T12:15:30.370,284.883337,REDETECT,0.036027,-0.076958,0.007898,0.534,7.961,0,0,0,0,,,,0,,0,0
2026-03-27T12:15:30.405,284.917979,REDETECT,0.036027,-0.076958,0.007898,0.534,7.963,0,0,0,0,,,,0,,0,0
2026-03-27T12:15:30.440,284.953173,REDETECT,0.036027,-0.076958,0.007898,0.534,7.965,0,0,0,0,,,,0,,0,0
2026-03-27T12:15:30.476,284.989383,REDETECT,0.036027,-0.076958,0.007898,0.534,7.967,0,0,0,0,,,,0,,0,0
2026-03-27T12:15:30.538,285.051400,REDETECT,0.036027,-0.076958,0.007898,0.534,7.967,0,0,0,0,,,,0,,0,0
2026-03-27T12:15:30.606,285.119346,REDETECT,0.036027,-0.076958,0.007898,0.534,7.965,0,0,0,0,,,,0,,0,0
2026-03-27T12:15:30.670,285.183747,REDETECT,0.036027,-0.076958,0.007898,0.534,7.965,0,0,0,0,,,,0,,0,0
2026-03-27T12:15:30.704,285.217145,REDETECT,0.036027,-0.076958,0.007898,0.534,7.967,0,0,0,0,,,,0,,0,0
2026-03-27T12:15:30.780,285.293611,REDETECT,0.036027,-0.076958,0.007898,0.534,7.971,0,0,0,0,,,,0,,0,0
2026-03-27T12:15:30.835,285.348631,REDETECT,0.036027,-0.076958,0.007898,0.534,7.978,0,0,0,0,,,,0,,0,0
2026-03-27T12:15:30.871,285.384028,REDETECT,0.036027,-0.076958,0.007898,0.534,7.978,0,0,0,0,,,,0,,0,0
2026-03-27T12:15:30.905,285.418175,REDETECT,0.036027,-0.076958,0.007898,0.534,7.978,0,0,0,0,,,,0,,0,0
2026-03-27T12:15:30.945,285.458736,REDETECT,0.036027,-0.076958,0.007898,0.534,7.983,0,0,0,0,,,,0,,0,0
2026-03-27T12:15:31.008,285.521054,REDETECT,0.036027,-0.076958,0.007898,0.534,7.984,0,0,0,0,,,,0,,0,0
2026-03-27T12:15:31.068,285.581804,REDETECT,0.036027,-0.076958,0.007898,0.534,7.989,0,0,0,0,,,,0,,0,0
2026-03-27T12:15:31.104,285.617682,REDETECT,0.036027,-0.076958,0.007898,0.534,7.991,0,0,0,0,,,,0,,0,0
2026-03-27T12:15:31.167,285.680397,REDETECT,0.036027,-0.076958,0.007898,0.534,7.993,0,0,0,0,,,,0,,0,0
2026-03-27T12:15:31.201,285.714387,REDETECT,0.036027,-0.076958,0.007898,0.534,7.993,0,0,0,0,,,,0,,0,0
2026-03-27T12:15:31.239,285.752823,REDETECT,0.036027,-0.076958,0.007898,0.534,7.993,0,0,0,0,,,,0,,0,0
2026-03-27T12:15:31.303,285.816123,REDETECT,0.036027,-0.076958,0.007898,0.534,7.997,0,0,0,0,,,,0,,0,0
2026-03-27T12:15:31.372,285.885091,REDETECT,0.036027,-0.076958,0.007898,0.534,7.998,0,0,0,0,,,,0,,0,0
2026-03-27T12:15:31.409,285.922132,REDETECT,0.036027,-0.076958,0.007898,0.534,8.001,0,0,0,0,,,,0,,0,0
2026-03-27T12:15:31.473,285.986752,REDETECT,0.036027,-0.076958,0.007898,0.534,7.997,0,0,0,0,,,,0,,0,0
2026-03-27T12:15:31.539,286.052711,REDETECT,0.036027,-0.076958,0.007898,0.534,7.993,0,0,0,0,,,,0,,0,0
2026-03-27T12:15:31.574,286.086927,REDETECT,0.036027,-0.076958,0.007898,0.534,7.997,0,0,0,0,,,,0,,0,0
2026-03-27T12:15:31.639,286.152576,REDETECT,0.036027,-0.076958,0.007898,0.534,7.997,0,0,0,0,,,,0,,0,0
2026-03-27T12:15:31.674,286.186911,REDETECT,0.036027,-0.076958,0.007898,0.534,7.999,0,0,0,0,,,,0,,0,0
2026-03-27T12:15:31.747,286.259932,REDETECT,0.036027,-0.076958,0.007898,0.534,8.001,0,0,0,0,,,,0,,0,0
2026-03-27T12:15:31.810,286.323118,REDETECT,0.036027,-0.076958,0.007898,0.534,8.002,0,0,0,0,,,,0,,0,0
2026-03-27T12:15:31.875,286.388729,REDETECT,0.036027,-0.076958,0.007898,0.534,8.000,0,0,0,0,,,,0,,0,0
2026-03-27T12:15:31.940,286.453250,REDETECT,0.036027,-0.076958,0.007898,0.534,8.000,0,0,0,0,,,,0,,0,0
2026-03-27T12:15:32.007,286.520591,REDETECT,0.036027,-0.076958,0.007898,0.534,8.000,0,0,0,0,,,,0,,0,0
2026-03-27T12:15:32.071,286.584208,REDETECT,0.036027,-0.076958,0.007898,0.534,8.002,0,0,0,0,,,,0,,0,0
2026-03-27T12:15:32.107,286.620148,REDETECT,0.036027,-0.076958,0.007898,0.534,8.004,0,0,0,0,,,,0,,0,0
2026-03-27T12:15:32.169,286.682211,REDETECT,0.036027,-0.076958,0.007898,0.534,8.010,0,0,0,0,,,,0,,0,0
2026-03-27T12:15:32.204,286.717283,REDETECT,0.036027,-0.076958,0.007898,0.534,8.012,0,0,0,0,,,,0,,0,0
2026-03-27T12:15:32.271,286.784223,REDETECT,0.036027,-0.076958,0.007898,0.534,8.020,0,0,0,0,,,,0,,0,0
2026-03-27T12:15:32.332,286.845602,REDETECT,0.036027,-0.076958,0.007898,0.534,8.022,0,0,0,0,,,,0,,0,0
2026-03-27T12:15:32.367,286.880306,REDETECT,0.036027,-0.076958,0.007898,0.534,8.024,0,0,0,0,,,,0,,0,0
2026-03-27T12:15:32.401,286.914047,REDETECT,0.036027,-0.076958,0.007898,0.534,8.024,0,0,0,0,,,,0,,0,0
2026-03-27T12:15:32.469,286.982470,REDETECT,0.036027,-0.076958,0.007898,0.534,8.028,0,0,0,0,,,,0,,0,0
2026-03-27T12:15:32.532,287.045583,REDETECT,0.036027,-0.076958,0.007898,0.534,8.032,0,0,0,0,,,,0,,0,0
2026-03-27T12:15:32.570,287.082912,REDETECT,0.036027,-0.076958,0.007898,0.534,8.036,0,0,0,0,,,,0,,0,0
2026-03-27T12:15:32.633,287.146297,REDETECT,0.036027,-0.076958,0.007898,0.534,8.038,0,0,0,0,,,,0,,0,0
2026-03-27T12:15:32.666,287.179743,REDETECT,0.036027,-0.076958,0.007898,0.534,8.044,0,0,0,0,,,,0,,0,0
2026-03-27T12:15:32.701,287.214315,REDETECT,0.036027,-0.076958,0.007898,0.534,8.044,0,0,0,0,,,,0,,0,0
2026-03-27T12:15:32.766,287.279138,REDETECT,0.036027,-0.076958,0.007898,0.534,8.044,0,0,0,0,,,,0,,0,0
2026-03-27T12:15:32.802,287.315265,REDETECT,0.036027,-0.076958,0.007898,0.534,8.044,0,0,0,0,,,,0,,0,0
2026-03-27T12:15:32.867,287.380030,REDETECT,0.036027,-0.076958,0.007898,0.534,8.047,0,0,0,0,,,,0,,0,0
2026-03-27T12:15:32.933,287.446309,REDETECT,0.036027,-0.076958,0.007898,0.534,8.049,0,0,0,0,,,,0,,0,0
2026-03-27T12:15:33.001,287.514132,REDETECT,0.036027,-0.076958,0.007898,0.534,8.051,0,0,0,0,,,,0,,0,0
2026-03-27T12:15:33.066,287.579894,REDETECT,0.036027,-0.076958,0.007898,0.534,8.049,0,0,0,0,,,,0,,0,0
2026-03-27T12:15:33.102,287.615532,REDETECT,0.036027,-0.076958,0.007898,0.534,8.051,0,0,0,0,,,,0,,0,0
2026-03-27T12:15:33.167,287.679917,REDETECT,0.036027,-0.076958,0.007898,0.534,8.051,0,0,0,0,,,,0,,0,0
2026-03-27T12:15:33.233,287.746001,REDETECT,0.036027,-0.076958,0.007898,0.534,8.053,0,0,0,0,,,,0,,0,0
2026-03-27T12:15:33.268,287.781113,REDETECT,0.036027,-0.076958,0.007898,0.534,8.053,0,0,0,0,,,,0,,0,0
2026-03-27T12:15:33.332,287.845530,REDETECT,0.036027,-0.076958,0.007898,0.534,8.056,0,0,0,0,,,,0,,0,0
2026-03-27T12:15:33.368,287.880954,REDETECT,0.036027,-0.076958,0.007898,0.534,8.059,0,0,0,0,,,,0,,0,0
2026-03-27T12:15:33.404,287.917603,REDETECT,0.036027,-0.076958,0.007898,0.534,8.056,0,0,0,0,,,,0,,0,0
2026-03-27T12:15:33.439,287.951951,REDETECT,0.036027,-0.076958,0.007898,0.534,8.059,0,0,0,0,,,,0,,0,0
2026-03-27T12:15:33.476,287.989022,REDETECT,0.036027,-0.076958,0.007898,0.534,8.061,0,0,0,0,,,,0,,0,0
2026-03-27T12:15:33.535,288.048287,REDETECT,0.036027,-0.076958,0.007898,0.534,8.063,0,0,0,0,,,,0,,0,0
2026-03-27T12:15:33.572,288.085357,REDETECT,0.036027,-0.076958,0.007898,0.534,8.065,0,0,0,0,,,,0,,0,0
2026-03-27T12:15:33.606,288.119398,REDETECT,0.036027,-0.076958,0.007898,0.534,8.065,0,0,0,0,,,,0,,0,0
2026-03-27T12:15:33.667,288.180256,REDETECT,0.036027,-0.076958,0.007898,0.534,8.070,0,0,0,0,,,,0,,0,0
2026-03-27T12:15:33.702,288.215193,REDETECT,0.036027,-0.076958,0.007898,0.534,8.070,0,0,0,0,,,,0,,0,0
2026-03-27T12:15:33.768,288.281427,REDETECT,0.036027,-0.076958,0.007898,0.534,8.068,0,0,0,0,,,,0,,0,0
2026-03-27T12:15:33.803,288.316633,REDETECT,0.036027,-0.076958,0.007898,0.534,8.066,0,0,0,0,,,,0,,0,0
2026-03-27T12:15:33.868,288.381238,REDETECT,0.036027,-0.076958,0.007898,0.534,8.074,0,0,0,0,,,,0,,0,0
2026-03-27T12:15:33.935,288.448041,REDETECT,0.036027,-0.076958,0.007898,0.534,8.069,0,0,0,0,,,,0,,0,0
2026-03-27T12:15:33.972,288.485277,REDETECT,0.036027,-0.076958,0.007898,0.534,8.069,0,0,0,0,,,,0,,0,0
2026-03-27T12:15:34.035,288.548893,REDETECT,0.036027,-0.076958,0.007898,0.534,8.072,0,0,0,0,,,,0,,0,0
2026-03-27T12:15:34.072,288.584972,REDETECT,0.036027,-0.076958,0.007898,0.534,8.072,0,0,0,0,,,,0,,0,0
2026-03-27T12:15:34.136,288.649575,REDETECT,0.036027,-0.076958,0.007898,0.534,8.077,0,0,0,0,,,,0,,0,0
2026-03-27T12:15:34.173,288.686435,REDETECT,0.036027,-0.076958,0.007898,0.534,8.077,0,0,0,0,,,,0,,0,0
2026-03-27T12:15:34.208,288.720988,REDETECT,0.036027,-0.076958,0.007898,0.534,8.077,0,0,0,0,,,,0,,0,0
2026-03-27T12:15:34.272,288.785177,REDETECT,0.036027,-0.076958,0.007898,0.534,8.077,0,0,0,0,,,,0,,0,0
2026-03-27T12:15:34.336,288.849170,REDETECT,0.036027,-0.076958,0.007898,0.534,8.081,0,0,0,0,,,,0,,0,0
2026-03-27T12:15:34.371,288.884623,REDETECT,0.036027,-0.076958,0.007898,0.534,8.083,0,0,0,0,,,,0,,0,0
2026-03-27T12:15:34.435,288.947967,REDETECT,0.036027,-0.076958,0.007898,0.534,8.087,0,0,0,0,,,,0,,0,0
2026-03-27T12:15:34.468,288.981880,REDETECT,0.036027,-0.076958,0.007898,0.534,8.093,0,0,0,0,,,,0,,0,0
2026-03-27T12:15:34.538,289.051413,REDETECT,0.036027,-0.076958,0.007898,0.534,8.093,0,0,0,0,,,,0,,0,0
2026-03-27T12:15:34.603,289.116789,REDETECT,0.036027,-0.076958,0.007898,0.534,8.095,0,0,0,0,,,,0,,0,0
2026-03-27T12:15:34.670,289.183621,REDETECT,0.036027,-0.076958,0.007898,0.534,8.097,0,0,0,0,,,,0,,0,0
2026-03-27T12:15:34.706,289.219182,REDETECT,0.036027,-0.076958,0.007898,0.534,8.097,0,0,0,0,,,,0,,0,0
2026-03-27T12:15:34.768,289.281813,REDETECT,0.036027,-0.076958,0.007898,0.534,8.097,0,0,0,0,,,,0,,0,0
2026-03-27T12:15:34.803,289.316489,REDETECT,0.036027,-0.076958,0.007898,0.534,8.099,0,0,0,0,,,,0,,0,0
2026-03-27T12:15:34.869,289.382884,REDETECT,0.036027,-0.076958,0.007898,0.534,8.099,0,0,0,0,,,,0,,0,0
2026-03-27T12:15:34.933,289.446235,REDETECT,0.036027,-0.076958,0.007898,0.534,8.101,0,0,0,0,,,,0,,0,0
2026-03-27T12:15:34.967,289.480551,REDETECT,0.036027,-0.076958,0.007898,0.534,8.101,0,0,0,0,,,,0,,0,0
2026-03-27T12:15:35.032,289.545704,REDETECT,0.036027,-0.076958,0.007898,0.534,8.101,0,0,0,0,,,,0,,0,0
2026-03-27T12:15:35.066,289.579579,REDETECT,0.036027,-0.076958,0.007898,0.534,8.103,0,0,0,0,,,,0,,0,0
2026-03-27T12:15:35.101,289.614263,REDETECT,0.036027,-0.076958,0.007898,0.534,8.101,0,0,0,0,,,,0,,0,0
2026-03-27T12:15:35.172,289.685657,REDETECT,0.036027,-0.076958,0.007898,0.534,8.103,0,0,0,0,,,,0,,0,0
2026-03-27T12:15:35.220,289.733181,REDETECT,0.036027,-0.076958,0.007898,0.534,8.109,0,0,0,0,,,,0,,0,0
2026-03-27T12:15:35.274,289.787027,REDETECT,0.036027,-0.076958,0.007898,0.534,8.106,0,0,0,0,,,,0,,0,0
2026-03-27T12:15:35.350,289.863611,REDETECT,0.036027,-0.076958,0.007898,0.534,8.111,0,0,0,0,,,,0,,0,0
2026-03-27T12:15:35.409,289.922475,REDETECT,0.036027,-0.076958,0.007898,0.534,8.116,0,0,0,0,,,,0,,0,0
2026-03-27T12:15:35.444,289.957186,REDETECT,0.036027,-0.076958,0.007898,0.534,8.116,0,0,0,0,,,,0,,0,0
2026-03-27T12:15:35.503,290.016671,REDETECT,0.036027,-0.076958,0.007898,0.534,8.116,0,0,0,0,,,,0,,0,0
2026-03-27T12:15:35.538,290.051435,REDETECT,0.036027,-0.076958,0.007898,0.534,8.118,0,0,0,0,,,,0,,0,0
2026-03-27T12:15:35.572,290.085612,REDETECT,0.036027,-0.076958,0.007898,0.534,8.124,0,0,0,0,,,,0,,0,0
2026-03-27T12:15:35.638,290.151295,REDETECT,0.036027,-0.076958,0.007898,0.534,8.134,0,0,0,0,,,,0,,0,0
2026-03-27T12:15:35.700,290.213059,REDETECT,0.036027,-0.076958,0.007898,0.534,8.145,0,0,0,0,,,,0,,0,0
2026-03-27T12:15:35.733,290.246499,REDETECT,0.036027,-0.076958,0.007898,0.534,8.149,0,0,0,0,,,,0,,0,0
2026-03-27T12:15:35.767,290.279960,REDETECT,0.036027,-0.076958,0.007898,0.534,8.147,0,0,0,0,,,,0,,0,0
2026-03-27T12:15:35.805,290.318563,REDETECT,0.036027,-0.076958,0.007898,0.534,8.149,0,0,0,0,,,,0,,0,0
2026-03-27T12:15:35.866,290.379305,REDETECT,0.036027,-0.076958,0.007898,0.534,8.153,0,0,0,0,,,,0,,0,0
2026-03-27T12:15:35.900,290.413259,REDETECT,0.036027,-0.076958,0.007898,0.534,8.157,0,0,0,0,,,,0,,0,0
2026-03-27T12:15:35.933,290.446697,REDETECT,0.036027,-0.076958,0.007898,0.534,8.159,0,0,0,0,,,,0,,0,0
2026-03-27T12:15:35.967,290.480411,REDETECT,0.036027,-0.076958,0.007898,0.534,8.161,0,0,0,0,,,,0,,0,0
2026-03-27T12:15:36.033,290.546522,REDETECT,0.036027,-0.076958,0.007898,0.534,8.159,0,0,0,0,,,,0,,0,0
2026-03-27T12:15:36.067,290.580402,REDETECT,0.036027,-0.076958,0.007898,0.534,8.161,0,0,0,0,,,,0,,0,0
2026-03-27T12:15:36.101,290.614549,REDETECT,0.036027,-0.076958,0.007898,0.534,8.161,0,0,0,0,,,,0,,0,0
2026-03-27T12:15:36.166,290.679747,REDETECT,0.036027,-0.076958,0.007898,0.534,8.161,0,0,0,0,,,,0,,0,0
2026-03-27T12:15:36.235,290.748797,REDETECT,0.036027,-0.076958,0.007898,0.534,8.155,0,0,0,0,,,,0,,0,0
2026-03-27T12:15:36.300,290.813571,REDETECT,0.036027,-0.076958,0.007898,0.534,8.153,0,0,0,0,,,,0,,0,0
2026-03-27T12:15:36.369,290.882783,REDETECT,0.036027,-0.076958,0.007898,0.534,8.157,0,0,0,0,,,,0,,0,0
2026-03-27T12:15:36.432,290.945722,REDETECT,0.036027,-0.076958,0.007898,0.534,8.157,0,0,0,0,,,,0,,0,0
2026-03-27T12:15:36.467,290.980055,REDETECT,0.036027,-0.076958,0.007898,0.534,8.159,0,0,0,0,,,,0,,0,0
2026-03-27T12:15:36.501,291.014569,REDETECT,0.036027,-0.076958,0.007898,0.534,8.159,0,0,0,0,,,,0,,0,0
2026-03-27T12:15:36.566,291.079723,REDETECT,0.036027,-0.076958,0.007898,0.534,8.167,0,0,0,0,,,,0,,0,0
2026-03-27T12:15:36.635,291.148309,REDETECT,0.036027,-0.076958,0.007898,0.534,8.162,0,0,0,0,,,,0,,0,0
2026-03-27T12:15:36.672,291.185018,REDETECT,0.036027,-0.076958,0.007898,0.534,8.165,0,0,0,0,,,,0,,0,0
2026-03-27T12:15:36.736,291.248938,REDETECT,0.036027,-0.076958,0.007898,0.534,8.166,0,0,0,0,,,,0,,0,0
2026-03-27T12:15:36.803,291.316026,REDETECT,0.036027,-0.076958,0.007898,0.534,8.162,0,0,0,0,,,,0,,0,0
2026-03-27T12:15:36.866,291.379470,REDETECT,0.036027,-0.076958,0.007898,0.534,8.166,0,0,0,0,,,,0,,0,0
2026-03-27T12:15:36.900,291.413429,REDETECT,0.036027,-0.076958,0.007898,0.534,8.172,0,0,0,0,,,,0,,0,0
2026-03-27T12:15:36.966,291.479584,REDETECT,0.036027,-0.076958,0.007898,0.534,8.180,0,0,0,0,,,,0,,0,0
2026-03-27T12:15:37.033,291.545970,REDETECT,0.036027,-0.076958,0.007898,0.534,8.180,0,0,0,0,,,,0,,0,0
2026-03-27T12:15:37.069,291.582612,REDETECT,0.036027,-0.076958,0.007898,0.534,8.180,0,0,0,0,,,,0,,0,0
2026-03-27T12:15:37.132,291.645637,REDETECT,0.036027,-0.076958,0.007898,0.534,8.184,0,0,0,0,,,,0,,0,0
2026-03-27T12:15:37.167,291.680509,REDETECT,0.036027,-0.076958,0.007898,0.534,8.182,0,0,0,0,,,,0,,0,0
2026-03-27T12:15:37.202,291.715827,REDETECT,0.036027,-0.076958,0.007898,0.534,8.184,0,0,0,0,,,,0,,0,0
2026-03-27T12:15:37.236,291.749326,REDETECT,0.036027,-0.076958,0.007898,0.534,8.184,0,0,0,0,,,,0,,0,0
2026-03-27T12:15:37.272,291.785556,REDETECT,0.036027,-0.076958,0.007898,0.534,8.189,0,0,0,0,,,,0,,0,0
2026-03-27T12:15:37.335,291.848041,REDETECT,0.036027,-0.076958,0.007898,0.534,8.181,0,0,0,0,,,,0,,0,0
2026-03-27T12:15:37.369,291.882755,REDETECT,0.036027,-0.076958,0.007898,0.534,8.177,0,0,0,0,,,,0,,0,0
2026-03-27T12:15:37.438,291.951156,REDETECT,0.036027,-0.076958,0.007898,0.534,8.179,0,0,0,0,,,,0,,0,0
2026-03-27T12:15:37.474,291.987133,REDETECT,0.036027,-0.076958,0.007898,0.534,8.182,0,0,0,0,,,,0,,0,0
2026-03-27T12:15:37.534,292.047246,REDETECT,0.036027,-0.076958,0.007898,0.534,8.187,0,0,0,0,,,,0,,0,0
2026-03-27T12:15:37.571,292.084263,REDETECT,0.036027,-0.076958,0.007898,0.534,8.187,0,0,0,0,,,,0,,0,0
2026-03-27T12:15:37.635,292.147977,REDETECT,0.036027,-0.076958,0.007898,0.534,8.195,0,0,0,0,,,,0,,0,0
2026-03-27T12:15:37.669,292.182037,REDETECT,0.036027,-0.076958,0.007898,0.534,8.195,0,0,0,0,,,,0,,0,0
2026-03-27T12:15:37.734,292.247171,REDETECT,0.036027,-0.076958,0.007898,0.534,8.193,0,0,0,0,,,,0,,0,0
2026-03-27T12:15:37.768,292.281514,REDETECT,0.036027,-0.076958,0.007898,0.534,8.193,0,0,0,0,,,,0,,0,0
2026-03-27T12:15:37.804,292.317353,REDETECT,0.036027,-0.076958,0.007898,0.534,8.197,0,0,0,0,,,,0,,0,0
2026-03-27T12:15:37.869,292.382313,REDETECT,0.036027,-0.076958,0.007898,0.534,8.201,0,0,0,0,,,,0,,0,0
2026-03-27T12:15:37.934,292.447079,REDETECT,0.036027,-0.076958,0.007898,0.534,8.205,0,0,0,0,,,,0,,0,0
2026-03-27T12:15:37.971,292.484642,REDETECT,0.036027,-0.076958,0.007898,0.534,8.205,0,0,0,0,,,,0,,0,0
2026-03-27T12:15:38.035,292.547933,REDETECT,0.036027,-0.076958,0.007898,0.534,8.209,0,0,0,0,,,,0,,0,0
2026-03-27T12:15:38.069,292.582839,REDETECT,0.036027,-0.076958,0.007898,0.534,8.211,0,0,0,0,,,,0,,0,0
2026-03-27T12:15:38.134,292.647359,REDETECT,0.036027,-0.076958,0.007898,0.534,8.213,0,0,0,0,,,,0,,0,0
2026-03-27T12:15:38.168,292.681295,REDETECT,0.036027,-0.076958,0.007898,0.534,8.211,0,0,0,0,,,,0,,0,0
2026-03-27T12:15:38.202,292.715557,REDETECT,0.036027,-0.076958,0.007898,0.534,8.211,0,0,0,0,,,,0,,0,0
2026-03-27T12:15:38.236,292.749415,REDETECT,0.036027,-0.076958,0.007898,0.534,8.215,0,0,0,0,,,,0,,0,0
2026-03-27T12:15:38.301,292.814113,REDETECT,0.036027,-0.076958,0.007898,0.534,8.223,0,0,0,0,,,,0,,0,0
2026-03-27T12:15:38.343,292.856346,REDETECT,0.036027,-0.076958,0.007898,0.534,8.223,0,0,0,0,,,,0,,0,0
2026-03-27T12:15:38.386,292.899758,REDETECT,0.036027,-0.076958,0.007898,0.534,8.220,0,0,0,0,,,,0,,0,0
2026-03-27T12:15:38.423,292.936279,REDETECT,0.036027,-0.076958,0.007898,0.534,8.223,0,0,0,0,,,,0,,0,0
2026-03-27T12:15:38.472,292.984907,REDETECT,0.036027,-0.076958,0.007898,0.534,8.224,0,0,0,0,,,,0,,0,0
2026-03-27T12:15:38.537,293.049912,REDETECT,0.036027,-0.076958,0.007898,0.534,8.230,0,0,0,0,,,,0,,0,0
2026-03-27T12:15:38.603,293.116463,REDETECT,0.036027,-0.076958,0.007898,0.534,8.230,0,0,0,0,,,,0,,0,0
2026-03-27T12:15:38.640,293.153726,REDETECT,0.036027,-0.076958,0.007898,0.534,8.234,0,0,0,0,,,,0,,0,0
2026-03-27T12:15:38.699,293.212780,REDETECT,0.036027,-0.076958,0.007898,0.534,8.234,0,0,0,0,,,,0,,0,0
2026-03-27T12:15:38.733,293.246279,REDETECT,0.036027,-0.076958,0.007898,0.534,8.232,0,0,0,0,,,,0,,0,0
2026-03-27T12:15:38.768,293.281034,REDETECT,0.036027,-0.076958,0.007898,0.534,8.232,0,0,0,0,,,,0,,0,0
2026-03-27T12:15:38.801,293.314767,REDETECT,0.036027,-0.076958,0.007898,0.534,8.232,0,0,0,0,,,,0,,0,0
2026-03-27T12:15:38.866,293.379862,REDETECT,0.036027,-0.076958,0.007898,0.534,8.238,0,0,0,0,,,,0,,0,0
2026-03-27T12:15:38.901,293.414279,REDETECT,0.036027,-0.076958,0.007898,0.534,8.238,0,0,0,0,,,,0,,0,0
2026-03-27T12:15:38.966,293.479804,REDETECT,0.036027,-0.076958,0.007898,0.534,8.244,0,0,0,0,,,,0,,0,0
2026-03-27T12:15:39.033,293.546729,REDETECT,0.036027,-0.076958,0.007898,0.534,8.248,0,0,0,0,,,,0,,0,0
2026-03-27T12:15:39.068,293.581846,REDETECT,0.036027,-0.076958,0.007898,0.534,8.251,0,0,0,0,,,,0,,0,0
2026-03-27T12:15:39.134,293.647060,REDETECT,0.036027,-0.076958,0.007898,0.534,8.253,0,0,0,0,,,,0,,0,0
2026-03-27T12:15:39.167,293.680700,REDETECT,0.036027,-0.076958,0.007898,0.534,8.253,0,0,0,0,,,,0,,0,0
2026-03-27T12:15:39.204,293.717612,REDETECT,0.036027,-0.076958,0.007898,0.534,8.255,0,0,0,0,,,,0,,0,0
2026-03-27T12:15:39.267,293.780873,REDETECT,0.036027,-0.076958,0.007898,0.534,8.257,0,0,0,0,,,,0,,0,0
2026-03-27T12:15:39.339,293.852481,REDETECT,0.036027,-0.076958,0.007898,0.534,8.248,0,0,0,0,,,,0,,0,0
2026-03-27T12:15:39.403,293.916053,REDETECT,0.036027,-0.076958,0.007898,0.534,8.254,0,0,0,0,,,,0,,0,0
2026-03-27T12:15:39.466,293.979778,REDETECT,0.036027,-0.076958,0.007898,0.534,8.256,0,0,0,0,,,,0,,0,0
2026-03-27T12:15:39.501,294.014416,REDETECT,0.036027,-0.076958,0.007898,0.534,8.254,0,0,0,0,,,,0,,0,0
2026-03-27T12:15:39.566,294.079583,REDETECT,0.036027,-0.076958,0.007898,0.534,8.264,0,0,0,0,,,,0,,0,0
2026-03-27T12:15:39.634,294.147596,REDETECT,0.036027,-0.076958,0.007898,0.534,8.262,0,0,0,0,,,,0,,0,0
2026-03-27T12:15:39.669,294.182075,REDETECT,0.036027,-0.076958,0.007898,0.534,8.264,0,0,0,0,,,,0,,0,0
2026-03-27T12:15:39.733,294.246145,REDETECT,0.036027,-0.076958,0.007898,0.534,8.270,0,0,0,0,,,,0,,0,0
2026-03-27T12:15:39.767,294.279907,REDETECT,0.036027,-0.076958,0.007898,0.534,8.274,0,0,0,0,,,,0,,0,0
2026-03-27T12:15:39.801,294.314414,REDETECT,0.036027,-0.076958,0.007898,0.534,8.272,0,0,0,0,,,,0,,0,0
2026-03-27T12:15:39.866,294.379734,REDETECT,0.036027,-0.076958,0.007898,0.534,8.274,0,0,0,0,,,,0,,0,0
2026-03-27T12:15:39.934,294.447523,REDETECT,0.036027,-0.076958,0.007898,0.534,8.280,0,0,0,0,,,,0,,0,0
2026-03-27T12:15:39.999,294.512547,REDETECT,0.036027,-0.076958,0.007898,0.534,8.286,0,0,0,0,,,,0,,0,0
2026-03-27T12:15:40.033,294.546283,REDETECT,0.036027,-0.076958,0.007898,0.534,8.286,0,0,0,0,,,,0,,0,0
2026-03-27T12:15:40.099,294.612899,REDETECT,0.036027,-0.076958,0.007898,0.534,8.286,0,0,0,0,,,,0,,0,0
2026-03-27T12:15:40.133,294.646397,REDETECT,0.036027,-0.076958,0.007898,0.534,8.288,0,0,0,0,,,,0,,0,0
2026-03-27T12:15:40.202,294.715483,REDETECT,0.036027,-0.076958,0.007898,0.534,8.297,0,0,0,0,,,,0,,0,0
2026-03-27T12:15:40.250,294.763101,REDETECT,0.036027,-0.076958,0.007898,0.534,8.302,0,0,0,0,,,,0,,0,0
2026-03-27T12:15:40.302,294.815096,REDETECT,0.036027,-0.076958,0.007898,0.534,8.302,0,0,0,0,,,,0,,0,0
2026-03-27T12:15:40.369,294.882759,REDETECT,0.036027,-0.076958,0.007898,0.534,8.307,0,0,0,0,,,,0,,0,0
2026-03-27T12:15:40.432,294.945631,REDETECT,0.036027,-0.076958,0.007898,0.534,8.309,0,0,0,0,,,,0,,0,0
2026-03-27T12:15:40.467,294.980546,REDETECT,0.036027,-0.076958,0.007898,0.534,8.311,0,0,0,0,,,,0,,0,0
2026-03-27T12:15:40.501,295.014510,REDETECT,0.036027,-0.076958,0.007898,0.534,8.311,0,0,0,0,,,,0,,0,0
2026-03-27T12:15:40.536,295.049102,REDETECT,0.036027,-0.076958,0.007898,0.534,8.311,0,0,0,0,,,,0,,0,0
2026-03-27T12:15:40.600,295.113610,REDETECT,0.036027,-0.076958,0.007898,0.534,8.315,0,0,0,0,,,,0,,0,0
2026-03-27T12:15:40.634,295.147661,REDETECT,0.036027,-0.076958,0.007898,0.534,8.321,0,0,0,0,,,,0,,0,0
2026-03-27T12:15:40.669,295.182743,REDETECT,0.036027,-0.076958,0.007898,0.534,8.321,0,0,0,0,,,,0,,0,0
2026-03-27T12:15:40.733,295.246056,REDETECT,0.036027,-0.076958,0.007898,0.534,8.333,0,0,0,0,,,,0,,0,0
2026-03-27T12:15:40.767,295.280287,REDETECT,0.036027,-0.076958,0.007898,0.534,8.331,0,0,0,0,,,,0,,0,0
2026-03-27T12:15:40.835,295.348230,REDETECT,0.036027,-0.076958,0.007898,0.534,8.335,0,0,0,0,,,,0,,0,0
2026-03-27T12:15:40.900,295.413444,REDETECT,0.036027,-0.076958,0.007898,0.534,8.331,0,0,0,0,,,,0,,0,0
2026-03-27T12:15:40.966,295.479874,REDETECT,0.036027,-0.076958,0.007898,0.534,8.339,0,0,0,0,,,,0,,0,0
2026-03-27T12:15:41.001,295.514160,REDETECT,0.036027,-0.076958,0.007898,0.534,8.343,0,0,0,0,,,,0,,0,0
2026-03-27T12:15:41.066,295.579640,REDETECT,0.036027,-0.076958,0.007898,0.534,8.341,0,0,0,0,,,,0,,0,0
2026-03-27T12:15:41.101,295.614780,REDETECT,0.036027,-0.076958,0.007898,0.534,8.343,0,0,0,0,,,,0,,0,0
2026-03-27T12:15:41.168,295.681103,REDETECT,0.036027,-0.076958,0.007898,0.534,8.351,0,0,0,0,,,,0,,0,0
2026-03-27T12:15:41.202,295.715127,REDETECT,0.036027,-0.076958,0.007898,0.534,8.351,0,0,0,0,,,,0,,0,0
2026-03-27T12:15:41.245,295.758807,REDETECT,0.036027,-0.076958,0.007898,0.534,8.354,0,0,0,0,,,,0,,0,0
2026-03-27T12:15:41.303,295.816586,REDETECT,0.036027,-0.076958,0.007898,0.534,8.357,0,0,0,0,,,,0,,0,0
2026-03-27T12:15:41.337,295.850368,REDETECT,0.036027,-0.076958,0.007898,0.534,8.362,0,0,0,0,,,,0,,0,0
2026-03-27T12:15:41.405,295.918578,REDETECT,0.036027,-0.076958,0.007898,0.534,8.362,0,0,0,0,,,,0,,0,0
2026-03-27T12:15:41.469,295.982588,REDETECT,0.036027,-0.076958,0.007898,0.534,8.363,0,0,0,0,,,,0,,0,0
2026-03-27T12:15:41.503,296.016318,REDETECT,0.036027,-0.076958,0.007898,0.534,8.361,0,0,0,0,,,,0,,0,0
2026-03-27T12:15:41.536,296.049854,REDETECT,0.036027,-0.076958,0.007898,0.534,8.365,0,0,0,0,,,,0,,0,0
2026-03-27T12:15:41.573,296.086551,REDETECT,0.036027,-0.076958,0.007898,0.534,8.368,0,0,0,0,,,,0,,0,0
2026-03-27T12:15:41.638,296.150952,REDETECT,0.036027,-0.076958,0.007898,0.534,8.367,0,0,0,0,,,,0,,0,0
2026-03-27T12:15:41.703,296.215936,REDETECT,0.036027,-0.076958,0.007898,0.534,8.369,0,0,0,0,,,,0,,0,0
2026-03-27T12:15:41.738,296.251598,REDETECT,0.036027,-0.076958,0.007898,0.534,8.370,0,0,0,0,,,,0,,0,0
2026-03-27T12:15:41.808,296.321627,REDETECT,0.036027,-0.076958,0.007898,0.534,8.378,0,0,0,0,,,,0,,0,0
2026-03-27T12:15:41.871,296.384516,REDETECT,0.036027,-0.076958,0.007898,0.534,8.382,0,0,0,0,,,,0,,0,0
2026-03-27T12:15:41.913,296.426808,REDETECT,0.036027,-0.076958,0.007898,0.534,8.382,0,0,0,0,,,,0,,0,0
2026-03-27T12:15:41.970,296.482938,REDETECT,0.036027,-0.076958,0.007898,0.534,8.375,0,0,0,0,,,,0,,0,0
2026-03-27T12:15:42.004,296.517519,REDETECT,0.036027,-0.076958,0.007898,0.534,8.373,0,0,0,0,,,,0,,0,0
2026-03-27T12:15:42.071,296.583981,REDETECT,0.036027,-0.076958,0.007898,0.534,8.389,0,0,0,0,,,,0,,0,0
2026-03-27T12:15:42.105,296.618850,REDETECT,0.036027,-0.076958,0.007898,0.534,8.396,0,0,0,0,,,,0,,0,0
2026-03-27T12:15:42.175,296.688526,REDETECT,0.036027,-0.076958,0.007898,0.534,8.389,0,0,0,0,,,,0,,0,0
2026-03-27T12:15:42.237,296.750280,REDETECT,0.036027,-0.076958,0.007898,0.534,8.395,0,0,0,0,,,,0,,0,0
2026-03-27T12:15:42.286,296.799857,REDETECT,0.036027,-0.076958,0.007898,0.534,8.404,0,0,0,0,,,,0,,0,0
2026-03-27T12:15:42.346,296.859315,REDETECT,0.036027,-0.076958,0.007898,0.534,8.409,0,0,0,0,,,,0,,0,0
2026-03-27T12:15:42.415,296.928052,REDETECT,0.036027,-0.076958,0.007898,0.534,8.412,0,0,0,0,,,,0,,0,0
2026-03-27T12:15:42.472,296.985427,REDETECT,0.036027,-0.076958,0.007898,0.534,8.418,0,0,0,0,,,,0,,0,0
2026-03-27T12:15:42.540,297.053664,REDETECT,0.036027,-0.076958,0.007898,0.534,8.418,0,0,0,0,,,,0,,0,0
2026-03-27T12:15:42.575,297.088369,REDETECT,0.036027,-0.076958,0.007898,0.534,8.416,0,0,0,0,,,,0,,0,0
2026-03-27T12:15:42.636,297.149835,REDETECT,0.036027,-0.076958,0.007898,0.534,8.423,0,0,0,0,,,,0,,0,0
2026-03-27T12:15:42.670,297.183485,REDETECT,0.036027,-0.076958,0.007898,0.534,8.427,0,0,0,0,,,,0,,0,0
2026-03-27T12:15:42.732,297.245704,REDETECT,0.036027,-0.076958,0.007898,0.534,8.433,0,0,0,0,,,,0,,0,0
2026-03-27T12:15:42.776,297.289325,REDETECT,0.036027,-0.076958,0.007898,0.534,8.430,0,0,0,0,,,,0,,0,0
2026-03-27T12:15:42.847,297.360654,REDETECT,0.036027,-0.076958,0.007898,0.534,8.435,0,0,0,0,,,,0,,0,0
2026-03-27T12:15:42.905,297.418447,REDETECT,0.036027,-0.076958,0.007898,0.534,8.435,0,0,0,0,,,,0,,0,0
2026-03-27T12:15:42.971,297.483908,REDETECT,0.036027,-0.076958,0.007898,0.534,8.437,0,0,0,0,,,,0,,0,0
2026-03-27T12:15:43.007,297.519937,REDETECT,0.036027,-0.076958,0.007898,0.534,8.441,0,0,0,0,,,,0,,0,0
2026-03-27T12:15:43.042,297.554976,REDETECT,0.036027,-0.076958,0.007898,0.534,8.445,0,0,0,0,,,,0,,0,0
2026-03-27T12:15:43.141,297.654321,REDETECT,0.036027,-0.076958,0.007898,0.534,8.438,0,0,0,0,,,,0,,0,0
2026-03-27T12:15:43.192,297.705378,REDETECT,0.036027,-0.076958,0.007898,0.534,8.440,0,0,0,0,,,,0,,0,0
2026-03-27T12:15:43.242,297.755210,REDETECT,0.036027,-0.076958,0.007898,0.534,8.443,0,0,0,0,,,,0,,0,0
2026-03-27T12:15:43.277,297.789986,REDETECT,0.036027,-0.076958,0.007898,0.534,8.443,0,0,0,0,,,,0,,0,0
2026-03-27T12:15:43.318,297.831145,REDETECT,0.036027,-0.076958,0.007898,0.534,8.443,0,0,0,0,,,,0,,0,0
2026-03-27T12:15:43.371,297.884656,REDETECT,0.036027,-0.076958,0.007898,0.534,8.441,0,0,0,0,,,,0,,0,0
2026-03-27T12:15:43.407,297.920510,REDETECT,0.036027,-0.076958,0.007898,0.534,8.441,0,0,0,0,,,,0,,0,0
2026-03-27T12:15:43.474,297.987270,REDETECT,0.036027,-0.076958,0.007898,0.534,8.443,0,0,0,0,,,,0,,0,0
2026-03-27T12:15:43.507,298.020818,REDETECT,0.036027,-0.076958,0.007898,0.534,8.445,0,0,0,0,,,,0,,0,0
2026-03-27T12:15:43.542,298.055092,REDETECT,0.036027,-0.076958,0.007898,0.534,8.451,0,0,0,0,,,,0,,0,0
2026-03-27T12:15:43.604,298.116948,REDETECT,0.036027,-0.076958,0.007898,0.534,8.455,0,0,0,0,,,,0,,0,0
2026-03-27T12:15:43.670,298.183448,REDETECT,0.036027,-0.076958,0.007898,0.534,8.461,0,0,0,0,,,,0,,0,0
2026-03-27T12:15:43.704,298.217063,REDETECT,0.036027,-0.076958,0.007898,0.534,8.459,0,0,0,0,,,,0,,0,0
2026-03-27T12:15:43.739,298.252044,REDETECT,0.036027,-0.076958,0.007898,0.534,8.462,0,0,0,0,,,,0,,0,0
2026-03-27T12:15:43.802,298.315527,REDETECT,0.036027,-0.076958,0.007898,0.534,8.464,0,0,0,0,,,,0,,0,0
2026-03-27T12:15:43.869,298.382471,REDETECT,0.036027,-0.076958,0.007898,0.534,8.468,0,0,0,0,,,,0,,0,0
2026-03-27T12:15:43.902,298.415878,REDETECT,0.036027,-0.076958,0.007898,0.534,8.470,0,0,0,0,,,,0,,0,0
2026-03-27T12:15:43.938,298.451133,REDETECT,0.036027,-0.076958,0.007898,0.534,8.470,0,0,0,0,,,,0,,0,0
2026-03-27T12:15:44.001,298.514483,REDETECT,0.036027,-0.076958,0.007898,0.534,8.468,0,0,0,0,,,,0,,0,0
2026-03-27T12:15:44.066,298.579862,REDETECT,0.036027,-0.076958,0.007898,0.534,8.474,0,0,0,0,,,,0,,0,0
2026-03-27T12:15:44.102,298.615207,REDETECT,0.036027,-0.076958,0.007898,0.534,8.476,0,0,0,0,,,,0,,0,0
2026-03-27T12:15:44.171,298.684713,REDETECT,0.036027,-0.076958,0.007898,0.534,8.484,0,0,0,0,,,,0,,0,0
2026-03-27T12:15:44.234,298.747160,REDETECT,0.036027,-0.076958,0.007898,0.534,8.482,0,0,0,0,,,,0,,0,0
2026-03-27T12:15:44.274,298.787157,REDETECT,0.036027,-0.076958,0.007898,0.534,8.485,0,0,0,0,,,,0,,0,0
2026-03-27T12:15:44.337,298.850266,REDETECT,0.036027,-0.076958,0.007898,0.534,8.490,0,0,0,0,,,,0,,0,0
2026-03-27T12:15:44.376,298.889837,REDETECT,0.036027,-0.076958,0.007898,0.534,8.493,0,0,0,0,,,,0,,0,0
2026-03-27T12:15:44.439,298.952169,REDETECT,0.036027,-0.076958,0.007898,0.534,8.496,0,0,0,0,,,,0,,0,0
2026-03-27T12:15:44.502,299.015725,REDETECT,0.036027,-0.076958,0.007898,0.534,8.504,0,0,0,0,,,,0,,0,0
2026-03-27T12:15:44.568,299.081849,REDETECT,0.036027,-0.076958,0.007898,0.534,8.504,0,0,0,0,,,,0,,0,0
2026-03-27T12:15:44.637,299.150348,REDETECT,0.036027,-0.076958,0.007898,0.534,8.506,0,0,0,0,,,,0,,0,0
2026-03-27T12:15:44.701,299.214377,REDETECT,0.036027,-0.076958,0.007898,0.534,8.512,0,0,0,0,,,,0,,0,0
2026-03-27T12:15:44.735,299.248209,REDETECT,0.036027,-0.076958,0.007898,0.534,8.516,0,0,0,0,,,,0,,0,0
2026-03-27T12:15:44.771,299.283965,REDETECT,0.036027,-0.076958,0.007898,0.534,8.518,0,0,0,0,,,,0,,0,0
2026-03-27T12:15:44.833,299.346743,REDETECT,0.036027,-0.076958,0.007898,0.534,8.514,0,0,0,0,,,,0,,0,0
2026-03-27T12:15:44.873,299.386556,REDETECT,0.036027,-0.076958,0.007898,0.534,8.514,0,0,0,0,,,,0,,0,0
2026-03-27T12:15:44.910,299.423090,REDETECT,0.036027,-0.076958,0.007898,0.534,8.519,0,0,0,0,,,,0,,0,0
2026-03-27T12:15:44.944,299.457719,REDETECT,0.036027,-0.076958,0.007898,0.534,8.525,0,0,0,0,,,,0,,0,0
2026-03-27T12:15:45.001,299.514894,REDETECT,0.036027,-0.076958,0.007898,0.534,8.528,0,0,0,0,,,,0,,0,0
2026-03-27T12:15:45.067,299.580601,REDETECT,0.036027,-0.076958,0.007898,0.534,8.526,0,0,0,0,,,,0,,0,0
2026-03-27T12:15:45.101,299.614371,REDETECT,0.036027,-0.076958,0.007898,0.534,8.526,0,0,0,0,,,,0,,0,0
2026-03-27T12:15:45.167,299.679908,REDETECT,0.036027,-0.076958,0.007898,0.534,8.530,0,0,0,0,,,,0,,0,0
2026-03-27T12:15:45.234,299.747282,REDETECT,0.036027,-0.076958,0.007898,0.534,8.530,0,0,0,0,,,,0,,0,0
2026-03-27T12:15:45.268,299.781130,REDETECT,0.036027,-0.076958,0.007898,0.534,8.538,0,0,0,0,,,,0,,0,0
2026-03-27T12:15:45.304,299.817189,REDETECT,0.036027,-0.076958,0.007898,0.534,8.538,0,0,0,0,,,,0,,0,0
2026-03-27T12:15:45.369,299.882369,REDETECT,0.036027,-0.076958,0.007898,0.534,8.538,0,0,0,0,,,,0,,0,0
2026-03-27T12:15:45.403,299.916863,REDETECT,0.036027,-0.076958,0.007898,0.534,8.540,0,0,0,0,,,,0,,0,0
2026-03-27T12:15:45.470,299.983085,REDETECT,0.036027,-0.076958,0.007898,0.534,8.549,0,0,0,0,,,,0,,0,0
2026-03-27T12:15:45.533,300.046705,REDETECT,0.036027,-0.076958,0.007898,0.534,8.553,0,0,0,0,,,,0,,0,0
2026-03-27T12:15:45.570,300.083897,REDETECT,0.036027,-0.076958,0.007898,0.534,8.553,0,0,0,0,,,,0,,0,0
2026-03-27T12:15:45.634,300.147080,REDETECT,0.036027,-0.076958,0.007898,0.534,8.558,0,0,0,0,,,,0,,0,0
2026-03-27T12:15:45.698,300.210946,REDETECT,0.036027,-0.076958,0.007898,0.534,8.562,0,0,0,0,,,,0,,0,0
2026-03-27T12:15:45.758,300.271561,REDETECT,0.036027,-0.076958,0.007898,0.534,8.561,0,0,0,0,,,,0,,0,0
2026-03-27T12:15:45.792,300.305725,REDETECT,0.036027,-0.076958,0.007898,0.534,8.563,0,0,0,0,,,,0,,0,0
2026-03-27T12:15:45.835,300.347956,REDETECT,0.036027,-0.076958,0.007898,0.534,8.568,0,0,0,0,,,,0,,0,0
2026-03-27T12:15:45.879,300.392713,REDETECT,0.036027,-0.076958,0.007898,0.534,8.573,0,0,0,0,,,,0,,0,0
2026-03-27T12:15:45.936,300.449632,REDETECT,0.036027,-0.076958,0.007898,0.534,8.571,0,0,0,0,,,,0,,0,0
2026-03-27T12:15:46.014,300.527385,REDETECT,0.036027,-0.076958,0.007898,0.534,8.580,0,0,0,0,,,,0,,0,0
2026-03-27T12:15:46.076,300.588910,REDETECT,0.036027,-0.076958,0.007898,0.534,8.582,0,0,0,0,,,,0,,0,0
2026-03-27T12:15:46.134,300.647608,REDETECT,0.036027,-0.076958,0.007898,0.534,8.582,0,0,0,0,,,,0,,0,0
2026-03-27T12:15:46.173,300.685930,REDETECT,0.036027,-0.076958,0.007898,0.534,8.584,0,0,0,0,,,,0,,0,0
2026-03-27T12:15:46.235,300.747960,REDETECT,0.036027,-0.076958,0.007898,0.534,8.590,0,0,0,0,,,,0,,0,0
2026-03-27T12:15:46.268,300.781368,REDETECT,0.036027,-0.076958,0.007898,0.534,8.594,0,0,0,0,,,,0,,0,0
2026-03-27T12:15:46.303,300.815922,REDETECT,0.036027,-0.076958,0.007898,0.534,8.596,0,0,0,0,,,,0,,0,0
2026-03-27T12:15:46.367,300.880792,REDETECT,0.036027,-0.076958,0.007898,0.534,8.600,0,0,0,0,,,,0,,0,0
2026-03-27T12:15:46.436,300.949796,REDETECT,0.036027,-0.076958,0.007898,0.534,8.602,0,0,0,0,,,,0,,0,0
2026-03-27T12:15:46.472,300.985516,REDETECT,0.036027,-0.076958,0.007898,0.534,8.597,0,0,0,0,,,,0,,0,0
2026-03-27T12:15:46.508,301.021889,REDETECT,0.036027,-0.076958,0.007898,0.534,8.597,0,0,0,0,,,,0,,0,0
2026-03-27T12:15:46.578,301.091480,REDETECT,0.036027,-0.076958,0.007898,0.534,8.602,0,0,0,0,,,,0,,0,0
2026-03-27T12:15:46.634,301.147489,REDETECT,0.036027,-0.076958,0.007898,0.534,8.607,0,0,0,0,,,,0,,0,0
2026-03-27T12:15:46.669,301.182337,REDETECT,0.036027,-0.076958,0.007898,0.534,8.607,0,0,0,0,,,,0,,0,0
2026-03-27T12:15:46.737,301.250262,REDETECT,0.036027,-0.076958,0.007898,0.534,8.607,0,0,0,0,,,,0,,0,0
2026-03-27T12:15:46.806,301.319230,REDETECT,0.036027,-0.076958,0.007898,0.534,8.609,0,0,0,0,,,,0,,0,0
2026-03-27T12:15:46.870,301.383504,REDETECT,0.036027,-0.076958,0.007898,0.534,8.615,0,0,0,0,,,,0,,0,0
2026-03-27T12:15:46.903,301.416860,REDETECT,0.036027,-0.076958,0.007898,0.534,8.619,0,0,0,0,,,,0,,0,0
2026-03-27T12:15:46.969,301.482257,REDETECT,0.036027,-0.076958,0.007898,0.534,8.621,0,0,0,0,,,,0,,0,0
2026-03-27T12:15:47.003,301.516822,REDETECT,0.036027,-0.076958,0.007898,0.534,8.623,0,0,0,0,,,,0,,0,0
2026-03-27T12:15:47.038,301.551256,REDETECT,0.036027,-0.076958,0.007898,0.534,8.625,0,0,0,0,,,,0,,0,0
2026-03-27T12:15:47.073,301.586492,REDETECT,0.036027,-0.076958,0.007898,0.534,8.625,0,0,0,0,,,,0,,0,0
2026-03-27T12:15:47.120,301.632908,REDETECT,0.036027,-0.076958,0.007898,0.534,8.628,0,0,0,0,,,,0,,0,0
2026-03-27T12:15:47.173,301.686000,REDETECT,0.036027,-0.076958,0.007898,0.534,8.633,0,0,0,0,,,,0,,0,0
2026-03-27T12:15:47.214,301.727112,REDETECT,0.036027,-0.076958,0.007898,0.534,8.633,0,0,0,0,,,,0,,0,0
2026-03-27T12:15:47.279,301.792675,REDETECT,0.036027,-0.076958,0.007898,0.534,8.637,0,0,0,0,,,,0,,0,0
2026-03-27T12:15:47.334,301.847648,REDETECT,0.036027,-0.076958,0.007898,0.534,8.645,0,0,0,0,,,,0,,0,0
2026-03-27T12:15:47.369,301.882016,REDETECT,0.036027,-0.076958,0.007898,0.534,8.651,0,0,0,0,,,,0,,0,0
2026-03-27T12:15:47.406,301.919564,REDETECT,0.036027,-0.076958,0.007898,0.534,8.651,0,0,0,0,,,,0,,0,0
2026-03-27T12:15:47.467,301.980599,REDETECT,0.036027,-0.076958,0.007898,0.534,8.651,0,0,0,0,,,,0,,0,0
2026-03-27T12:15:47.501,302.014799,REDETECT,0.036027,-0.076958,0.007898,0.534,8.653,0,0,0,0,,,,0,,0,0
2026-03-27T12:15:47.570,302.083822,REDETECT,0.036027,-0.076958,0.007898,0.534,8.655,0,0,0,0,,,,0,,0,0
2026-03-27T12:15:47.633,302.146546,REDETECT,0.036027,-0.076958,0.007898,0.534,8.659,0,0,0,0,,,,0,,0,0
2026-03-27T12:15:47.668,302.181709,REDETECT,0.036027,-0.076958,0.007898,0.534,8.659,0,0,0,0,,,,0,,0,0
2026-03-27T12:15:47.703,302.216466,REDETECT,0.036027,-0.076958,0.007898,0.534,8.664,0,0,0,0,,,,0,,0,0
2026-03-27T12:15:47.768,302.281625,REDETECT,0.036027,-0.076958,0.007898,0.534,8.667,0,0,0,0,,,,0,,0,0
2026-03-27T12:15:47.804,302.317218,REDETECT,0.036027,-0.076958,0.007898,0.534,8.665,0,0,0,0,,,,0,,0,0
2026-03-27T12:15:47.868,302.381782,REDETECT,0.036027,-0.076958,0.007898,0.534,8.669,0,0,0,0,,,,0,,0,0
2026-03-27T12:15:47.933,302.446497,REDETECT,0.036027,-0.076958,0.007898,0.534,8.671,0,0,0,0,,,,0,,0,0
2026-03-27T12:15:47.970,302.483130,REDETECT,0.036027,-0.076958,0.007898,0.534,8.667,0,0,0,0,,,,0,,0,0
2026-03-27T12:15:48.033,302.546801,REDETECT,0.036027,-0.076958,0.007898,0.534,8.667,0,0,0,0,,,,0,,0,0
2026-03-27T12:15:48.067,302.580716,REDETECT,0.036027,-0.076958,0.007898,0.534,8.665,0,0,0,0,,,,0,,0,0
2026-03-27T12:15:48.136,302.649723,REDETECT,0.036027,-0.076958,0.007898,0.534,8.665,0,0,0,0,,,,0,,0,0
2026-03-27T12:15:48.172,302.685864,REDETECT,0.036027,-0.076958,0.007898,0.534,8.667,0,0,0,0,,,,0,,0,0
2026-03-27T12:15:48.235,302.748224,REDETECT,0.036027,-0.076958,0.007898,0.534,8.673,0,0,0,0,,,,0,,0,0
2026-03-27T12:15:48.268,302.781679,REDETECT,0.036027,-0.076958,0.007898,0.534,8.673,0,0,0,0,,,,0,,0,0
2026-03-27T12:15:48.334,302.846996,REDETECT,0.036027,-0.076958,0.007898,0.534,8.677,0,0,0,0,,,,0,,0,0
2026-03-27T12:15:48.403,302.916166,REDETECT,0.036027,-0.076958,0.007898,0.534,8.679,0,0,0,0,,,,0,,0,0
2026-03-27T12:15:48.466,302.979789,REDETECT,0.036027,-0.076958,0.007898,0.534,8.683,0,0,0,0,,,,0,,0,0
2026-03-27T12:15:48.505,303.017904,REDETECT,0.036027,-0.076958,0.007898,0.534,8.687,0,0,0,0,,,,0,,0,0
2026-03-27T12:15:48.568,303.081841,REDETECT,0.036027,-0.076958,0.007898,0.534,8.691,0,0,0,0,,,,0,,0,0
2026-03-27T12:15:48.603,303.116217,REDETECT,0.036027,-0.076958,0.007898,0.534,8.693,0,0,0,0,,,,0,,0,0
2026-03-27T12:15:48.638,303.151471,REDETECT,0.036027,-0.076958,0.007898,0.534,8.693,0,0,0,0,,,,0,,0,0
2026-03-27T12:15:48.680,303.193511,REDETECT,0.036027,-0.076958,0.007898,0.534,8.696,0,0,0,0,,,,0,,0,0
2026-03-27T12:15:48.739,303.252173,REDETECT,0.036027,-0.076958,0.007898,0.534,8.696,0,0,0,0,,,,0,,0,0
2026-03-27T12:15:48.804,303.317265,REDETECT,0.036027,-0.076958,0.007898,0.534,8.701,0,0,0,0,,,,0,,0,0
2026-03-27T12:15:48.845,303.357978,REDETECT,0.036027,-0.076958,0.007898,0.534,8.703,0,0,0,0,,,,0,,0,0
2026-03-27T12:15:48.900,303.413492,REDETECT,0.036027,-0.076958,0.007898,0.534,8.702,0,0,0,0,,,,0,,0,0
2026-03-27T12:15:48.934,303.447221,REDETECT,0.036027,-0.076958,0.007898,0.534,8.702,0,0,0,0,,,,0,,0,0
2026-03-27T12:15:49.001,303.514493,REDETECT,0.036027,-0.076958,0.007898,0.534,8.700,0,0,0,0,,,,0,,0,0
2026-03-27T12:15:49.067,303.580864,REDETECT,0.036027,-0.076958,0.007898,0.534,8.702,0,0,0,0,,,,0,,0,0
2026-03-27T12:15:49.102,303.614910,REDETECT,0.036027,-0.076958,0.007898,0.534,8.704,0,0,0,0,,,,0,,0,0
2026-03-27T12:15:49.169,303.682539,REDETECT,0.036027,-0.076958,0.007898,0.534,8.708,0,0,0,0,,,,0,,0,0
2026-03-27T12:15:49.233,303.746722,REDETECT,0.036027,-0.076958,0.007898,0.534,8.710,0,0,0,0,,,,0,,0,0
2026-03-27T12:15:49.268,303.781858,REDETECT,0.036027,-0.076958,0.007898,0.534,8.712,0,0,0,0,,,,0,,0,0
2026-03-27T12:15:49.332,303.845880,REDETECT,0.036027,-0.076958,0.007898,0.534,8.716,0,0,0,0,,,,0,,0,0
2026-03-27T12:15:49.366,303.879654,REDETECT,0.036027,-0.076958,0.007898,0.534,8.716,0,0,0,0,,,,0,,0,0
2026-03-27T12:15:49.401,303.914365,REDETECT,0.036027,-0.076958,0.007898,0.534,8.716,0,0,0,0,,,,0,,0,0
2026-03-27T12:15:49.435,303.948547,REDETECT,0.036027,-0.076958,0.007898,0.534,8.716,0,0,0,0,,,,0,,0,0
2026-03-27T12:15:49.500,304.013534,REDETECT,0.036027,-0.076958,0.007898,0.534,8.724,0,0,0,0,,,,0,,0,0
2026-03-27T12:15:49.570,304.083342,REDETECT,0.036027,-0.076958,0.007898,0.534,8.732,0,0,0,0,,,,0,,0,0
2026-03-27T12:15:49.637,304.150424,REDETECT,0.036027,-0.076958,0.007898,0.534,8.734,0,0,0,0,,,,0,,0,0
2026-03-27T12:15:49.701,304.214148,REDETECT,0.036027,-0.076958,0.007898,0.534,8.736,0,0,0,0,,,,0,,0,0
2026-03-27T12:15:49.736,304.249842,REDETECT,0.036027,-0.076958,0.007898,0.534,8.736,0,0,0,0,,,,0,,0,0
2026-03-27T12:15:49.804,304.317067,REDETECT,0.036027,-0.076958,0.007898,0.534,8.735,0,0,0,0,,,,0,,0,0
2026-03-27T12:15:49.868,304.381722,REDETECT,0.036027,-0.076958,0.007898,0.534,8.737,0,0,0,0,,,,0,,0,0
2026-03-27T12:15:49.904,304.417060,REDETECT,0.036027,-0.076958,0.007898,0.534,8.739,0,0,0,0,,,,0,,0,0
2026-03-27T12:15:49.969,304.482798,REDETECT,0.036027,-0.076958,0.007898,0.534,8.738,0,0,0,0,,,,0,,0,0
2026-03-27T12:15:50.003,304.516832,REDETECT,0.036027,-0.076958,0.007898,0.534,8.742,0,0,0,0,,,,0,,0,0
2026-03-27T12:15:50.069,304.582415,REDETECT,0.036027,-0.076958,0.007898,0.534,8.744,0,0,0,0,,,,0,,0,0
2026-03-27T12:15:50.133,304.646613,REDETECT,0.036027,-0.076958,0.007898,0.534,8.744,0,0,0,0,,,,0,,0,0
2026-03-27T12:15:50.169,304.682488,REDETECT,0.036027,-0.076958,0.007898,0.534,8.741,0,0,0,0,,,,0,,0,0
2026-03-27T12:15:50.237,304.750283,REDETECT,0.036027,-0.076958,0.007898,0.534,8.739,0,0,0,0,,,,0,,0,0
2026-03-27T12:15:50.301,304.814646,REDETECT,0.036027,-0.076958,0.007898,0.534,8.743,0,0,0,0,,,,0,,0,0
2026-03-27T12:15:50.370,304.883284,REDETECT,0.036027,-0.076958,0.007898,0.534,8.745,0,0,0,0,,,,0,,0,0
2026-03-27T12:15:50.433,304.946269,REDETECT,0.036027,-0.076958,0.007898,0.534,8.747,0,0,0,0,,,,0,,0,0
2026-03-27T12:15:50.467,304.980748,REDETECT,0.036027,-0.076958,0.007898,0.534,8.747,0,0,0,0,,,,0,,0,0
2026-03-27T12:15:50.534,305.047044,REDETECT,0.036027,-0.076958,0.007898,0.534,8.747,0,0,0,0,,,,0,,0,0
2026-03-27T12:15:50.569,305.082807,REDETECT,0.036027,-0.076958,0.007898,0.534,8.749,0,0,0,0,,,,0,,0,0
2026-03-27T12:15:50.634,305.147511,REDETECT,0.036027,-0.076958,0.007898,0.534,8.753,0,0,0,0,,,,0,,0,0
2026-03-27T12:15:50.671,305.184088,REDETECT,0.036027,-0.076958,0.007898,0.534,8.757,0,0,0,0,,,,0,,0,0
2026-03-27T12:15:50.734,305.246983,REDETECT,0.036027,-0.076958,0.007898,0.534,8.757,0,0,0,0,,,,0,,0,0
2026-03-27T12:15:50.803,305.316268,REDETECT,0.036027,-0.076958,0.007898,0.534,8.762,0,0,0,0,,,,0,,0,0
2026-03-27T12:15:50.870,305.383661,REDETECT,0.036027,-0.076958,0.007898,0.534,8.759,0,0,0,0,,,,0,,0,0
2026-03-27T12:15:50.937,305.449922,REDETECT,0.036027,-0.076958,0.007898,0.534,8.759,0,0,0,0,,,,0,,0,0
2026-03-27T12:15:51.002,305.515500,REDETECT,0.036027,-0.076958,0.007898,0.534,8.757,0,0,0,0,,,,0,,0,0
2026-03-27T12:15:51.069,305.582465,REDETECT,0.036027,-0.076958,0.007898,0.534,8.757,0,0,0,0,,,,0,,0,0
2026-03-27T12:15:51.104,305.616986,REDETECT,0.036027,-0.076958,0.007898,0.534,8.761,0,0,0,0,,,,0,,0,0
2026-03-27T12:15:51.167,305.680180,REDETECT,0.036027,-0.076958,0.007898,0.534,8.763,0,0,0,0,,,,0,,0,0
2026-03-27T12:15:51.200,305.713621,REDETECT,0.036027,-0.076958,0.007898,0.534,8.763,0,0,0,0,,,,0,,0,0
2026-03-27T12:15:51.236,305.749459,REDETECT,0.036027,-0.076958,0.007898,0.534,8.761,0,0,0,0,,,,0,,0,0
2026-03-27T12:15:51.302,305.815278,REDETECT,0.036027,-0.076958,0.007898,0.534,8.767,0,0,0,0,,,,0,,0,0
2026-03-27T12:15:51.369,305.882840,REDETECT,0.036027,-0.076958,0.007898,0.534,8.767,0,0,0,0,,,,0,,0,0
2026-03-27T12:15:51.403,305.916520,REDETECT,0.036027,-0.076958,0.007898,0.534,8.763,0,0,0,0,,,,0,,0,0
2026-03-27T12:15:51.442,305.955175,REDETECT,0.036027,-0.076958,0.007898,0.534,8.765,0,0,0,0,,,,0,,0,0
2026-03-27T12:15:51.475,305.988875,REDETECT,0.036027,-0.076958,0.007898,0.534,8.765,0,0,0,0,,,,0,,0,0
2026-03-27T12:15:51.510,306.023271,REDETECT,0.036027,-0.076958,0.007898,0.534,8.769,0,0,0,0,,,,0,,0,0
2026-03-27T12:15:51.570,306.083566,REDETECT,0.036027,-0.076958,0.007898,0.534,8.769,0,0,0,0,,,,0,,0,0
2026-03-27T12:15:51.635,306.148543,REDETECT,0.036027,-0.076958,0.007898,0.534,8.771,0,0,0,0,,,,0,,0,0
2026-03-27T12:15:51.669,306.182057,REDETECT,0.036027,-0.076958,0.007898,0.534,8.771,0,0,0,0,,,,0,,0,0
2026-03-27T12:15:51.735,306.248414,REDETECT,0.036027,-0.076958,0.007898,0.534,8.779,0,0,0,0,,,,0,,0,0
2026-03-27T12:15:51.804,306.317308,REDETECT,0.036027,-0.076958,0.007898,0.534,8.786,0,0,0,0,,,,0,,0,0
2026-03-27T12:15:51.844,306.356904,REDETECT,0.036027,-0.076958,0.007898,0.534,8.788,0,0,0,0,,,,0,,0,0
2026-03-27T12:15:51.910,306.423418,REDETECT,0.036027,-0.076958,0.007898,0.534,8.790,0,0,0,0,,,,0,,0,0
2026-03-27T12:15:51.969,306.482771,REDETECT,0.036027,-0.076958,0.007898,0.534,8.787,0,0,0,0,,,,0,,0,0
2026-03-27T12:15:52.003,306.516193,REDETECT,0.036027,-0.076958,0.007898,0.534,8.791,0,0,0,0,,,,0,,0,0
2026-03-27T12:15:52.037,306.550314,REDETECT,0.036027,-0.076958,0.007898,0.534,8.789,0,0,0,0,,,,0,,0,0
2026-03-27T12:15:52.104,306.616965,REDETECT,0.036027,-0.076958,0.007898,0.534,8.795,0,0,0,0,,,,0,,0,0
2026-03-27T12:15:52.167,306.680467,REDETECT,0.036027,-0.076958,0.007898,0.534,8.802,0,0,0,0,,,,0,,0,0
2026-03-27T12:15:52.201,306.714614,REDETECT,0.036027,-0.076958,0.007898,0.534,8.806,0,0,0,0,,,,0,,0,0
2026-03-27T12:15:52.267,306.780134,REDETECT,0.036027,-0.076958,0.007898,0.534,8.808,0,0,0,0,,,,0,,0,0
2026-03-27T12:15:52.301,306.813905,REDETECT,0.036027,-0.076958,0.007898,0.534,8.812,0,0,0,0,,,,0,,0,0
2026-03-27T12:15:52.340,306.853789,REDETECT,0.036027,-0.076958,0.007898,0.534,8.815,0,0,0,0,,,,0,,0,0
2026-03-27T12:15:52.377,306.890218,REDETECT,0.036027,-0.076958,0.007898,0.534,8.817,0,0,0,0,,,,0,,0,0
2026-03-27T12:15:52.413,306.926072,REDETECT,0.036027,-0.076958,0.007898,0.534,8.819,0,0,0,0,,,,0,,0,0
2026-03-27T12:15:52.468,306.981825,REDETECT,0.036027,-0.076958,0.007898,0.534,8.818,0,0,0,0,,,,0,,0,0
2026-03-27T12:15:52.536,307.048970,REDETECT,0.036027,-0.076958,0.007898,0.534,8.818,0,0,0,0,,,,0,,0,0
2026-03-27T12:15:52.601,307.114546,REDETECT,0.036027,-0.076958,0.007898,0.534,8.818,0,0,0,0,,,,0,,0,0
2026-03-27T12:15:52.635,307.147988,REDETECT,0.036027,-0.076958,0.007898,0.534,8.820,0,0,0,0,,,,0,,0,0
2026-03-27T12:15:52.705,307.218237,REDETECT,0.036027,-0.076958,0.007898,0.534,8.826,0,0,0,0,,,,0,,0,0
2026-03-27T12:15:52.767,307.280772,REDETECT,0.036027,-0.076958,0.007898,0.534,8.832,0,0,0,0,,,,0,,0,0
2026-03-27T12:15:52.803,307.316502,REDETECT,0.036027,-0.076958,0.007898,0.534,8.836,0,0,0,0,,,,0,,0,0
2026-03-27T12:15:52.877,307.390258,REDETECT,0.036027,-0.076958,0.007898,0.534,8.848,0,0,0,0,,,,0,,0,0
2026-03-27T12:15:52.939,307.452119,REDETECT,0.036027,-0.076958,0.007898,0.534,8.856,0,0,0,0,,,,0,,0,0
2026-03-27T12:15:53.001,307.514410,REDETECT,0.036027,-0.076958,0.007898,0.534,8.857,0,0,0,0,,,,0,,0,0
2026-03-27T12:15:53.035,307.548712,REDETECT,0.036027,-0.076958,0.007898,0.534,8.860,0,0,0,0,,,,0,,0,0
2026-03-27T12:15:53.071,307.584361,REDETECT,0.036027,-0.076958,0.007898,0.534,8.860,0,0,0,0,,,,0,,0,0
2026-03-27T12:15:53.135,307.648785,REDETECT,0.036027,-0.076958,0.007898,0.534,8.862,0,0,0,0,,,,0,,0,0
2026-03-27T12:15:53.200,307.713323,REDETECT,0.036027,-0.076958,0.007898,0.534,8.865,0,0,0,0,,,,0,,0,0
2026-03-27T12:15:53.238,307.751732,REDETECT,0.036027,-0.076958,0.007898,0.534,8.868,0,0,0,0,,,,0,,0,0
2026-03-27T12:15:53.304,307.816983,REDETECT,0.036027,-0.076958,0.007898,0.534,8.870,0,0,0,0,,,,0,,0,0
2026-03-27T12:15:53.369,307.882894,REDETECT,0.036027,-0.076958,0.007898,0.534,8.868,0,0,0,0,,,,0,,0,0
2026-03-27T12:15:53.433,307.946898,REDETECT,0.036027,-0.076958,0.007898,0.534,8.870,0,0,0,0,,,,0,,0,0
2026-03-27T12:15:53.468,307.981568,REDETECT,0.036027,-0.076958,0.007898,0.534,8.870,0,0,0,0,,,,0,,0,0
2026-03-27T12:15:53.538,308.051785,REDETECT,0.036027,-0.076958,0.007898,0.534,8.876,0,0,0,0,,,,0,,0,0
2026-03-27T12:15:53.601,308.114564,REDETECT,0.036027,-0.076958,0.007898,0.534,8.878,0,0,0,0,,,,0,,0,0
2026-03-27T12:15:53.670,308.183074,REDETECT,0.036027,-0.076958,0.007898,0.534,8.878,0,0,0,0,,,,0,,0,0
2026-03-27T12:15:53.706,308.219529,REDETECT,0.036027,-0.076958,0.007898,0.534,8.878,0,0,0,0,,,,0,,0,0
2026-03-27T12:15:53.768,308.281415,REDETECT,0.036027,-0.076958,0.007898,0.534,8.880,0,0,0,0,,,,0,,0,0
2026-03-27T12:15:53.804,308.317335,REDETECT,0.036027,-0.076958,0.007898,0.534,8.878,0,0,0,0,,,,0,,0,0
2026-03-27T12:15:53.839,308.351963,REDETECT,0.036027,-0.076958,0.007898,0.534,8.882,0,0,0,0,,,,0,,0,0
2026-03-27T12:15:53.902,308.415450,REDETECT,0.036027,-0.076958,0.007898,0.534,8.884,0,0,0,0,,,,0,,0,0
2026-03-27T12:15:53.971,308.484862,REDETECT,0.036027,-0.076958,0.007898,0.534,8.893,0,0,0,0,,,,0,,0,0
2026-03-27T12:15:54.036,308.549267,REDETECT,0.036027,-0.076958,0.007898,0.534,8.895,0,0,0,0,,,,0,,0,0
2026-03-27T12:15:54.071,308.584671,REDETECT,0.036027,-0.076958,0.007898,0.534,8.893,0,0,0,0,,,,0,,0,0
2026-03-27T12:15:54.136,308.649220,REDETECT,0.036027,-0.076958,0.007898,0.534,8.895,0,0,0,0,,,,0,,0,0
2026-03-27T12:15:54.202,308.715111,REDETECT,0.036027,-0.076958,0.007898,0.534,8.903,0,0,0,0,,,,0,,0,0
2026-03-27T12:15:54.237,308.750444,REDETECT,0.036027,-0.076958,0.007898,0.534,8.901,0,0,0,0,,,,0,,0,0
2026-03-27T12:15:54.304,308.816927,REDETECT,0.036027,-0.076958,0.007898,0.534,8.903,0,0,0,0,,,,0,,0,0
2026-03-27T12:15:54.337,308.850326,REDETECT,0.036027,-0.076958,0.007898,0.534,8.903,0,0,0,0,,,,0,,0,0
2026-03-27T12:15:54.371,308.884868,REDETECT,0.036027,-0.076958,0.007898,0.534,8.907,0,0,0,0,,,,0,,0,0
2026-03-27T12:15:54.439,308.952376,REDETECT,0.036027,-0.076958,0.007898,0.534,8.907,0,0,0,0,,,,0,,0,0
2026-03-27T12:15:54.504,309.017301,REDETECT,0.036027,-0.076958,0.007898,0.534,8.911,0,0,0,0,,,,0,,0,0
2026-03-27T12:15:54.539,309.052700,REDETECT,0.036027,-0.076958,0.007898,0.534,8.911,0,0,0,0,,,,0,,0,0
2026-03-27T12:15:54.603,309.116334,REDETECT,0.036027,-0.076958,0.007898,0.534,8.913,0,0,0,0,,,,0,,0,0
2026-03-27T12:15:54.639,309.152181,REDETECT,0.036027,-0.076958,0.007898,0.534,8.913,0,0,0,0,,,,0,,0,0
2026-03-27T12:15:54.703,309.216313,REDETECT,0.036027,-0.076958,0.007898,0.534,8.915,0,0,0,0,,,,0,,0,0
2026-03-27T12:15:54.770,309.283693,REDETECT,0.036027,-0.076958,0.007898,0.534,8.917,0,0,0,0,,,,0,,0,0
2026-03-27T12:15:54.838,309.351022,REDETECT,0.036027,-0.076958,0.007898,0.534,8.923,0,0,0,0,,,,0,,0,0
2026-03-27T12:15:54.871,309.384432,REDETECT,0.036027,-0.076958,0.007898,0.534,8.926,0,0,0,0,,,,0,,0,0
2026-03-27T12:15:54.937,309.450401,REDETECT,0.036027,-0.076958,0.007898,0.534,8.928,0,0,0,0,,,,0,,0,0
2026-03-27T12:15:54.970,309.483859,REDETECT,0.036027,-0.076958,0.007898,0.534,8.930,0,0,0,0,,,,0,,0,0
2026-03-27T12:15:55.034,309.547525,REDETECT,0.036027,-0.076958,0.007898,0.534,8.938,0,0,0,0,,,,0,,0,0
2026-03-27T12:15:55.070,309.583492,REDETECT,0.036027,-0.076958,0.007898,0.534,8.940,0,0,0,0,,,,0,,0,0
2026-03-27T12:15:55.135,309.648072,REDETECT,0.036027,-0.076958,0.007898,0.534,8.942,0,0,0,0,,,,0,,0,0
2026-03-27T12:15:55.173,309.685988,REDETECT,0.036027,-0.076958,0.007898,0.534,8.947,0,0,0,0,,,,0,,0,0
2026-03-27T12:15:55.235,309.748869,REDETECT,0.036027,-0.076958,0.007898,0.534,8.948,0,0,0,0,,,,0,,0,0
2026-03-27T12:15:55.270,309.782969,REDETECT,0.036027,-0.076958,0.007898,0.534,8.952,0,0,0,0,,,,0,,0,0
2026-03-27T12:15:55.336,309.848906,REDETECT,0.036027,-0.076958,0.007898,0.534,8.957,0,0,0,0,,,,0,,0,0
2026-03-27T12:15:55.375,309.888449,REDETECT,0.036027,-0.076958,0.007898,0.534,8.959,0,0,0,0,,,,0,,0,0
2026-03-27T12:15:55.436,309.949129,REDETECT,0.036027,-0.076958,0.007898,0.534,8.957,0,0,0,0,,,,0,,0,0
2026-03-27T12:15:55.469,309.982867,REDETECT,0.036027,-0.076958,0.007898,0.534,8.957,0,0,0,0,,,,0,,0,0
2026-03-27T12:15:55.504,310.016988,REDETECT,0.036027,-0.076958,0.007898,0.534,8.959,0,0,0,0,,,,0,,0,0
2026-03-27T12:15:55.568,310.081081,REDETECT,0.036027,-0.076958,0.007898,0.534,8.963,0,0,0,0,,,,0,,0,0
2026-03-27T12:15:55.605,310.118047,REDETECT,0.036027,-0.076958,0.007898,0.534,8.963,0,0,0,0,,,,0,,0,0
2026-03-27T12:15:55.671,310.184537,REDETECT,0.036027,-0.076958,0.007898,0.534,8.969,0,0,0,0,,,,0,,0,0
2026-03-27T12:15:55.705,310.218478,REDETECT,0.036027,-0.076958,0.007898,0.534,8.969,0,0,0,0,,,,0,,0,0
2026-03-27T12:15:55.772,310.285545,REDETECT,0.036027,-0.076958,0.007898,0.534,8.970,0,0,0,0,,,,0,,0,0
2026-03-27T12:15:55.814,310.327313,REDETECT,0.036027,-0.076958,0.007898,0.534,8.975,0,0,0,0,,,,0,,0,0
2026-03-27T12:15:55.870,310.383326,REDETECT,0.036027,-0.076958,0.007898,0.534,8.972,0,0,0,0,,,,0,,0,0
2026-03-27T12:15:55.939,310.452383,REDETECT,0.036027,-0.076958,0.007898,0.534,8.974,0,0,0,0,,,,0,,0,0
2026-03-27T12:15:56.005,310.518553,REDETECT,0.036027,-0.076958,0.007898,0.534,8.972,0,0,0,0,,,,0,,0,0
2026-03-27T12:15:56.070,310.583410,REDETECT,0.036027,-0.076958,0.007898,0.534,8.968,0,0,0,0,,,,0,,0,0
2026-03-27T12:15:56.104,310.617685,REDETECT,0.036027,-0.076958,0.007898,0.534,8.968,0,0,0,0,,,,0,,0,0
2026-03-27T12:15:56.170,310.682963,REDETECT,0.036027,-0.076958,0.007898,0.534,8.970,0,0,0,0,,,,0,,0,0
2026-03-27T12:15:56.205,310.718536,REDETECT,0.036027,-0.076958,0.007898,0.534,8.976,0,0,0,0,,,,0,,0,0
2026-03-27T12:15:56.273,310.786417,REDETECT,0.036027,-0.076958,0.007898,0.534,8.974,0,0,0,0,,,,0,,0,0
2026-03-27T12:15:56.335,310.848664,REDETECT,0.036027,-0.076958,0.007898,0.534,8.980,0,0,0,0,,,,0,,0,0
2026-03-27T12:15:56.375,310.887999,REDETECT,0.036027,-0.076958,0.007898,0.534,8.982,0,0,0,0,,,,0,,0,0
2026-03-27T12:15:56.435,310.948243,REDETECT,0.036027,-0.076958,0.007898,0.534,8.987,0,0,0,0,,,,0,,0,0
2026-03-27T12:15:56.469,310.982240,REDETECT,0.036027,-0.076958,0.007898,0.534,8.983,0,0,0,0,,,,0,,0,0
2026-03-27T12:15:56.535,311.048331,REDETECT,0.036027,-0.076958,0.007898,0.534,8.987,0,0,0,0,,,,0,,0,0
2026-03-27T12:15:56.600,311.113172,REDETECT,0.036027,-0.076958,0.007898,0.534,8.991,0,0,0,0,,,,0,,0,0
2026-03-27T12:15:56.634,311.147822,REDETECT,0.036027,-0.076958,0.007898,0.534,8.991,0,0,0,0,,,,0,,0,0
2026-03-27T12:15:56.700,311.213459,REDETECT,0.036027,-0.076958,0.007898,0.534,8.987,0,0,0,0,,,,0,,0,0
2026-03-27T12:15:56.767,311.279937,REDETECT,0.036027,-0.076958,0.007898,0.534,8.981,0,0,0,0,,,,0,,0,0
2026-03-27T12:15:56.835,311.348065,REDETECT,0.036027,-0.076958,0.007898,0.534,8.985,0,0,0,0,,,,0,,0,0
2026-03-27T12:15:56.900,311.413104,REDETECT,0.036027,-0.076958,0.007898,0.534,8.985,0,0,0,0,,,,0,,0,0
2026-03-27T12:15:56.936,311.449761,REDETECT,0.036027,-0.076958,0.007898,0.534,8.988,0,0,0,0,,,,0,,0,0
